sample,time_s,reference_q12,measured_q12,duty_q12,integral_q12,armed,fault,enabled,target_rpm,measured_rpm,duty_percent
0,0.0,1024,1018,1981,1977,1,0,1,27.3161295674845,27.156074120800017,48.3642578125
1,0.01,1024,1019,1982,1977,1,0,1,27.3161295674845,27.182750028580767,48.388671875
2,0.02,1024,1018,1981,1977,1,0,1,27.3161295674845,27.156074120800017,48.3642578125
3,0.03,1024,1018,1982,1977,1,0,1,27.3161295674845,27.156074120800017,48.388671875
4,0.04,1024,1019,1982,1977,1,0,1,27.3161295674845,27.182750028580767,48.388671875
5,0.05,1024,1018,1981,1977,1,0,1,27.3161295674845,27.156074120800017,48.3642578125
6,0.06,1024,1018,1982,1977,1,0,1,27.3161295674845,27.156074120800017,48.388671875
7,0.07,1024,1017,1982,1977,1,0,1,27.3161295674845,27.12939821301927,48.388671875
8,0.08,1024,1018,1983,1977,1,0,1,27.3161295674845,27.156074120800017,48.4130859375
9,0.09,1024,1016,1982,1977,1,0,1,27.3161295674845,27.102722305238526,48.388671875
10,0.1,1024,1018,1984,1977,1,0,1,27.3161295674845,27.156074120800017,48.4375
11,0.11,1024,1021,1982,1977,1,0,1,27.3161295674845,27.236101844142258,48.388671875
12,0.12,1024,1017,1979,1977,1,0,1,27.3161295674845,27.12939821301927,48.3154296875
13,0.13,1024,1020,1983,1977,1,0,1,27.3161295674845,27.209425936361512,48.4130859375
14,0.14,1024,1016,1980,1977,1,0,1,27.3161295674845,27.102722305238526,48.33984375
15,0.15,1024,1018,1984,1977,1,0,1,27.3161295674845,27.156074120800017,48.4375
16,0.16,1024,1021,1982,1977,1,0,1,27.3161295674845,27.236101844142258,48.388671875
17,0.17,1024,1016,1979,1977,1,0,1,27.3161295674845,27.102722305238526,48.3154296875
18,0.18,1024,1020,1984,1977,1,0,1,27.3161295674845,27.209425936361512,48.4375
19,0.19,1024,1019,1980,1977,1,0,1,27.3161295674845,27.182750028580767,48.33984375
20,0.2,1024,1018,1981,1977,1,0,1,27.3161295674845,27.156074120800017,48.3642578125
21,0.21,1024,1018,1982,1977,1,0,1,27.3161295674845,27.156074120800017,48.388671875
22,0.22,1024,1017,1982,1977,1,0,1,27.3161295674845,27.12939821301927,48.388671875
23,0.23,1024,1018,1983,1977,1,0,1,27.3161295674845,27.156074120800017,48.4130859375
24,0.24,1024,1019,1982,1977,1,0,1,27.3161295674845,27.182750028580767,48.388671875
25,0.25,1024,1018,1981,1977,1,0,1,27.3161295674845,27.156074120800017,48.3642578125
26,0.26,1024,1018,1982,1977,1,0,1,27.3161295674845,27.156074120800017,48.388671875
27,0.27,1024,1017,1982,1977,1,0,1,27.3161295674845,27.12939821301927,48.388671875
28,0.28,1024,1018,1983,1977,1,0,1,27.3161295674845,27.156074120800017,48.4130859375
29,0.29,1024,1019,1982,1977,1,0,1,27.3161295674845,27.182750028580767,48.388671875
30,0.3,1024,1018,1981,1977,1,0,1,27.3161295674845,27.156074120800017,48.3642578125
31,0.31,1024,1018,1982,1977,1,0,1,27.3161295674845,27.156074120800017,48.388671875
32,0.32,1024,1017,1982,1977,1,0,1,27.3161295674845,27.12939821301927,48.388671875
33,0.33,1024,1018,1983,1977,1,0,1,27.3161295674845,27.156074120800017,48.4130859375
34,0.34,1024,1018,1982,1977,1,0,1,27.3161295674845,27.156074120800017,48.388671875
35,0.35,1024,1019,1982,1977,1,0,1,27.3161295674845,27.182750028580767,48.388671875
36,0.36,1024,1017,1981,1977,1,0,1,27.3161295674845,27.12939821301927,48.3642578125
37,0.37,1024,1018,1983,1977,1,0,1,27.3161295674845,27.156074120800017,48.4130859375
38,0.38,1024,1022,1982,1977,1,0,1,27.3161295674845,27.262777751923004,48.388671875
39,0.39,1024,1019,1978,1977,1,0,1,27.3161295674845,27.182750028580767,48.291015625
40,0.4,1024,1021,1981,1977,1,0,1,27.3161295674845,27.236101844142258,48.3642578125
41,0.41,1024,1017,1979,1977,1,0,1,27.3161295674845,27.12939821301927,48.3154296875
42,0.42,1024,1019,1983,1977,1,0,1,27.3161295674845,27.182750028580767,48.4130859375
43,0.43,1024,1023,1981,1977,1,0,1,27.3161295674845,27.289453659703753,48.3642578125
44,0.44,1024,1018,1977,1977,1,0,1,27.3161295674845,27.156074120800017,48.2666015625
45,0.45,1024,1021,1982,1977,1,0,1,27.3161295674845,27.236101844142258,48.388671875
46,0.46,1024,1020,1979,1977,1,0,1,27.3161295674845,27.209425936361512,48.3154296875
47,0.47,1024,1019,1980,1977,1,0,1,27.3161295674845,27.182750028580767,48.33984375
48,0.48,1024,1020,1981,1977,1,0,1,27.3161295674845,27.209425936361512,48.3642578125
49,0.49,1024,1018,1980,1977,1,0,1,27.3161295674845,27.156074120800017,48.33984375
50,0.5,1024,1020,1982,1977,1,0,1,27.3161295674845,27.209425936361512,48.388671875
51,0.51,1024,1021,1980,1977,1,0,1,27.3161295674845,27.236101844142258,48.33984375
52,0.52,1024,1019,1979,1977,1,0,1,27.3161295674845,27.182750028580767,48.3154296875
53,0.53,1024,1020,1981,1977,1,0,1,27.3161295674845,27.209425936361512,48.3642578125
54,0.54,1024,1019,1980,1977,1,0,1,27.3161295674845,27.182750028580767,48.33984375
55,0.55,1024,1019,1981,1977,1,0,1,27.3161295674845,27.182750028580767,48.3642578125
56,0.56,1024,1020,1981,1977,1,0,1,27.3161295674845,27.209425936361512,48.3642578125
57,0.57,1024,1019,1980,1977,1,0,1,27.3161295674845,27.182750028580767,48.33984375
58,0.58,1024,1019,1981,1977,1,0,1,27.3161295674845,27.182750028580767,48.3642578125
59,0.59,1024,1019,1981,1977,1,0,1,27.3161295674845,27.182750028580767,48.3642578125
60,0.6,1024,1019,1981,1977,1,0,1,27.3161295674845,27.182750028580767,48.3642578125
61,0.61,1024,1018,1981,1977,1,0,1,27.3161295674845,27.156074120800017,48.3642578125
62,0.62,1024,1018,1982,1977,1,0,1,27.3161295674845,27.156074120800017,48.388671875
63,0.63,1024,1017,1982,1977,1,0,1,27.3161295674845,27.12939821301927,48.388671875
64,0.64,1024,1018,1983,1977,1,0,1,27.3161295674845,27.156074120800017,48.4130859375
65,0.65,1024,1021,1982,1977,1,0,1,27.3161295674845,27.236101844142258,48.388671875
66,0.66,1024,1017,1979,1977,1,0,1,27.3161295674845,27.12939821301927,48.3154296875
67,0.67,1024,1020,1983,1977,1,0,1,27.3161295674845,27.209425936361512,48.4130859375
68,0.68,1024,1016,1980,1977,1,0,1,27.3161295674845,27.102722305238526,48.33984375
69,0.69,1024,1016,1984,1977,1,0,1,27.3161295674845,27.102722305238526,48.4375
70,0.7,1024,1020,1984,1977,1,0,1,27.3161295674845,27.209425936361512,48.4375
71,0.71,1024,1016,1980,1977,1,0,1,27.3161295674845,27.102722305238526,48.33984375
72,0.72,1024,1019,1984,1977,1,0,1,27.3161295674845,27.182750028580767,48.4375
73,0.73,1024,1018,1981,1977,1,0,1,27.3161295674845,27.156074120800017,48.3642578125
74,0.74,1024,1016,1982,1977,1,0,1,27.3161295674845,27.102722305238526,48.388671875
75,0.75,1024,1016,1984,1977,1,0,1,27.3161295674845,27.102722305238526,48.4375
76,0.76,1024,1015,1984,1977,1,0,1,27.3161295674845,27.07604639745778,48.4375
77,0.77,1024,1016,1985,1977,1,0,1,27.3161295674845,27.102722305238526,48.4619140625
78,0.78,1024,1017,1984,1977,1,0,1,27.3161295674845,27.12939821301927,48.4375
79,0.79,1024,1015,1983,1977,1,0,1,27.3161295674845,27.07604639745778,48.4130859375
80,0.8,1024,1016,1985,1977,1,0,1,27.3161295674845,27.102722305238526,48.4619140625
81,0.81,1024,1015,1984,1977,1,0,1,27.3161295674845,27.07604639745778,48.4375
82,0.82,1024,1016,1985,1977,1,0,1,27.3161295674845,27.102722305238526,48.4619140625
83,0.83,1024,1017,1984,1977,1,0,1,27.3161295674845,27.12939821301927,48.4375
84,0.84,1024,1016,1983,1977,1,0,1,27.3161295674845,27.102722305238526,48.4130859375
85,0.85,1024,1016,1984,1977,1,0,1,27.3161295674845,27.102722305238526,48.4375
86,0.86,1024,1016,1984,1977,1,0,1,27.3161295674845,27.102722305238526,48.4375
87,0.87,1024,1016,1984,1977,1,0,1,27.3161295674845,27.102722305238526,48.4375
88,0.88,1024,1015,1984,1977,1,0,1,27.3161295674845,27.07604639745778,48.4375
89,0.89,1024,1016,1985,1977,1,0,1,27.3161295674845,27.102722305238526,48.4619140625
90,0.9,1024,1015,1984,1977,1,0,1,27.3161295674845,27.07604639745778,48.4375
91,0.91,1024,1016,1985,1977,1,0,1,27.3161295674845,27.102722305238526,48.4619140625
92,0.92,1024,1019,1984,1977,1,0,1,27.3161295674845,27.182750028580767,48.4375
93,0.93,1024,1016,1981,1977,1,0,1,27.3161295674845,27.102722305238526,48.3642578125
94,0.94,1024,1018,1984,1977,1,0,1,27.3161295674845,27.156074120800017,48.4375
95,0.95,1024,1014,1982,1977,1,0,1,27.3161295674845,27.04937048967703,48.388671875
96,0.96,1024,1016,1985,1977,1,0,1,27.3161295674845,27.102722305238526,48.4619140625
97,0.97,1024,1020,1984,1977,1,0,1,27.3161295674845,27.209425936361512,48.4375
98,0.98,1024,1016,1980,1977,1,0,1,27.3161295674845,27.102722305238526,48.33984375
99,0.99,1024,1018,1984,1977,1,0,1,27.3161295674845,27.156074120800017,48.4375
100,1.0,1024,1015,1982,1977,1,0,1,27.3161295674845,27.07604639745778,48.388671875
101,1.01,1024,1016,1985,1977,1,0,1,27.3161295674845,27.102722305238526,48.4619140625
102,1.02,1024,1020,1984,1977,1,0,1,27.3161295674845,27.209425936361512,48.4375
103,1.03,1024,1015,1980,1977,1,0,1,27.3161295674845,27.07604639745778,48.33984375
104,1.04,1024,1018,1985,1977,1,0,1,27.3161295674845,27.156074120800017,48.4619140625
105,1.05,1024,1018,1982,1977,1,0,1,27.3161295674845,27.156074120800017,48.388671875
106,1.06,1024,1016,1982,1977,1,0,1,27.3161295674845,27.102722305238526,48.388671875
107,1.07,1024,1017,1984,1977,1,0,1,27.3161295674845,27.12939821301927,48.4375
108,1.08,1024,1015,1983,1977,1,0,1,27.3161295674845,27.07604639745778,48.4130859375
109,1.09,1024,1017,1985,1977,1,0,1,27.3161295674845,27.12939821301927,48.4619140625
110,1.1,1024,1018,1983,1977,1,0,1,27.3161295674845,27.156074120800017,48.4130859375
111,1.11,1024,1016,1982,1977,1,0,1,27.3161295674845,27.102722305238526,48.388671875
112,1.12,1024,1017,1984,1977,1,0,1,27.3161295674845,27.12939821301927,48.4375
113,1.13,1024,1015,1983,1977,1,0,1,27.3161295674845,27.07604639745778,48.4130859375
114,1.14,1024,1016,1985,1977,1,0,1,27.3161295674845,27.102722305238526,48.4619140625
115,1.15,1024,1018,1984,1977,1,0,1,27.3161295674845,27.156074120800017,48.4375
116,1.16,1024,1016,1982,1977,1,0,1,27.3161295674845,27.102722305238526,48.388671875
117,1.17,1024,1016,1984,1977,1,0,1,27.3161295674845,27.102722305238526,48.4375
118,1.18,1024,1015,1984,1977,1,0,1,27.3161295674845,27.07604639745778,48.4375
119,1.19,1024,1016,1985,1977,1,0,1,27.3161295674845,27.102722305238526,48.4619140625
120,1.2,1024,1015,1984,1977,1,0,1,27.3161295674845,27.07604639745778,48.4375
121,1.21,1024,1016,1985,1977,1,0,1,27.3161295674845,27.102722305238526,48.4619140625
122,1.22,1024,1014,1984,1977,1,0,1,27.3161295674845,27.04937048967703,48.4375
123,1.23,1024,1015,1985,1977,1,0,1,27.3161295674845,27.07604639745778,48.4619140625
124,1.24,1024,1019,1985,1977,1,0,1,27.3161295674845,27.182750028580767,48.4619140625
125,1.25,1024,1015,1981,1977,1,0,1,27.3161295674845,27.07604639745778,48.3642578125
126,1.26,1024,1018,1985,1977,1,0,1,27.3161295674845,27.156074120800017,48.4619140625
127,1.27,1024,1014,1982,1977,1,0,1,27.3161295674845,27.04937048967703,48.388671875
128,1.28,1024,1015,1985,1977,1,0,1,27.3161295674845,27.07604639745778,48.4619140625
129,1.29,1024,1019,1985,1977,1,0,1,27.3161295674845,27.182750028580767,48.4619140625
130,1.3,1024,1015,1981,1977,1,0,1,27.3161295674845,27.07604639745778,48.3642578125
131,1.31,1024,1017,1985,1977,1,0,1,27.3161295674845,27.12939821301927,48.4619140625
132,1.32,1024,1013,1983,1977,1,0,1,27.3161295674845,27.022694581896285,48.4130859375
133,1.33,1024,1015,1986,1977,1,0,1,27.3161295674845,27.07604639745778,48.486328125
134,1.34,1024,1018,1985,1977,1,0,1,27.3161295674845,27.156074120800017,48.4619140625
135,1.35,1024,1013,1982,1977,1,0,1,27.3161295674845,27.022694581896285,48.388671875
136,1.36,1024,1017,1986,1977,1,0,1,27.3161295674845,27.12939821301927,48.486328125
137,1.37,1024,1016,1983,1977,1,0,1,27.3161295674845,27.102722305238526,48.4130859375
138,1.38,1024,1015,1984,1977,1,0,1,27.3161295674845,27.07604639745778,48.4375
139,1.39,1024,1016,1985,1977,1,0,1,27.3161295674845,27.102722305238526,48.4619140625
140,1.4,1024,1014,1984,1977,1,0,1,27.3161295674845,27.04937048967703,48.4375
141,1.41,1024,1016,1985,1977,1,0,1,27.3161295674845,27.102722305238526,48.4619140625
142,1.42,1024,1018,1984,1977,1,0,1,27.3161295674845,27.156074120800017,48.4375
143,1.43,1024,1017,1982,1977,1,0,1,27.3161295674845,27.12939821301927,48.388671875
144,1.44,1024,1017,1983,1977,1,0,1,27.3161295674845,27.12939821301927,48.4130859375
145,1.45,1024,1015,1983,1977,1,0,1,27.3161295674845,27.07604639745778,48.4130859375
146,1.46,1024,1017,1985,1977,1,0,1,27.3161295674845,27.12939821301927,48.4619140625
147,1.47,1024,1018,1983,1977,1,0,1,27.3161295674845,27.156074120800017,48.4130859375
148,1.48,1024,1017,1982,1977,1,0,1,27.3161295674845,27.12939821301927,48.388671875
149,1.49,1024,1018,1983,1977,1,0,1,27.3161295674845,27.156074120800017,48.4130859375
150,1.5,1024,1017,1982,1977,1,0,1,27.3161295674845,27.12939821301927,48.388671875
151,1.51,1024,1017,1983,1977,1,0,1,27.3161295674845,27.12939821301927,48.4130859375
152,1.52,1024,1018,1983,1977,1,0,1,27.3161295674845,27.156074120800017,48.4130859375
153,1.53,1024,1018,1982,1977,1,0,1,27.3161295674845,27.156074120800017,48.388671875
154,1.54,1024,1016,1982,1977,1,0,1,27.3161295674845,27.102722305238526,48.388671875
155,1.55,1024,1017,1984,1977,1,0,1,27.3161295674845,27.12939821301927,48.4375
156,1.56,1024,1021,1983,1977,1,0,1,27.3161295674845,27.236101844142258,48.4130859375
157,1.57,1024,1018,1979,1977,1,0,1,27.3161295674845,27.156074120800017,48.3154296875
158,1.58,1024,1020,1982,1977,1,0,1,27.3161295674845,27.209425936361512,48.388671875
159,1.59,1024,1016,1980,1977,1,0,1,27.3161295674845,27.102722305238526,48.33984375
160,1.6,1024,1018,1984,1977,1,0,1,27.3161295674845,27.156074120800017,48.4375
161,1.61,1024,1021,1982,1977,1,0,1,27.3161295674845,27.236101844142258,48.388671875
162,1.62,1024,1017,1979,1977,1,0,1,27.3161295674845,27.12939821301927,48.3154296875
163,1.63,1024,1021,1983,1977,1,0,1,27.3161295674845,27.236101844142258,48.4130859375
164,1.64,1024,1020,1979,1977,1,0,1,27.3161295674845,27.209425936361512,48.3154296875
165,1.65,1024,1018,1980,1977,1,0,1,27.3161295674845,27.156074120800017,48.33984375
166,1.66,1024,1019,1982,1977,1,0,1,27.3161295674845,27.182750028580767,48.388671875
167,1.67,1024,1017,1981,1977,1,0,1,27.3161295674845,27.12939821301927,48.3642578125
168,1.68,1024,1020,1983,1977,1,0,1,27.3161295674845,27.209425936361512,48.4130859375
169,1.69,1024,1020,1980,1977,1,0,1,27.3161295674845,27.209425936361512,48.33984375
170,1.7,1024,1018,1980,1977,1,0,1,27.3161295674845,27.156074120800017,48.33984375
171,1.71,1024,1019,1982,1977,1,0,1,27.3161295674845,27.182750028580767,48.388671875
172,1.72,1024,1017,1981,1977,1,0,1,27.3161295674845,27.12939821301927,48.3642578125
173,1.73,1024,1018,1983,1977,1,0,1,27.3161295674845,27.156074120800017,48.4130859375
174,1.74,1024,1020,1982,1977,1,0,1,27.3161295674845,27.209425936361512,48.388671875
175,1.75,1024,1019,1980,1977,1,0,1,27.3161295674845,27.182750028580767,48.33984375
176,1.76,1024,1019,1981,1977,1,0,1,27.3161295674845,27.182750028580767,48.3642578125
177,1.77,1024,1019,1981,1977,1,0,1,27.3161295674845,27.182750028580767,48.3642578125
178,1.78,1024,1019,1981,1977,1,0,1,27.3161295674845,27.182750028580767,48.3642578125
179,1.79,1024,1018,1981,1977,1,0,1,27.3161295674845,27.156074120800017,48.3642578125
180,1.8,1024,1019,1982,1977,1,0,1,27.3161295674845,27.182750028580767,48.388671875
181,1.81,1024,1017,1981,1977,1,0,1,27.3161295674845,27.12939821301927,48.3642578125
182,1.82,1024,1018,1983,1977,1,0,1,27.3161295674845,27.156074120800017,48.4130859375
183,1.83,1024,1022,1982,1977,1,0,1,27.3161295674845,27.262777751923004,48.388671875
184,1.84,1024,1018,1978,1977,1,0,1,27.3161295674845,27.156074120800017,48.291015625
185,1.85,1024,1020,1982,1977,1,0,1,27.3161295674845,27.209425936361512,48.388671875
186,1.86,1024,1016,1980,1977,1,0,1,27.3161295674845,27.102722305238526,48.33984375
187,1.87,1024,1017,1984,1977,1,0,1,27.3161295674845,27.12939821301927,48.4375
188,1.88,1024,1021,1983,1977,1,0,1,27.3161295674845,27.236101844142258,48.4130859375
189,1.89,1024,1016,1979,1977,1,0,1,27.3161295674845,27.102722305238526,48.3154296875
190,1.9,1024,1020,1984,1977,1,0,1,27.3161295674845,27.209425936361512,48.4375
191,1.91,1024,1019,1980,1977,1,0,1,27.3161295674845,27.182750028580767,48.33984375
192,1.92,1024,1017,1981,1977,1,0,1,27.3161295674845,27.12939821301927,48.3642578125
193,1.93,1024,1018,1983,1977,1,0,1,27.3161295674845,27.156074120800017,48.4130859375
194,1.94,1024,1016,1982,1977,1,0,1,27.3161295674845,27.102722305238526,48.388671875
195,1.95,1024,1020,1984,1977,1,0,1,27.3161295674845,27.209425936361512,48.4375
196,1.96,1024,1019,1980,1977,1,0,1,27.3161295674845,27.182750028580767,48.33984375
197,1.97,1024,1017,1981,1977,1,0,1,27.3161295674845,27.12939821301927,48.3642578125
198,1.98,1024,1017,1983,1977,1,0,1,27.3161295674845,27.12939821301927,48.4130859375
199,1.99,1024,1016,1983,1977,1,0,1,27.3161295674845,27.102722305238526,48.4130859375
200,2.0,1024,1017,1984,1977,1,0,1,27.3161295674845,27.12939821301927,48.4375
201,2.01,1024,1019,1983,1977,1,0,1,27.3161295674845,27.182750028580767,48.4130859375
202,2.02,1024,1017,1981,1977,1,0,1,27.3161295674845,27.12939821301927,48.3642578125
203,2.03,1024,1018,1983,1977,1,0,1,27.3161295674845,27.156074120800017,48.4130859375
204,2.04,1024,1017,1982,1977,1,0,1,27.3161295674845,27.12939821301927,48.388671875
205,2.05,1024,1018,1983,1977,1,0,1,27.3161295674845,27.156074120800017,48.4130859375
206,2.06,1024,1017,1982,1977,1,0,1,27.3161295674845,27.12939821301927,48.388671875
207,2.07,1024,1018,1983,1977,1,0,1,27.3161295674845,27.156074120800017,48.4130859375
208,2.08,1024,1016,1982,1977,1,0,1,27.3161295674845,27.102722305238526,48.388671875
209,2.09,1024,1018,1984,1977,1,0,1,27.3161295674845,27.156074120800017,48.4375
210,2.1,1024,1020,1982,1977,1,0,1,27.3161295674845,27.209425936361512,48.388671875
211,2.11,1024,1017,1980,1977,1,0,1,27.3161295674845,27.12939821301927,48.33984375
212,2.12,1024,1019,1983,1977,1,0,1,27.3161295674845,27.182750028580767,48.4130859375
213,2.13,1024,1016,1981,1977,1,0,1,27.3161295674845,27.102722305238526,48.3642578125
214,2.14,1024,1017,1984,1977,1,0,1,27.3161295674845,27.12939821301927,48.4375
215,2.15,1024,1021,1983,1977,1,0,1,27.3161295674845,27.236101844142258,48.4130859375
216,2.16,1024,1017,1979,1977,1,0,1,27.3161295674845,27.12939821301927,48.3154296875
217,2.17,1024,1019,1983,1977,1,0,1,27.3161295674845,27.182750028580767,48.4130859375
218,2.18,1024,1016,1981,1977,1,0,1,27.3161295674845,27.102722305238526,48.3642578125
219,2.19,1024,1017,1984,1977,1,0,1,27.3161295674845,27.12939821301927,48.4375
220,2.2,1024,1020,1983,1977,1,0,1,27.3161295674845,27.209425936361512,48.4130859375
221,2.21,1024,1016,1980,1977,1,0,1,27.3161295674845,27.102722305238526,48.33984375
222,2.22,1024,1019,1984,1977,1,0,1,27.3161295674845,27.182750028580767,48.4375
223,2.23,1024,1018,1981,1977,1,0,1,27.3161295674845,27.156074120800017,48.3642578125
224,2.24,1024,1017,1982,1977,1,0,1,27.3161295674845,27.12939821301927,48.388671875
225,2.25,1024,1017,1983,1977,1,0,1,27.3161295674845,27.12939821301927,48.4130859375
226,2.26,1024,1015,1983,1977,1,0,1,27.3161295674845,27.07604639745778,48.4130859375
227,2.27,1024,1017,1985,1977,1,0,1,27.3161295674845,27.12939821301927,48.4619140625
228,2.28,1024,1018,1983,1977,1,0,1,27.3161295674845,27.156074120800017,48.4130859375
229,2.29,1024,1017,1982,1977,1,0,1,27.3161295674845,27.12939821301927,48.388671875
230,2.3,1024,1017,1983,1977,1,0,1,27.3161295674845,27.12939821301927,48.4130859375
231,2.31,1024,1016,1983,1977,1,0,1,27.3161295674845,27.102722305238526,48.4130859375
232,2.32,1024,1017,1984,1977,1,0,1,27.3161295674845,27.12939821301927,48.4375
233,2.33,1024,1016,1983,1977,1,0,1,27.3161295674845,27.102722305238526,48.4130859375
234,2.34,1024,1016,1984,1977,1,0,1,27.3161295674845,27.102722305238526,48.4375
235,2.35,1024,1017,1984,1977,1,0,1,27.3161295674845,27.12939821301927,48.4375
236,2.36,1024,1016,1983,1977,1,0,1,27.3161295674845,27.102722305238526,48.4130859375
237,2.37,1024,1016,1984,1977,1,0,1,27.3161295674845,27.102722305238526,48.4375
238,2.38,1024,1016,1984,1977,1,0,1,27.3161295674845,27.102722305238526,48.4375
239,2.39,1024,1016,1984,1977,1,0,1,27.3161295674845,27.102722305238526,48.4375
240,2.4,1024,1014,1984,1977,1,0,1,27.3161295674845,27.04937048967703,48.4375
241,2.41,1024,1016,1985,1977,1,0,1,27.3161295674845,27.102722305238526,48.4619140625
242,2.42,1024,1020,1984,1977,1,0,1,27.3161295674845,27.209425936361512,48.4375
243,2.43,1024,1016,1980,1977,1,0,1,27.3161295674845,27.102722305238526,48.33984375
244,2.44,1024,1019,1984,1977,1,0,1,27.3161295674845,27.182750028580767,48.4375
245,2.45,1024,1015,1981,1977,1,0,1,27.3161295674845,27.07604639745778,48.3642578125
246,2.46,1024,1016,1985,1977,1,0,1,27.3161295674845,27.102722305238526,48.4619140625
247,2.47,1024,1019,1984,1977,1,0,1,27.3161295674845,27.182750028580767,48.4375
248,2.48,1024,1015,1981,1977,1,0,1,27.3161295674845,27.07604639745778,48.3642578125
249,2.49,1024,1019,1985,1977,1,0,1,27.3161295674845,27.182750028580767,48.4619140625
250,2.5,1024,1018,1981,1977,1,0,1,27.3161295674845,27.156074120800017,48.3642578125
251,2.51,1024,1017,1982,1977,1,0,1,27.3161295674845,27.12939821301927,48.388671875
252,2.52,1024,1017,1983,1977,1,0,1,27.3161295674845,27.12939821301927,48.4130859375
253,2.53,1024,1015,1983,1977,1,0,1,27.3161295674845,27.07604639745778,48.4130859375
254,2.54,1024,1019,1985,1977,1,0,1,27.3161295674845,27.182750028580767,48.4619140625
255,2.55,1024,1019,1981,1977,1,0,1,27.3161295674845,27.182750028580767,48.3642578125
256,2.56,1024,1017,1981,1977,1,0,1,27.3161295674845,27.12939821301927,48.3642578125
257,2.57,1024,1018,1983,1977,1,0,1,27.3161295674845,27.156074120800017,48.4130859375
258,2.58,1024,1016,1982,1977,1,0,1,27.3161295674845,27.102722305238526,48.388671875
259,2.59,1024,1018,1984,1977,1,0,1,27.3161295674845,27.156074120800017,48.4375
260,2.6,1024,1020,1982,1977,1,0,1,27.3161295674845,27.209425936361512,48.388671875
261,2.61,1024,1019,1980,1977,1,0,1,27.3161295674845,27.182750028580767,48.33984375
262,2.62,1024,1019,1981,1977,1,0,1,27.3161295674845,27.182750028580767,48.3642578125
263,2.63,1024,1019,1981,1977,1,0,1,27.3161295674845,27.182750028580767,48.3642578125
264,2.64,1024,1020,1981,1977,1,0,1,27.3161295674845,27.209425936361512,48.3642578125
265,2.65,1024,1020,1980,1977,1,0,1,27.3161295674845,27.209425936361512,48.33984375
266,2.66,1024,1020,1980,1977,1,0,1,27.3161295674845,27.209425936361512,48.33984375
267,2.67,1024,1019,1980,1977,1,0,1,27.3161295674845,27.182750028580767,48.33984375
268,2.68,1024,1020,1981,1977,1,0,1,27.3161295674845,27.209425936361512,48.3642578125
269,2.69,1024,1024,1980,1977,1,0,1,27.3161295674845,27.3161295674845,48.33984375
270,2.7,1024,1020,1977,1977,1,0,1,27.3161295674845,27.209425936361512,48.2666015625
271,2.71,1024,1023,1980,1977,1,0,1,27.3161295674845,27.289453659703753,48.33984375
272,2.72,1024,1019,1977,1977,1,0,1,27.3161295674845,27.182750028580767,48.2666015625
273,2.73,1024,1020,1981,1977,1,0,1,27.3161295674845,27.209425936361512,48.3642578125
274,2.74,1024,1024,1980,1977,1,0,1,27.3161295674845,27.3161295674845,48.33984375
275,2.75,1024,1020,1977,1977,1,0,1,27.3161295674845,27.209425936361512,48.2666015625
276,2.76,1024,1023,1980,1977,1,0,1,27.3161295674845,27.289453659703753,48.33984375
277,2.77,1024,1022,1977,1977,1,0,1,27.3161295674845,27.262777751923004,48.2666015625
278,2.78,1024,1020,1978,1977,1,0,1,27.3161295674845,27.209425936361512,48.291015625
279,2.79,1024,1021,1980,1977,1,0,1,27.3161295674845,27.236101844142258,48.33984375
280,2.8,1024,1019,1979,1977,1,0,1,27.3161295674845,27.182750028580767,48.3154296875
281,2.81,1024,1021,1981,1977,1,0,1,27.3161295674845,27.236101844142258,48.3642578125
282,2.82,1024,1022,1979,1977,1,0,1,27.3161295674845,27.262777751923004,48.3154296875
283,2.83,1024,1021,1978,1977,1,0,1,27.3161295674845,27.236101844142258,48.291015625
284,2.84,1024,1022,1979,1977,1,0,1,27.3161295674845,27.262777751923004,48.3154296875
285,2.85,1024,1021,1978,1977,1,0,1,27.3161295674845,27.236101844142258,48.291015625
286,2.86,1024,1021,1979,1977,1,0,1,27.3161295674845,27.236101844142258,48.3154296875
287,2.87,1024,1020,1979,1977,1,0,1,27.3161295674845,27.209425936361512,48.3154296875
288,2.88,1024,1021,1980,1977,1,0,1,27.3161295674845,27.236101844142258,48.33984375
289,2.89,1024,1019,1979,1977,1,0,1,27.3161295674845,27.182750028580767,48.3154296875
290,2.9,1024,1020,1981,1977,1,0,1,27.3161295674845,27.209425936361512,48.3642578125
291,2.91,1024,1024,1980,1977,1,0,1,27.3161295674845,27.3161295674845,48.33984375
292,2.92,1024,1020,1977,1977,1,0,1,27.3161295674845,27.209425936361512,48.2666015625
293,2.93,1024,1022,1980,1977,1,0,1,27.3161295674845,27.262777751923004,48.33984375
294,2.94,1024,1018,1978,1977,1,0,1,27.3161295674845,27.156074120800017,48.291015625
295,2.95,1024,1020,1982,1977,1,0,1,27.3161295674845,27.209425936361512,48.388671875
296,2.96,1024,1023,1980,1977,1,0,1,27.3161295674845,27.289453659703753,48.33984375
297,2.97,1024,1019,1977,1977,1,0,1,27.3161295674845,27.182750028580767,48.2666015625
298,2.98,1024,1022,1981,1977,1,0,1,27.3161295674845,27.262777751923004,48.3642578125
299,2.99,1024,1018,1978,1977,1,0,1,27.3161295674845,27.156074120800017,48.291015625
300,3.0,1024,1019,1982,1977,1,0,1,27.3161295674845,27.182750028580767,48.388671875
301,3.01,1024,1023,1981,1977,1,0,1,27.3161295674845,27.289453659703753,48.3642578125
302,3.02,1024,1018,1977,1977,1,0,1,27.3161295674845,27.156074120800017,48.2666015625
303,3.03,1024,1021,1982,1977,1,0,1,27.3161295674845,27.236101844142258,48.388671875
304,3.04,1024,1020,1979,1977,1,0,1,27.3161295674845,27.209425936361512,48.3154296875
305,3.05,1024,1019,1980,1977,1,0,1,27.3161295674845,27.182750028580767,48.33984375
306,3.06,1024,1020,1981,1977,1,0,1,27.3161295674845,27.209425936361512,48.3642578125
307,3.07,1024,1018,1980,1977,1,0,1,27.3161295674845,27.156074120800017,48.33984375
308,3.08,1024,1020,1982,1977,1,0,1,27.3161295674845,27.209425936361512,48.388671875
309,3.09,1024,1021,1980,1977,1,0,1,27.3161295674845,27.236101844142258,48.33984375
310,3.1,1024,1019,1979,1977,1,0,1,27.3161295674845,27.182750028580767,48.3154296875
311,3.11,1024,1019,1981,1977,1,0,1,27.3161295674845,27.182750028580767,48.3642578125
312,3.12,1024,1019,1981,1977,1,0,1,27.3161295674845,27.182750028580767,48.3642578125
313,3.13,1024,1019,1981,1977,1,0,1,27.3161295674845,27.182750028580767,48.3642578125
314,3.14,1024,1018,1981,1977,1,0,1,27.3161295674845,27.156074120800017,48.3642578125
315,3.15,1024,1019,1982,1977,1,0,1,27.3161295674845,27.182750028580767,48.388671875
316,3.16,1024,1017,1981,1977,1,0,1,27.3161295674845,27.12939821301927,48.3642578125
317,3.17,1024,1018,1983,1977,1,0,1,27.3161295674845,27.156074120800017,48.4130859375
318,3.18,1024,1022,1982,1977,1,0,1,27.3161295674845,27.262777751923004,48.388671875
319,3.19,1024,1018,1978,1977,1,0,1,27.3161295674845,27.156074120800017,48.291015625
320,3.2,1024,1020,1982,1977,1,0,1,27.3161295674845,27.209425936361512,48.388671875
321,3.21,1024,1016,1980,1977,1,0,1,27.3161295674845,27.102722305238526,48.33984375
322,3.22,1024,1018,1984,1977,1,0,1,27.3161295674845,27.156074120800017,48.4375
323,3.23,1024,1021,1982,1977,1,0,1,27.3161295674845,27.236101844142258,48.388671875
324,3.24,1024,1017,1979,1977,1,0,1,27.3161295674845,27.12939821301927,48.3154296875
325,3.25,1024,1020,1983,1977,1,0,1,27.3161295674845,27.209425936361512,48.4130859375
326,3.26,1024,1016,1980,1977,1,0,1,27.3161295674845,27.102722305238526,48.33984375
327,3.27,1024,1017,1984,1977,1,0,1,27.3161295674845,27.12939821301927,48.4375
328,3.28,1024,1021,1983,1977,1,0,1,27.3161295674845,27.236101844142258,48.4130859375
329,3.29,1024,1016,1979,1977,1,0,1,27.3161295674845,27.102722305238526,48.3154296875
330,3.3,1024,1020,1984,1977,1,0,1,27.3161295674845,27.209425936361512,48.4375
331,3.31,1024,1019,1980,1977,1,0,1,27.3161295674845,27.182750028580767,48.33984375
332,3.32,1024,1017,1981,1977,1,0,1,27.3161295674845,27.12939821301927,48.3642578125
333,3.33,1024,1017,1983,1977,1,0,1,27.3161295674845,27.12939821301927,48.4130859375
334,3.34,1024,1015,1983,1977,1,0,1,27.3161295674845,27.07604639745778,48.4130859375
335,3.35,1024,1017,1985,1977,1,0,1,27.3161295674845,27.12939821301927,48.4619140625
336,3.36,1024,1018,1983,1977,1,0,1,27.3161295674845,27.156074120800017,48.4130859375
337,3.37,1024,1017,1982,1977,1,0,1,27.3161295674845,27.12939821301927,48.388671875
338,3.38,1024,1017,1983,1977,1,0,1,27.3161295674845,27.12939821301927,48.4130859375
339,3.39,1024,1017,1983,1977,1,0,1,27.3161295674845,27.12939821301927,48.4130859375
340,3.4,1024,1017,1983,1977,1,0,1,27.3161295674845,27.12939821301927,48.4130859375
341,3.41,1024,1016,1983,1977,1,0,1,27.3161295674845,27.102722305238526,48.4130859375
342,3.42,1024,1017,1984,1977,1,0,1,27.3161295674845,27.12939821301927,48.4375
343,3.43,1024,1015,1983,1977,1,0,1,27.3161295674845,27.07604639745778,48.4130859375
344,3.44,1024,1016,1985,1977,1,0,1,27.3161295674845,27.102722305238526,48.4619140625
345,3.45,1024,1019,1984,1977,1,0,1,27.3161295674845,27.182750028580767,48.4375
346,3.46,1024,1016,1981,1977,1,0,1,27.3161295674845,27.102722305238526,48.3642578125
347,3.47,1024,1016,1984,1977,1,0,1,27.3161295674845,27.102722305238526,48.4375
348,3.48,1024,1015,1984,1977,1,0,1,27.3161295674845,27.07604639745778,48.4375
349,3.49,1024,1016,1985,1977,1,0,1,27.3161295674845,27.102722305238526,48.4619140625
350,3.5,1024,1020,1984,1977,1,0,1,27.3161295674845,27.209425936361512,48.4375
351,3.51,1024,1016,1980,1977,1,0,1,27.3161295674845,27.102722305238526,48.33984375
352,3.52,1024,1019,1984,1977,1,0,1,27.3161295674845,27.182750028580767,48.4375
353,3.53,1024,1015,1981,1977,1,0,1,27.3161295674845,27.07604639745778,48.3642578125
354,3.54,1024,1016,1985,1977,1,0,1,27.3161295674845,27.102722305238526,48.4619140625
355,3.55,1024,1020,1984,1977,1,0,1,27.3161295674845,27.209425936361512,48.4375
356,3.56,1024,1016,1980,1977,1,0,1,27.3161295674845,27.102722305238526,48.33984375
357,3.57,1024,1019,1984,1977,1,0,1,27.3161295674845,27.182750028580767,48.4375
358,3.58,1024,1019,1981,1977,1,0,1,27.3161295674845,27.182750028580767,48.3642578125
359,3.59,1024,1018,1981,1977,1,0,1,27.3161295674845,27.156074120800017,48.3642578125
360,3.6,1024,1018,1982,1977,1,0,1,27.3161295674845,27.156074120800017,48.388671875
361,3.61,1024,1016,1982,1977,1,0,1,27.3161295674845,27.102722305238526,48.388671875
362,3.62,1024,1018,1984,1977,1,0,1,27.3161295674845,27.156074120800017,48.4375
363,3.63,1024,1019,1982,1977,1,0,1,27.3161295674845,27.182750028580767,48.388671875
364,3.64,1024,1019,1981,1977,1,0,1,27.3161295674845,27.182750028580767,48.3642578125
365,3.65,1024,1019,1981,1977,1,0,1,27.3161295674845,27.182750028580767,48.3642578125
366,3.66,1024,1018,1981,1977,1,0,1,27.3161295674845,27.156074120800017,48.3642578125
367,3.67,1024,1019,1982,1977,1,0,1,27.3161295674845,27.182750028580767,48.388671875
368,3.68,1024,1020,1981,1977,1,0,1,27.3161295674845,27.209425936361512,48.3642578125
369,3.69,1024,1020,1980,1977,1,0,1,27.3161295674845,27.209425936361512,48.33984375
370,3.7,1024,1020,1980,1977,1,0,1,27.3161295674845,27.209425936361512,48.33984375
371,3.71,1024,1020,1980,1977,1,0,1,27.3161295674845,27.209425936361512,48.33984375
372,3.72,1024,1020,1980,1977,1,0,1,27.3161295674845,27.209425936361512,48.33984375
373,3.73,1024,1020,1980,1977,1,0,1,27.3161295674845,27.209425936361512,48.33984375
374,3.74,1024,1020,1980,1977,1,0,1,27.3161295674845,27.209425936361512,48.33984375
375,3.75,1024,1018,1980,1977,1,0,1,27.3161295674845,27.156074120800017,48.33984375
376,3.76,1024,1020,1982,1977,1,0,1,27.3161295674845,27.209425936361512,48.388671875
377,3.77,1024,1024,1980,1977,1,0,1,27.3161295674845,27.3161295674845,48.33984375
378,3.78,1024,1021,1977,1977,1,0,1,27.3161295674845,27.236101844142258,48.2666015625
379,3.79,1024,1024,1979,1977,1,0,1,27.3161295674845,27.3161295674845,48.3154296875
380,3.8,1024,1020,1977,1977,1,0,1,27.3161295674845,27.209425936361512,48.2666015625
381,3.81,1024,1021,1980,1977,1,0,1,27.3161295674845,27.236101844142258,48.33984375
382,3.82,1024,1024,1979,1977,1,0,1,27.3161295674845,27.3161295674845,48.3154296875
383,3.83,1024,1020,1977,1977,1,0,1,27.3161295674845,27.209425936361512,48.2666015625
384,3.84,1024,1023,1980,1977,1,0,1,27.3161295674845,27.289453659703753,48.33984375
385,3.85,1024,1023,1977,1977,1,0,1,27.3161295674845,27.289453659703753,48.2666015625
386,3.86,1024,1021,1977,1977,1,0,1,27.3161295674845,27.236101844142258,48.2666015625
387,3.87,1024,1021,1979,1977,1,0,1,27.3161295674845,27.236101844142258,48.3154296875
388,3.88,1024,1020,1979,1977,1,0,1,27.3161295674845,27.209425936361512,48.3154296875
389,3.89,1024,1021,1980,1977,1,0,1,27.3161295674845,27.236101844142258,48.33984375
390,3.9,1024,1022,1979,1977,1,0,1,27.3161295674845,27.262777751923004,48.3154296875
391,3.91,1024,1021,1978,1977,1,0,1,27.3161295674845,27.236101844142258,48.291015625
392,3.92,1024,1021,1979,1977,1,0,1,27.3161295674845,27.236101844142258,48.3154296875
393,3.93,1024,1021,1979,1977,1,0,1,27.3161295674845,27.236101844142258,48.3154296875
394,3.94,1024,1021,1979,1977,1,0,1,27.3161295674845,27.236101844142258,48.3154296875
395,3.95,1024,1021,1979,1977,1,0,1,27.3161295674845,27.236101844142258,48.3154296875
396,3.96,1024,1021,1979,1977,1,0,1,27.3161295674845,27.236101844142258,48.3154296875
397,3.97,1024,1019,1979,1977,1,0,1,27.3161295674845,27.182750028580767,48.3154296875
398,3.98,1024,1021,1981,1977,1,0,1,27.3161295674845,27.236101844142258,48.3642578125
399,3.99,1024,1024,1979,1977,1,0,1,27.3161295674845,27.3161295674845,48.3154296875
400,4.0,1024,1020,1977,1977,1,0,1,27.3161295674845,27.209425936361512,48.2666015625
401,4.01,1024,1023,1980,1977,1,0,1,27.3161295674845,27.289453659703753,48.33984375
402,4.02,1024,1019,1977,1977,1,0,1,27.3161295674845,27.182750028580767,48.2666015625
403,4.03,1024,1020,1981,1977,1,0,1,27.3161295674845,27.209425936361512,48.3642578125
404,4.04,1024,1023,1980,1977,1,0,1,27.3161295674845,27.289453659703753,48.33984375
405,4.05,1024,1019,1977,1977,1,0,1,27.3161295674845,27.182750028580767,48.2666015625
406,4.06,1024,1023,1981,1977,1,0,1,27.3161295674845,27.289453659703753,48.3642578125
407,4.07,1024,1022,1977,1977,1,0,1,27.3161295674845,27.262777751923004,48.2666015625
408,4.08,1024,1020,1978,1977,1,0,1,27.3161295674845,27.209425936361512,48.291015625
409,4.09,1024,1020,1980,1977,1,0,1,27.3161295674845,27.209425936361512,48.33984375
410,4.1,1024,1018,1980,1977,1,0,1,27.3161295674845,27.156074120800017,48.33984375
411,4.11,1024,1020,1982,1977,1,0,1,27.3161295674845,27.209425936361512,48.388671875
412,4.12,1024,1021,1980,1977,1,0,1,27.3161295674845,27.236101844142258,48.33984375
413,4.13,1024,1020,1979,1977,1,0,1,27.3161295674845,27.209425936361512,48.3154296875
414,4.14,1024,1020,1980,1977,1,0,1,27.3161295674845,27.209425936361512,48.33984375
415,4.15,1024,1019,1980,1977,1,0,1,27.3161295674845,27.182750028580767,48.33984375
416,4.16,1024,1019,1981,1977,1,0,1,27.3161295674845,27.182750028580767,48.3642578125
417,4.17,1024,1020,1981,1977,1,0,1,27.3161295674845,27.209425936361512,48.3642578125
418,4.18,1024,1019,1980,1977,1,0,1,27.3161295674845,27.182750028580767,48.33984375
419,4.19,1024,1019,1981,1977,1,0,1,27.3161295674845,27.182750028580767,48.3642578125
420,4.2,1024,1018,1981,1977,1,0,1,27.3161295674845,27.156074120800017,48.3642578125
421,4.21,1024,1019,1982,1977,1,0,1,27.3161295674845,27.182750028580767,48.388671875
422,4.22,1024,1018,1981,1977,1,0,1,27.3161295674845,27.156074120800017,48.3642578125
423,4.23,1024,1019,1982,1977,1,0,1,27.3161295674845,27.182750028580767,48.388671875
424,4.24,1024,1017,1981,1977,1,0,1,27.3161295674845,27.12939821301927,48.3642578125
425,4.25,1024,1018,1983,1977,1,0,1,27.3161295674845,27.156074120800017,48.4130859375
426,4.26,1024,1022,1982,1977,1,0,1,27.3161295674845,27.262777751923004,48.388671875
427,4.27,1024,1018,1978,1977,1,0,1,27.3161295674845,27.156074120800017,48.291015625
428,4.28,1024,1021,1982,1977,1,0,1,27.3161295674845,27.236101844142258,48.388671875
429,4.29,1024,1017,1979,1977,1,0,1,27.3161295674845,27.12939821301927,48.3154296875
430,4.3,1024,1018,1983,1977,1,0,1,27.3161295674845,27.156074120800017,48.4130859375
431,4.31,1024,1022,1982,1977,1,0,1,27.3161295674845,27.262777751923004,48.388671875
432,4.32,1024,1017,1978,1977,1,0,1,27.3161295674845,27.12939821301927,48.291015625
433,4.33,1024,1021,1983,1977,1,0,1,27.3161295674845,27.236101844142258,48.4130859375
434,4.34,1024,1020,1979,1977,1,0,1,27.3161295674845,27.209425936361512,48.3154296875
435,4.35,1024,1018,1980,1977,1,0,1,27.3161295674845,27.156074120800017,48.33984375
436,4.36,1024,1019,1982,1977,1,0,1,27.3161295674845,27.182750028580767,48.388671875
437,4.37,1024,1017,1981,1977,1,0,1,27.3161295674845,27.12939821301927,48.3642578125
438,4.38,1024,1018,1983,1977,1,0,1,27.3161295674845,27.156074120800017,48.4130859375
439,4.39,1024,1020,1982,1977,1,0,1,27.3161295674845,27.209425936361512,48.388671875
440,4.4,1024,1018,1980,1977,1,0,1,27.3161295674845,27.156074120800017,48.33984375
441,4.41,1024,1018,1982,1977,1,0,1,27.3161295674845,27.156074120800017,48.388671875
442,4.42,1024,1018,1982,1977,1,0,1,27.3161295674845,27.156074120800017,48.388671875
443,4.43,1024,1018,1982,1977,1,0,1,27.3161295674845,27.156074120800017,48.388671875
444,4.44,1024,1019,1982,1977,1,0,1,27.3161295674845,27.182750028580767,48.388671875
445,4.45,1024,1018,1981,1977,1,0,1,27.3161295674845,27.156074120800017,48.3642578125
446,4.46,1024,1018,1982,1977,1,0,1,27.3161295674845,27.156074120800017,48.388671875
447,4.47,1024,1017,1982,1977,1,0,1,27.3161295674845,27.12939821301927,48.388671875
448,4.48,1024,1018,1983,1977,1,0,1,27.3161295674845,27.156074120800017,48.4130859375
449,4.49,1024,1017,1982,1977,1,0,1,27.3161295674845,27.12939821301927,48.388671875
450,4.5,1024,1017,1983,1977,1,0,1,27.3161295674845,27.12939821301927,48.4130859375
451,4.51,1024,1016,1983,1977,1,0,1,27.3161295674845,27.102722305238526,48.4130859375
452,4.52,1024,1017,1984,1977,1,0,1,27.3161295674845,27.12939821301927,48.4375
453,4.53,1024,1021,1983,1977,1,0,1,27.3161295674845,27.236101844142258,48.4130859375
454,4.54,1024,1017,1979,1977,1,0,1,27.3161295674845,27.12939821301927,48.3154296875
455,4.55,1024,1019,1983,1977,1,0,1,27.3161295674845,27.182750028580767,48.4130859375
456,4.56,1024,1015,1981,1977,1,0,1,27.3161295674845,27.07604639745778,48.3642578125
457,4.57,1024,1017,1985,1977,1,0,1,27.3161295674845,27.12939821301927,48.4619140625
458,4.58,1024,1020,1983,1977,1,0,1,27.3161295674845,27.209425936361512,48.4130859375
459,4.59,1024,1016,1980,1977,1,0,1,27.3161295674845,27.102722305238526,48.33984375
460,4.6,1024,1020,1984,1977,1,0,1,27.3161295674845,27.209425936361512,48.4375
461,4.61,1024,1019,1980,1977,1,0,1,27.3161295674845,27.182750028580767,48.33984375
462,4.62,1024,1017,1981,1977,1,0,1,27.3161295674845,27.12939821301927,48.3642578125
463,4.63,1024,1017,1983,1977,1,0,1,27.3161295674845,27.12939821301927,48.4130859375
464,4.64,1024,1016,1983,1977,1,0,1,27.3161295674845,27.102722305238526,48.4130859375
465,4.65,1024,1019,1984,1977,1,0,1,27.3161295674845,27.182750028580767,48.4375
466,4.66,1024,1018,1981,1977,1,0,1,27.3161295674845,27.156074120800017,48.3642578125
467,4.67,1536,1016,2474,2008,1,0,1,40.97419435122675,27.102722305238526,60.400390625
468,4.68,1536,1024,2506,2039,1,0,1,40.97419435122675,27.3161295674845,61.181640625
469,4.69,1536,1041,2529,2069,1,0,1,40.97419435122675,27.76961999975719,61.7431640625
470,4.7,1536,1056,2543,2098,1,0,1,40.97419435122675,28.16975861646839,62.0849609375
471,4.71,1536,1076,2557,2126,1,0,1,40.97419435122675,28.70327677208332,62.4267578125
472,4.72,1536,1098,2566,2153,1,0,1,40.97419435122675,29.290146743259747,62.646484375
473,4.73,1536,1117,2573,2179,1,0,1,40.97419435122675,29.79698899109393,62.8173828125
474,4.74,1536,1135,2581,2204,1,0,1,40.97419435122675,30.27715533114737,63.0126953125
475,4.75,1536,1153,2588,2228,1,0,1,40.97419435122675,30.757321671200806,63.18359375
476,4.76,1536,1172,2594,2250,1,0,1,40.97419435122675,31.264163919034992,63.330078125
477,4.77,1536,1190,2598,2271,1,0,1,40.97419435122675,31.744330259088432,63.427734375
478,4.78,1536,1209,2602,2291,1,0,1,40.97419435122675,32.251172506922615,63.525390625
479,4.79,1536,1225,2604,2310,1,0,1,40.97419435122675,32.67798703141456,63.57421875
480,4.8,1536,1241,2607,2328,1,0,1,40.97419435122675,33.104801555906505,63.6474609375
481,4.81,1536,1259,2610,2345,1,0,1,40.97419435122675,33.58496789595994,63.720703125
482,4.82,1536,1276,2610,2361,1,0,1,40.97419435122675,34.038458328232636,63.720703125
483,4.83,1536,1290,2609,2376,1,0,1,40.97419435122675,34.41192103716309,63.6962890625
484,4.84,1536,1305,2611,2390,1,0,1,40.97419435122675,34.812059653874286,63.7451171875
485,4.85,1536,1318,2610,2403,1,0,1,40.97419435122675,35.15884645502399,63.720703125
486,4.86,1536,1334,2612,2416,1,0,1,40.97419435122675,35.585660979515936,63.76953125
487,4.87,1536,1349,2609,2428,1,0,1,40.97419435122675,35.98579959622714,63.6962890625
488,4.88,1536,1363,2607,2439,1,0,1,40.97419435122675,36.35926230515759,63.6474609375
489,4.89,1536,1373,2604,2449,1,0,1,40.97419435122675,36.62602138296506,63.57421875
490,4.9,1536,1385,2604,2458,1,0,1,40.97419435122675,36.94613227633401,63.57421875
491,4.91,1536,1394,2602,2467,1,0,1,40.97419435122675,37.186215446360734,63.525390625
492,4.92,1536,1411,2602,2475,1,0,1,40.97419435122675,37.63970587863343,63.525390625
493,4.93,1536,1416,2594,2482,1,0,1,40.97419435122675,37.77308541753716,63.330078125
494,4.94,1536,1426,2596,2489,1,0,1,40.97419435122675,38.039844495344624,63.37890625
495,4.95,1536,1437,2593,2495,1,0,1,40.97419435122675,38.33327948093284,63.3056640625
496,4.96,1536,1447,2589,2500,1,0,1,40.97419435122675,38.6000385587403,63.2080078125
497,4.97,1536,1455,2585,2505,1,0,1,40.97419435122675,38.813445820986274,63.1103515625
498,4.98,1536,1460,2581,2509,1,0,1,40.97419435122675,38.946825359890006,63.0126953125
499,4.99,1536,1470,2581,2513,1,0,1,40.97419435122675,39.21358443769747,63.0126953125
500,5.0,1536,1475,2575,2516,1,0,1,40.97419435122675,39.34696397660121,62.8662109375
501,5.01,1536,1485,2573,2519,1,0,1,40.97419435122675,39.61372305440867,62.8173828125
502,5.02,1536,1492,2567,2522,1,0,1,40.97419435122675,39.8004544088739,62.6708984375
503,5.03,1536,1494,2563,2524,1,0,1,40.97419435122675,39.85380622443539,62.5732421875
504,5.04,1536,1506,2563,2526,1,0,1,40.97419435122675,40.17391711780435,62.5732421875
505,5.05,1536,1506,2553,2527,1,0,1,40.97419435122675,40.17391711780435,62.3291015625
506,5.06,1536,1514,2554,2528,1,0,1,40.97419435122675,40.38732438005032,62.353515625
507,5.07,1536,1518,2548,2529,1,0,1,40.97419435122675,40.494028011173306,62.20703125
508,5.08,1536,1518,2546,2530,1,0,1,40.97419435122675,40.494028011173306,62.158203125
509,5.09,1536,1525,2547,2531,1,0,1,40.97419435122675,40.68075936563854,62.1826171875
510,5.1,1536,1528,2540,2531,1,0,1,40.97419435122675,40.76078708898078,62.01171875
511,5.11,1536,1535,2538,2531,1,0,1,40.97419435122675,40.947518443446,61.962890625
512,5.12,1536,1536,2531,2531,1,0,1,40.97419435122675,40.97419435122675,61.7919921875
513,5.13,1536,1539,2531,2531,1,0,1,40.97419435122675,41.05422207456899,61.7919921875
514,5.14,1536,1542,2527,2530,1,0,1,40.97419435122675,41.13424979791123,61.6943359375
515,5.15,1536,1544,2523,2529,1,0,1,40.97419435122675,41.18760161347272,61.5966796875
516,5.16,1536,1547,2520,2528,1,0,1,40.97419435122675,41.26762933681496,61.5234375
517,5.17,1536,1555,2517,2527,1,0,1,40.97419435122675,41.481036599060936,61.4501953125
518,5.18,1536,1551,2507,2525,1,0,1,40.97419435122675,41.374332967937946,61.2060546875
519,5.19,1536,1556,2510,2524,1,0,1,40.97419435122675,41.50771250684168,61.279296875
520,5.2,1536,1559,2504,2522,1,0,1,40.97419435122675,41.58774023018392,61.1328125
521,5.21,1536,1556,2499,2520,1,0,1,40.97419435122675,41.50771250684168,61.0107421875
522,5.22,1536,1560,2500,2518,1,0,1,40.97419435122675,41.61441613796467,61.03515625
523,5.23,1536,1560,2494,2516,1,0,1,40.97419435122675,41.61441613796467,60.888671875
524,5.24,1536,1562,2492,2514,1,0,1,40.97419435122675,41.66776795352616,60.83984375
525,5.25,1536,1568,2488,2512,1,0,1,40.97419435122675,41.82782340021064,60.7421875
526,5.26,1536,1564,2481,2510,1,0,1,40.97419435122675,41.72111976908765,60.5712890625
527,5.27,1536,1563,2482,2508,1,0,1,40.97419435122675,41.69444386130691,60.595703125
528,5.28,1536,1569,2481,2506,1,0,1,40.97419435122675,41.85449930799138,60.5712890625
529,5.29,1536,1564,2474,2504,1,0,1,40.97419435122675,41.72111976908765,60.400390625
530,5.3,1536,1567,2476,2502,1,0,1,40.97419435122675,41.80114749242989,60.44921875
531,5.31,1536,1567,2472,2500,1,0,1,40.97419435122675,41.80114749242989,60.3515625
532,5.32,1536,1568,2470,2498,1,0,1,40.97419435122675,41.82782340021064,60.302734375
533,5.33,1536,1573,2467,2496,1,0,1,40.97419435122675,41.96120293911437,60.2294921875
534,5.34,1536,1568,2459,2493,1,0,1,40.97419435122675,41.82782340021064,60.0341796875
535,5.35,1536,1571,2462,2491,1,0,1,40.97419435122675,41.90785112355288,60.107421875
536,5.36,1536,1568,2456,2488,1,0,1,40.97419435122675,41.82782340021064,59.9609375
537,5.37,1536,1566,2457,2486,1,0,1,40.97419435122675,41.77447158464915,59.9853515625
538,5.38,1536,1569,2457,2484,1,0,1,40.97419435122675,41.85449930799138,59.9853515625
539,5.39,1536,1567,2452,2482,1,0,1,40.97419435122675,41.80114749242989,59.86328125
540,5.4,1536,1567,2452,2480,1,0,1,40.97419435122675,41.80114749242989,59.86328125
541,5.41,1536,1572,2450,2478,1,0,1,40.97419435122675,41.93452703133362,59.814453125
542,5.42,1536,1566,2442,2475,1,0,1,40.97419435122675,41.77447158464915,59.619140625
543,5.43,1536,1569,2446,2473,1,0,1,40.97419435122675,41.85449930799138,59.716796875
544,5.44,1536,1567,2441,2471,1,0,1,40.97419435122675,41.80114749242989,59.5947265625
545,5.45,1536,1566,2441,2469,1,0,1,40.97419435122675,41.77447158464915,59.5947265625
546,5.46,1536,1566,2440,2467,1,0,1,40.97419435122675,41.77447158464915,59.5703125
547,5.47,1536,1565,2438,2465,1,0,1,40.97419435122675,41.7477956768684,59.521484375
548,5.48,1536,1565,2436,2463,1,0,1,40.97419435122675,41.7477956768684,59.47265625
549,5.49,1536,1569,2434,2461,1,0,1,40.97419435122675,41.85449930799138,59.423828125
550,5.5,1536,1563,2429,2459,1,0,1,40.97419435122675,41.69444386130691,59.3017578125
551,5.51,1536,1567,2432,2457,1,0,1,40.97419435122675,41.80114749242989,59.375
552,5.52,1536,1565,2427,2455,1,0,1,40.97419435122675,41.7477956768684,59.2529296875
553,5.53,1536,1564,2426,2453,1,0,1,40.97419435122675,41.72111976908765,59.228515625
554,5.54,1536,1563,2425,2451,1,0,1,40.97419435122675,41.69444386130691,59.2041015625
555,5.55,1536,1562,2424,2449,1,0,1,40.97419435122675,41.66776795352616,59.1796875
556,5.56,1536,1562,2423,2447,1,0,1,40.97419435122675,41.66776795352616,59.1552734375
557,5.57,1536,1566,2421,2445,1,0,1,40.97419435122675,41.77447158464915,59.1064453125
558,5.58,1536,1560,2416,2443,1,0,1,40.97419435122675,41.61441613796467,58.984375
559,5.59,1536,1563,2419,2441,1,0,1,40.97419435122675,41.69444386130691,59.0576171875
560,5.6,1536,1560,2414,2439,1,0,1,40.97419435122675,41.61441613796467,58.935546875
561,5.61,1536,1557,2415,2437,1,0,1,40.97419435122675,41.53438841462243,58.9599609375
562,5.62,1536,1559,2416,2435,1,0,1,40.97419435122675,41.58774023018392,58.984375
563,5.63,1536,1558,2412,2433,1,0,1,40.97419435122675,41.561064322403176,58.88671875
564,5.64,1536,1557,2411,2431,1,0,1,40.97419435122675,41.53438841462243,58.8623046875
565,5.65,1536,1562,2410,2429,1,0,1,40.97419435122675,41.66776795352616,58.837890625
566,5.66,1536,1555,2403,2427,1,0,1,40.97419435122675,41.481036599060936,58.6669921875
567,5.67,1536,1558,2407,2425,1,0,1,40.97419435122675,41.561064322403176,58.7646484375
568,5.68,1536,1558,2403,2423,1,0,1,40.97419435122675,41.561064322403176,58.6669921875
569,5.69,1536,1552,2401,2421,1,0,1,40.97419435122675,41.401008875718695,58.6181640625
570,5.7,1536,1554,2405,2420,1,0,1,40.97419435122675,41.454360691280186,58.7158203125
571,5.71,1536,1552,2401,2418,1,0,1,40.97419435122675,41.401008875718695,58.6181640625
572,5.72,1536,1551,2402,2417,1,0,1,40.97419435122675,41.374332967937946,58.642578125
573,5.73,1536,1555,2402,2416,1,0,1,40.97419435122675,41.481036599060936,58.642578125
574,5.74,1536,1549,2396,2414,1,0,1,40.97419435122675,41.320981152376454,58.49609375
575,5.75,1536,1546,2401,2413,1,0,1,40.97419435122675,41.240953429034214,58.6181640625
576,5.76,1536,1550,2403,2412,1,0,1,40.97419435122675,41.3476570601572,58.6669921875
577,5.77,1536,1545,2398,2411,1,0,1,40.97419435122675,41.214277521253464,58.544921875
578,5.78,1536,1546,2401,2410,1,0,1,40.97419435122675,41.240953429034214,58.6181640625
579,5.79,1536,1543,2400,2409,1,0,1,40.97419435122675,41.16092570569197,58.59375
580,5.8,1536,1546,2401,2408,1,0,1,40.97419435122675,41.240953429034214,58.6181640625
581,5.81,1536,1543,2398,2407,1,0,1,40.97419435122675,41.16092570569197,58.544921875
582,5.82,1536,1542,2399,2406,1,0,1,40.97419435122675,41.13424979791123,58.5693359375
583,5.83,1536,1542,2399,2405,1,0,1,40.97419435122675,41.13424979791123,58.5693359375
584,5.84,1536,1540,2398,2404,1,0,1,40.97419435122675,41.08089798234973,58.544921875
585,5.85,1536,1539,2399,2403,1,0,1,40.97419435122675,41.05422207456899,58.5693359375
586,5.86,1536,1543,2399,2402,1,0,1,40.97419435122675,41.16092570569197,58.5693359375
587,5.87,1536,1537,2394,2401,1,0,1,40.97419435122675,41.00087025900749,58.447265625
588,5.88,1536,1535,2399,2400,1,0,1,40.97419435122675,40.947518443446,58.5693359375
589,5.89,1536,1539,2400,2400,1,0,1,40.97419435122675,41.05422207456899,58.59375
590,5.9,1536,1534,2396,2399,1,0,1,40.97419435122675,40.92084253566525,58.49609375
591,5.91,1536,1536,2400,2399,1,0,1,40.97419435122675,40.97419435122675,58.59375
592,5.92,1536,1533,2399,2399,1,0,1,40.97419435122675,40.89416662788451,58.5693359375
593,5.93,1536,1536,2401,2399,1,0,1,40.97419435122675,40.97419435122675,58.6181640625
594,5.94,1536,1534,2399,2399,1,0,1,40.97419435122675,40.92084253566525,58.5693359375
595,5.95,1536,1533,2400,2399,1,0,1,40.97419435122675,40.89416662788451,58.59375
596,5.96,1536,1533,2401,2399,1,0,1,40.97419435122675,40.89416662788451,58.6181640625
597,5.97,1536,1532,2401,2399,1,0,1,40.97419435122675,40.86749072010376,58.6181640625
598,5.98,1536,1531,2402,2399,1,0,1,40.97419435122675,40.84081481232302,58.642578125
599,5.99,1536,1532,2403,2399,1,0,1,40.97419435122675,40.86749072010376,58.6669921875
600,6.0,1536,1531,2402,2399,1,0,1,40.97419435122675,40.84081481232302,58.642578125
601,6.01,1536,1528,2403,2399,1,0,1,40.97419435122675,40.76078708898078,58.6669921875
602,6.02,1536,1533,2406,2399,1,0,1,40.97419435122675,40.89416662788451,58.740234375
603,6.03,1536,1529,2401,2399,1,0,1,40.97419435122675,40.78746299676152,58.6181640625
604,6.04,1536,1534,2405,2399,1,0,1,40.97419435122675,40.92084253566525,58.7158203125
605,6.05,1536,1528,2400,2399,1,0,1,40.97419435122675,40.76078708898078,58.59375
606,6.06,1536,1532,2406,2399,1,0,1,40.97419435122675,40.86749072010376,58.740234375
607,6.07,1536,1531,2402,2399,1,0,1,40.97419435122675,40.84081481232302,58.642578125
608,6.08,1536,1527,2403,2399,1,0,1,40.97419435122675,40.73411118120003,58.6669921875
609,6.09,1536,1529,2407,2399,1,0,1,40.97419435122675,40.78746299676152,58.7646484375
610,6.1,1536,1526,2405,2399,1,0,1,40.97419435122675,40.70743527341928,58.7158203125
611,6.11,1536,1530,2407,2399,1,0,1,40.97419435122675,40.81413890454227,58.7646484375
612,6.12,1536,1528,2404,2399,1,0,1,40.97419435122675,40.76078708898078,58.69140625
613,6.13,1536,1527,2406,2399,1,0,1,40.97419435122675,40.73411118120003,58.740234375
614,6.14,1536,1528,2407,2399,1,0,1,40.97419435122675,40.76078708898078,58.7646484375
615,6.15,1536,1527,2406,2399,1,0,1,40.97419435122675,40.73411118120003,58.740234375
616,6.16,1536,1527,2407,2399,1,0,1,40.97419435122675,40.73411118120003,58.7646484375
617,6.17,1536,1528,2407,2399,1,0,1,40.97419435122675,40.76078708898078,58.7646484375
618,6.18,1536,1528,2406,2399,1,0,1,40.97419435122675,40.76078708898078,58.740234375
619,6.19,1536,1525,2406,2399,1,0,1,40.97419435122675,40.68075936563854,58.740234375
620,6.2,1536,1530,2408,2399,1,0,1,40.97419435122675,40.81413890454227,58.7890625
621,6.21,1536,1528,2404,2399,1,0,1,40.97419435122675,40.76078708898078,58.69140625
622,6.22,1536,1533,2406,2399,1,0,1,40.97419435122675,40.89416662788451,58.740234375
623,6.23,1536,1527,2401,2399,1,0,1,40.97419435122675,40.73411118120003,58.6181640625
624,6.24,1536,1527,2407,2399,1,0,1,40.97419435122675,40.73411118120003,58.7646484375
625,6.25,1536,1531,2407,2399,1,0,1,40.97419435122675,40.84081481232302,58.7646484375
626,6.26,1536,1527,2403,2399,1,0,1,40.97419435122675,40.73411118120003,58.6669921875
627,6.27,1536,1530,2407,2399,1,0,1,40.97419435122675,40.81413890454227,58.7646484375
628,6.28,1536,1529,2404,2399,1,0,1,40.97419435122675,40.78746299676152,58.69140625
629,6.29,1536,1533,2405,2399,1,0,1,40.97419435122675,40.89416662788451,58.7158203125
630,6.3,1536,1532,2401,2399,1,0,1,40.97419435122675,40.86749072010376,58.6181640625
631,6.31,1536,1531,2402,2399,1,0,1,40.97419435122675,40.84081481232302,58.642578125
632,6.32,1536,1532,2403,2399,1,0,1,40.97419435122675,40.86749072010376,58.6669921875
633,6.33,1536,1532,2402,2399,1,0,1,40.97419435122675,40.86749072010376,58.642578125
634,6.34,1536,1531,2402,2399,1,0,1,40.97419435122675,40.84081481232302,58.642578125
635,6.35,1536,1537,2403,2399,1,0,1,40.97419435122675,41.00087025900749,58.6669921875
636,6.36,1536,1531,2397,2398,1,0,1,40.97419435122675,40.84081481232302,58.5205078125
637,6.37,1536,1529,2402,2398,1,0,1,40.97419435122675,40.78746299676152,58.642578125
638,6.38,1536,1534,2404,2398,1,0,1,40.97419435122675,40.92084253566525,58.69140625
639,6.39,1536,1531,2399,2398,1,0,1,40.97419435122675,40.84081481232302,58.5693359375
640,6.4,1536,1537,2402,2398,1,0,1,40.97419435122675,41.00087025900749,58.642578125
641,6.41,1536,1530,2396,2397,1,0,1,40.97419435122675,40.81413890454227,58.49609375
642,6.42,1536,1534,2402,2397,1,0,1,40.97419435122675,40.92084253566525,58.642578125
643,6.43,1536,1535,2398,2397,1,0,1,40.97419435122675,40.947518443446,58.544921875
644,6.44,1536,1529,2397,2397,1,0,1,40.97419435122675,40.78746299676152,58.5205078125
645,6.45,1536,1532,2403,2397,1,0,1,40.97419435122675,40.86749072010376,58.6669921875
646,6.46,1536,1530,2400,2397,1,0,1,40.97419435122675,40.81413890454227,58.59375
647,6.47,1536,1532,2402,2397,1,0,1,40.97419435122675,40.86749072010376,58.642578125
648,6.48,1536,1531,2400,2397,1,0,1,40.97419435122675,40.84081481232302,58.59375
649,6.49,1536,1530,2401,2397,1,0,1,40.97419435122675,40.81413890454227,58.6181640625
650,6.5,1536,1530,2402,2397,1,0,1,40.97419435122675,40.81413890454227,58.642578125
651,6.51,1536,1530,2402,2397,1,0,1,40.97419435122675,40.81413890454227,58.642578125
652,6.52,1536,1529,2402,2397,1,0,1,40.97419435122675,40.78746299676152,58.642578125
653,6.53,1536,1534,2403,2397,1,0,1,40.97419435122675,40.92084253566525,58.6669921875
654,6.54,1536,1529,2398,2397,1,0,1,40.97419435122675,40.78746299676152,58.544921875
655,6.55,1536,1527,2403,2397,1,0,1,40.97419435122675,40.73411118120003,58.6669921875
656,6.56,1536,1531,2405,2397,1,0,1,40.97419435122675,40.84081481232302,58.7158203125
657,6.57,1536,1527,2401,2397,1,0,1,40.97419435122675,40.73411118120003,58.6181640625
658,6.58,1536,1534,2405,2397,1,0,1,40.97419435122675,40.92084253566525,58.7158203125
659,6.59,1536,1528,2398,2397,1,0,1,40.97419435122675,40.76078708898078,58.544921875
660,6.6,1536,1530,2404,2397,1,0,1,40.97419435122675,40.81413890454227,58.69140625
661,6.61,1536,1531,2402,2397,1,0,1,40.97419435122675,40.84081481232302,58.642578125
662,6.62,1536,1527,2401,2397,1,0,1,40.97419435122675,40.73411118120003,58.6181640625
663,6.63,1536,1529,2405,2397,1,0,1,40.97419435122675,40.78746299676152,58.7158203125
664,6.64,1536,1528,2403,2397,1,0,1,40.97419435122675,40.76078708898078,58.6669921875
665,6.65,1536,1531,2404,2397,1,0,1,40.97419435122675,40.84081481232302,58.69140625
666,6.66,1536,1529,2401,2397,1,0,1,40.97419435122675,40.78746299676152,58.6181640625
667,6.67,1536,1528,2403,2397,1,0,1,40.97419435122675,40.76078708898078,58.6669921875
668,6.68,1536,1529,2404,2397,1,0,1,40.97419435122675,40.78746299676152,58.69140625
669,6.69,1536,1528,2403,2397,1,0,1,40.97419435122675,40.76078708898078,58.6669921875
670,6.7,1536,1528,2404,2397,1,0,1,40.97419435122675,40.76078708898078,58.69140625
671,6.71,1536,1533,2404,2397,1,0,1,40.97419435122675,40.89416662788451,58.69140625
672,6.72,1536,1528,2399,2397,1,0,1,40.97419435122675,40.76078708898078,58.5693359375
673,6.73,1536,1526,2404,2397,1,0,1,40.97419435122675,40.70743527341928,58.69140625
674,6.74,1536,1531,2405,2397,1,0,1,40.97419435122675,40.84081481232302,58.7158203125
675,6.75,1536,1526,2401,2397,1,0,1,40.97419435122675,40.70743527341928,58.6181640625
676,6.76,1536,1532,2405,2397,1,0,1,40.97419435122675,40.86749072010376,58.7158203125
677,6.77,1536,1526,2400,2397,1,0,1,40.97419435122675,40.70743527341928,58.59375
678,6.78,1536,1530,2405,2397,1,0,1,40.97419435122675,40.81413890454227,58.7158203125
679,6.79,1536,1531,2402,2397,1,0,1,40.97419435122675,40.84081481232302,58.642578125
680,6.8,1536,1527,2401,2397,1,0,1,40.97419435122675,40.73411118120003,58.6181640625
681,6.81,1536,1528,2405,2397,1,0,1,40.97419435122675,40.76078708898078,58.7158203125
682,6.82,1536,1528,2404,2397,1,0,1,40.97419435122675,40.76078708898078,58.69140625
683,6.83,1536,1530,2404,2397,1,0,1,40.97419435122675,40.81413890454227,58.69140625
684,6.84,1536,1529,2402,2397,1,0,1,40.97419435122675,40.78746299676152,58.642578125
685,6.85,1536,1528,2403,2397,1,0,1,40.97419435122675,40.76078708898078,58.6669921875
686,6.86,1536,1529,2404,2397,1,0,1,40.97419435122675,40.78746299676152,58.69140625
687,6.87,1536,1528,2403,2397,1,0,1,40.97419435122675,40.76078708898078,58.6669921875
688,6.88,1536,1529,2404,2397,1,0,1,40.97419435122675,40.78746299676152,58.69140625
689,6.89,1536,1534,2403,2397,1,0,1,40.97419435122675,40.92084253566525,58.6669921875
690,6.9,1536,1529,2398,2397,1,0,1,40.97419435122675,40.78746299676152,58.544921875
691,6.91,1536,1527,2403,2397,1,0,1,40.97419435122675,40.73411118120003,58.6669921875
692,6.92,1536,1533,2405,2397,1,0,1,40.97419435122675,40.89416662788451,58.7158203125
693,6.93,1536,1529,2399,2397,1,0,1,40.97419435122675,40.78746299676152,58.5693359375
694,6.94,1536,1535,2403,2397,1,0,1,40.97419435122675,40.947518443446,58.6669921875
695,6.95,1536,1530,2397,2397,1,0,1,40.97419435122675,40.81413890454227,58.5205078125
696,6.96,1536,1533,2402,2397,1,0,1,40.97419435122675,40.89416662788451,58.642578125
697,6.97,1536,1534,2399,2397,1,0,1,40.97419435122675,40.92084253566525,58.5693359375
698,6.98,1536,1530,2398,2397,1,0,1,40.97419435122675,40.81413890454227,58.544921875
699,6.99,1536,1533,2402,2397,1,0,1,40.97419435122675,40.89416662788451,58.642578125
700,7.0,1536,1531,2399,2397,1,0,1,40.97419435122675,40.84081481232302,58.5693359375
701,7.01,1536,1534,2401,2397,1,0,1,40.97419435122675,40.92084253566525,58.6181640625
702,7.02,1536,1533,2398,2397,1,0,1,40.97419435122675,40.89416662788451,58.544921875
703,7.03,1536,1533,2399,2397,1,0,1,40.97419435122675,40.89416662788451,58.5693359375
704,7.04,1536,1531,2399,2397,1,0,1,40.97419435122675,40.84081481232302,58.5693359375
705,7.05,1536,1532,2401,2397,1,0,1,40.97419435122675,40.86749072010376,58.6181640625
706,7.06,1536,1533,2400,2397,1,0,1,40.97419435122675,40.89416662788451,58.59375
707,7.07,1536,1538,2399,2397,1,0,1,40.97419435122675,41.02754616678824,58.5693359375
708,7.08,1536,1532,2394,2396,1,0,1,40.97419435122675,40.86749072010376,58.447265625
709,7.09,1536,1531,2399,2396,1,0,1,40.97419435122675,40.84081481232302,58.5693359375
710,7.1,1536,1536,2400,2396,1,0,1,40.97419435122675,40.97419435122675,58.59375
711,7.11,1536,1532,2396,2396,1,0,1,40.97419435122675,40.86749072010376,58.49609375
712,7.12,1536,1534,2399,2396,1,0,1,40.97419435122675,40.92084253566525,58.5693359375
713,7.13,1536,1532,2397,2396,1,0,1,40.97419435122675,40.86749072010376,58.5205078125
714,7.14,1536,1536,2399,2396,1,0,1,40.97419435122675,40.97419435122675,58.5693359375
715,7.15,1536,1534,2396,2396,1,0,1,40.97419435122675,40.92084253566525,58.49609375
716,7.16,1536,1534,2397,2396,1,0,1,40.97419435122675,40.92084253566525,58.5205078125
717,7.17,1536,1534,2397,2396,1,0,1,40.97419435122675,40.92084253566525,58.5205078125
718,7.18,1536,1533,2397,2396,1,0,1,40.97419435122675,40.89416662788451,58.5205078125
719,7.19,1536,1534,2398,2396,1,0,1,40.97419435122675,40.92084253566525,58.544921875
720,7.2,1536,1539,2397,2396,1,0,1,40.97419435122675,41.05422207456899,58.5205078125
721,7.21,1536,1534,2392,2395,1,0,1,40.97419435122675,40.92084253566525,58.3984375
722,7.22,1536,1532,2396,2395,1,0,1,40.97419435122675,40.86749072010376,58.49609375
723,7.23,1536,1536,2398,2395,1,0,1,40.97419435122675,40.97419435122675,58.544921875
724,7.24,1536,1533,2395,2395,1,0,1,40.97419435122675,40.89416662788451,58.4716796875
725,7.25,1536,1538,2397,2395,1,0,1,40.97419435122675,41.02754616678824,58.5205078125
726,7.26,1536,1532,2392,2394,1,0,1,40.97419435122675,40.86749072010376,58.3984375
727,7.27,1536,1535,2397,2394,1,0,1,40.97419435122675,40.947518443446,58.5205078125
728,7.28,1536,1536,2394,2394,1,0,1,40.97419435122675,40.97419435122675,58.447265625
729,7.29,1536,1530,2394,2394,1,0,1,40.97419435122675,40.81413890454227,58.447265625
730,7.3,1536,1534,2399,2394,1,0,1,40.97419435122675,40.92084253566525,58.5693359375
731,7.31,1536,1532,2395,2394,1,0,1,40.97419435122675,40.86749072010376,58.4716796875
732,7.32,1536,1535,2397,2394,1,0,1,40.97419435122675,40.947518443446,58.5205078125
733,7.33,1536,1532,2394,2394,1,0,1,40.97419435122675,40.86749072010376,58.447265625
734,7.34,1536,1532,2397,2394,1,0,1,40.97419435122675,40.86749072010376,58.5205078125
735,7.35,1536,1529,2397,2394,1,0,1,40.97419435122675,40.78746299676152,58.5205078125
736,7.36,1536,1532,2400,2394,1,0,1,40.97419435122675,40.86749072010376,58.59375
737,7.37,1536,1531,2397,2394,1,0,1,40.97419435122675,40.84081481232302,58.5205078125
738,7.38,1536,1536,2398,2394,1,0,1,40.97419435122675,40.97419435122675,58.544921875
739,7.39,1536,1531,2394,2394,1,0,1,40.97419435122675,40.84081481232302,58.447265625
740,7.4,1536,1529,2398,2394,1,0,1,40.97419435122675,40.78746299676152,58.544921875
741,7.41,1536,1534,2400,2394,1,0,1,40.97419435122675,40.92084253566525,58.59375
742,7.42,1536,1529,2395,2394,1,0,1,40.97419435122675,40.78746299676152,58.4716796875
743,7.43,1536,1535,2400,2394,1,0,1,40.97419435122675,40.947518443446,58.59375
744,7.44,1536,1530,2394,2394,1,0,1,40.97419435122675,40.81413890454227,58.447265625
745,7.45,1536,1532,2399,2394,1,0,1,40.97419435122675,40.86749072010376,58.5693359375
746,7.46,1536,1531,2397,2394,1,0,1,40.97419435122675,40.84081481232302,58.5205078125
747,7.47,1536,1528,2398,2394,1,0,1,40.97419435122675,40.76078708898078,58.544921875
748,7.48,1536,1531,2401,2394,1,0,1,40.97419435122675,40.84081481232302,58.6181640625
749,7.49,1536,1530,2398,2394,1,0,1,40.97419435122675,40.81413890454227,58.544921875
750,7.5,1536,1530,2399,2394,1,0,1,40.97419435122675,40.81413890454227,58.5693359375
751,7.51,1536,1531,2399,2394,1,0,1,40.97419435122675,40.84081481232302,58.5693359375
752,7.52,1536,1530,2398,2394,1,0,1,40.97419435122675,40.81413890454227,58.544921875
753,7.53,1536,1528,2399,2394,1,0,1,40.97419435122675,40.76078708898078,58.5693359375
754,7.54,1536,1530,2401,2394,1,0,1,40.97419435122675,40.81413890454227,58.6181640625
755,7.55,1536,1530,2399,2394,1,0,1,40.97419435122675,40.81413890454227,58.5693359375
756,7.56,1536,1535,2399,2394,1,0,1,40.97419435122675,40.947518443446,58.5693359375
757,7.57,1536,1530,2394,2394,1,0,1,40.97419435122675,40.81413890454227,58.447265625
758,7.58,1536,1528,2399,2394,1,0,1,40.97419435122675,40.76078708898078,58.5693359375
759,7.59,1536,1533,2401,2394,1,0,1,40.97419435122675,40.89416662788451,58.6181640625
760,7.6,1536,1529,2396,2394,1,0,1,40.97419435122675,40.78746299676152,58.49609375
761,7.61,1536,1531,2400,2394,1,0,1,40.97419435122675,40.84081481232302,58.59375
762,7.62,1536,1530,2398,2394,1,0,1,40.97419435122675,40.81413890454227,58.544921875
763,7.63,1536,1533,2399,2394,1,0,1,40.97419435122675,40.89416662788451,58.5693359375
764,7.64,1536,1532,2396,2394,1,0,1,40.97419435122675,40.86749072010376,58.49609375
765,7.65,1536,1531,2397,2394,1,0,1,40.97419435122675,40.84081481232302,58.5205078125
766,7.66,1536,1532,2398,2394,1,0,1,40.97419435122675,40.86749072010376,58.544921875
767,7.67,1536,1531,2397,2394,1,0,1,40.97419435122675,40.84081481232302,58.5205078125
768,7.68,1536,1531,2398,2394,1,0,1,40.97419435122675,40.84081481232302,58.544921875
769,7.69,1536,1532,2398,2394,1,0,1,40.97419435122675,40.86749072010376,58.544921875
770,7.7,1536,1532,2397,2394,1,0,1,40.97419435122675,40.86749072010376,58.5205078125
771,7.71,1536,1530,2397,2394,1,0,1,40.97419435122675,40.81413890454227,58.5205078125
772,7.72,1536,1535,2399,2394,1,0,1,40.97419435122675,40.947518443446,58.5693359375
773,7.73,1536,1532,2394,2394,1,0,1,40.97419435122675,40.86749072010376,58.447265625
774,7.74,1536,1537,2397,2394,1,0,1,40.97419435122675,41.00087025900749,58.5205078125
775,7.75,1536,1532,2392,2393,1,0,1,40.97419435122675,40.86749072010376,58.3984375
776,7.76,1536,1535,2396,2393,1,0,1,40.97419435122675,40.947518443446,58.49609375
777,7.77,1536,1536,2393,2393,1,0,1,40.97419435122675,40.97419435122675,58.4228515625
778,7.78,1536,1531,2393,2393,1,0,1,40.97419435122675,40.84081481232302,58.4228515625
779,7.79,1536,1533,2397,2393,1,0,1,40.97419435122675,40.89416662788451,58.5205078125
780,7.8,1536,1533,2395,2393,1,0,1,40.97419435122675,40.89416662788451,58.4716796875
781,7.81,1536,1536,2395,2393,1,0,1,40.97419435122675,40.97419435122675,58.4716796875
782,7.82,1536,1534,2393,2393,1,0,1,40.97419435122675,40.92084253566525,58.4228515625
783,7.83,1536,1533,2394,2393,1,0,1,40.97419435122675,40.89416662788451,58.447265625
784,7.84,1536,1531,2395,2393,1,0,1,40.97419435122675,40.84081481232302,58.4716796875
785,7.85,1536,1533,2397,2393,1,0,1,40.97419435122675,40.89416662788451,58.5205078125
786,7.86,1536,1534,2395,2393,1,0,1,40.97419435122675,40.92084253566525,58.4716796875
787,7.87,1536,1538,2394,2393,1,0,1,40.97419435122675,41.02754616678824,58.447265625
788,7.88,1536,1533,2390,2392,1,0,1,40.97419435122675,40.89416662788451,58.349609375
789,7.89,1536,1532,2394,2392,1,0,1,40.97419435122675,40.86749072010376,58.447265625
790,7.9,1536,1537,2395,2392,1,0,1,40.97419435122675,41.00087025900749,58.4716796875
791,7.91,1536,1532,2390,2391,1,0,1,40.97419435122675,40.86749072010376,58.349609375
792,7.92,1536,1535,2394,2391,1,0,1,40.97419435122675,40.947518443446,58.447265625
793,7.93,1536,1533,2391,2391,1,0,1,40.97419435122675,40.89416662788451,58.3740234375
794,7.94,1536,1537,2393,2391,1,0,1,40.97419435122675,41.00087025900749,58.4228515625
795,7.95,1536,1535,2389,2390,1,0,1,40.97419435122675,40.947518443446,58.3251953125
796,7.96,1536,1534,2390,2390,1,0,1,40.97419435122675,40.92084253566525,58.349609375
797,7.97,1536,1535,2391,2390,1,0,1,40.97419435122675,40.947518443446,58.3740234375
798,7.98,1536,1533,2390,2390,1,0,1,40.97419435122675,40.89416662788451,58.349609375
799,7.99,1536,1533,2392,2390,1,0,1,40.97419435122675,40.89416662788451,58.3984375
800,8.0,1536,1534,2392,2390,1,0,1,40.97419435122675,40.92084253566525,58.3984375
801,8.01,1536,1533,2391,2390,1,0,1,40.97419435122675,40.89416662788451,58.3740234375
802,8.02,1536,1531,2392,2390,1,0,1,40.97419435122675,40.84081481232302,58.3984375
803,8.03,1536,1536,2394,2390,1,0,1,40.97419435122675,40.97419435122675,58.447265625
804,8.04,1536,1533,2390,2390,1,0,1,40.97419435122675,40.89416662788451,58.349609375
805,8.05,1536,1538,2392,2390,1,0,1,40.97419435122675,41.02754616678824,58.3984375
806,8.06,1536,1532,2387,2389,1,0,1,40.97419435122675,40.86749072010376,58.2763671875
807,8.07,1536,1535,2392,2389,1,0,1,40.97419435122675,40.947518443446,58.3984375
808,8.08,1536,1535,2389,2389,1,0,1,40.97419435122675,40.947518443446,58.3251953125
809,8.09,1536,1530,2389,2389,1,0,1,40.97419435122675,40.81413890454227,58.3251953125
810,8.1,1536,1533,2394,2389,1,0,1,40.97419435122675,40.89416662788451,58.447265625
811,8.11,1536,1531,2391,2389,1,0,1,40.97419435122675,40.84081481232302,58.3740234375
812,8.12,1536,1534,2393,2389,1,0,1,40.97419435122675,40.92084253566525,58.4228515625
813,8.13,1536,1532,2390,2389,1,0,1,40.97419435122675,40.86749072010376,58.349609375
814,8.14,1536,1531,2392,2389,1,0,1,40.97419435122675,40.84081481232302,58.3984375
815,8.15,1536,1529,2393,2389,1,0,1,40.97419435122675,40.78746299676152,58.4228515625
816,8.16,1536,1531,2395,2389,1,0,1,40.97419435122675,40.84081481232302,58.4716796875
817,8.17,1536,1530,2393,2389,1,0,1,40.97419435122675,40.81413890454227,58.4228515625
818,8.18,1536,1535,2394,2389,1,0,1,40.97419435122675,40.947518443446,58.447265625
819,8.19,1536,1531,2389,2389,1,0,1,40.97419435122675,40.84081481232302,58.3251953125
820,8.2,1536,1528,2393,2389,1,0,1,40.97419435122675,40.76078708898078,58.4228515625
821,8.21,1536,1533,2396,2389,1,0,1,40.97419435122675,40.89416662788451,58.49609375
822,8.22,1536,1529,2391,2389,1,0,1,40.97419435122675,40.78746299676152,58.3740234375
823,8.23,1536,1535,2395,2389,1,0,1,40.97419435122675,40.947518443446,58.4716796875
824,8.24,1536,1529,2389,2389,1,0,1,40.97419435122675,40.78746299676152,58.3251953125
825,8.25,1536,1533,2395,2389,1,0,1,40.97419435122675,40.89416662788451,58.4716796875
826,8.26,1536,1531,2391,2389,1,0,1,40.97419435122675,40.84081481232302,58.3740234375
827,8.27,1536,1528,2393,2389,1,0,1,40.97419435122675,40.76078708898078,58.4228515625
828,8.28,1536,1530,2396,2389,1,0,1,40.97419435122675,40.81413890454227,58.49609375
829,8.29,1536,1530,2394,2389,1,0,1,40.97419435122675,40.81413890454227,58.447265625
830,8.3,1536,1532,2394,2389,1,0,1,40.97419435122675,40.86749072010376,58.447265625
831,8.31,1536,1531,2392,2389,1,0,1,40.97419435122675,40.84081481232302,58.3984375
832,8.32,1536,1530,2393,2389,1,0,1,40.97419435122675,40.81413890454227,58.4228515625
833,8.33,1536,1528,2394,2389,1,0,1,40.97419435122675,40.76078708898078,58.447265625
834,8.34,1536,1530,2396,2389,1,0,1,40.97419435122675,40.81413890454227,58.49609375
835,8.35,1536,1529,2394,2389,1,0,1,40.97419435122675,40.78746299676152,58.447265625
836,8.36,1536,1535,2395,2389,1,0,1,40.97419435122675,40.947518443446,58.4716796875
837,8.37,1536,1530,2389,2389,1,0,1,40.97419435122675,40.81413890454227,58.3251953125
838,8.38,1536,1529,2394,2389,1,0,1,40.97419435122675,40.78746299676152,58.447265625
839,8.39,1536,1533,2395,2389,1,0,1,40.97419435122675,40.89416662788451,58.4716796875
840,8.4,1536,1528,2391,2389,1,0,1,40.97419435122675,40.76078708898078,58.3740234375
841,8.41,1536,1535,2396,2389,1,0,1,40.97419435122675,40.947518443446,58.49609375
842,8.42,1536,1530,2389,2389,1,0,1,40.97419435122675,40.81413890454227,58.3251953125
843,8.43,1536,1533,2394,2389,1,0,1,40.97419435122675,40.89416662788451,58.447265625
844,8.44,1536,1531,2391,2389,1,0,1,40.97419435122675,40.84081481232302,58.3740234375
845,8.45,1536,1529,2393,2389,1,0,1,40.97419435122675,40.78746299676152,58.4228515625
846,8.46,1536,1531,2395,2389,1,0,1,40.97419435122675,40.84081481232302,58.4716796875
847,8.47,1536,1531,2393,2389,1,0,1,40.97419435122675,40.84081481232302,58.4228515625
848,8.48,1536,1531,2393,2389,1,0,1,40.97419435122675,40.84081481232302,58.4228515625
849,8.49,1536,1532,2393,2389,1,0,1,40.97419435122675,40.86749072010376,58.4228515625
850,8.5,1536,1532,2392,2389,1,0,1,40.97419435122675,40.86749072010376,58.3984375
851,8.51,1536,1529,2392,2389,1,0,1,40.97419435122675,40.78746299676152,58.3984375
852,8.52,1536,1534,2395,2389,1,0,1,40.97419435122675,40.92084253566525,58.4716796875
853,8.53,1536,1532,2390,2389,1,0,1,40.97419435122675,40.86749072010376,58.349609375
854,8.54,1536,1536,2392,2389,1,0,1,40.97419435122675,40.97419435122675,58.3984375
855,8.55,1536,1531,2389,2389,1,0,1,40.97419435122675,40.84081481232302,58.3251953125
856,8.56,1536,1530,2393,2389,1,0,1,40.97419435122675,40.81413890454227,58.4228515625
857,8.57,1536,1535,2394,2389,1,0,1,40.97419435122675,40.947518443446,58.447265625
858,8.58,1536,1530,2389,2389,1,0,1,40.97419435122675,40.81413890454227,58.3251953125
859,8.59,1536,1533,2394,2389,1,0,1,40.97419435122675,40.89416662788451,58.447265625
860,8.6,1536,1531,2391,2389,1,0,1,40.97419435122675,40.84081481232302,58.3740234375
861,8.61,1536,1535,2393,2389,1,0,1,40.97419435122675,40.947518443446,58.4228515625
862,8.62,1536,1533,2389,2389,1,0,1,40.97419435122675,40.89416662788451,58.3251953125
863,8.63,1536,1532,2391,2389,1,0,1,40.97419435122675,40.86749072010376,58.3740234375
864,8.64,1536,1533,2392,2389,1,0,1,40.97419435122675,40.89416662788451,58.3984375
865,8.65,1536,1531,2391,2389,1,0,1,40.97419435122675,40.84081481232302,58.3740234375
866,8.66,1536,1531,2393,2389,1,0,1,40.97419435122675,40.84081481232302,58.4228515625
867,8.67,1536,1536,2393,2389,1,0,1,40.97419435122675,40.97419435122675,58.4228515625
868,8.68,1536,1531,2389,2389,1,0,1,40.97419435122675,40.84081481232302,58.3251953125
869,8.69,1536,1529,2393,2389,1,0,1,40.97419435122675,40.78746299676152,58.4228515625
870,8.7,1536,1534,2395,2389,1,0,1,40.97419435122675,40.92084253566525,58.4716796875
871,8.71,1536,1530,2390,2389,1,0,1,40.97419435122675,40.81413890454227,58.349609375
872,8.72,1536,1534,2394,2389,1,0,1,40.97419435122675,40.92084253566525,58.447265625
873,8.73,1536,1529,2390,2389,1,0,1,40.97419435122675,40.78746299676152,58.349609375
874,8.74,1536,1532,2395,2389,1,0,1,40.97419435122675,40.86749072010376,58.4716796875
875,8.75,1536,1532,2392,2389,1,0,1,40.97419435122675,40.86749072010376,58.3984375
876,8.76,1536,1527,2392,2389,1,0,1,40.97419435122675,40.73411118120003,58.3984375
877,8.77,1536,1530,2397,2389,1,0,1,40.97419435122675,40.81413890454227,58.5205078125
878,8.78,1536,1529,2394,2389,1,0,1,40.97419435122675,40.78746299676152,58.447265625
879,8.79,1536,1532,2395,2389,1,0,1,40.97419435122675,40.86749072010376,58.4716796875
880,8.8,1536,1530,2392,2389,1,0,1,40.97419435122675,40.81413890454227,58.3984375
881,8.81,1536,1529,2394,2389,1,0,1,40.97419435122675,40.78746299676152,58.447265625
882,8.82,1536,1530,2395,2389,1,0,1,40.97419435122675,40.81413890454227,58.4716796875
883,8.83,1536,1529,2394,2389,1,0,1,40.97419435122675,40.78746299676152,58.447265625
884,8.84,1536,1529,2395,2389,1,0,1,40.97419435122675,40.78746299676152,58.4716796875
885,8.85,1536,1533,2395,2389,1,0,1,40.97419435122675,40.89416662788451,58.4716796875
886,8.86,1536,1529,2391,2389,1,0,1,40.97419435122675,40.78746299676152,58.3740234375
887,8.87,1536,1527,2395,2389,1,0,1,40.97419435122675,40.73411118120003,58.4716796875
888,8.88,1536,1532,2397,2389,1,0,1,40.97419435122675,40.86749072010376,58.5205078125
889,8.89,1536,1527,2392,2389,1,0,1,40.97419435122675,40.73411118120003,58.3984375
890,8.9,1536,1534,2397,2389,1,0,1,40.97419435122675,40.92084253566525,58.5205078125
891,8.91,1536,1527,2390,2389,1,0,1,40.97419435122675,40.73411118120003,58.349609375
892,8.92,1536,1531,2397,2389,1,0,1,40.97419435122675,40.84081481232302,58.5205078125
893,8.93,1536,1531,2393,2389,1,0,1,40.97419435122675,40.84081481232302,58.4228515625
894,8.94,1536,1527,2393,2389,1,0,1,40.97419435122675,40.73411118120003,58.4228515625
895,8.95,1536,1530,2397,2389,1,0,1,40.97419435122675,40.81413890454227,58.5205078125
896,8.96,1536,1529,2394,2389,1,0,1,40.97419435122675,40.78746299676152,58.447265625
897,8.97,1536,1532,2395,2389,1,0,1,40.97419435122675,40.86749072010376,58.4716796875
898,8.98,1536,1530,2392,2389,1,0,1,40.97419435122675,40.81413890454227,58.3984375
899,8.99,1536,1529,2394,2389,1,0,1,40.97419435122675,40.78746299676152,58.447265625
900,9.0,1536,1527,2395,2389,1,0,1,40.97419435122675,40.73411118120003,58.4716796875
901,9.01,1536,1529,2397,2389,1,0,1,40.97419435122675,40.78746299676152,58.5205078125
902,9.02,1536,1529,2395,2389,1,0,1,40.97419435122675,40.78746299676152,58.4716796875
903,9.03,1536,1534,2395,2389,1,0,1,40.97419435122675,40.92084253566525,58.4716796875
904,9.04,1536,1529,2390,2389,1,0,1,40.97419435122675,40.78746299676152,58.349609375
905,9.05,1536,1527,2395,2389,1,0,1,40.97419435122675,40.73411118120003,58.4716796875
906,9.06,1536,1532,2397,2389,1,0,1,40.97419435122675,40.86749072010376,58.5205078125
907,9.07,1536,1528,2392,2389,1,0,1,40.97419435122675,40.76078708898078,58.3984375
908,9.08,1536,1534,2396,2389,1,0,1,40.97419435122675,40.92084253566525,58.49609375
909,9.09,1536,1529,2390,2389,1,0,1,40.97419435122675,40.78746299676152,58.349609375
910,9.1,1536,1533,2395,2389,1,0,1,40.97419435122675,40.89416662788451,58.4716796875
911,9.11,1536,1531,2391,2389,1,0,1,40.97419435122675,40.84081481232302,58.3740234375
912,9.12,1536,1528,2393,2389,1,0,1,40.97419435122675,40.76078708898078,58.4228515625
913,9.13,1536,1531,2396,2389,1,0,1,40.97419435122675,40.84081481232302,58.49609375
914,9.14,1536,1530,2393,2389,1,0,1,40.97419435122675,40.81413890454227,58.4228515625
915,9.15,1536,1533,2394,2389,1,0,1,40.97419435122675,40.89416662788451,58.447265625
916,9.16,1536,1531,2391,2389,1,0,1,40.97419435122675,40.84081481232302,58.3740234375
917,9.17,1536,1530,2393,2389,1,0,1,40.97419435122675,40.81413890454227,58.4228515625
918,9.18,1536,1529,2394,2389,1,0,1,40.97419435122675,40.78746299676152,58.447265625
919,9.19,1536,1531,2395,2389,1,0,1,40.97419435122675,40.84081481232302,58.4716796875
920,9.2,1536,1531,2393,2389,1,0,1,40.97419435122675,40.84081481232302,58.4228515625
921,9.21,1536,1536,2393,2389,1,0,1,40.97419435122675,40.97419435122675,58.4228515625
922,9.22,1536,1531,2389,2389,1,0,1,40.97419435122675,40.84081481232302,58.3251953125
923,9.23,1536,1530,2393,2389,1,0,1,40.97419435122675,40.81413890454227,58.4228515625
924,9.24,1536,1535,2394,2389,1,0,1,40.97419435122675,40.947518443446,58.447265625
925,9.25,1536,1531,2389,2389,1,0,1,40.97419435122675,40.84081481232302,58.3251953125
926,9.26,1536,1533,2393,2389,1,0,1,40.97419435122675,40.89416662788451,58.4228515625
927,9.27,1536,1532,2391,2389,1,0,1,40.97419435122675,40.86749072010376,58.3740234375
928,9.28,1536,1536,2392,2389,1,0,1,40.97419435122675,40.97419435122675,58.3984375
929,9.29,1536,1534,2389,2389,1,0,1,40.97419435122675,40.92084253566525,58.3251953125
930,9.3,1536,1532,2390,2389,1,0,1,40.97419435122675,40.86749072010376,58.349609375
931,9.31,1536,1534,2392,2389,1,0,1,40.97419435122675,40.92084253566525,58.3984375
932,9.32,1536,1533,2390,2389,1,0,1,40.97419435122675,40.89416662788451,58.349609375
933,9.33,1536,1534,2391,2389,1,0,1,40.97419435122675,40.92084253566525,58.3740234375
934,9.34,1536,1534,2390,2389,1,0,1,40.97419435122675,40.92084253566525,58.349609375
935,9.35,1536,1533,2390,2389,1,0,1,40.97419435122675,40.89416662788451,58.349609375
936,9.36,1536,1531,2391,2389,1,0,1,40.97419435122675,40.84081481232302,58.3740234375
937,9.37,1536,1537,2393,2389,1,0,1,40.97419435122675,41.00087025900749,58.4228515625
938,9.38,1536,1534,2387,2388,1,0,1,40.97419435122675,40.92084253566525,58.2763671875
939,9.39,1536,1539,2389,2388,1,0,1,40.97419435122675,41.05422207456899,58.3251953125
940,9.4,1536,1533,2384,2387,1,0,1,40.97419435122675,40.89416662788451,58.203125
941,9.41,1536,1537,2389,2387,1,0,1,40.97419435122675,41.00087025900749,58.3251953125
942,9.42,1536,1536,2385,2386,1,0,1,40.97419435122675,40.97419435122675,58.2275390625
943,9.43,1536,1531,2386,2386,1,0,1,40.97419435122675,40.84081481232302,58.251953125
944,9.44,1536,1534,2390,2386,1,0,1,40.97419435122675,40.92084253566525,58.349609375
945,9.45,1536,1533,2387,2386,1,0,1,40.97419435122675,40.89416662788451,58.2763671875
946,9.46,1536,1535,2388,2386,1,0,1,40.97419435122675,40.947518443446,58.30078125
947,9.47,1536,1533,2386,2386,1,0,1,40.97419435122675,40.89416662788451,58.251953125
948,9.48,1536,1532,2388,2386,1,0,1,40.97419435122675,40.86749072010376,58.30078125
949,9.49,1536,1530,2389,2386,1,0,1,40.97419435122675,40.81413890454227,58.3251953125
950,9.5,1536,1531,2391,2386,1,0,1,40.97419435122675,40.84081481232302,58.3740234375
951,9.51,1536,1531,2390,2386,1,0,1,40.97419435122675,40.84081481232302,58.349609375
952,9.52,1536,1536,2390,2386,1,0,1,40.97419435122675,40.97419435122675,58.349609375
953,9.53,1536,1529,2386,2386,1,0,1,40.97419435122675,40.78746299676152,58.251953125
954,9.54,1536,1528,2392,2386,1,0,1,40.97419435122675,40.76078708898078,58.3984375
955,9.55,1536,1534,2393,2386,1,0,1,40.97419435122675,40.92084253566525,58.4228515625
956,9.56,1536,1529,2387,2386,1,0,1,40.97419435122675,40.78746299676152,58.2763671875
957,9.57,1536,1535,2392,2386,1,0,1,40.97419435122675,40.947518443446,58.3984375
958,9.58,1536,1529,2386,2386,1,0,1,40.97419435122675,40.78746299676152,58.251953125
959,9.59,1536,1533,2392,2386,1,0,1,40.97419435122675,40.89416662788451,58.3984375
960,9.6,1536,1531,2388,2386,1,0,1,40.97419435122675,40.84081481232302,58.30078125
961,9.61,1536,1529,2390,2386,1,0,1,40.97419435122675,40.78746299676152,58.349609375
962,9.62,1536,1531,2392,2386,1,0,1,40.97419435122675,40.84081481232302,58.3984375
963,9.63,1536,1530,2390,2386,1,0,1,40.97419435122675,40.81413890454227,58.349609375
964,9.64,1536,1530,2391,2386,1,0,1,40.97419435122675,40.81413890454227,58.3740234375
965,9.65,1536,1532,2391,2386,1,0,1,40.97419435122675,40.86749072010376,58.3740234375
966,9.66,1536,1531,2389,2386,1,0,1,40.97419435122675,40.84081481232302,58.3251953125
967,9.67,1536,1529,2390,2386,1,0,1,40.97419435122675,40.78746299676152,58.349609375
968,9.68,1536,1532,2392,2386,1,0,1,40.97419435122675,40.86749072010376,58.3984375
969,9.69,1536,1531,2389,2386,1,0,1,40.97419435122675,40.84081481232302,58.3251953125
970,9.7,1536,1536,2390,2386,1,0,1,40.97419435122675,40.97419435122675,58.349609375
971,9.71,1536,1531,2386,2386,1,0,1,40.97419435122675,40.84081481232302,58.251953125
972,9.72,1536,1530,2390,2386,1,0,1,40.97419435122675,40.81413890454227,58.349609375
973,9.73,1536,1535,2391,2386,1,0,1,40.97419435122675,40.947518443446,58.3740234375
974,9.74,1536,1531,2386,2386,1,0,1,40.97419435122675,40.84081481232302,58.251953125
975,9.75,1536,1534,2390,2386,1,0,1,40.97419435122675,40.92084253566525,58.349609375
976,9.76,1536,1532,2387,2386,1,0,1,40.97419435122675,40.86749072010376,58.2763671875
977,9.77,1536,1535,2389,2386,1,0,1,40.97419435122675,40.947518443446,58.3251953125
978,9.78,1536,1534,2386,2386,1,0,1,40.97419435122675,40.92084253566525,58.251953125
979,9.79,1536,1534,2387,2386,1,0,1,40.97419435122675,40.92084253566525,58.2763671875
980,9.8,1536,1534,2387,2386,1,0,1,40.97419435122675,40.92084253566525,58.2763671875
981,9.81,1536,1533,2387,2386,1,0,1,40.97419435122675,40.89416662788451,58.2763671875
982,9.82,1536,1533,2388,2386,1,0,1,40.97419435122675,40.89416662788451,58.30078125
983,9.83,1536,1539,2388,2386,1,0,1,40.97419435122675,41.05422207456899,58.30078125
984,9.84,1536,1534,2382,2385,1,0,1,40.97419435122675,40.92084253566525,58.154296875
985,9.85,1536,1532,2386,2385,1,0,1,40.97419435122675,40.86749072010376,58.251953125
986,9.86,1536,1537,2388,2385,1,0,1,40.97419435122675,41.00087025900749,58.30078125
987,9.87,1536,1533,2383,2384,1,0,1,40.97419435122675,40.89416662788451,58.1787109375
988,9.88,1536,1539,2386,2384,1,0,1,40.97419435122675,41.05422207456899,58.251953125
989,9.89,1536,1534,2380,2383,1,0,1,40.97419435122675,40.92084253566525,58.10546875
990,9.9,1536,1537,2384,2383,1,0,1,40.97419435122675,41.00087025900749,58.203125
991,9.91,1536,1535,2381,2382,1,0,1,40.97419435122675,40.947518443446,58.1298828125
992,9.92,1536,1533,2382,2382,1,0,1,40.97419435122675,40.89416662788451,58.154296875
993,9.93,1536,1535,2384,2382,1,0,1,40.97419435122675,40.947518443446,58.203125
994,9.94,1536,1534,2382,2382,1,0,1,40.97419435122675,40.92084253566525,58.154296875
995,9.95,1536,1534,2383,2382,1,0,1,40.97419435122675,40.92084253566525,58.1787109375
996,9.96,1536,1535,2383,2382,1,0,1,40.97419435122675,40.947518443446,58.1787109375
997,9.97,1536,1534,2382,2382,1,0,1,40.97419435122675,40.92084253566525,58.154296875
998,9.98,1536,1532,2383,2382,1,0,1,40.97419435122675,40.86749072010376,58.1787109375
999,9.99,1536,1536,2385,2382,1,0,1,40.97419435122675,40.97419435122675,58.2275390625
1000,10.0,1536,1534,2382,2382,1,0,1,40.97419435122675,40.92084253566525,58.154296875
1001,10.01,1536,1538,2383,2382,1,0,1,40.97419435122675,41.02754616678824,58.1787109375
1002,10.02,1536,1532,2379,2381,1,0,1,40.97419435122675,40.86749072010376,58.0810546875
1003,10.03,1536,1535,2384,2381,1,0,1,40.97419435122675,40.947518443446,58.203125
1004,10.04,1536,1536,2381,2381,1,0,1,40.97419435122675,40.97419435122675,58.1298828125
1005,10.05,1536,1532,2381,2381,1,0,1,40.97419435122675,40.86749072010376,58.1298828125
1006,10.06,1536,1533,2384,2381,1,0,1,40.97419435122675,40.89416662788451,58.203125
1007,10.07,1536,1532,2383,2381,1,0,1,40.97419435122675,40.86749072010376,58.1787109375
1008,10.08,1536,1535,2384,2381,1,0,1,40.97419435122675,40.947518443446,58.203125
1009,10.09,1536,1533,2381,2381,1,0,1,40.97419435122675,40.89416662788451,58.1298828125
1010,10.1,1536,1531,2383,2381,1,0,1,40.97419435122675,40.84081481232302,58.1787109375
1011,10.11,1536,1532,2385,2381,1,0,1,40.97419435122675,40.86749072010376,58.2275390625
1012,10.12,1536,1531,2384,2381,1,0,1,40.97419435122675,40.84081481232302,58.203125
1013,10.13,1536,1531,2385,2381,1,0,1,40.97419435122675,40.84081481232302,58.2275390625
1014,10.14,1536,1536,2385,2381,1,0,1,40.97419435122675,40.97419435122675,58.2275390625
1015,10.15,1536,1531,2381,2381,1,0,1,40.97419435122675,40.84081481232302,58.1298828125
1016,10.16,1536,1529,2385,2381,1,0,1,40.97419435122675,40.78746299676152,58.2275390625
1017,10.17,1536,1534,2387,2381,1,0,1,40.97419435122675,40.92084253566525,58.2763671875
1018,10.18,1536,1529,2382,2381,1,0,1,40.97419435122675,40.78746299676152,58.154296875
1019,10.19,1536,1536,2387,2381,1,0,1,40.97419435122675,40.97419435122675,58.2763671875
1020,10.2,1536,1529,2381,2381,1,0,1,40.97419435122675,40.78746299676152,58.1298828125
1021,10.21,1536,1532,2387,2381,1,0,1,40.97419435122675,40.86749072010376,58.2763671875
1022,10.22,1536,1533,2384,2381,1,0,1,40.97419435122675,40.89416662788451,58.203125
1023,10.23,1536,1527,2383,2381,1,0,1,40.97419435122675,40.73411118120003,58.1787109375
1024,10.24,1536,1530,2389,2381,1,0,1,40.97419435122675,40.81413890454227,58.3251953125
1025,10.25,1536,1530,2386,2381,1,0,1,40.97419435122675,40.81413890454227,58.251953125
1026,10.26,1536,1532,2386,2381,1,0,1,40.97419435122675,40.86749072010376,58.251953125
1027,10.27,1536,1530,2384,2381,1,0,1,40.97419435122675,40.81413890454227,58.203125
1028,10.28,1536,1530,2386,2381,1,0,1,40.97419435122675,40.81413890454227,58.251953125
1029,10.29,1536,1527,2386,2381,1,0,1,40.97419435122675,40.73411118120003,58.251953125
1030,10.3,1536,1529,2389,2381,1,0,1,40.97419435122675,40.78746299676152,58.3251953125
1031,10.31,1536,1529,2387,2381,1,0,1,40.97419435122675,40.78746299676152,58.2763671875
1032,10.32,1536,1534,2387,2381,1,0,1,40.97419435122675,40.92084253566525,58.2763671875
1033,10.33,1536,1530,2382,2381,1,0,1,40.97419435122675,40.81413890454227,58.154296875
1034,10.34,1536,1527,2386,2381,1,0,1,40.97419435122675,40.73411118120003,58.251953125
1035,10.35,1536,1532,2389,2381,1,0,1,40.97419435122675,40.86749072010376,58.3251953125
1036,10.36,1536,1528,2384,2381,1,0,1,40.97419435122675,40.76078708898078,58.203125
1037,10.37,1536,1534,2388,2381,1,0,1,40.97419435122675,40.92084253566525,58.30078125
1038,10.38,1536,1528,2382,2381,1,0,1,40.97419435122675,40.76078708898078,58.154296875
1039,10.39,1536,1531,2388,2381,1,0,1,40.97419435122675,40.84081481232302,58.30078125
1040,10.4,1536,1530,2385,2381,1,0,1,40.97419435122675,40.81413890454227,58.2275390625
1041,10.41,1536,1527,2386,2381,1,0,1,40.97419435122675,40.73411118120003,58.251953125
1042,10.42,1536,1530,2389,2381,1,0,1,40.97419435122675,40.81413890454227,58.3251953125
1043,10.43,1536,1529,2386,2381,1,0,1,40.97419435122675,40.78746299676152,58.251953125
1044,10.44,1536,1531,2387,2381,1,0,1,40.97419435122675,40.84081481232302,58.2763671875
1045,10.45,1536,1530,2385,2381,1,0,1,40.97419435122675,40.81413890454227,58.2275390625
1046,10.46,1536,1529,2386,2381,1,0,1,40.97419435122675,40.78746299676152,58.251953125
1047,10.47,1536,1527,2387,2381,1,0,1,40.97419435122675,40.73411118120003,58.2763671875
1048,10.48,1536,1529,2389,2381,1,0,1,40.97419435122675,40.78746299676152,58.3251953125
1049,10.49,1536,1529,2387,2381,1,0,1,40.97419435122675,40.78746299676152,58.2763671875
1050,10.5,1536,1534,2387,2381,1,0,1,40.97419435122675,40.92084253566525,58.2763671875
1051,10.51,1536,1529,2382,2381,1,0,1,40.97419435122675,40.78746299676152,58.154296875
1052,10.52,1536,1527,2387,2381,1,0,1,40.97419435122675,40.73411118120003,58.2763671875
1053,10.53,1536,1533,2389,2381,1,0,1,40.97419435122675,40.89416662788451,58.3251953125
1054,10.54,1536,1528,2383,2381,1,0,1,40.97419435122675,40.76078708898078,58.1787109375
1055,10.55,1536,1534,2388,2381,1,0,1,40.97419435122675,40.92084253566525,58.30078125
1056,10.56,1536,1529,2382,2381,1,0,1,40.97419435122675,40.78746299676152,58.154296875
1057,10.57,1536,1533,2387,2381,1,0,1,40.97419435122675,40.89416662788451,58.2763671875
1058,10.58,1536,1530,2383,2381,1,0,1,40.97419435122675,40.81413890454227,58.1787109375
1059,10.59,1536,1528,2386,2381,1,0,1,40.97419435122675,40.76078708898078,58.251953125
1060,10.6,1536,1531,2388,2381,1,0,1,40.97419435122675,40.84081481232302,58.30078125
1061,10.61,1536,1530,2385,2381,1,0,1,40.97419435122675,40.81413890454227,58.2275390625
1062,10.62,1536,1530,2386,2381,1,0,1,40.97419435122675,40.81413890454227,58.251953125
1063,10.63,1536,1531,2386,2381,1,0,1,40.97419435122675,40.84081481232302,58.251953125
1064,10.64,1536,1530,2385,2381,1,0,1,40.97419435122675,40.81413890454227,58.2275390625
1065,10.65,1536,1528,2386,2381,1,0,1,40.97419435122675,40.76078708898078,58.251953125
1066,10.66,1536,1531,2388,2381,1,0,1,40.97419435122675,40.84081481232302,58.30078125
1067,10.67,1536,1530,2385,2381,1,0,1,40.97419435122675,40.81413890454227,58.2275390625
1068,10.68,1536,1536,2386,2381,1,0,1,40.97419435122675,40.97419435122675,58.251953125
1069,10.69,1536,1530,2381,2381,1,0,1,40.97419435122675,40.81413890454227,58.1298828125
1070,10.7,1536,1529,2386,2381,1,0,1,40.97419435122675,40.78746299676152,58.251953125
1071,10.71,1536,1534,2387,2381,1,0,1,40.97419435122675,40.92084253566525,58.2763671875
1072,10.72,1536,1530,2382,2381,1,0,1,40.97419435122675,40.81413890454227,58.154296875
1073,10.73,1536,1532,2386,2381,1,0,1,40.97419435122675,40.86749072010376,58.251953125
1074,10.74,1536,1530,2384,2381,1,0,1,40.97419435122675,40.81413890454227,58.203125
1075,10.75,1536,1534,2386,2381,1,0,1,40.97419435122675,40.92084253566525,58.251953125
1076,10.76,1536,1531,2382,2381,1,0,1,40.97419435122675,40.84081481232302,58.154296875
1077,10.77,1536,1531,2385,2381,1,0,1,40.97419435122675,40.84081481232302,58.2275390625
1078,10.78,1536,1532,2385,2381,1,0,1,40.97419435122675,40.86749072010376,58.2275390625
1079,10.79,1536,1531,2384,2381,1,0,1,40.97419435122675,40.84081481232302,58.203125
1080,10.8,1536,1530,2385,2381,1,0,1,40.97419435122675,40.81413890454227,58.2275390625
1081,10.81,1536,1530,2386,2381,1,0,1,40.97419435122675,40.81413890454227,58.251953125
1082,10.82,1536,1530,2386,2381,1,0,1,40.97419435122675,40.81413890454227,58.251953125
1083,10.83,1536,1528,2386,2381,1,0,1,40.97419435122675,40.76078708898078,58.251953125
1084,10.84,1536,1533,2388,2381,1,0,1,40.97419435122675,40.89416662788451,58.30078125
1085,10.85,1536,1530,2383,2381,1,0,1,40.97419435122675,40.81413890454227,58.1787109375
1086,10.86,1536,1534,2386,2381,1,0,1,40.97419435122675,40.92084253566525,58.251953125
1087,10.87,1536,1528,2382,2381,1,0,1,40.97419435122675,40.76078708898078,58.154296875
1088,10.88,1536,1532,2388,2381,1,0,1,40.97419435122675,40.86749072010376,58.30078125
1089,10.89,1536,1532,2384,2381,1,0,1,40.97419435122675,40.86749072010376,58.203125
1090,10.9,1536,1528,2384,2381,1,0,1,40.97419435122675,40.76078708898078,58.203125
1091,10.91,1536,1530,2388,2381,1,0,1,40.97419435122675,40.81413890454227,58.30078125
1092,10.92,1536,1528,2386,2381,1,0,1,40.97419435122675,40.76078708898078,58.251953125
1093,10.93,1536,1532,2388,2381,1,0,1,40.97419435122675,40.86749072010376,58.30078125
1094,10.94,1536,1530,2384,2381,1,0,1,40.97419435122675,40.81413890454227,58.203125
1095,10.95,1536,1528,2386,2381,1,0,1,40.97419435122675,40.76078708898078,58.251953125
1096,10.96,1536,1529,2388,2381,1,0,1,40.97419435122675,40.78746299676152,58.30078125
1097,10.97,1536,1528,2387,2381,1,0,1,40.97419435122675,40.76078708898078,58.2763671875
1098,10.98,1536,1528,2388,2381,1,0,1,40.97419435122675,40.76078708898078,58.30078125
1099,10.99,1536,1530,2388,2381,1,0,1,40.97419435122675,40.81413890454227,58.30078125
1100,11.0,1536,1529,2386,2381,1,0,1,40.97419435122675,40.78746299676152,58.251953125
1101,11.01,1536,1526,2387,2381,1,0,1,40.97419435122675,40.70743527341928,58.2763671875
1102,11.02,1536,1532,2389,2381,1,0,1,40.97419435122675,40.86749072010376,58.3251953125
1103,11.03,1536,1529,2384,2381,1,0,1,40.97419435122675,40.78746299676152,58.203125
1104,11.04,1536,1534,2387,2381,1,0,1,40.97419435122675,40.92084253566525,58.2763671875
1105,11.05,1536,1528,2382,2381,1,0,1,40.97419435122675,40.76078708898078,58.154296875
1106,11.06,1536,1531,2388,2381,1,0,1,40.97419435122675,40.84081481232302,58.30078125
1107,11.07,1536,1532,2385,2381,1,0,1,40.97419435122675,40.86749072010376,58.2275390625
1108,11.08,1536,1528,2384,2381,1,0,1,40.97419435122675,40.76078708898078,58.203125
1109,11.09,1536,1530,2388,2381,1,0,1,40.97419435122675,40.81413890454227,58.30078125
1110,11.1,1536,1529,2386,2381,1,0,1,40.97419435122675,40.78746299676152,58.251953125
1111,11.11,1536,1533,2387,2381,1,0,1,40.97419435122675,40.89416662788451,58.2763671875
1112,11.12,1536,1531,2383,2381,1,0,1,40.97419435122675,40.84081481232302,58.1787109375
1113,11.13,1536,1530,2385,2381,1,0,1,40.97419435122675,40.81413890454227,58.2275390625
1114,11.14,1536,1531,2386,2381,1,0,1,40.97419435122675,40.84081481232302,58.251953125
1115,11.15,1536,1530,2385,2381,1,0,1,40.97419435122675,40.81413890454227,58.2275390625
1116,11.16,1536,1530,2386,2381,1,0,1,40.97419435122675,40.81413890454227,58.251953125
1117,11.17,1536,1535,2386,2381,1,0,1,40.97419435122675,40.947518443446,58.251953125
1118,11.18,1536,1531,2381,2381,1,0,1,40.97419435122675,40.84081481232302,58.1298828125
1119,11.19,1536,1529,2385,2381,1,0,1,40.97419435122675,40.78746299676152,58.2275390625
1120,11.2,1536,1534,2387,2381,1,0,1,40.97419435122675,40.92084253566525,58.2763671875
1121,11.21,1536,1530,2382,2381,1,0,1,40.97419435122675,40.81413890454227,58.154296875
1122,11.22,1536,1535,2386,2381,1,0,1,40.97419435122675,40.947518443446,58.251953125
1123,11.23,1536,1530,2381,2381,1,0,1,40.97419435122675,40.81413890454227,58.1298828125
1124,11.24,1536,1533,2386,2381,1,0,1,40.97419435122675,40.89416662788451,58.251953125
1125,11.25,1536,1534,2383,2381,1,0,1,40.97419435122675,40.92084253566525,58.1787109375
1126,11.26,1536,1529,2382,2381,1,0,1,40.97419435122675,40.78746299676152,58.154296875
1127,11.27,1536,1531,2387,2381,1,0,1,40.97419435122675,40.84081481232302,58.2763671875
1128,11.28,1536,1531,2385,2381,1,0,1,40.97419435122675,40.84081481232302,58.2275390625
1129,11.29,1536,1533,2385,2381,1,0,1,40.97419435122675,40.89416662788451,58.2275390625
1130,11.3,1536,1531,2383,2381,1,0,1,40.97419435122675,40.84081481232302,58.1787109375
1131,11.31,1536,1530,2385,2381,1,0,1,40.97419435122675,40.81413890454227,58.2275390625
1132,11.32,1536,1528,2386,2381,1,0,1,40.97419435122675,40.76078708898078,58.251953125
1133,11.33,1536,1531,2388,2381,1,0,1,40.97419435122675,40.84081481232302,58.30078125
1134,11.34,1536,1530,2385,2381,1,0,1,40.97419435122675,40.81413890454227,58.2275390625
1135,11.35,1536,1535,2386,2381,1,0,1,40.97419435122675,40.947518443446,58.251953125
1136,11.36,1536,1530,2381,2381,1,0,1,40.97419435122675,40.81413890454227,58.1298828125
1137,11.37,1536,1528,2386,2381,1,0,1,40.97419435122675,40.76078708898078,58.251953125
1138,11.38,1536,1533,2388,2381,1,0,1,40.97419435122675,40.89416662788451,58.30078125
1139,11.39,1536,1528,2383,2381,1,0,1,40.97419435122675,40.76078708898078,58.1787109375
1140,11.4,1536,1535,2388,2381,1,0,1,40.97419435122675,40.947518443446,58.30078125
1141,11.41,1536,1529,2381,2381,1,0,1,40.97419435122675,40.78746299676152,58.1298828125
1142,11.42,1536,1532,2387,2381,1,0,1,40.97419435122675,40.86749072010376,58.2763671875
1143,11.43,1536,1531,2384,2381,1,0,1,40.97419435122675,40.84081481232302,58.203125
1144,11.44,1536,1528,2385,2381,1,0,1,40.97419435122675,40.76078708898078,58.2275390625
1145,11.45,1536,1531,2388,2381,1,0,1,40.97419435122675,40.84081481232302,58.30078125
1146,11.46,1536,1530,2385,2381,1,0,1,40.97419435122675,40.81413890454227,58.2275390625
1147,11.47,1536,1533,2386,2381,1,0,1,40.97419435122675,40.89416662788451,58.251953125
1148,11.48,1536,1532,2383,2381,1,0,1,40.97419435122675,40.86749072010376,58.1787109375
1149,11.49,1536,1530,2384,2381,1,0,1,40.97419435122675,40.81413890454227,58.203125
1150,11.5,1536,1528,2386,2381,1,0,1,40.97419435122675,40.76078708898078,58.251953125
1151,11.51,1536,1531,2388,2381,1,0,1,40.97419435122675,40.84081481232302,58.30078125
1152,11.52,1536,1531,2385,2381,1,0,1,40.97419435122675,40.84081481232302,58.2275390625
1153,11.53,1536,1535,2385,2381,1,0,1,40.97419435122675,40.947518443446,58.2275390625
1154,11.54,1536,1530,2381,2381,1,0,1,40.97419435122675,40.81413890454227,58.1298828125
1155,11.55,1536,1528,2386,2381,1,0,1,40.97419435122675,40.76078708898078,58.251953125
1156,11.56,1536,1533,2388,2381,1,0,1,40.97419435122675,40.89416662788451,58.30078125
1157,11.57,1536,1529,2383,2381,1,0,1,40.97419435122675,40.78746299676152,58.1787109375
1158,11.58,1536,1534,2387,2381,1,0,1,40.97419435122675,40.92084253566525,58.2763671875
1159,11.59,1536,1529,2382,2381,1,0,1,40.97419435122675,40.78746299676152,58.154296875
1160,11.6,1536,1531,2387,2381,1,0,1,40.97419435122675,40.84081481232302,58.2763671875
1161,11.61,1536,1530,2385,2381,1,0,1,40.97419435122675,40.81413890454227,58.2275390625
1162,11.62,1536,1527,2386,2381,1,0,1,40.97419435122675,40.73411118120003,58.251953125
1163,11.63,1536,1530,2389,2381,1,0,1,40.97419435122675,40.81413890454227,58.3251953125
1164,11.64,1536,1528,2386,2381,1,0,1,40.97419435122675,40.76078708898078,58.251953125
1165,11.65,1536,1528,2388,2381,1,0,1,40.97419435122675,40.76078708898078,58.30078125
1166,11.66,1536,1530,2388,2381,1,0,1,40.97419435122675,40.81413890454227,58.30078125
1167,11.67,1536,1528,2386,2381,1,0,1,40.97419435122675,40.76078708898078,58.251953125
1168,11.68,1536,1526,2388,2381,1,0,1,40.97419435122675,40.70743527341928,58.30078125
1169,11.69,1536,1528,2389,2381,1,0,1,40.97419435122675,40.76078708898078,58.3251953125
1170,11.7,1536,1529,2388,2381,1,0,1,40.97419435122675,40.78746299676152,58.30078125
1171,11.71,1536,1534,2387,2381,1,0,1,40.97419435122675,40.92084253566525,58.2763671875
1172,11.72,1536,1528,2382,2381,1,0,1,40.97419435122675,40.76078708898078,58.154296875
1173,11.73,1536,1527,2388,2381,1,0,1,40.97419435122675,40.73411118120003,58.30078125
1174,11.74,1536,1532,2389,2381,1,0,1,40.97419435122675,40.86749072010376,58.3251953125
1175,11.75,1536,1528,2384,2381,1,0,1,40.97419435122675,40.76078708898078,58.203125
1176,11.76,1536,1530,2388,2381,1,0,1,40.97419435122675,40.81413890454227,58.30078125
1177,11.77,1536,1529,2386,2381,1,0,1,40.97419435122675,40.78746299676152,58.251953125
1178,11.78,1536,1532,2387,2381,1,0,1,40.97419435122675,40.86749072010376,58.2763671875
1179,11.79,1536,1531,2384,2381,1,0,1,40.97419435122675,40.84081481232302,58.203125
1180,11.8,1536,1529,2385,2381,1,0,1,40.97419435122675,40.78746299676152,58.2275390625
1181,11.81,1536,1531,2387,2381,1,0,1,40.97419435122675,40.84081481232302,58.2763671875
1182,11.82,1536,1531,2385,2381,1,0,1,40.97419435122675,40.84081481232302,58.2275390625
1183,11.83,1536,1531,2385,2381,1,0,1,40.97419435122675,40.84081481232302,58.2275390625
1184,11.84,1536,1531,2385,2381,1,0,1,40.97419435122675,40.84081481232302,58.2275390625
1185,11.85,1536,1531,2385,2381,1,0,1,40.97419435122675,40.84081481232302,58.2275390625
1186,11.86,1536,1528,2385,2381,1,0,1,40.97419435122675,40.76078708898078,58.2275390625
1187,11.87,1536,1533,2388,2381,1,0,1,40.97419435122675,40.89416662788451,58.30078125
1188,11.88,1536,1531,2383,2381,1,0,1,40.97419435122675,40.84081481232302,58.1787109375
1189,11.89,1536,1536,2385,2381,1,0,1,40.97419435122675,40.97419435122675,58.2275390625
1190,11.9,1536,1530,2381,2381,1,0,1,40.97419435122675,40.81413890454227,58.1298828125
1191,11.91,1536,1528,2386,2381,1,0,1,40.97419435122675,40.76078708898078,58.251953125
1192,11.92,1536,1534,2388,2381,1,0,1,40.97419435122675,40.92084253566525,58.30078125
1193,11.93,1536,1529,2382,2381,1,0,1,40.97419435122675,40.78746299676152,58.154296875
1194,11.94,1536,1532,2387,2381,1,0,1,40.97419435122675,40.86749072010376,58.2763671875
1195,11.95,1536,1530,2384,2381,1,0,1,40.97419435122675,40.81413890454227,58.203125
1196,11.96,1536,1533,2386,2381,1,0,1,40.97419435122675,40.89416662788451,58.251953125
1197,11.97,1536,1532,2383,2381,1,0,1,40.97419435122675,40.86749072010376,58.1787109375
1198,11.98,1536,1530,2384,2381,1,0,1,40.97419435122675,40.81413890454227,58.203125
1199,11.99,1536,1531,2386,2381,1,0,1,40.97419435122675,40.84081481232302,58.251953125
1200,12.0,1536,1530,2385,2381,1,0,1,40.97419435122675,40.81413890454227,58.2275390625
1201,12.01,1536,1530,2386,2381,1,0,1,40.97419435122675,40.81413890454227,58.251953125
1202,12.02,1536,1535,2386,2381,1,0,1,40.97419435122675,40.947518443446,58.251953125
1203,12.03,1536,1530,2381,2381,1,0,1,40.97419435122675,40.81413890454227,58.1298828125
1204,12.04,1536,1528,2386,2381,1,0,1,40.97419435122675,40.76078708898078,58.251953125
1205,12.05,1536,1533,2388,2381,1,0,1,40.97419435122675,40.89416662788451,58.30078125
1206,12.06,1536,1530,2383,2381,1,0,1,40.97419435122675,40.81413890454227,58.1787109375
1207,12.07,1536,1534,2386,2381,1,0,1,40.97419435122675,40.92084253566525,58.251953125
1208,12.08,1536,1528,2382,2381,1,0,1,40.97419435122675,40.76078708898078,58.154296875
1209,12.09,1536,1532,2388,2381,1,0,1,40.97419435122675,40.86749072010376,58.30078125
1210,12.1,1536,1532,2384,2381,1,0,1,40.97419435122675,40.86749072010376,58.203125
1211,12.11,1536,1527,2384,2381,1,0,1,40.97419435122675,40.73411118120003,58.203125
1212,12.12,1536,1530,2389,2381,1,0,1,40.97419435122675,40.81413890454227,58.3251953125
1213,12.13,1536,1528,2386,2381,1,0,1,40.97419435122675,40.76078708898078,58.251953125
1214,12.14,1536,1532,2388,2381,1,0,1,40.97419435122675,40.86749072010376,58.30078125
1215,12.15,1536,1530,2384,2381,1,0,1,40.97419435122675,40.81413890454227,58.203125
1216,12.16,1536,1531,2386,2381,1,0,1,40.97419435122675,40.84081481232302,58.251953125
1217,12.17,1536,1531,2385,2381,1,0,1,40.97419435122675,40.84081481232302,58.2275390625
1218,12.18,1536,1530,2385,2381,1,0,1,40.97419435122675,40.81413890454227,58.2275390625
1219,12.19,1536,1530,2386,2381,1,0,1,40.97419435122675,40.81413890454227,58.251953125
1220,12.2,1536,1535,2386,2381,1,0,1,40.97419435122675,40.947518443446,58.251953125
1221,12.21,1536,1530,2381,2381,1,0,1,40.97419435122675,40.81413890454227,58.1298828125
1222,12.22,1536,1528,2386,2381,1,0,1,40.97419435122675,40.76078708898078,58.251953125
1223,12.23,1536,1533,2388,2381,1,0,1,40.97419435122675,40.89416662788451,58.30078125
1224,12.24,1536,1528,2383,2381,1,0,1,40.97419435122675,40.76078708898078,58.1787109375
1225,12.25,1536,1535,2388,2381,1,0,1,40.97419435122675,40.947518443446,58.30078125
1226,12.26,1536,1529,2381,2381,1,0,1,40.97419435122675,40.78746299676152,58.1298828125
1227,12.27,1536,1533,2387,2381,1,0,1,40.97419435122675,40.89416662788451,58.2763671875
1228,12.28,1536,1532,2383,2381,1,0,1,40.97419435122675,40.86749072010376,58.1787109375
1229,12.29,1536,1527,2384,2381,1,0,1,40.97419435122675,40.73411118120003,58.203125
1230,12.3,1536,1530,2389,2381,1,0,1,40.97419435122675,40.81413890454227,58.3251953125
1231,12.31,1536,1527,2386,2381,1,0,1,40.97419435122675,40.73411118120003,58.251953125
1232,12.32,1536,1530,2389,2381,1,0,1,40.97419435122675,40.81413890454227,58.3251953125
1233,12.33,1536,1528,2386,2381,1,0,1,40.97419435122675,40.76078708898078,58.251953125
1234,12.34,1536,1527,2388,2381,1,0,1,40.97419435122675,40.73411118120003,58.30078125
1235,12.35,1536,1528,2389,2381,1,0,1,40.97419435122675,40.76078708898078,58.3251953125
1236,12.36,1536,1526,2388,2381,1,0,1,40.97419435122675,40.70743527341928,58.30078125
1237,12.37,1536,1526,2389,2381,1,0,1,40.97419435122675,40.70743527341928,58.3251953125
1238,12.38,1536,1531,2389,2381,1,0,1,40.97419435122675,40.84081481232302,58.3251953125
1239,12.39,1536,1526,2385,2381,1,0,1,40.97419435122675,40.70743527341928,58.2275390625
1240,12.4,1536,1523,2389,2381,1,0,1,40.97419435122675,40.627407550077045,58.3251953125
1241,12.41,1536,1529,2392,2381,1,0,1,40.97419435122675,40.78746299676152,58.3984375
1242,12.42,1536,1525,2387,2381,1,0,1,40.97419435122675,40.68075936563854,58.2763671875
1243,12.43,1536,1530,2390,2381,1,0,1,40.97419435122675,40.81413890454227,58.349609375
1244,12.44,1536,1525,2386,2381,1,0,1,40.97419435122675,40.68075936563854,58.251953125
1245,12.45,1536,1528,2390,2381,1,0,1,40.97419435122675,40.76078708898078,58.349609375
1246,12.46,1536,1529,2388,2381,1,0,1,40.97419435122675,40.78746299676152,58.30078125
1247,12.47,1536,1524,2387,2381,1,0,1,40.97419435122675,40.65408345785779,58.2763671875
1248,12.48,1536,1527,2391,2381,1,0,1,40.97419435122675,40.73411118120003,58.3740234375
1249,12.49,1536,1525,2389,2381,1,0,1,40.97419435122675,40.68075936563854,58.3251953125
1250,12.5,1536,1529,2390,2381,1,0,1,40.97419435122675,40.78746299676152,58.349609375
1251,12.51,1536,1528,2387,2381,1,0,1,40.97419435122675,40.76078708898078,58.2763671875
1252,12.52,1536,1527,2388,2381,1,0,1,40.97419435122675,40.73411118120003,58.30078125
1253,12.53,1536,1528,2389,2381,1,0,1,40.97419435122675,40.76078708898078,58.3251953125
1254,12.54,1536,1527,2388,2381,1,0,1,40.97419435122675,40.73411118120003,58.30078125
1255,12.55,1536,1528,2389,2381,1,0,1,40.97419435122675,40.76078708898078,58.3251953125
1256,12.56,1536,1529,2388,2381,1,0,1,40.97419435122675,40.78746299676152,58.30078125
1257,12.57,1536,1529,2387,2381,1,0,1,40.97419435122675,40.78746299676152,58.2763671875
1258,12.58,1536,1527,2387,2381,1,0,1,40.97419435122675,40.73411118120003,58.2763671875
1259,12.59,1536,1532,2389,2381,1,0,1,40.97419435122675,40.86749072010376,58.3251953125
1260,12.6,1536,1530,2384,2381,1,0,1,40.97419435122675,40.81413890454227,58.203125
1261,12.61,1536,1534,2386,2381,1,0,1,40.97419435122675,40.92084253566525,58.251953125
1262,12.62,1536,1529,2382,2381,1,0,1,40.97419435122675,40.78746299676152,58.154296875
1263,12.63,1536,1533,2387,2381,1,0,1,40.97419435122675,40.89416662788451,58.2763671875
1264,12.64,1536,1533,2383,2381,1,0,1,40.97419435122675,40.89416662788451,58.1787109375
1265,12.65,1536,1529,2383,2381,1,0,1,40.97419435122675,40.78746299676152,58.1787109375
1266,12.66,1536,1531,2387,2381,1,0,1,40.97419435122675,40.84081481232302,58.2763671875
1267,12.67,1536,1529,2385,2381,1,0,1,40.97419435122675,40.78746299676152,58.2275390625
1268,12.68,1536,1533,2387,2381,1,0,1,40.97419435122675,40.89416662788451,58.2763671875
1269,12.69,1536,1532,2383,2381,1,0,1,40.97419435122675,40.86749072010376,58.1787109375
1270,12.7,1536,1532,2384,2381,1,0,1,40.97419435122675,40.86749072010376,58.203125
1271,12.71,1536,1532,2384,2381,1,0,1,40.97419435122675,40.86749072010376,58.203125
1272,12.72,1536,1531,2384,2381,1,0,1,40.97419435122675,40.84081481232302,58.203125
1273,12.73,1536,1531,2385,2381,1,0,1,40.97419435122675,40.84081481232302,58.2275390625
1274,12.74,1536,1536,2385,2381,1,0,1,40.97419435122675,40.97419435122675,58.2275390625
1275,12.75,1536,1531,2381,2381,1,0,1,40.97419435122675,40.84081481232302,58.1298828125
1276,12.76,1536,1529,2385,2381,1,0,1,40.97419435122675,40.78746299676152,58.2275390625
1277,12.77,1536,1534,2387,2381,1,0,1,40.97419435122675,40.92084253566525,58.2763671875
1278,12.78,1536,1531,2382,2381,1,0,1,40.97419435122675,40.84081481232302,58.154296875
1279,12.79,1536,1536,2385,2381,1,0,1,40.97419435122675,40.97419435122675,58.2275390625
1280,12.8,1536,1530,2381,2381,1,0,1,40.97419435122675,40.81413890454227,58.1298828125
1281,12.81,1536,1533,2386,2381,1,0,1,40.97419435122675,40.89416662788451,58.251953125
1282,12.82,1536,1534,2383,2381,1,0,1,40.97419435122675,40.92084253566525,58.1787109375
1283,12.83,1536,1529,2382,2381,1,0,1,40.97419435122675,40.78746299676152,58.154296875
1284,12.84,1536,1531,2387,2381,1,0,1,40.97419435122675,40.84081481232302,58.2763671875
1285,12.85,1536,1530,2385,2381,1,0,1,40.97419435122675,40.81413890454227,58.2275390625
1286,12.86,1536,1533,2386,2381,1,0,1,40.97419435122675,40.89416662788451,58.251953125
1287,12.87,1536,1531,2383,2381,1,0,1,40.97419435122675,40.84081481232302,58.1787109375
1288,12.88,1536,1530,2385,2381,1,0,1,40.97419435122675,40.81413890454227,58.2275390625
1289,12.89,1536,1528,2386,2381,1,0,1,40.97419435122675,40.76078708898078,58.251953125
1290,12.9,1536,1531,2388,2381,1,0,1,40.97419435122675,40.84081481232302,58.30078125
1291,12.91,1536,1531,2385,2381,1,0,1,40.97419435122675,40.84081481232302,58.2275390625
1292,12.92,1536,1536,2385,2381,1,0,1,40.97419435122675,40.97419435122675,58.2275390625
1293,12.93,1536,1531,2381,2381,1,0,1,40.97419435122675,40.84081481232302,58.1298828125
1294,12.94,1536,1528,2385,2381,1,0,1,40.97419435122675,40.76078708898078,58.2275390625
1295,12.95,1536,1533,2388,2381,1,0,1,40.97419435122675,40.89416662788451,58.30078125
1296,12.96,1536,1529,2383,2381,1,0,1,40.97419435122675,40.78746299676152,58.1787109375
1297,12.97,1536,1536,2387,2381,1,0,1,40.97419435122675,40.97419435122675,58.2763671875
1298,12.98,1536,1530,2381,2381,1,0,1,40.97419435122675,40.81413890454227,58.1298828125
1299,12.99,1536,1533,2386,2381,1,0,1,40.97419435122675,40.89416662788451,58.251953125
1300,13.0,1536,1532,2383,2381,1,0,1,40.97419435122675,40.86749072010376,58.1787109375
1301,13.01,1536,1529,2384,2381,1,0,1,40.97419435122675,40.78746299676152,58.203125
1302,13.02,1536,1531,2387,2381,1,0,1,40.97419435122675,40.84081481232302,58.2763671875
1303,13.03,1536,1530,2385,2381,1,0,1,40.97419435122675,40.81413890454227,58.2275390625
1304,13.04,1536,1533,2386,2381,1,0,1,40.97419435122675,40.89416662788451,58.251953125
1305,13.05,1536,1531,2383,2381,1,0,1,40.97419435122675,40.84081481232302,58.1787109375
1306,13.06,1536,1530,2385,2381,1,0,1,40.97419435122675,40.81413890454227,58.2275390625
1307,13.07,1536,1528,2386,2381,1,0,1,40.97419435122675,40.76078708898078,58.251953125
1308,13.08,1536,1530,2388,2381,1,0,1,40.97419435122675,40.81413890454227,58.30078125
1309,13.09,1536,1529,2386,2381,1,0,1,40.97419435122675,40.78746299676152,58.251953125
1310,13.1,1536,1534,2387,2381,1,0,1,40.97419435122675,40.92084253566525,58.2763671875
1311,13.11,1536,1529,2382,2381,1,0,1,40.97419435122675,40.78746299676152,58.154296875
1312,13.12,1536,1527,2387,2381,1,0,1,40.97419435122675,40.73411118120003,58.2763671875
1313,13.13,1536,1533,2389,2381,1,0,1,40.97419435122675,40.89416662788451,58.3251953125
1314,13.14,1536,1529,2383,2381,1,0,1,40.97419435122675,40.78746299676152,58.1787109375
1315,13.15,1536,1535,2387,2381,1,0,1,40.97419435122675,40.947518443446,58.2763671875
1316,13.16,1536,1529,2381,2381,1,0,1,40.97419435122675,40.78746299676152,58.1298828125
1317,13.17,1536,1532,2387,2381,1,0,1,40.97419435122675,40.86749072010376,58.2763671875
1318,13.18,1536,1531,2384,2381,1,0,1,40.97419435122675,40.84081481232302,58.203125
1319,13.19,1536,1528,2385,2381,1,0,1,40.97419435122675,40.76078708898078,58.2275390625
1320,13.2,1536,1531,2388,2381,1,0,1,40.97419435122675,40.84081481232302,58.30078125
1321,13.21,1536,1531,2385,2381,1,0,1,40.97419435122675,40.84081481232302,58.2275390625
1322,13.22,1536,1530,2385,2381,1,0,1,40.97419435122675,40.81413890454227,58.2275390625
1323,13.23,1536,1532,2386,2381,1,0,1,40.97419435122675,40.86749072010376,58.251953125
1324,13.24,1536,1532,2384,2381,1,0,1,40.97419435122675,40.86749072010376,58.203125
1325,13.25,1536,1529,2384,2381,1,0,1,40.97419435122675,40.78746299676152,58.203125
1326,13.26,1536,1534,2387,2381,1,0,1,40.97419435122675,40.92084253566525,58.2763671875
1327,13.27,1536,1532,2382,2381,1,0,1,40.97419435122675,40.86749072010376,58.154296875
1328,13.28,1536,1537,2384,2381,1,0,1,40.97419435122675,41.00087025900749,58.203125
1329,13.29,1536,1531,2379,2380,1,0,1,40.97419435122675,40.84081481232302,58.0810546875
1330,13.3,1536,1530,2384,2380,1,0,1,40.97419435122675,40.81413890454227,58.203125
1331,13.31,1536,1535,2385,2380,1,0,1,40.97419435122675,40.947518443446,58.2275390625
1332,13.32,1536,1531,2380,2380,1,0,1,40.97419435122675,40.84081481232302,58.10546875
1333,13.33,1536,1533,2384,2380,1,0,1,40.97419435122675,40.89416662788451,58.203125
1334,13.34,1536,1531,2382,2380,1,0,1,40.97419435122675,40.84081481232302,58.154296875
1335,13.35,1536,1535,2384,2380,1,0,1,40.97419435122675,40.947518443446,58.203125
1336,13.36,1536,1533,2380,2380,1,0,1,40.97419435122675,40.89416662788451,58.10546875
1337,13.37,1536,1533,2382,2380,1,0,1,40.97419435122675,40.89416662788451,58.154296875
1338,13.38,1536,1533,2382,2380,1,0,1,40.97419435122675,40.89416662788451,58.154296875
1339,13.39,1536,1532,2382,2380,1,0,1,40.97419435122675,40.86749072010376,58.154296875
1340,13.4,1536,1532,2383,2380,1,0,1,40.97419435122675,40.86749072010376,58.1787109375
1341,13.41,1536,1537,2383,2380,1,0,1,40.97419435122675,41.00087025900749,58.1787109375
1342,13.42,1536,1532,2378,2379,1,0,1,40.97419435122675,40.86749072010376,58.056640625
1343,13.43,1536,1530,2382,2379,1,0,1,40.97419435122675,40.81413890454227,58.154296875
1344,13.44,1536,1535,2384,2379,1,0,1,40.97419435122675,40.947518443446,58.203125
1345,13.45,1536,1530,2379,2379,1,0,1,40.97419435122675,40.81413890454227,58.0810546875
1346,13.46,1536,1536,2384,2379,1,0,1,40.97419435122675,40.97419435122675,58.203125
1347,13.47,1536,1531,2379,2379,1,0,1,40.97419435122675,40.84081481232302,58.0810546875
1348,13.48,1536,1534,2383,2379,1,0,1,40.97419435122675,40.92084253566525,58.1787109375
1349,13.49,1536,1534,2380,2379,1,0,1,40.97419435122675,40.92084253566525,58.10546875
1350,13.5,1536,1530,2380,2379,1,0,1,40.97419435122675,40.81413890454227,58.10546875
1351,13.51,1536,1532,2384,2379,1,0,1,40.97419435122675,40.86749072010376,58.203125
1352,13.52,1536,1531,2382,2379,1,0,1,40.97419435122675,40.84081481232302,58.154296875
1353,13.53,1536,1533,2383,2379,1,0,1,40.97419435122675,40.89416662788451,58.1787109375
1354,13.54,1536,1531,2381,2379,1,0,1,40.97419435122675,40.84081481232302,58.1298828125
1355,13.55,1536,1531,2383,2379,1,0,1,40.97419435122675,40.84081481232302,58.1787109375
1356,13.56,1536,1529,2383,2379,1,0,1,40.97419435122675,40.78746299676152,58.1787109375
1357,13.57,1536,1530,2385,2379,1,0,1,40.97419435122675,40.81413890454227,58.2275390625
1358,13.58,1536,1529,2384,2379,1,0,1,40.97419435122675,40.78746299676152,58.203125
1359,13.59,1536,1535,2385,2379,1,0,1,40.97419435122675,40.947518443446,58.2275390625
1360,13.6,1536,1530,2379,2379,1,0,1,40.97419435122675,40.81413890454227,58.0810546875
1361,13.61,1536,1527,2384,2379,1,0,1,40.97419435122675,40.73411118120003,58.203125
1362,13.62,1536,1532,2387,2379,1,0,1,40.97419435122675,40.86749072010376,58.2763671875
1363,13.63,1536,1528,2382,2379,1,0,1,40.97419435122675,40.76078708898078,58.154296875
1364,13.64,1536,1534,2386,2379,1,0,1,40.97419435122675,40.92084253566525,58.251953125
1365,13.65,1536,1528,2380,2379,1,0,1,40.97419435122675,40.76078708898078,58.10546875
1366,13.66,1536,1531,2386,2379,1,0,1,40.97419435122675,40.84081481232302,58.251953125
1367,13.67,1536,1529,2383,2379,1,0,1,40.97419435122675,40.78746299676152,58.1787109375
1368,13.68,1536,1527,2385,2379,1,0,1,40.97419435122675,40.73411118120003,58.2275390625
1369,13.69,1536,1529,2387,2379,1,0,1,40.97419435122675,40.78746299676152,58.2763671875
1370,13.7,1536,1529,2385,2379,1,0,1,40.97419435122675,40.78746299676152,58.2275390625
1371,13.71,1536,1531,2385,2379,1,0,1,40.97419435122675,40.84081481232302,58.2275390625
1372,13.72,1536,1530,2383,2379,1,0,1,40.97419435122675,40.81413890454227,58.1787109375
1373,13.73,1536,1529,2384,2379,1,0,1,40.97419435122675,40.78746299676152,58.203125
1374,13.74,1536,1527,2385,2379,1,0,1,40.97419435122675,40.73411118120003,58.2275390625
1375,13.75,1536,1528,2387,2379,1,0,1,40.97419435122675,40.76078708898078,58.2763671875
1376,13.76,1536,1528,2386,2379,1,0,1,40.97419435122675,40.76078708898078,58.251953125
1377,13.77,1536,1533,2386,2379,1,0,1,40.97419435122675,40.89416662788451,58.251953125
1378,13.78,1536,1526,2381,2379,1,0,1,40.97419435122675,40.70743527341928,58.1298828125
1379,13.79,1536,1525,2387,2379,1,0,1,40.97419435122675,40.68075936563854,58.2763671875
1380,13.8,1536,1530,2388,2379,1,0,1,40.97419435122675,40.81413890454227,58.30078125
1381,13.81,1536,1525,2384,2379,1,0,1,40.97419435122675,40.68075936563854,58.203125
1382,13.82,1536,1532,2388,2379,1,0,1,40.97419435122675,40.86749072010376,58.30078125
1383,13.83,1536,1526,2382,2379,1,0,1,40.97419435122675,40.70743527341928,58.154296875
1384,13.84,1536,1529,2387,2379,1,0,1,40.97419435122675,40.78746299676152,58.2763671875
1385,13.85,1536,1527,2385,2379,1,0,1,40.97419435122675,40.73411118120003,58.2275390625
1386,13.86,1536,1525,2387,2379,1,0,1,40.97419435122675,40.68075936563854,58.2763671875
1387,13.87,1536,1528,2388,2379,1,0,1,40.97419435122675,40.76078708898078,58.30078125
1388,13.88,1536,1526,2386,2379,1,0,1,40.97419435122675,40.70743527341928,58.251953125
1389,13.89,1536,1529,2387,2379,1,0,1,40.97419435122675,40.78746299676152,58.2763671875
1390,13.9,1536,1528,2385,2379,1,0,1,40.97419435122675,40.76078708898078,58.2275390625
1391,13.91,1536,1526,2386,2379,1,0,1,40.97419435122675,40.70743527341928,58.251953125
1392,13.92,1536,1528,2387,2379,1,0,1,40.97419435122675,40.76078708898078,58.2763671875
1393,13.93,1536,1526,2386,2379,1,0,1,40.97419435122675,40.70743527341928,58.251953125
1394,13.94,1536,1527,2387,2379,1,0,1,40.97419435122675,40.73411118120003,58.2763671875
1395,13.95,1536,1532,2387,2379,1,0,1,40.97419435122675,40.86749072010376,58.2763671875
1396,13.96,1536,1528,2382,2379,1,0,1,40.97419435122675,40.76078708898078,58.154296875
1397,13.97,1536,1526,2386,2379,1,0,1,40.97419435122675,40.70743527341928,58.251953125
1398,13.98,1536,1531,2387,2379,1,0,1,40.97419435122675,40.84081481232302,58.2763671875
1399,13.99,1536,1527,2383,2379,1,0,1,40.97419435122675,40.73411118120003,58.1787109375
1400,14.0,1536,1533,2387,2379,1,0,1,40.97419435122675,40.89416662788451,58.2763671875
1401,14.01,1536,1527,2381,2379,1,0,1,40.97419435122675,40.73411118120003,58.1298828125
1402,14.02,1536,1531,2387,2379,1,0,1,40.97419435122675,40.84081481232302,58.2763671875
1403,14.03,1536,1532,2383,2379,1,0,1,40.97419435122675,40.86749072010376,58.1787109375
1404,14.04,1536,1528,2382,2379,1,0,1,40.97419435122675,40.76078708898078,58.154296875
1405,14.05,1536,1530,2386,2379,1,0,1,40.97419435122675,40.81413890454227,58.251953125
1406,14.06,1536,1529,2384,2379,1,0,1,40.97419435122675,40.78746299676152,58.203125
1407,14.07,1536,1532,2385,2379,1,0,1,40.97419435122675,40.86749072010376,58.2275390625
1408,14.08,1536,1530,2382,2379,1,0,1,40.97419435122675,40.81413890454227,58.154296875
1409,14.09,1536,1529,2384,2379,1,0,1,40.97419435122675,40.78746299676152,58.203125
1410,14.1,1536,1530,2385,2379,1,0,1,40.97419435122675,40.81413890454227,58.2275390625
1411,14.11,1536,1530,2384,2379,1,0,1,40.97419435122675,40.81413890454227,58.203125
1412,14.12,1536,1529,2384,2379,1,0,1,40.97419435122675,40.78746299676152,58.203125
1413,14.13,1536,1534,2385,2379,1,0,1,40.97419435122675,40.92084253566525,58.2275390625
1414,14.14,1536,1529,2380,2379,1,0,1,40.97419435122675,40.78746299676152,58.10546875
1415,14.15,1536,1527,2385,2379,1,0,1,40.97419435122675,40.73411118120003,58.2275390625
1416,14.16,1536,1531,2387,2379,1,0,1,40.97419435122675,40.84081481232302,58.2763671875
1417,14.17,1536,1527,2383,2379,1,0,1,40.97419435122675,40.73411118120003,58.1787109375
1418,14.18,1536,1534,2387,2379,1,0,1,40.97419435122675,40.92084253566525,58.2763671875
1419,14.19,1536,1528,2380,2379,1,0,1,40.97419435122675,40.76078708898078,58.10546875
1420,14.2,1536,1532,2386,2379,1,0,1,40.97419435122675,40.86749072010376,58.251953125
1421,14.21,1536,1531,2382,2379,1,0,1,40.97419435122675,40.84081481232302,58.154296875
1422,14.22,1536,1526,2383,2379,1,0,1,40.97419435122675,40.70743527341928,58.1787109375
1423,14.23,1536,1529,2387,2379,1,0,1,40.97419435122675,40.78746299676152,58.2763671875
1424,14.24,1536,1528,2385,2379,1,0,1,40.97419435122675,40.76078708898078,58.2275390625
1425,14.25,1536,1531,2386,2379,1,0,1,40.97419435122675,40.84081481232302,58.251953125
1426,14.26,1536,1529,2383,2379,1,0,1,40.97419435122675,40.78746299676152,58.1787109375
1427,14.27,1536,1528,2385,2379,1,0,1,40.97419435122675,40.76078708898078,58.2275390625
1428,14.28,1536,1526,2386,2379,1,0,1,40.97419435122675,40.70743527341928,58.251953125
1429,14.29,1536,1528,2387,2379,1,0,1,40.97419435122675,40.76078708898078,58.2763671875
1430,14.3,1536,1528,2386,2379,1,0,1,40.97419435122675,40.76078708898078,58.251953125
1431,14.31,1536,1533,2386,2379,1,0,1,40.97419435122675,40.89416662788451,58.251953125
1432,14.32,1536,1528,2381,2379,1,0,1,40.97419435122675,40.76078708898078,58.1298828125
1433,14.33,1536,1526,2386,2379,1,0,1,40.97419435122675,40.70743527341928,58.251953125
1434,14.34,1536,1531,2387,2379,1,0,1,40.97419435122675,40.84081481232302,58.2763671875
1435,14.35,1536,1526,2383,2379,1,0,1,40.97419435122675,40.70743527341928,58.1787109375
1436,14.36,1536,1532,2387,2379,1,0,1,40.97419435122675,40.86749072010376,58.2763671875
1437,14.37,1536,1526,2382,2379,1,0,1,40.97419435122675,40.70743527341928,58.154296875
1438,14.38,1536,1530,2387,2379,1,0,1,40.97419435122675,40.81413890454227,58.2763671875
1439,14.39,1536,1530,2384,2379,1,0,1,40.97419435122675,40.81413890454227,58.203125
1440,14.4,1536,1526,2384,2379,1,0,1,40.97419435122675,40.70743527341928,58.203125
1441,14.41,1536,1528,2387,2379,1,0,1,40.97419435122675,40.76078708898078,58.2763671875
1442,14.42,1536,1527,2386,2379,1,0,1,40.97419435122675,40.73411118120003,58.251953125
1443,14.43,1536,1531,2387,2379,1,0,1,40.97419435122675,40.84081481232302,58.2763671875
1444,14.44,1536,1528,2383,2379,1,0,1,40.97419435122675,40.76078708898078,58.1787109375
1445,14.45,1536,1528,2386,2379,1,0,1,40.97419435122675,40.76078708898078,58.251953125
1446,14.46,1536,1529,2386,2379,1,0,1,40.97419435122675,40.78746299676152,58.251953125
1447,14.47,1536,1527,2385,2379,1,0,1,40.97419435122675,40.73411118120003,58.2275390625
1448,14.48,1536,1527,2387,2379,1,0,1,40.97419435122675,40.73411118120003,58.2763671875
1449,14.49,1536,1532,2387,2379,1,0,1,40.97419435122675,40.86749072010376,58.2763671875
1450,14.5,1536,1527,2382,2379,1,0,1,40.97419435122675,40.73411118120003,58.154296875
1451,14.51,1536,1525,2387,2379,1,0,1,40.97419435122675,40.68075936563854,58.2763671875
1452,14.52,1536,1530,2388,2379,1,0,1,40.97419435122675,40.81413890454227,58.30078125
1453,14.53,1536,1527,2384,2379,1,0,1,40.97419435122675,40.73411118120003,58.203125
1454,14.54,1536,1532,2387,2379,1,0,1,40.97419435122675,40.86749072010376,58.2763671875
1455,14.55,1536,1526,2382,2379,1,0,1,40.97419435122675,40.70743527341928,58.154296875
1456,14.56,1536,1529,2387,2379,1,0,1,40.97419435122675,40.78746299676152,58.2763671875
1457,14.57,1536,1530,2385,2379,1,0,1,40.97419435122675,40.81413890454227,58.2275390625
1458,14.58,1536,1526,2384,2379,1,0,1,40.97419435122675,40.70743527341928,58.203125
1459,14.59,1536,1528,2387,2379,1,0,1,40.97419435122675,40.76078708898078,58.2763671875
1460,14.6,1536,1526,2386,2379,1,0,1,40.97419435122675,40.70743527341928,58.251953125
1461,14.61,1536,1529,2387,2379,1,0,1,40.97419435122675,40.78746299676152,58.2763671875
1462,14.62,1536,1527,2385,2379,1,0,1,40.97419435122675,40.73411118120003,58.2275390625
1463,14.63,1536,1527,2387,2379,1,0,1,40.97419435122675,40.73411118120003,58.2763671875
1464,14.64,1536,1528,2387,2379,1,0,1,40.97419435122675,40.76078708898078,58.2763671875
1465,14.65,1536,1527,2386,2379,1,0,1,40.97419435122675,40.73411118120003,58.251953125
1466,14.66,1536,1527,2387,2379,1,0,1,40.97419435122675,40.73411118120003,58.2763671875
1467,14.67,1536,1528,2387,2379,1,0,1,40.97419435122675,40.76078708898078,58.2763671875
1468,14.68,1536,1528,2386,2379,1,0,1,40.97419435122675,40.76078708898078,58.251953125
1469,14.69,1536,1526,2386,2379,1,0,1,40.97419435122675,40.70743527341928,58.251953125
1470,14.7,1536,1531,2387,2379,1,0,1,40.97419435122675,40.84081481232302,58.2763671875
1471,14.71,1536,1528,2383,2379,1,0,1,40.97419435122675,40.76078708898078,58.1787109375
1472,14.72,1536,1534,2386,2379,1,0,1,40.97419435122675,40.92084253566525,58.251953125
1473,14.73,1536,1529,2380,2379,1,0,1,40.97419435122675,40.78746299676152,58.10546875
1474,14.74,1536,1532,2385,2379,1,0,1,40.97419435122675,40.86749072010376,58.2275390625
1475,14.75,1536,1533,2382,2379,1,0,1,40.97419435122675,40.89416662788451,58.154296875
1476,14.76,1536,1529,2381,2379,1,0,1,40.97419435122675,40.78746299676152,58.1298828125
1477,14.77,1536,1531,2385,2379,1,0,1,40.97419435122675,40.84081481232302,58.2275390625
1478,14.78,1536,1530,2383,2379,1,0,1,40.97419435122675,40.81413890454227,58.1787109375
1479,14.79,1536,1533,2384,2379,1,0,1,40.97419435122675,40.89416662788451,58.203125
1480,14.8,1536,1532,2381,2379,1,0,1,40.97419435122675,40.86749072010376,58.1298828125
1481,14.81,1536,1531,2382,2379,1,0,1,40.97419435122675,40.84081481232302,58.154296875
1482,14.82,1536,1532,2383,2379,1,0,1,40.97419435122675,40.86749072010376,58.1787109375
1483,14.83,1536,1532,2382,2379,1,0,1,40.97419435122675,40.86749072010376,58.154296875
1484,14.84,1536,1532,2382,2379,1,0,1,40.97419435122675,40.86749072010376,58.154296875
1485,14.85,1536,1537,2382,2379,1,0,1,40.97419435122675,41.00087025900749,58.154296875
1486,14.86,1536,1532,2377,2378,1,0,1,40.97419435122675,40.86749072010376,58.0322265625
1487,14.87,1536,1530,2381,2378,1,0,1,40.97419435122675,40.81413890454227,58.1298828125
1488,14.88,1536,1535,2383,2378,1,0,1,40.97419435122675,40.947518443446,58.1787109375
1489,14.89,1536,1531,2378,2378,1,0,1,40.97419435122675,40.84081481232302,58.056640625
1490,14.9,1536,1537,2382,2378,1,0,1,40.97419435122675,41.00087025900749,58.154296875
1491,14.91,1536,1531,2376,2377,1,0,1,40.97419435122675,40.84081481232302,58.0078125
1492,14.92,1536,1535,2381,2377,1,0,1,40.97419435122675,40.947518443446,58.1298828125
1493,14.93,1536,1535,2377,2377,1,0,1,40.97419435122675,40.947518443446,58.0322265625
1494,14.94,1536,1530,2377,2377,1,0,1,40.97419435122675,40.81413890454227,58.0322265625
1495,14.95,1536,1532,2382,2377,1,0,1,40.97419435122675,40.86749072010376,58.154296875
1496,14.96,1536,1531,2380,2377,1,0,1,40.97419435122675,40.84081481232302,58.10546875
1497,14.97,1536,1534,2381,2377,1,0,1,40.97419435122675,40.92084253566525,58.1298828125
1498,14.98,1536,1532,2378,2377,1,0,1,40.97419435122675,40.86749072010376,58.056640625
1499,14.99,1536,1531,2380,2377,1,0,1,40.97419435122675,40.84081481232302,58.10546875
1500,15.0,1536,1528,2381,2377,1,0,1,40.97419435122675,40.76078708898078,58.1298828125
1501,15.01,1536,1530,2384,2377,1,0,1,40.97419435122675,40.81413890454227,58.203125
1502,15.02,1536,1530,2382,2377,1,0,1,40.97419435122675,40.81413890454227,58.154296875
1503,15.03,1536,1534,2382,2377,1,0,1,40.97419435122675,40.92084253566525,58.154296875
1504,15.04,1536,1528,2378,2377,1,0,1,40.97419435122675,40.76078708898078,58.056640625
1505,15.05,1536,1526,2384,2377,1,0,1,40.97419435122675,40.70743527341928,58.203125
1506,15.06,1536,1531,2385,2377,1,0,1,40.97419435122675,40.84081481232302,58.2275390625
1507,15.07,1536,1527,2381,2377,1,0,1,40.97419435122675,40.73411118120003,58.1298828125
1508,15.08,1536,1533,2385,2377,1,0,1,40.97419435122675,40.89416662788451,58.2275390625
1509,15.09,1536,1527,2379,2377,1,0,1,40.97419435122675,40.73411118120003,58.0810546875
1510,15.1,1536,1530,2385,2377,1,0,1,40.97419435122675,40.81413890454227,58.2275390625
1511,15.11,1536,1529,2382,2377,1,0,1,40.97419435122675,40.78746299676152,58.154296875
1512,15.12,1536,1527,2383,2377,1,0,1,40.97419435122675,40.73411118120003,58.1787109375
1513,15.13,1536,1529,2385,2377,1,0,1,40.97419435122675,40.78746299676152,58.2275390625
1514,15.14,1536,1528,2383,2377,1,0,1,40.97419435122675,40.76078708898078,58.1787109375
1515,15.15,1536,1531,2384,2377,1,0,1,40.97419435122675,40.84081481232302,58.203125
1516,15.16,1536,1529,2381,2377,1,0,1,40.97419435122675,40.78746299676152,58.1298828125
1517,15.17,1536,1528,2383,2377,1,0,1,40.97419435122675,40.76078708898078,58.1787109375
1518,15.18,1536,1526,2384,2377,1,0,1,40.97419435122675,40.70743527341928,58.203125
1519,15.19,1536,1528,2385,2377,1,0,1,40.97419435122675,40.76078708898078,58.2275390625
1520,15.2,1536,1528,2384,2377,1,0,1,40.97419435122675,40.76078708898078,58.203125
1521,15.21,1536,1533,2384,2377,1,0,1,40.97419435122675,40.89416662788451,58.203125
1522,15.22,1536,1528,2379,2377,1,0,1,40.97419435122675,40.76078708898078,58.0810546875
1523,15.23,1536,1526,2384,2377,1,0,1,40.97419435122675,40.70743527341928,58.203125
1524,15.24,1536,1531,2385,2377,1,0,1,40.97419435122675,40.84081481232302,58.2275390625
1525,15.25,1536,1527,2381,2377,1,0,1,40.97419435122675,40.73411118120003,58.1298828125
1526,15.26,1536,1533,2385,2377,1,0,1,40.97419435122675,40.89416662788451,58.2275390625
1527,15.27,1536,1527,2379,2377,1,0,1,40.97419435122675,40.73411118120003,58.0810546875
1528,15.28,1536,1530,2385,2377,1,0,1,40.97419435122675,40.81413890454227,58.2275390625
1529,15.29,1536,1529,2382,2377,1,0,1,40.97419435122675,40.78746299676152,58.154296875
1530,15.3,1536,1527,2383,2377,1,0,1,40.97419435122675,40.73411118120003,58.1787109375
1531,15.31,1536,1529,2385,2377,1,0,1,40.97419435122675,40.78746299676152,58.2275390625
1532,15.32,1536,1528,2383,2377,1,0,1,40.97419435122675,40.76078708898078,58.1787109375
1533,15.33,1536,1531,2384,2377,1,0,1,40.97419435122675,40.84081481232302,58.203125
1534,15.34,1536,1529,2381,2377,1,0,1,40.97419435122675,40.78746299676152,58.1298828125
1535,15.35,1536,1528,2383,2377,1,0,1,40.97419435122675,40.76078708898078,58.1787109375
1536,15.36,1536,1526,2384,2377,1,0,1,40.97419435122675,40.70743527341928,58.203125
1537,15.37,1536,1528,2385,2377,1,0,1,40.97419435122675,40.76078708898078,58.2275390625
1538,15.38,1536,1528,2384,2377,1,0,1,40.97419435122675,40.76078708898078,58.203125
1539,15.39,1536,1534,2384,2377,1,0,1,40.97419435122675,40.92084253566525,58.203125
1540,15.4,1536,1530,2378,2377,1,0,1,40.97419435122675,40.81413890454227,58.056640625
1541,15.41,1536,1528,2382,2377,1,0,1,40.97419435122675,40.76078708898078,58.154296875
1542,15.42,1536,1533,2384,2377,1,0,1,40.97419435122675,40.89416662788451,58.203125
1543,15.43,1536,1528,2379,2377,1,0,1,40.97419435122675,40.76078708898078,58.0810546875
1544,15.44,1536,1535,2384,2377,1,0,1,40.97419435122675,40.947518443446,58.203125
1545,15.45,1536,1529,2377,2377,1,0,1,40.97419435122675,40.78746299676152,58.0322265625
1546,15.46,1536,1533,2383,2377,1,0,1,40.97419435122675,40.89416662788451,58.1787109375
1547,15.47,1536,1532,2379,2377,1,0,1,40.97419435122675,40.86749072010376,58.0810546875
1548,15.48,1536,1530,2380,2377,1,0,1,40.97419435122675,40.81413890454227,58.10546875
1549,15.49,1536,1532,2382,2377,1,0,1,40.97419435122675,40.86749072010376,58.154296875
1550,15.5,1536,1532,2380,2377,1,0,1,40.97419435122675,40.86749072010376,58.10546875
1551,15.51,1536,1531,2380,2377,1,0,1,40.97419435122675,40.84081481232302,58.10546875
1552,15.52,1536,1533,2381,2377,1,0,1,40.97419435122675,40.89416662788451,58.1298828125
1553,15.53,1536,1532,2379,2377,1,0,1,40.97419435122675,40.86749072010376,58.0810546875
1554,15.54,1536,1530,2380,2377,1,0,1,40.97419435122675,40.81413890454227,58.10546875
1555,15.55,1536,1532,2382,2377,1,0,1,40.97419435122675,40.86749072010376,58.154296875
1556,15.56,1536,1532,2380,2377,1,0,1,40.97419435122675,40.86749072010376,58.10546875
1557,15.57,1536,1537,2380,2377,1,0,1,40.97419435122675,41.00087025900749,58.10546875
1558,15.58,1536,1531,2375,2376,1,0,1,40.97419435122675,40.84081481232302,57.9833984375
1559,15.59,1536,1530,2380,2376,1,0,1,40.97419435122675,40.81413890454227,58.10546875
1560,15.6,1536,1535,2381,2376,1,0,1,40.97419435122675,40.947518443446,58.1298828125
1561,15.61,1536,1531,2376,2376,1,0,1,40.97419435122675,40.84081481232302,58.0078125
1562,15.62,1536,1533,2380,2376,1,0,1,40.97419435122675,40.89416662788451,58.10546875
1563,15.63,1536,1531,2378,2376,1,0,1,40.97419435122675,40.84081481232302,58.056640625
1564,15.64,1536,1535,2380,2376,1,0,1,40.97419435122675,40.947518443446,58.10546875
1565,15.65,1536,1533,2376,2376,1,0,1,40.97419435122675,40.89416662788451,58.0078125
1566,15.66,1536,1532,2378,2376,1,0,1,40.97419435122675,40.86749072010376,58.056640625
1567,15.67,1536,1533,2379,2376,1,0,1,40.97419435122675,40.89416662788451,58.0810546875
1568,15.68,1536,1532,2378,2376,1,0,1,40.97419435122675,40.86749072010376,58.056640625
1569,15.69,1536,1532,2379,2376,1,0,1,40.97419435122675,40.86749072010376,58.0810546875
1570,15.7,1536,1537,2379,2376,1,0,1,40.97419435122675,41.00087025900749,58.0810546875
1571,15.71,1536,1532,2374,2375,1,0,1,40.97419435122675,40.86749072010376,57.958984375
1572,15.72,1536,1529,2378,2375,1,0,1,40.97419435122675,40.78746299676152,58.056640625
1573,15.73,1536,1534,2381,2375,1,0,1,40.97419435122675,40.92084253566525,58.1298828125
1574,15.74,1536,1531,2376,2375,1,0,1,40.97419435122675,40.84081481232302,58.0078125
1575,15.75,1536,1536,2379,2375,1,0,1,40.97419435122675,40.97419435122675,58.0810546875
1576,15.76,1536,1530,2375,2375,1,0,1,40.97419435122675,40.81413890454227,57.9833984375
1577,15.77,1536,1533,2380,2375,1,0,1,40.97419435122675,40.89416662788451,58.10546875
1578,15.78,1536,1533,2377,2375,1,0,1,40.97419435122675,40.89416662788451,58.0322265625
1579,15.79,1536,1528,2377,2375,1,0,1,40.97419435122675,40.76078708898078,58.0322265625
1580,15.8,1536,1530,2382,2375,1,0,1,40.97419435122675,40.81413890454227,58.154296875
1581,15.81,1536,1529,2380,2375,1,0,1,40.97419435122675,40.78746299676152,58.10546875
1582,15.82,1536,1532,2381,2375,1,0,1,40.97419435122675,40.86749072010376,58.1298828125
1583,15.83,1536,1529,2378,2375,1,0,1,40.97419435122675,40.78746299676152,58.056640625
1584,15.84,1536,1528,2381,2375,1,0,1,40.97419435122675,40.76078708898078,58.1298828125
1585,15.85,1536,1529,2382,2375,1,0,1,40.97419435122675,40.78746299676152,58.154296875
1586,15.86,1536,1529,2381,2375,1,0,1,40.97419435122675,40.78746299676152,58.1298828125
1587,15.87,1536,1528,2381,2375,1,0,1,40.97419435122675,40.76078708898078,58.1298828125
1588,15.88,1536,1534,2382,2375,1,0,1,40.97419435122675,40.92084253566525,58.154296875
1589,15.89,1536,1528,2376,2375,1,0,1,40.97419435122675,40.76078708898078,58.0078125
1590,15.9,1536,1526,2382,2375,1,0,1,40.97419435122675,40.70743527341928,58.154296875
1591,15.91,1536,1531,2383,2375,1,0,1,40.97419435122675,40.84081481232302,58.1787109375
1592,15.92,1536,1527,2379,2375,1,0,1,40.97419435122675,40.73411118120003,58.0810546875
1593,15.93,1536,1533,2383,2375,1,0,1,40.97419435122675,40.89416662788451,58.1787109375
1594,15.94,1536,1527,2377,2375,1,0,1,40.97419435122675,40.73411118120003,58.0322265625
1595,15.95,1536,1531,2383,2375,1,0,1,40.97419435122675,40.84081481232302,58.1787109375
1596,15.96,1536,1531,2379,2375,1,0,1,40.97419435122675,40.84081481232302,58.0810546875
1597,15.97,1536,1526,2379,2375,1,0,1,40.97419435122675,40.70743527341928,58.0810546875
1598,15.98,1536,1529,2383,2375,1,0,1,40.97419435122675,40.78746299676152,58.1787109375
1599,15.99,1536,1527,2381,2375,1,0,1,40.97419435122675,40.73411118120003,58.1298828125
1600,16.0,1536,1530,2383,2375,1,0,1,40.97419435122675,40.81413890454227,58.1787109375
1601,16.01,1536,1528,2380,2375,1,0,1,40.97419435122675,40.76078708898078,58.10546875
1602,16.02,1536,1527,2382,2375,1,0,1,40.97419435122675,40.73411118120003,58.154296875
1603,16.03,1536,1528,2383,2375,1,0,1,40.97419435122675,40.76078708898078,58.1787109375
1604,16.04,1536,1527,2382,2375,1,0,1,40.97419435122675,40.73411118120003,58.154296875
1605,16.05,1536,1527,2383,2375,1,0,1,40.97419435122675,40.73411118120003,58.1787109375
1606,16.06,1536,1531,2383,2375,1,0,1,40.97419435122675,40.84081481232302,58.1787109375
1607,16.07,1536,1526,2379,2375,1,0,1,40.97419435122675,40.70743527341928,58.0810546875
1608,16.08,1536,1524,2383,2375,1,0,1,40.97419435122675,40.65408345785779,58.1787109375
1609,16.09,1536,1528,2385,2375,1,0,1,40.97419435122675,40.76078708898078,58.2275390625
1610,16.1,1536,1525,2382,2375,1,0,1,40.97419435122675,40.68075936563854,58.154296875
1611,16.11,1536,1530,2384,2375,1,0,1,40.97419435122675,40.81413890454227,58.203125
1612,16.12,1536,1524,2380,2375,1,0,1,40.97419435122675,40.65408345785779,58.10546875
1613,16.13,1536,1528,2385,2375,1,0,1,40.97419435122675,40.76078708898078,58.2275390625
1614,16.14,1536,1528,2382,2375,1,0,1,40.97419435122675,40.76078708898078,58.154296875
1615,16.15,1536,1524,2382,2375,1,0,1,40.97419435122675,40.65408345785779,58.154296875
1616,16.16,1536,1526,2385,2375,1,0,1,40.97419435122675,40.70743527341928,58.2275390625
1617,16.17,1536,1525,2383,2375,1,0,1,40.97419435122675,40.68075936563854,58.1787109375
1618,16.18,1536,1529,2384,2375,1,0,1,40.97419435122675,40.78746299676152,58.203125
1619,16.19,1536,1527,2381,2375,1,0,1,40.97419435122675,40.73411118120003,58.1298828125
1620,16.2,1536,1525,2383,2375,1,0,1,40.97419435122675,40.68075936563854,58.1787109375
1621,16.21,1536,1527,2384,2375,1,0,1,40.97419435122675,40.73411118120003,58.203125
1622,16.22,1536,1526,2383,2375,1,0,1,40.97419435122675,40.70743527341928,58.1787109375
1623,16.23,1536,1527,2383,2375,1,0,1,40.97419435122675,40.73411118120003,58.1787109375
1624,16.24,1536,1528,2383,2375,1,0,1,40.97419435122675,40.76078708898078,58.1787109375
1625,16.25,1536,1528,2382,2375,1,0,1,40.97419435122675,40.76078708898078,58.154296875
1626,16.26,1536,1526,2382,2375,1,0,1,40.97419435122675,40.70743527341928,58.154296875
1627,16.27,1536,1528,2383,2375,1,0,1,40.97419435122675,40.76078708898078,58.1787109375
1628,16.28,1536,1529,2382,2375,1,0,1,40.97419435122675,40.78746299676152,58.154296875
1629,16.29,1536,1534,2381,2375,1,0,1,40.97419435122675,40.92084253566525,58.1298828125
1630,16.3,1536,1528,2376,2375,1,0,1,40.97419435122675,40.76078708898078,58.0078125
1631,16.31,1536,1527,2382,2375,1,0,1,40.97419435122675,40.73411118120003,58.154296875
1632,16.32,1536,1532,2383,2375,1,0,1,40.97419435122675,40.86749072010376,58.1787109375
1633,16.33,1536,1528,2378,2375,1,0,1,40.97419435122675,40.76078708898078,58.056640625
1634,16.34,1536,1530,2382,2375,1,0,1,40.97419435122675,40.81413890454227,58.154296875
1635,16.35,1536,1528,2380,2375,1,0,1,40.97419435122675,40.76078708898078,58.10546875
1636,16.36,1536,1531,2382,2375,1,0,1,40.97419435122675,40.84081481232302,58.154296875
1637,16.37,1536,1529,2379,2375,1,0,1,40.97419435122675,40.78746299676152,58.0810546875
1638,16.38,1536,1527,2381,2375,1,0,1,40.97419435122675,40.73411118120003,58.1298828125
1639,16.39,1536,1530,2383,2375,1,0,1,40.97419435122675,40.81413890454227,58.1787109375
1640,16.4,1536,1529,2380,2375,1,0,1,40.97419435122675,40.78746299676152,58.10546875
1641,16.41,1536,1529,2381,2375,1,0,1,40.97419435122675,40.78746299676152,58.1298828125
1642,16.42,1536,1529,2381,2375,1,0,1,40.97419435122675,40.78746299676152,58.1298828125
1643,16.43,1536,1529,2381,2375,1,0,1,40.97419435122675,40.78746299676152,58.1298828125
1644,16.44,1536,1526,2381,2375,1,0,1,40.97419435122675,40.70743527341928,58.1298828125
1645,16.45,1536,1531,2383,2375,1,0,1,40.97419435122675,40.84081481232302,58.1787109375
1646,16.46,1536,1528,2379,2375,1,0,1,40.97419435122675,40.76078708898078,58.0810546875
1647,16.47,1536,1533,2382,2375,1,0,1,40.97419435122675,40.89416662788451,58.154296875
1648,16.48,1536,1527,2377,2375,1,0,1,40.97419435122675,40.73411118120003,58.0322265625
1649,16.49,1536,1525,2383,2375,1,0,1,40.97419435122675,40.68075936563854,58.1787109375
1650,16.5,1536,1530,2384,2375,1,0,1,40.97419435122675,40.81413890454227,58.203125
1651,16.51,1536,1525,2380,2375,1,0,1,40.97419435122675,40.68075936563854,58.10546875
1652,16.52,1536,1528,2384,2375,1,0,1,40.97419435122675,40.76078708898078,58.203125
1653,16.53,1536,1526,2382,2375,1,0,1,40.97419435122675,40.70743527341928,58.154296875
1654,16.54,1536,1530,2383,2375,1,0,1,40.97419435122675,40.81413890454227,58.1787109375
1655,16.55,1536,1528,2380,2375,1,0,1,40.97419435122675,40.76078708898078,58.10546875
1656,16.56,1536,1525,2382,2375,1,0,1,40.97419435122675,40.68075936563854,58.154296875
1657,16.57,1536,1528,2384,2375,1,0,1,40.97419435122675,40.76078708898078,58.203125
1658,16.58,1536,1526,2382,2375,1,0,1,40.97419435122675,40.70743527341928,58.154296875
1659,16.59,1536,1526,2383,2375,1,0,1,40.97419435122675,40.70743527341928,58.1787109375
1660,16.6,1536,1527,2383,2375,1,0,1,40.97419435122675,40.73411118120003,58.1787109375
1661,16.61,1536,1527,2383,2375,1,0,1,40.97419435122675,40.73411118120003,58.1787109375
1662,16.62,1536,1525,2383,2375,1,0,1,40.97419435122675,40.68075936563854,58.1787109375
1663,16.63,1536,1527,2384,2375,1,0,1,40.97419435122675,40.73411118120003,58.203125
1664,16.64,1536,1527,2383,2375,1,0,1,40.97419435122675,40.73411118120003,58.1787109375
1665,16.65,1536,1532,2383,2375,1,0,1,40.97419435122675,40.86749072010376,58.1787109375
1666,16.66,1536,1526,2378,2375,1,0,1,40.97419435122675,40.70743527341928,58.056640625
1667,16.67,1536,1525,2383,2375,1,0,1,40.97419435122675,40.68075936563854,58.1787109375
1668,16.68,1536,1530,2384,2375,1,0,1,40.97419435122675,40.81413890454227,58.203125
1669,16.69,1536,1525,2380,2375,1,0,1,40.97419435122675,40.68075936563854,58.10546875
1670,16.7,1536,1532,2384,2375,1,0,1,40.97419435122675,40.86749072010376,58.203125
1671,16.71,1536,1526,2378,2375,1,0,1,40.97419435122675,40.70743527341928,58.056640625
1672,16.72,1536,1530,2383,2375,1,0,1,40.97419435122675,40.81413890454227,58.1787109375
1673,16.73,1536,1529,2380,2375,1,0,1,40.97419435122675,40.78746299676152,58.10546875
1674,16.74,1536,1526,2381,2375,1,0,1,40.97419435122675,40.70743527341928,58.1298828125
1675,16.75,1536,1529,2383,2375,1,0,1,40.97419435122675,40.78746299676152,58.1787109375
1676,16.76,1536,1528,2381,2375,1,0,1,40.97419435122675,40.76078708898078,58.1298828125
1677,16.77,1536,1531,2382,2375,1,0,1,40.97419435122675,40.84081481232302,58.154296875
1678,16.78,1536,1529,2379,2375,1,0,1,40.97419435122675,40.78746299676152,58.0810546875
1679,16.79,1536,1528,2381,2375,1,0,1,40.97419435122675,40.76078708898078,58.1298828125
1680,16.8,1536,1527,2382,2375,1,0,1,40.97419435122675,40.73411118120003,58.154296875
1681,16.81,1536,1529,2383,2375,1,0,1,40.97419435122675,40.78746299676152,58.1787109375
1682,16.82,1536,1529,2381,2375,1,0,1,40.97419435122675,40.78746299676152,58.1298828125
1683,16.83,1536,1534,2381,2375,1,0,1,40.97419435122675,40.92084253566525,58.1298828125
1684,16.84,1536,1530,2376,2375,1,0,1,40.97419435122675,40.81413890454227,58.0078125
1685,16.85,1536,1528,2380,2375,1,0,1,40.97419435122675,40.76078708898078,58.10546875
1686,16.86,1536,1533,2382,2375,1,0,1,40.97419435122675,40.89416662788451,58.154296875
1687,16.87,1536,1529,2377,2375,1,0,1,40.97419435122675,40.78746299676152,58.0322265625
1688,16.88,1536,1535,2381,2375,1,0,1,40.97419435122675,40.947518443446,58.1298828125
1689,16.89,1536,1529,2375,2375,1,0,1,40.97419435122675,40.78746299676152,57.9833984375
1690,16.9,1536,1533,2381,2375,1,0,1,40.97419435122675,40.89416662788451,58.1298828125
1691,16.91,1536,1532,2377,2375,1,0,1,40.97419435122675,40.86749072010376,58.0322265625
1692,16.92,1536,1530,2378,2375,1,0,1,40.97419435122675,40.81413890454227,58.056640625
1693,16.93,1536,1532,2380,2375,1,0,1,40.97419435122675,40.86749072010376,58.10546875
1694,16.94,1536,1531,2378,2375,1,0,1,40.97419435122675,40.84081481232302,58.056640625
1695,16.95,1536,1532,2379,2375,1,0,1,40.97419435122675,40.86749072010376,58.0810546875
1696,16.96,1536,1533,2378,2375,1,0,1,40.97419435122675,40.89416662788451,58.056640625
1697,16.97,1536,1533,2377,2375,1,0,1,40.97419435122675,40.89416662788451,58.0322265625
1698,16.98,1536,1531,2377,2375,1,0,1,40.97419435122675,40.84081481232302,58.0322265625
1699,16.99,1536,1533,2379,2375,1,0,1,40.97419435122675,40.89416662788451,58.0810546875
1700,17.0,1536,1533,2377,2375,1,0,1,40.97419435122675,40.89416662788451,58.0322265625
1701,17.01,1536,1538,2377,2375,1,0,1,40.97419435122675,41.02754616678824,58.0322265625
1702,17.02,1536,1532,2372,2374,1,0,1,40.97419435122675,40.86749072010376,57.91015625
1703,17.03,1536,1531,2377,2374,1,0,1,40.97419435122675,40.84081481232302,58.0322265625
1704,17.04,1536,1536,2378,2374,1,0,1,40.97419435122675,40.97419435122675,58.056640625
1705,17.05,1536,1532,2374,2374,1,0,1,40.97419435122675,40.86749072010376,57.958984375
1706,17.06,1536,1534,2377,2374,1,0,1,40.97419435122675,40.92084253566525,58.0322265625
1707,17.07,1536,1532,2375,2374,1,0,1,40.97419435122675,40.86749072010376,57.9833984375
1708,17.08,1536,1536,2377,2374,1,0,1,40.97419435122675,40.97419435122675,58.0322265625
1709,17.09,1536,1534,2374,2374,1,0,1,40.97419435122675,40.92084253566525,57.958984375
1710,17.1,1536,1534,2375,2374,1,0,1,40.97419435122675,40.92084253566525,57.9833984375
1711,17.11,1536,1535,2375,2374,1,0,1,40.97419435122675,40.947518443446,57.9833984375
1712,17.12,1536,1533,2374,2374,1,0,1,40.97419435122675,40.89416662788451,57.958984375
1713,17.13,1536,1533,2376,2374,1,0,1,40.97419435122675,40.89416662788451,58.0078125
1714,17.14,1536,1538,2376,2374,1,0,1,40.97419435122675,41.02754616678824,58.0078125
1715,17.15,1536,1533,2371,2373,1,0,1,40.97419435122675,40.89416662788451,57.8857421875
1716,17.16,1536,1531,2375,2373,1,0,1,40.97419435122675,40.84081481232302,57.9833984375
1717,17.17,1536,1536,2377,2373,1,0,1,40.97419435122675,40.97419435122675,58.0322265625
1718,17.18,1536,1531,2373,2373,1,0,1,40.97419435122675,40.84081481232302,57.9345703125
1719,17.19,1536,1538,2377,2373,1,0,1,40.97419435122675,41.02754616678824,58.0322265625
1720,17.2,1536,1532,2370,2372,1,0,1,40.97419435122675,40.86749072010376,57.861328125
1721,17.21,1536,1535,2375,2372,1,0,1,40.97419435122675,40.947518443446,57.9833984375
1722,17.22,1536,1533,2372,2372,1,0,1,40.97419435122675,40.89416662788451,57.91015625
1723,17.23,1536,1531,2374,2372,1,0,1,40.97419435122675,40.84081481232302,57.958984375
1724,17.24,1536,1532,2376,2372,1,0,1,40.97419435122675,40.86749072010376,58.0078125
1725,17.25,1536,1531,2375,2372,1,0,1,40.97419435122675,40.84081481232302,57.9833984375
1726,17.26,1536,1531,2376,2372,1,0,1,40.97419435122675,40.84081481232302,58.0078125
1727,17.27,1536,1532,2376,2372,1,0,1,40.97419435122675,40.86749072010376,58.0078125
1728,17.28,1536,1531,2375,2372,1,0,1,40.97419435122675,40.84081481232302,57.9833984375
1729,17.29,1536,1529,2376,2372,1,0,1,40.97419435122675,40.78746299676152,58.0078125
1730,17.3,1536,1531,2378,2372,1,0,1,40.97419435122675,40.84081481232302,58.056640625
1731,17.31,1536,1531,2376,2372,1,0,1,40.97419435122675,40.84081481232302,58.0078125
1732,17.32,1536,1536,2376,2372,1,0,1,40.97419435122675,40.97419435122675,58.0078125
1733,17.33,1536,1530,2372,2372,1,0,1,40.97419435122675,40.81413890454227,57.91015625
1734,17.34,1536,1529,2377,2372,1,0,1,40.97419435122675,40.78746299676152,58.0322265625
1735,17.35,1536,1533,2378,2372,1,0,1,40.97419435122675,40.89416662788451,58.056640625
1736,17.36,1536,1529,2374,2372,1,0,1,40.97419435122675,40.78746299676152,57.958984375
1737,17.37,1536,1531,2378,2372,1,0,1,40.97419435122675,40.84081481232302,58.056640625
1738,17.38,1536,1529,2376,2372,1,0,1,40.97419435122675,40.78746299676152,58.0078125
1739,17.39,1536,1533,2378,2372,1,0,1,40.97419435122675,40.89416662788451,58.056640625
1740,17.4,1536,1531,2374,2372,1,0,1,40.97419435122675,40.84081481232302,57.958984375
1741,17.41,1536,1529,2376,2372,1,0,1,40.97419435122675,40.78746299676152,58.0078125
1742,17.42,1536,1530,2378,2372,1,0,1,40.97419435122675,40.81413890454227,58.056640625
1743,17.43,1536,1529,2377,2372,1,0,1,40.97419435122675,40.78746299676152,58.0322265625
1744,17.44,1536,1528,2378,2372,1,0,1,40.97419435122675,40.76078708898078,58.056640625
1745,17.45,1536,1530,2379,2372,1,0,1,40.97419435122675,40.81413890454227,58.0810546875
1746,17.46,1536,1529,2377,2372,1,0,1,40.97419435122675,40.78746299676152,58.0322265625
1747,17.47,1536,1527,2378,2372,1,0,1,40.97419435122675,40.73411118120003,58.056640625
1748,17.48,1536,1532,2380,2372,1,0,1,40.97419435122675,40.86749072010376,58.10546875
1749,17.49,1536,1529,2375,2372,1,0,1,40.97419435122675,40.78746299676152,57.9833984375
1750,17.5,1536,1534,2378,2372,1,0,1,40.97419435122675,40.92084253566525,58.056640625
1751,17.51,1536,1528,2373,2372,1,0,1,40.97419435122675,40.76078708898078,57.9345703125
1752,17.52,1536,1527,2379,2372,1,0,1,40.97419435122675,40.73411118120003,58.0810546875
1753,17.53,1536,1532,2380,2372,1,0,1,40.97419435122675,40.86749072010376,58.10546875
1754,17.54,1536,1528,2375,2372,1,0,1,40.97419435122675,40.76078708898078,57.9833984375
1755,17.55,1536,1530,2379,2372,1,0,1,40.97419435122675,40.81413890454227,58.0810546875
1756,17.56,1536,1529,2377,2372,1,0,1,40.97419435122675,40.78746299676152,58.0322265625
1757,17.57,1536,1533,2378,2372,1,0,1,40.97419435122675,40.89416662788451,58.056640625
1758,17.58,1536,1531,2374,2372,1,0,1,40.97419435122675,40.84081481232302,57.958984375
1759,17.59,1536,1530,2376,2372,1,0,1,40.97419435122675,40.81413890454227,58.0078125
1760,17.6,1536,1531,2377,2372,1,0,1,40.97419435122675,40.84081481232302,58.0322265625
1761,17.61,1536,1531,2376,2372,1,0,1,40.97419435122675,40.84081481232302,58.0078125
1762,17.62,1536,1531,2376,2372,1,0,1,40.97419435122675,40.84081481232302,58.0078125
1763,17.63,1536,1533,2376,2372,1,0,1,40.97419435122675,40.89416662788451,58.0078125
1764,17.64,1536,1532,2374,2372,1,0,1,40.97419435122675,40.86749072010376,57.958984375
1765,17.65,1536,1530,2375,2372,1,0,1,40.97419435122675,40.81413890454227,57.9833984375
1766,17.66,1536,1535,2377,2372,1,0,1,40.97419435122675,40.947518443446,58.0322265625
1767,17.67,1536,1532,2372,2372,1,0,1,40.97419435122675,40.86749072010376,57.91015625
1768,17.68,1536,1537,2375,2372,1,0,1,40.97419435122675,41.00087025900749,57.9833984375
1769,17.69,1536,1532,2370,2371,1,0,1,40.97419435122675,40.86749072010376,57.861328125
1770,17.7,1536,1536,2374,2371,1,0,1,40.97419435122675,40.97419435122675,57.958984375
1771,17.71,1536,1536,2371,2371,1,0,1,40.97419435122675,40.97419435122675,57.8857421875
1772,17.72,1536,1531,2371,2371,1,0,1,40.97419435122675,40.84081481232302,57.8857421875
1773,17.73,1536,1534,2375,2371,1,0,1,40.97419435122675,40.92084253566525,57.9833984375
1774,17.74,1536,1533,2372,2371,1,0,1,40.97419435122675,40.89416662788451,57.91015625
1775,17.75,1536,1536,2373,2371,1,0,1,40.97419435122675,40.97419435122675,57.9345703125
1776,17.76,1536,1534,2371,2371,1,0,1,40.97419435122675,40.92084253566525,57.8857421875
1777,17.77,1536,1534,2372,2371,1,0,1,40.97419435122675,40.92084253566525,57.91015625
1778,17.78,1536,1532,2372,2371,1,0,1,40.97419435122675,40.86749072010376,57.91015625
1779,17.79,1536,1533,2374,2371,1,0,1,40.97419435122675,40.89416662788451,57.958984375
1780,17.8,1536,1533,2373,2371,1,0,1,40.97419435122675,40.89416662788451,57.9345703125
1781,17.81,1536,1538,2373,2371,1,0,1,40.97419435122675,41.02754616678824,57.9345703125
1782,17.82,1536,1532,2368,2370,1,0,1,40.97419435122675,40.86749072010376,57.8125
1783,17.83,1536,1531,2373,2370,1,0,1,40.97419435122675,40.84081481232302,57.9345703125
1784,17.84,1536,1536,2374,2370,1,0,1,40.97419435122675,40.97419435122675,57.958984375
1785,17.85,1536,1531,2370,2370,1,0,1,40.97419435122675,40.84081481232302,57.861328125
1786,17.86,1536,1534,2374,2370,1,0,1,40.97419435122675,40.92084253566525,57.958984375
1787,17.87,1536,1532,2371,2370,1,0,1,40.97419435122675,40.86749072010376,57.8857421875
1788,17.88,1536,1535,2373,2370,1,0,1,40.97419435122675,40.947518443446,57.9345703125
1789,17.89,1536,1533,2370,2370,1,0,1,40.97419435122675,40.89416662788451,57.861328125
1790,17.9,1536,1530,2372,2370,1,0,1,40.97419435122675,40.81413890454227,57.91015625
1791,17.91,1536,1532,2375,2370,1,0,1,40.97419435122675,40.86749072010376,57.9833984375
1792,17.92,1536,1531,2373,2370,1,0,1,40.97419435122675,40.84081481232302,57.9345703125
1793,17.93,1536,1531,2374,2370,1,0,1,40.97419435122675,40.84081481232302,57.958984375
1794,17.94,1536,1532,2374,2370,1,0,1,40.97419435122675,40.86749072010376,57.958984375
1795,17.95,1536,1530,2373,2370,1,0,1,40.97419435122675,40.81413890454227,57.9345703125
1796,17.96,1536,1528,2375,2370,1,0,1,40.97419435122675,40.76078708898078,57.9833984375
1797,17.97,1536,1533,2377,2370,1,0,1,40.97419435122675,40.89416662788451,58.0322265625
1798,17.98,1536,1530,2372,2370,1,0,1,40.97419435122675,40.81413890454227,57.91015625
1799,17.99,1536,1534,2375,2370,1,0,1,40.97419435122675,40.92084253566525,57.9833984375
1800,18.0,1536,1528,2371,2370,1,0,1,40.97419435122675,40.76078708898078,57.8857421875
1801,18.01,1536,1532,2377,2370,1,0,1,40.97419435122675,40.86749072010376,58.0322265625
1802,18.02,1536,1532,2373,2370,1,0,1,40.97419435122675,40.86749072010376,57.9345703125
1803,18.03,1536,1527,2373,2370,1,0,1,40.97419435122675,40.73411118120003,57.9345703125
1804,18.04,1536,1529,2378,2370,1,0,1,40.97419435122675,40.78746299676152,58.056640625
1805,18.05,1536,1528,2376,2370,1,0,1,40.97419435122675,40.76078708898078,58.0078125
1806,18.06,1536,1532,2377,2370,1,0,1,40.97419435122675,40.86749072010376,58.0322265625
1807,18.07,1536,1530,2373,2370,1,0,1,40.97419435122675,40.81413890454227,57.9345703125
1808,18.08,1536,1529,2375,2370,1,0,1,40.97419435122675,40.78746299676152,57.9833984375
1809,18.09,1536,1529,2376,2370,1,0,1,40.97419435122675,40.78746299676152,58.0078125
1810,18.1,1536,1528,2376,2370,1,0,1,40.97419435122675,40.76078708898078,58.0078125
1811,18.11,1536,1528,2377,2370,1,0,1,40.97419435122675,40.76078708898078,58.0322265625
1812,18.12,1536,1529,2377,2370,1,0,1,40.97419435122675,40.78746299676152,58.0322265625
1813,18.13,1536,1528,2376,2370,1,0,1,40.97419435122675,40.76078708898078,58.0078125
1814,18.14,1536,1526,2377,2370,1,0,1,40.97419435122675,40.70743527341928,58.0322265625
1815,18.15,1536,1532,2378,2370,1,0,1,40.97419435122675,40.86749072010376,58.056640625
1816,18.16,1536,1529,2373,2370,1,0,1,40.97419435122675,40.78746299676152,57.9345703125
1817,18.17,1536,1534,2376,2370,1,0,1,40.97419435122675,40.92084253566525,58.0078125
1818,18.18,1536,1528,2371,2370,1,0,1,40.97419435122675,40.76078708898078,57.8857421875
1819,18.19,1536,1531,2377,2370,1,0,1,40.97419435122675,40.84081481232302,58.0322265625
1820,18.2,1536,1532,2374,2370,1,0,1,40.97419435122675,40.86749072010376,57.958984375
1821,18.21,1536,1527,2373,2370,1,0,1,40.97419435122675,40.73411118120003,57.9345703125
1822,18.22,1536,1530,2378,2370,1,0,1,40.97419435122675,40.81413890454227,58.056640625
1823,18.23,1536,1528,2375,2370,1,0,1,40.97419435122675,40.76078708898078,57.9833984375
1824,18.24,1536,1531,2377,2370,1,0,1,40.97419435122675,40.84081481232302,58.0322265625
1825,18.25,1536,1529,2374,2370,1,0,1,40.97419435122675,40.78746299676152,57.958984375
1826,18.26,1536,1529,2376,2370,1,0,1,40.97419435122675,40.78746299676152,58.0078125
1827,18.27,1536,1529,2376,2370,1,0,1,40.97419435122675,40.78746299676152,58.0078125
1828,18.28,1536,1529,2376,2370,1,0,1,40.97419435122675,40.78746299676152,58.0078125
1829,18.29,1536,1528,2376,2370,1,0,1,40.97419435122675,40.76078708898078,58.0078125
1830,18.3,1536,1529,2377,2370,1,0,1,40.97419435122675,40.78746299676152,58.0322265625
1831,18.31,1536,1529,2376,2370,1,0,1,40.97419435122675,40.78746299676152,58.0078125
1832,18.32,1536,1527,2376,2370,1,0,1,40.97419435122675,40.73411118120003,58.0078125
1833,18.33,1536,1532,2378,2370,1,0,1,40.97419435122675,40.86749072010376,58.056640625
1834,18.34,1536,1529,2373,2370,1,0,1,40.97419435122675,40.78746299676152,57.9345703125
1835,18.35,1536,1534,2376,2370,1,0,1,40.97419435122675,40.92084253566525,58.0078125
1836,18.36,1536,1529,2371,2370,1,0,1,40.97419435122675,40.78746299676152,57.8857421875
1837,18.37,1536,1532,2376,2370,1,0,1,40.97419435122675,40.86749072010376,58.0078125
1838,18.38,1536,1533,2373,2370,1,0,1,40.97419435122675,40.89416662788451,57.9345703125
1839,18.39,1536,1529,2372,2370,1,0,1,40.97419435122675,40.78746299676152,57.91015625
1840,18.4,1536,1531,2376,2370,1,0,1,40.97419435122675,40.84081481232302,58.0078125
1841,18.41,1536,1529,2374,2370,1,0,1,40.97419435122675,40.78746299676152,57.958984375
1842,18.42,1536,1533,2376,2370,1,0,1,40.97419435122675,40.89416662788451,58.0078125
1843,18.43,1536,1531,2372,2370,1,0,1,40.97419435122675,40.84081481232302,57.91015625
1844,18.44,1536,1531,2374,2370,1,0,1,40.97419435122675,40.84081481232302,57.958984375
1845,18.45,1536,1532,2374,2370,1,0,1,40.97419435122675,40.86749072010376,57.958984375
1846,18.46,1536,1530,2373,2370,1,0,1,40.97419435122675,40.81413890454227,57.9345703125
1847,18.47,1536,1531,2375,2370,1,0,1,40.97419435122675,40.84081481232302,57.9833984375
1848,18.48,1536,1535,2374,2370,1,0,1,40.97419435122675,40.947518443446,57.958984375
1849,18.49,1536,1531,2370,2370,1,0,1,40.97419435122675,40.84081481232302,57.861328125
1850,18.5,1536,1529,2374,2370,1,0,1,40.97419435122675,40.78746299676152,57.958984375
1851,18.51,1536,1534,2376,2370,1,0,1,40.97419435122675,40.92084253566525,58.0078125
1852,18.52,1536,1530,2371,2370,1,0,1,40.97419435122675,40.81413890454227,57.8857421875
1853,18.53,1536,1536,2375,2370,1,0,1,40.97419435122675,40.97419435122675,57.9833984375
1854,18.54,1536,1530,2370,2370,1,0,1,40.97419435122675,40.81413890454227,57.861328125
1855,18.55,1536,1534,2375,2370,1,0,1,40.97419435122675,40.92084253566525,57.9833984375
1856,18.56,1536,1534,2371,2370,1,0,1,40.97419435122675,40.92084253566525,57.8857421875
1857,18.57,1536,1530,2371,2370,1,0,1,40.97419435122675,40.81413890454227,57.8857421875
1858,18.58,1536,1532,2375,2370,1,0,1,40.97419435122675,40.86749072010376,57.9833984375
1859,18.59,1536,1532,2373,2370,1,0,1,40.97419435122675,40.86749072010376,57.9345703125
1860,18.6,1536,1534,2373,2370,1,0,1,40.97419435122675,40.92084253566525,57.9345703125
1861,18.61,1536,1532,2371,2370,1,0,1,40.97419435122675,40.86749072010376,57.8857421875
1862,18.62,1536,1532,2373,2370,1,0,1,40.97419435122675,40.86749072010376,57.9345703125
1863,18.63,1536,1529,2373,2370,1,0,1,40.97419435122675,40.78746299676152,57.9345703125
1864,18.64,1536,1531,2376,2370,1,0,1,40.97419435122675,40.84081481232302,58.0078125
1865,18.65,1536,1530,2374,2370,1,0,1,40.97419435122675,40.81413890454227,57.958984375
1866,18.66,1536,1536,2375,2370,1,0,1,40.97419435122675,40.97419435122675,57.9833984375
1867,18.67,1536,1530,2370,2370,1,0,1,40.97419435122675,40.81413890454227,57.861328125
1868,18.68,1536,1528,2375,2370,1,0,1,40.97419435122675,40.76078708898078,57.9833984375
1869,18.69,1536,1533,2377,2370,1,0,1,40.97419435122675,40.89416662788451,58.0322265625
1870,18.7,1536,1529,2372,2370,1,0,1,40.97419435122675,40.78746299676152,57.91015625
1871,18.71,1536,1535,2376,2370,1,0,1,40.97419435122675,40.947518443446,58.0078125
1872,18.72,1536,1530,2370,2370,1,0,1,40.97419435122675,40.81413890454227,57.861328125
1873,18.73,1536,1531,2375,2370,1,0,1,40.97419435122675,40.84081481232302,57.9833984375
1874,18.74,1536,1530,2374,2370,1,0,1,40.97419435122675,40.81413890454227,57.958984375
1875,18.75,1536,1528,2375,2370,1,0,1,40.97419435122675,40.76078708898078,57.9833984375
1876,18.76,1536,1531,2377,2370,1,0,1,40.97419435122675,40.84081481232302,58.0322265625
1877,18.77,1536,1530,2374,2370,1,0,1,40.97419435122675,40.81413890454227,57.958984375
1878,18.78,1536,1529,2375,2370,1,0,1,40.97419435122675,40.78746299676152,57.9833984375
1879,18.79,1536,1531,2376,2370,1,0,1,40.97419435122675,40.84081481232302,58.0078125
1880,18.8,1536,1531,2374,2370,1,0,1,40.97419435122675,40.84081481232302,57.958984375
1881,18.81,1536,1527,2374,2370,1,0,1,40.97419435122675,40.73411118120003,57.958984375
1882,18.82,1536,1529,2378,2370,1,0,1,40.97419435122675,40.78746299676152,58.056640625
1883,18.83,1536,1529,2376,2370,1,0,1,40.97419435122675,40.78746299676152,58.0078125
1884,18.84,1536,1534,2376,2370,1,0,1,40.97419435122675,40.92084253566525,58.0078125
1885,18.85,1536,1529,2371,2370,1,0,1,40.97419435122675,40.78746299676152,57.8857421875
1886,18.86,1536,1528,2376,2370,1,0,1,40.97419435122675,40.76078708898078,58.0078125
1887,18.87,1536,1533,2377,2370,1,0,1,40.97419435122675,40.89416662788451,58.0322265625
1888,18.88,1536,1529,2372,2370,1,0,1,40.97419435122675,40.78746299676152,57.91015625
1889,18.89,1536,1531,2376,2370,1,0,1,40.97419435122675,40.84081481232302,58.0078125
1890,18.9,1536,1530,2374,2370,1,0,1,40.97419435122675,40.81413890454227,57.958984375
1891,18.91,1536,1533,2375,2370,1,0,1,40.97419435122675,40.89416662788451,57.9833984375
1892,18.92,1536,1532,2372,2370,1,0,1,40.97419435122675,40.86749072010376,57.91015625
1893,18.93,1536,1529,2373,2370,1,0,1,40.97419435122675,40.78746299676152,57.9345703125
1894,18.94,1536,1532,2376,2370,1,0,1,40.97419435122675,40.86749072010376,58.0078125
1895,18.95,1536,1531,2373,2370,1,0,1,40.97419435122675,40.84081481232302,57.9345703125
1896,18.96,1536,1531,2374,2370,1,0,1,40.97419435122675,40.84081481232302,57.958984375
1897,18.97,1536,1532,2374,2370,1,0,1,40.97419435122675,40.86749072010376,57.958984375
1898,18.98,1536,1532,2373,2370,1,0,1,40.97419435122675,40.86749072010376,57.9345703125
1899,18.99,1536,1529,2373,2370,1,0,1,40.97419435122675,40.78746299676152,57.9345703125
1900,19.0,1536,1535,2376,2370,1,0,1,40.97419435122675,40.947518443446,58.0078125
1901,19.01,1536,1532,2370,2370,1,0,1,40.97419435122675,40.86749072010376,57.861328125
1902,19.02,1536,1537,2373,2370,1,0,1,40.97419435122675,41.00087025900749,57.9345703125
1903,19.03,1536,1531,2368,2369,1,0,1,40.97419435122675,40.84081481232302,57.8125
1904,19.04,1536,1535,2373,2369,1,0,1,40.97419435122675,40.947518443446,57.9345703125
1905,19.05,1536,1535,2369,2369,1,0,1,40.97419435122675,40.947518443446,57.8369140625
1906,19.06,1536,1531,2369,2369,1,0,1,40.97419435122675,40.84081481232302,57.8369140625
1907,19.07,1536,1534,2373,2369,1,0,1,40.97419435122675,40.92084253566525,57.9345703125
1908,19.08,1536,1532,2370,2369,1,0,1,40.97419435122675,40.86749072010376,57.861328125
1909,19.09,1536,1535,2372,2369,1,0,1,40.97419435122675,40.947518443446,57.91015625
1910,19.1,1536,1533,2369,2369,1,0,1,40.97419435122675,40.89416662788451,57.8369140625
1911,19.11,1536,1532,2371,2369,1,0,1,40.97419435122675,40.86749072010376,57.8857421875
1912,19.12,1536,1533,2372,2369,1,0,1,40.97419435122675,40.89416662788451,57.91015625
1913,19.13,1536,1532,2371,2369,1,0,1,40.97419435122675,40.86749072010376,57.8857421875
1914,19.14,1536,1532,2372,2369,1,0,1,40.97419435122675,40.86749072010376,57.91015625
1915,19.15,1536,1537,2372,2369,1,0,1,40.97419435122675,41.00087025900749,57.91015625
1916,19.16,1536,1532,2367,2368,1,0,1,40.97419435122675,40.86749072010376,57.7880859375
1917,19.17,1536,1530,2371,2368,1,0,1,40.97419435122675,40.81413890454227,57.8857421875
1918,19.18,1536,1535,2373,2368,1,0,1,40.97419435122675,40.947518443446,57.9345703125
1919,19.19,1536,1530,2368,2368,1,0,1,40.97419435122675,40.81413890454227,57.8125
1920,19.2,1536,1537,2373,2368,1,0,1,40.97419435122675,41.00087025900749,57.9345703125
1921,19.21,1536,1531,2366,2367,1,0,1,40.97419435122675,40.84081481232302,57.763671875
1922,19.22,1536,1534,2371,2367,1,0,1,40.97419435122675,40.92084253566525,57.8857421875
1923,19.23,1536,1532,2368,2367,1,0,1,40.97419435122675,40.86749072010376,57.8125
1924,19.24,1536,1530,2370,2367,1,0,1,40.97419435122675,40.81413890454227,57.861328125
1925,19.25,1536,1532,2372,2367,1,0,1,40.97419435122675,40.86749072010376,57.91015625
1926,19.26,1536,1531,2370,2367,1,0,1,40.97419435122675,40.84081481232302,57.861328125
1927,19.27,1536,1531,2371,2367,1,0,1,40.97419435122675,40.84081481232302,57.8857421875
1928,19.28,1536,1531,2371,2367,1,0,1,40.97419435122675,40.84081481232302,57.8857421875
1929,19.29,1536,1531,2371,2367,1,0,1,40.97419435122675,40.84081481232302,57.8857421875
1930,19.3,1536,1529,2371,2367,1,0,1,40.97419435122675,40.78746299676152,57.8857421875
1931,19.31,1536,1531,2373,2367,1,0,1,40.97419435122675,40.84081481232302,57.9345703125
1932,19.32,1536,1530,2371,2367,1,0,1,40.97419435122675,40.81413890454227,57.8857421875
1933,19.33,1536,1536,2372,2367,1,0,1,40.97419435122675,40.97419435122675,57.91015625
1934,19.34,1536,1530,2367,2367,1,0,1,40.97419435122675,40.81413890454227,57.7880859375
1935,19.35,1536,1529,2372,2367,1,0,1,40.97419435122675,40.78746299676152,57.91015625
1936,19.36,1536,1533,2373,2367,1,0,1,40.97419435122675,40.89416662788451,57.9345703125
1937,19.37,1536,1528,2369,2367,1,0,1,40.97419435122675,40.76078708898078,57.8369140625
1938,19.38,1536,1531,2374,2367,1,0,1,40.97419435122675,40.84081481232302,57.958984375
1939,19.39,1536,1529,2371,2367,1,0,1,40.97419435122675,40.78746299676152,57.8857421875
1940,19.4,1536,1533,2373,2367,1,0,1,40.97419435122675,40.89416662788451,57.9345703125
1941,19.41,1536,1531,2369,2367,1,0,1,40.97419435122675,40.84081481232302,57.8369140625
1942,19.42,1536,1528,2371,2367,1,0,1,40.97419435122675,40.76078708898078,57.8857421875
1943,19.43,1536,1530,2374,2367,1,0,1,40.97419435122675,40.81413890454227,57.958984375
1944,19.44,1536,1529,2372,2367,1,0,1,40.97419435122675,40.78746299676152,57.91015625
1945,19.45,1536,1529,2373,2367,1,0,1,40.97419435122675,40.78746299676152,57.9345703125
1946,19.46,1536,1529,2373,2367,1,0,1,40.97419435122675,40.78746299676152,57.9345703125
1947,19.47,1536,1528,2373,2367,1,0,1,40.97419435122675,40.76078708898078,57.9345703125
1948,19.48,1536,1527,2374,2367,1,0,1,40.97419435122675,40.73411118120003,57.958984375
1949,19.49,1536,1531,2375,2367,1,0,1,40.97419435122675,40.84081481232302,57.9833984375
1950,19.5,1536,1528,2371,2367,1,0,1,40.97419435122675,40.76078708898078,57.8857421875
1951,19.51,1536,1533,2374,2367,1,0,1,40.97419435122675,40.89416662788451,57.958984375
1952,19.52,1536,1528,2369,2367,1,0,1,40.97419435122675,40.76078708898078,57.8369140625
1953,19.53,1536,1526,2374,2367,1,0,1,40.97419435122675,40.70743527341928,57.958984375
1954,19.54,1536,1531,2375,2367,1,0,1,40.97419435122675,40.84081481232302,57.9833984375
1955,19.55,1536,1527,2371,2367,1,0,1,40.97419435122675,40.73411118120003,57.8857421875
1956,19.56,1536,1529,2375,2367,1,0,1,40.97419435122675,40.78746299676152,57.9833984375
1957,19.57,1536,1527,2373,2367,1,0,1,40.97419435122675,40.73411118120003,57.9345703125
1958,19.58,1536,1531,2375,2367,1,0,1,40.97419435122675,40.84081481232302,57.9833984375
1959,19.59,1536,1529,2371,2367,1,0,1,40.97419435122675,40.78746299676152,57.8857421875
1960,19.6,1536,1526,2373,2367,1,0,1,40.97419435122675,40.70743527341928,57.9345703125
1961,19.61,1536,1529,2375,2367,1,0,1,40.97419435122675,40.78746299676152,57.9833984375
1962,19.62,1536,1528,2373,2367,1,0,1,40.97419435122675,40.76078708898078,57.9345703125
1963,19.63,1536,1528,2374,2367,1,0,1,40.97419435122675,40.76078708898078,57.958984375
1964,19.64,1536,1529,2374,2367,1,0,1,40.97419435122675,40.78746299676152,57.958984375
1965,19.65,1536,1528,2373,2367,1,0,1,40.97419435122675,40.76078708898078,57.9345703125
1966,19.66,1536,1525,2374,2367,1,0,1,40.97419435122675,40.68075936563854,57.958984375
1967,19.67,1536,1528,2376,2367,1,0,1,40.97419435122675,40.76078708898078,58.0078125
1968,19.68,1536,1527,2374,2367,1,0,1,40.97419435122675,40.73411118120003,57.958984375
1969,19.69,1536,1532,2375,2367,1,0,1,40.97419435122675,40.86749072010376,57.9833984375
1970,19.7,1536,1526,2370,2367,1,0,1,40.97419435122675,40.70743527341928,57.861328125
1971,19.71,1536,1525,2375,2367,1,0,1,40.97419435122675,40.68075936563854,57.9833984375
1972,19.72,1536,1530,2376,2367,1,0,1,40.97419435122675,40.81413890454227,58.0078125
1973,19.73,1536,1526,2372,2367,1,0,1,40.97419435122675,40.70743527341928,57.91015625
1974,19.74,1536,1528,2375,2367,1,0,1,40.97419435122675,40.76078708898078,57.9833984375
1975,19.75,1536,1527,2374,2367,1,0,1,40.97419435122675,40.73411118120003,57.958984375
1976,19.76,1536,1530,2375,2367,1,0,1,40.97419435122675,40.81413890454227,57.9833984375
1977,19.77,1536,1529,2372,2367,1,0,1,40.97419435122675,40.78746299676152,57.91015625
1978,19.78,1536,1526,2373,2367,1,0,1,40.97419435122675,40.70743527341928,57.9345703125
1979,19.79,1536,1529,2375,2367,1,0,1,40.97419435122675,40.78746299676152,57.9833984375
1980,19.8,1536,1528,2373,2367,1,0,1,40.97419435122675,40.76078708898078,57.9345703125
1981,19.81,1536,1528,2374,2367,1,0,1,40.97419435122675,40.76078708898078,57.958984375
1982,19.82,1536,1529,2374,2367,1,0,1,40.97419435122675,40.78746299676152,57.958984375
1983,19.83,1536,1528,2373,2367,1,0,1,40.97419435122675,40.76078708898078,57.9345703125
1984,19.84,1536,1526,2374,2367,1,0,1,40.97419435122675,40.70743527341928,57.958984375
1985,19.85,1536,1528,2375,2367,1,0,1,40.97419435122675,40.76078708898078,57.9833984375
1986,19.86,1536,1528,2374,2367,1,0,1,40.97419435122675,40.76078708898078,57.958984375
1987,19.87,1536,1534,2374,2367,1,0,1,40.97419435122675,40.92084253566525,57.958984375
1988,19.88,1536,1528,2368,2367,1,0,1,40.97419435122675,40.76078708898078,57.8125
1989,19.89,1536,1527,2374,2367,1,0,1,40.97419435122675,40.73411118120003,57.958984375
1990,19.9,1536,1532,2375,2367,1,0,1,40.97419435122675,40.86749072010376,57.9833984375
1991,19.91,1536,1528,2370,2367,1,0,1,40.97419435122675,40.76078708898078,57.861328125
1992,19.92,1536,1530,2374,2367,1,0,1,40.97419435122675,40.81413890454227,57.958984375
1993,19.93,1536,1529,2372,2367,1,0,1,40.97419435122675,40.78746299676152,57.91015625
1994,19.94,1536,1532,2373,2367,1,0,1,40.97419435122675,40.86749072010376,57.9345703125
1995,19.95,1536,1530,2370,2367,1,0,1,40.97419435122675,40.81413890454227,57.861328125
1996,19.96,1536,1528,2372,2367,1,0,1,40.97419435122675,40.76078708898078,57.91015625
1997,19.97,1536,1530,2374,2367,1,0,1,40.97419435122675,40.81413890454227,57.958984375
1998,19.98,1536,1530,2372,2367,1,0,1,40.97419435122675,40.81413890454227,57.91015625
1999,19.99,1536,1529,2372,2367,1,0,1,40.97419435122675,40.78746299676152,57.91015625
2000,20.0,1536,1530,2373,2367,1,0,1,40.97419435122675,40.81413890454227,57.9345703125
2001,20.01,1536,1529,2372,2367,1,0,1,40.97419435122675,40.78746299676152,57.91015625
2002,20.02,1536,1527,2373,2367,1,0,1,40.97419435122675,40.73411118120003,57.9345703125
2003,20.03,1536,1533,2375,2367,1,0,1,40.97419435122675,40.89416662788451,57.9833984375
2004,20.04,1536,1529,2369,2367,1,0,1,40.97419435122675,40.78746299676152,57.8369140625
2005,20.05,1536,1534,2373,2367,1,0,1,40.97419435122675,40.92084253566525,57.9345703125
2006,20.06,1536,1529,2368,2367,1,0,1,40.97419435122675,40.78746299676152,57.8125
2007,20.07,1536,1527,2373,2367,1,0,1,40.97419435122675,40.73411118120003,57.9345703125
2008,20.08,1536,1532,2375,2367,1,0,1,40.97419435122675,40.86749072010376,57.9833984375
2009,20.09,1536,1528,2370,2367,1,0,1,40.97419435122675,40.76078708898078,57.861328125
2010,20.1,1536,1529,2374,2367,1,0,1,40.97419435122675,40.78746299676152,57.958984375
2011,20.11,1536,1528,2373,2367,1,0,1,40.97419435122675,40.76078708898078,57.9345703125
2012,20.12,1536,1531,2374,2367,1,0,1,40.97419435122675,40.84081481232302,57.958984375
2013,20.13,1536,1530,2371,2367,1,0,1,40.97419435122675,40.81413890454227,57.8857421875
2014,20.14,1536,1527,2372,2367,1,0,1,40.97419435122675,40.73411118120003,57.91015625
2015,20.15,1536,1529,2375,2367,1,0,1,40.97419435122675,40.78746299676152,57.9833984375
2016,20.16,1536,1528,2373,2367,1,0,1,40.97419435122675,40.76078708898078,57.9345703125
2017,20.17,1536,1528,2374,2367,1,0,1,40.97419435122675,40.76078708898078,57.958984375
2018,20.18,1536,1529,2374,2367,1,0,1,40.97419435122675,40.78746299676152,57.958984375
2019,20.19,1536,1529,2373,2367,1,0,1,40.97419435122675,40.78746299676152,57.9345703125
2020,20.2,1536,1527,2373,2367,1,0,1,40.97419435122675,40.73411118120003,57.9345703125
2021,20.21,1536,1531,2375,2367,1,0,1,40.97419435122675,40.84081481232302,57.9833984375
2022,20.22,1536,1529,2371,2367,1,0,1,40.97419435122675,40.78746299676152,57.8857421875
2023,20.23,1536,1534,2373,2367,1,0,1,40.97419435122675,40.92084253566525,57.9345703125
2024,20.24,1536,1528,2368,2367,1,0,1,40.97419435122675,40.76078708898078,57.8125
2025,20.25,1536,1527,2374,2367,1,0,1,40.97419435122675,40.73411118120003,57.958984375
2026,20.26,1536,1532,2375,2367,1,0,1,40.97419435122675,40.86749072010376,57.9833984375
2027,20.27,1536,1528,2370,2367,1,0,1,40.97419435122675,40.76078708898078,57.861328125
2028,20.28,1536,1530,2374,2367,1,0,1,40.97419435122675,40.81413890454227,57.958984375
2029,20.29,1536,1528,2372,2367,1,0,1,40.97419435122675,40.76078708898078,57.91015625
2030,20.3,1536,1532,2374,2367,1,0,1,40.97419435122675,40.86749072010376,57.958984375
2031,20.31,1536,1530,2370,2367,1,0,1,40.97419435122675,40.81413890454227,57.861328125
2032,20.32,1536,1527,2372,2367,1,0,1,40.97419435122675,40.73411118120003,57.91015625
2033,20.33,1536,1529,2375,2367,1,0,1,40.97419435122675,40.78746299676152,57.9833984375
2034,20.34,1536,1529,2373,2367,1,0,1,40.97419435122675,40.78746299676152,57.9345703125
2035,20.35,1536,1529,2373,2367,1,0,1,40.97419435122675,40.78746299676152,57.9345703125
2036,20.36,1536,1530,2373,2367,1,0,1,40.97419435122675,40.81413890454227,57.9345703125
2037,20.37,1536,1530,2372,2367,1,0,1,40.97419435122675,40.81413890454227,57.91015625
2038,20.38,1536,1527,2372,2367,1,0,1,40.97419435122675,40.73411118120003,57.91015625
2039,20.39,1536,1533,2375,2367,1,0,1,40.97419435122675,40.89416662788451,57.9833984375
2040,20.4,1536,1530,2369,2367,1,0,1,40.97419435122675,40.81413890454227,57.8369140625
2041,20.41,1536,1535,2372,2367,1,0,1,40.97419435122675,40.947518443446,57.91015625
2042,20.42,1536,1530,2367,2367,1,0,1,40.97419435122675,40.81413890454227,57.7880859375
2043,20.43,1536,1528,2372,2367,1,0,1,40.97419435122675,40.76078708898078,57.91015625
2044,20.44,1536,1534,2374,2367,1,0,1,40.97419435122675,40.92084253566525,57.958984375
2045,20.45,1536,1529,2368,2367,1,0,1,40.97419435122675,40.78746299676152,57.8125
2046,20.46,1536,1532,2373,2367,1,0,1,40.97419435122675,40.86749072010376,57.9345703125
2047,20.47,1536,1530,2370,2367,1,0,1,40.97419435122675,40.81413890454227,57.861328125
2048,20.48,1536,1534,2372,2367,1,0,1,40.97419435122675,40.92084253566525,57.91015625
2049,20.49,1536,1533,2368,2367,1,0,1,40.97419435122675,40.89416662788451,57.8125
2050,20.5,1536,1532,2369,2367,1,0,1,40.97419435122675,40.86749072010376,57.8369140625
2051,20.51,1536,1533,2370,2367,1,0,1,40.97419435122675,40.89416662788451,57.861328125
2052,20.52,1536,1532,2369,2367,1,0,1,40.97419435122675,40.86749072010376,57.8369140625
2053,20.53,1536,1532,2370,2367,1,0,1,40.97419435122675,40.86749072010376,57.861328125
2054,20.54,1536,1537,2370,2367,1,0,1,40.97419435122675,41.00087025900749,57.861328125
2055,20.55,1536,1533,2365,2366,1,0,1,40.97419435122675,40.89416662788451,57.7392578125
2056,20.56,1536,1530,2368,2366,1,0,1,40.97419435122675,40.81413890454227,57.8125
2057,20.57,1536,1536,2371,2366,1,0,1,40.97419435122675,40.97419435122675,57.8857421875
2058,20.58,1536,1531,2366,2366,1,0,1,40.97419435122675,40.84081481232302,57.763671875
2059,20.59,1536,1537,2370,2366,1,0,1,40.97419435122675,41.00087025900749,57.861328125
2060,20.6,1536,1531,2364,2365,1,0,1,40.97419435122675,40.84081481232302,57.71484375
2061,20.61,1536,1535,2369,2365,1,0,1,40.97419435122675,40.947518443446,57.8369140625
2062,20.62,1536,1535,2365,2365,1,0,1,40.97419435122675,40.947518443446,57.7392578125
2063,20.63,1536,1531,2365,2365,1,0,1,40.97419435122675,40.84081481232302,57.7392578125
2064,20.64,1536,1533,2369,2365,1,0,1,40.97419435122675,40.89416662788451,57.8369140625
2065,20.65,1536,1532,2367,2365,1,0,1,40.97419435122675,40.86749072010376,57.7880859375
2066,20.66,1536,1535,2368,2365,1,0,1,40.97419435122675,40.947518443446,57.8125
2067,20.67,1536,1533,2365,2365,1,0,1,40.97419435122675,40.89416662788451,57.7392578125
2068,20.68,1536,1532,2367,2365,1,0,1,40.97419435122675,40.86749072010376,57.7880859375
2069,20.69,1536,1530,2368,2365,1,0,1,40.97419435122675,40.81413890454227,57.8125
2070,20.7,1536,1532,2370,2365,1,0,1,40.97419435122675,40.86749072010376,57.861328125
2071,20.71,1536,1532,2368,2365,1,0,1,40.97419435122675,40.86749072010376,57.8125
2072,20.72,1536,1537,2368,2365,1,0,1,40.97419435122675,41.00087025900749,57.8125
2073,20.73,1536,1531,2363,2364,1,0,1,40.97419435122675,40.84081481232302,57.6904296875
2074,20.74,1536,1530,2368,2364,1,0,1,40.97419435122675,40.81413890454227,57.8125
2075,20.75,1536,1535,2369,2364,1,0,1,40.97419435122675,40.947518443446,57.8369140625
2076,20.76,1536,1530,2364,2364,1,0,1,40.97419435122675,40.81413890454227,57.71484375
2077,20.77,1536,1532,2369,2364,1,0,1,40.97419435122675,40.86749072010376,57.8369140625
2078,20.78,1536,1530,2367,2364,1,0,1,40.97419435122675,40.81413890454227,57.7880859375
2079,20.79,1536,1534,2369,2364,1,0,1,40.97419435122675,40.92084253566525,57.8369140625
2080,20.8,1536,1532,2365,2364,1,0,1,40.97419435122675,40.86749072010376,57.7392578125
2081,20.81,1536,1529,2367,2364,1,0,1,40.97419435122675,40.78746299676152,57.7880859375
2082,20.82,1536,1530,2370,2364,1,0,1,40.97419435122675,40.81413890454227,57.861328125
2083,20.83,1536,1530,2369,2364,1,0,1,40.97419435122675,40.81413890454227,57.8369140625
2084,20.84,1536,1529,2369,2364,1,0,1,40.97419435122675,40.78746299676152,57.8369140625
2085,20.85,1536,1530,2370,2364,1,0,1,40.97419435122675,40.81413890454227,57.861328125
2086,20.86,1536,1529,2369,2364,1,0,1,40.97419435122675,40.78746299676152,57.8369140625
2087,20.87,1536,1527,2370,2364,1,0,1,40.97419435122675,40.73411118120003,57.861328125
2088,20.88,1536,1532,2372,2364,1,0,1,40.97419435122675,40.86749072010376,57.91015625
2089,20.89,1536,1529,2367,2364,1,0,1,40.97419435122675,40.78746299676152,57.7880859375
2090,20.9,1536,1533,2370,2364,1,0,1,40.97419435122675,40.89416662788451,57.861328125
2091,20.91,1536,1527,2366,2364,1,0,1,40.97419435122675,40.73411118120003,57.763671875
2092,20.92,1536,1526,2372,2364,1,0,1,40.97419435122675,40.70743527341928,57.91015625
2093,20.93,1536,1531,2372,2364,1,0,1,40.97419435122675,40.84081481232302,57.91015625
2094,20.94,1536,1527,2368,2364,1,0,1,40.97419435122675,40.73411118120003,57.8125
2095,20.95,1536,1529,2372,2364,1,0,1,40.97419435122675,40.78746299676152,57.91015625
2096,20.96,1536,1527,2370,2364,1,0,1,40.97419435122675,40.73411118120003,57.861328125
2097,20.97,1536,1531,2372,2364,1,0,1,40.97419435122675,40.84081481232302,57.91015625
2098,20.98,1536,1529,2368,2364,1,0,1,40.97419435122675,40.78746299676152,57.8125
2099,20.99,1536,1529,2370,2364,1,0,1,40.97419435122675,40.78746299676152,57.861328125
2100,21.0,1536,1530,2370,2364,1,0,1,40.97419435122675,40.81413890454227,57.861328125
2101,21.01,1536,1529,2369,2364,1,0,1,40.97419435122675,40.78746299676152,57.8369140625
2102,21.02,1536,1529,2370,2364,1,0,1,40.97419435122675,40.78746299676152,57.861328125
2103,21.03,1536,1529,2370,2364,1,0,1,40.97419435122675,40.78746299676152,57.861328125
2104,21.04,1536,1528,2370,2364,1,0,1,40.97419435122675,40.76078708898078,57.861328125
2105,21.05,1536,1526,2371,2364,1,0,1,40.97419435122675,40.70743527341928,57.8857421875
2106,21.06,1536,1532,2372,2364,1,0,1,40.97419435122675,40.86749072010376,57.91015625
2107,21.07,1536,1529,2367,2364,1,0,1,40.97419435122675,40.78746299676152,57.7880859375
2108,21.08,1536,1534,2370,2364,1,0,1,40.97419435122675,40.92084253566525,57.861328125
2109,21.09,1536,1528,2365,2364,1,0,1,40.97419435122675,40.76078708898078,57.7392578125
2110,21.1,1536,1526,2371,2364,1,0,1,40.97419435122675,40.70743527341928,57.8857421875
2111,21.11,1536,1532,2372,2364,1,0,1,40.97419435122675,40.86749072010376,57.91015625
2112,21.12,1536,1528,2367,2364,1,0,1,40.97419435122675,40.76078708898078,57.7880859375
2113,21.13,1536,1530,2371,2364,1,0,1,40.97419435122675,40.81413890454227,57.8857421875
2114,21.14,1536,1528,2369,2364,1,0,1,40.97419435122675,40.76078708898078,57.8369140625
2115,21.15,1536,1532,2371,2364,1,0,1,40.97419435122675,40.86749072010376,57.8857421875
2116,21.16,1536,1530,2367,2364,1,0,1,40.97419435122675,40.81413890454227,57.7880859375
2117,21.17,1536,1529,2369,2364,1,0,1,40.97419435122675,40.78746299676152,57.8369140625
2118,21.18,1536,1530,2370,2364,1,0,1,40.97419435122675,40.81413890454227,57.861328125
2119,21.19,1536,1529,2369,2364,1,0,1,40.97419435122675,40.78746299676152,57.8369140625
2120,21.2,1536,1529,2370,2364,1,0,1,40.97419435122675,40.78746299676152,57.861328125
2121,21.21,1536,1530,2370,2364,1,0,1,40.97419435122675,40.81413890454227,57.861328125
2122,21.22,1536,1529,2369,2364,1,0,1,40.97419435122675,40.78746299676152,57.8369140625
2123,21.23,1536,1527,2370,2364,1,0,1,40.97419435122675,40.73411118120003,57.861328125
2124,21.24,1536,1532,2372,2364,1,0,1,40.97419435122675,40.86749072010376,57.91015625
2125,21.25,1536,1529,2367,2364,1,0,1,40.97419435122675,40.78746299676152,57.7880859375
2126,21.26,1536,1533,2370,2364,1,0,1,40.97419435122675,40.89416662788451,57.861328125
2127,21.27,1536,1527,2366,2364,1,0,1,40.97419435122675,40.73411118120003,57.763671875
2128,21.28,1536,1531,2372,2364,1,0,1,40.97419435122675,40.84081481232302,57.91015625
2129,21.29,1536,1531,2368,2364,1,0,1,40.97419435122675,40.84081481232302,57.8125
2130,21.3,1536,1527,2368,2364,1,0,1,40.97419435122675,40.73411118120003,57.8125
2131,21.31,1536,1529,2372,2364,1,0,1,40.97419435122675,40.78746299676152,57.91015625
2132,21.32,1536,1527,2370,2364,1,0,1,40.97419435122675,40.73411118120003,57.861328125
2133,21.33,1536,1530,2372,2364,1,0,1,40.97419435122675,40.81413890454227,57.91015625
2134,21.34,1536,1529,2369,2364,1,0,1,40.97419435122675,40.78746299676152,57.8369140625
2135,21.35,1536,1528,2370,2364,1,0,1,40.97419435122675,40.76078708898078,57.861328125
2136,21.36,1536,1529,2371,2364,1,0,1,40.97419435122675,40.78746299676152,57.8857421875
2137,21.37,1536,1528,2370,2364,1,0,1,40.97419435122675,40.76078708898078,57.861328125
2138,21.38,1536,1528,2371,2364,1,0,1,40.97419435122675,40.76078708898078,57.8857421875
2139,21.39,1536,1529,2371,2364,1,0,1,40.97419435122675,40.78746299676152,57.8857421875
2140,21.4,1536,1528,2370,2364,1,0,1,40.97419435122675,40.76078708898078,57.861328125
2141,21.41,1536,1526,2371,2364,1,0,1,40.97419435122675,40.70743527341928,57.8857421875
2142,21.42,1536,1531,2372,2364,1,0,1,40.97419435122675,40.84081481232302,57.91015625
2143,21.43,1536,1528,2368,2364,1,0,1,40.97419435122675,40.76078708898078,57.8125
2144,21.44,1536,1533,2371,2364,1,0,1,40.97419435122675,40.89416662788451,57.8857421875
2145,21.45,1536,1528,2366,2364,1,0,1,40.97419435122675,40.76078708898078,57.763671875
2146,21.46,1536,1527,2371,2364,1,0,1,40.97419435122675,40.73411118120003,57.8857421875
2147,21.47,1536,1531,2372,2364,1,0,1,40.97419435122675,40.84081481232302,57.91015625
2148,21.48,1536,1526,2368,2364,1,0,1,40.97419435122675,40.70743527341928,57.8125
2149,21.49,1536,1529,2372,2364,1,0,1,40.97419435122675,40.78746299676152,57.91015625
2150,21.5,1536,1527,2370,2364,1,0,1,40.97419435122675,40.73411118120003,57.861328125
2151,21.51,1536,1531,2372,2364,1,0,1,40.97419435122675,40.84081481232302,57.91015625
2152,21.52,1536,1529,2368,2364,1,0,1,40.97419435122675,40.78746299676152,57.8125
2153,21.53,1536,1528,2370,2364,1,0,1,40.97419435122675,40.76078708898078,57.861328125
2154,21.54,1536,1529,2371,2364,1,0,1,40.97419435122675,40.78746299676152,57.8857421875
2155,21.55,1536,1528,2370,2364,1,0,1,40.97419435122675,40.76078708898078,57.861328125
2156,21.56,1536,1528,2371,2364,1,0,1,40.97419435122675,40.76078708898078,57.8857421875
2157,21.57,1536,1529,2371,2364,1,0,1,40.97419435122675,40.78746299676152,57.8857421875
2158,21.58,1536,1528,2370,2364,1,0,1,40.97419435122675,40.76078708898078,57.861328125
2159,21.59,1536,1526,2371,2364,1,0,1,40.97419435122675,40.70743527341928,57.8857421875
2160,21.6,1536,1531,2372,2364,1,0,1,40.97419435122675,40.84081481232302,57.91015625
2161,21.61,1536,1528,2368,2364,1,0,1,40.97419435122675,40.76078708898078,57.8125
2162,21.62,1536,1533,2371,2364,1,0,1,40.97419435122675,40.89416662788451,57.8857421875
2163,21.63,1536,1527,2366,2364,1,0,1,40.97419435122675,40.73411118120003,57.763671875
2164,21.64,1536,1526,2372,2364,1,0,1,40.97419435122675,40.70743527341928,57.91015625
2165,21.65,1536,1531,2372,2364,1,0,1,40.97419435122675,40.84081481232302,57.91015625
2166,21.66,1536,1526,2368,2364,1,0,1,40.97419435122675,40.70743527341928,57.8125
2167,21.67,1536,1529,2372,2364,1,0,1,40.97419435122675,40.78746299676152,57.91015625
2168,21.68,1536,1528,2370,2364,1,0,1,40.97419435122675,40.76078708898078,57.861328125
2169,21.69,1536,1531,2371,2364,1,0,1,40.97419435122675,40.84081481232302,57.8857421875
2170,21.7,1536,1529,2368,2364,1,0,1,40.97419435122675,40.78746299676152,57.8125
2171,21.71,1536,1527,2370,2364,1,0,1,40.97419435122675,40.73411118120003,57.861328125
2172,21.72,1536,1529,2372,2364,1,0,1,40.97419435122675,40.78746299676152,57.91015625
2173,21.73,1536,1529,2370,2364,1,0,1,40.97419435122675,40.78746299676152,57.861328125
2174,21.74,1536,1529,2370,2364,1,0,1,40.97419435122675,40.78746299676152,57.861328125
2175,21.75,1536,1529,2370,2364,1,0,1,40.97419435122675,40.78746299676152,57.861328125
2176,21.76,1536,1529,2370,2364,1,0,1,40.97419435122675,40.78746299676152,57.861328125
2177,21.77,1536,1527,2370,2364,1,0,1,40.97419435122675,40.73411118120003,57.861328125
2178,21.78,1536,1532,2372,2364,1,0,1,40.97419435122675,40.86749072010376,57.91015625
2179,21.79,1536,1529,2367,2364,1,0,1,40.97419435122675,40.78746299676152,57.7880859375
2180,21.8,1536,1535,2370,2364,1,0,1,40.97419435122675,40.947518443446,57.861328125
2181,21.81,1536,1529,2364,2364,1,0,1,40.97419435122675,40.78746299676152,57.71484375
2182,21.82,1536,1527,2370,2364,1,0,1,40.97419435122675,40.73411118120003,57.861328125
2183,21.83,1536,1532,2372,2364,1,0,1,40.97419435122675,40.86749072010376,57.91015625
2184,21.84,1536,1528,2367,2364,1,0,1,40.97419435122675,40.76078708898078,57.7880859375
2185,21.85,1536,1530,2371,2364,1,0,1,40.97419435122675,40.81413890454227,57.8857421875
2186,21.86,1536,1529,2369,2364,1,0,1,40.97419435122675,40.78746299676152,57.8369140625
2187,21.87,1536,1532,2370,2364,1,0,1,40.97419435122675,40.86749072010376,57.861328125
2188,21.88,1536,1529,2367,2364,1,0,1,40.97419435122675,40.78746299676152,57.7880859375
2189,21.89,1536,1529,2370,2364,1,0,1,40.97419435122675,40.78746299676152,57.861328125
2190,21.9,1536,1529,2370,2364,1,0,1,40.97419435122675,40.78746299676152,57.861328125
2191,21.91,1536,1528,2370,2364,1,0,1,40.97419435122675,40.76078708898078,57.861328125
2192,21.92,1536,1528,2371,2364,1,0,1,40.97419435122675,40.76078708898078,57.8857421875
2193,21.93,1536,1529,2371,2364,1,0,1,40.97419435122675,40.78746299676152,57.8857421875
2194,21.94,1536,1528,2370,2364,1,0,1,40.97419435122675,40.76078708898078,57.861328125
2195,21.95,1536,1527,2371,2364,1,0,1,40.97419435122675,40.73411118120003,57.8857421875
2196,21.96,1536,1532,2372,2364,1,0,1,40.97419435122675,40.86749072010376,57.91015625
2197,21.97,1536,1528,2367,2364,1,0,1,40.97419435122675,40.76078708898078,57.7880859375
2198,21.98,1536,1534,2371,2364,1,0,1,40.97419435122675,40.92084253566525,57.8857421875
2199,21.99,1536,1528,2365,2364,1,0,1,40.97419435122675,40.76078708898078,57.7392578125
2200,22.0,1536,1527,2371,2364,1,0,1,40.97419435122675,40.73411118120003,57.8857421875
2201,22.01,1536,1532,2372,2364,1,0,1,40.97419435122675,40.86749072010376,57.91015625
2202,22.02,1536,1528,2367,2364,1,0,1,40.97419435122675,40.76078708898078,57.7880859375
2203,22.03,1536,1531,2371,2364,1,0,1,40.97419435122675,40.84081481232302,57.8857421875
2204,22.04,1536,1529,2368,2364,1,0,1,40.97419435122675,40.78746299676152,57.8125
2205,22.05,1536,1532,2370,2364,1,0,1,40.97419435122675,40.86749072010376,57.861328125
2206,22.06,1536,1531,2367,2364,1,0,1,40.97419435122675,40.84081481232302,57.7880859375
2207,22.07,1536,1530,2368,2364,1,0,1,40.97419435122675,40.81413890454227,57.8125
2208,22.08,1536,1531,2369,2364,1,0,1,40.97419435122675,40.84081481232302,57.8369140625
2209,22.09,1536,1531,2368,2364,1,0,1,40.97419435122675,40.84081481232302,57.8125
2210,22.1,1536,1530,2368,2364,1,0,1,40.97419435122675,40.81413890454227,57.8125
2211,22.11,1536,1535,2369,2364,1,0,1,40.97419435122675,40.947518443446,57.8369140625
2212,22.12,1536,1530,2364,2364,1,0,1,40.97419435122675,40.81413890454227,57.71484375
2213,22.13,1536,1528,2369,2364,1,0,1,40.97419435122675,40.76078708898078,57.8369140625
2214,22.14,1536,1534,2371,2364,1,0,1,40.97419435122675,40.92084253566525,57.8857421875
2215,22.15,1536,1530,2365,2364,1,0,1,40.97419435122675,40.81413890454227,57.7392578125
2216,22.16,1536,1535,2369,2364,1,0,1,40.97419435122675,40.947518443446,57.8369140625
2217,22.17,1536,1530,2364,2364,1,0,1,40.97419435122675,40.81413890454227,57.71484375
2218,22.18,1536,1533,2369,2364,1,0,1,40.97419435122675,40.89416662788451,57.8369140625
2219,22.19,1536,1534,2366,2364,1,0,1,40.97419435122675,40.92084253566525,57.763671875
2220,22.2,1536,1529,2365,2364,1,0,1,40.97419435122675,40.78746299676152,57.7392578125
2221,22.21,1536,1532,2370,2364,1,0,1,40.97419435122675,40.86749072010376,57.861328125
2222,22.22,1536,1530,2367,2364,1,0,1,40.97419435122675,40.81413890454227,57.7880859375
2223,22.23,1536,1533,2369,2364,1,0,1,40.97419435122675,40.89416662788451,57.8369140625
2224,22.24,1536,1530,2366,2364,1,0,1,40.97419435122675,40.81413890454227,57.763671875
2225,22.25,1536,1530,2369,2364,1,0,1,40.97419435122675,40.81413890454227,57.8369140625
2226,22.26,1536,1530,2369,2364,1,0,1,40.97419435122675,40.81413890454227,57.8369140625
2227,22.27,1536,1529,2369,2364,1,0,1,40.97419435122675,40.78746299676152,57.8369140625
2228,22.28,1536,1528,2370,2364,1,0,1,40.97419435122675,40.76078708898078,57.861328125
2229,22.29,1536,1533,2371,2364,1,0,1,40.97419435122675,40.89416662788451,57.8857421875
2230,22.3,1536,1528,2366,2364,1,0,1,40.97419435122675,40.76078708898078,57.763671875
2231,22.31,1536,1526,2371,2364,1,0,1,40.97419435122675,40.70743527341928,57.8857421875
2232,22.32,1536,1531,2372,2364,1,0,1,40.97419435122675,40.84081481232302,57.91015625
2233,22.33,1536,1526,2368,2364,1,0,1,40.97419435122675,40.70743527341928,57.8125
2234,22.34,1536,1533,2372,2364,1,0,1,40.97419435122675,40.89416662788451,57.91015625
2235,22.35,1536,1528,2366,2364,1,0,1,40.97419435122675,40.76078708898078,57.763671875
2236,22.36,1536,1532,2371,2364,1,0,1,40.97419435122675,40.86749072010376,57.8857421875
2237,22.37,1536,1532,2367,2364,1,0,1,40.97419435122675,40.86749072010376,57.7880859375
2238,22.38,1536,1527,2367,2364,1,0,1,40.97419435122675,40.73411118120003,57.7880859375
2239,22.39,1536,1530,2372,2364,1,0,1,40.97419435122675,40.81413890454227,57.91015625
2240,22.4,1536,1528,2369,2364,1,0,1,40.97419435122675,40.76078708898078,57.8369140625
2241,22.41,1536,1531,2371,2364,1,0,1,40.97419435122675,40.84081481232302,57.8857421875
2242,22.42,1536,1530,2368,2364,1,0,1,40.97419435122675,40.81413890454227,57.8125
2243,22.43,1536,1528,2369,2364,1,0,1,40.97419435122675,40.76078708898078,57.8369140625
2244,22.44,1536,1529,2371,2364,1,0,1,40.97419435122675,40.78746299676152,57.8857421875
2245,22.45,1536,1529,2370,2364,1,0,1,40.97419435122675,40.78746299676152,57.861328125
2246,22.46,1536,1529,2370,2364,1,0,1,40.97419435122675,40.78746299676152,57.861328125
2247,22.47,1536,1534,2370,2364,1,0,1,40.97419435122675,40.92084253566525,57.861328125
2248,22.48,1536,1529,2365,2364,1,0,1,40.97419435122675,40.78746299676152,57.7392578125
2249,22.49,1536,1527,2370,2364,1,0,1,40.97419435122675,40.73411118120003,57.861328125
2250,22.5,1536,1532,2372,2364,1,0,1,40.97419435122675,40.86749072010376,57.91015625
2251,22.51,1536,1527,2367,2364,1,0,1,40.97419435122675,40.73411118120003,57.7880859375
2252,22.52,1536,1533,2372,2364,1,0,1,40.97419435122675,40.89416662788451,57.91015625
2253,22.53,1536,1528,2366,2364,1,0,1,40.97419435122675,40.76078708898078,57.763671875
2254,22.54,1536,1531,2371,2364,1,0,1,40.97419435122675,40.84081481232302,57.8857421875
2255,22.55,1536,1531,2368,2364,1,0,1,40.97419435122675,40.84081481232302,57.8125
2256,22.56,1536,1527,2368,2364,1,0,1,40.97419435122675,40.73411118120003,57.8125
2257,22.57,1536,1529,2372,2364,1,0,1,40.97419435122675,40.78746299676152,57.91015625
2258,22.58,1536,1528,2370,2364,1,0,1,40.97419435122675,40.76078708898078,57.861328125
2259,22.59,1536,1531,2371,2364,1,0,1,40.97419435122675,40.84081481232302,57.8857421875
2260,22.6,1536,1530,2368,2364,1,0,1,40.97419435122675,40.81413890454227,57.8125
2261,22.61,1536,1529,2369,2364,1,0,1,40.97419435122675,40.78746299676152,57.8369140625
2262,22.62,1536,1529,2370,2364,1,0,1,40.97419435122675,40.78746299676152,57.861328125
2263,22.63,1536,1529,2370,2364,1,0,1,40.97419435122675,40.78746299676152,57.861328125
2264,22.64,1536,1529,2370,2364,1,0,1,40.97419435122675,40.78746299676152,57.861328125
2265,22.65,1536,1533,2370,2364,1,0,1,40.97419435122675,40.89416662788451,57.861328125
2266,22.66,1536,1528,2366,2364,1,0,1,40.97419435122675,40.76078708898078,57.763671875
2267,22.67,1536,1527,2371,2364,1,0,1,40.97419435122675,40.73411118120003,57.8857421875
2268,22.68,1536,1531,2372,2364,1,0,1,40.97419435122675,40.84081481232302,57.91015625
2269,22.69,1536,1526,2368,2364,1,0,1,40.97419435122675,40.70743527341928,57.8125
2270,22.7,1536,1533,2372,2364,1,0,1,40.97419435122675,40.89416662788451,57.91015625
2271,22.71,1536,1527,2366,2364,1,0,1,40.97419435122675,40.73411118120003,57.763671875
2272,22.72,1536,1530,2372,2364,1,0,1,40.97419435122675,40.81413890454227,57.91015625
2273,22.73,1536,1531,2369,2364,1,0,1,40.97419435122675,40.84081481232302,57.8369140625
2274,22.74,1536,1526,2368,2364,1,0,1,40.97419435122675,40.70743527341928,57.8125
2275,22.75,1536,1529,2372,2364,1,0,1,40.97419435122675,40.78746299676152,57.91015625
2276,22.76,1536,1528,2370,2364,1,0,1,40.97419435122675,40.76078708898078,57.861328125
2277,22.77,1536,1531,2371,2364,1,0,1,40.97419435122675,40.84081481232302,57.8857421875
2278,22.78,1536,1529,2368,2364,1,0,1,40.97419435122675,40.78746299676152,57.8125
2279,22.79,1536,1528,2370,2364,1,0,1,40.97419435122675,40.76078708898078,57.861328125
2280,22.8,1536,1529,2371,2364,1,0,1,40.97419435122675,40.78746299676152,57.8857421875
2281,22.81,1536,1528,2370,2364,1,0,1,40.97419435122675,40.76078708898078,57.861328125
2282,22.82,1536,1529,2371,2364,1,0,1,40.97419435122675,40.78746299676152,57.8857421875
2283,22.83,1536,1534,2370,2364,1,0,1,40.97419435122675,40.92084253566525,57.861328125
2284,22.84,1536,1529,2365,2364,1,0,1,40.97419435122675,40.78746299676152,57.7392578125
2285,22.85,1536,1527,2370,2364,1,0,1,40.97419435122675,40.73411118120003,57.861328125
2286,22.86,1536,1532,2372,2364,1,0,1,40.97419435122675,40.86749072010376,57.91015625
2287,22.87,1536,1527,2367,2364,1,0,1,40.97419435122675,40.73411118120003,57.7880859375
2288,22.88,1536,1534,2372,2364,1,0,1,40.97419435122675,40.92084253566525,57.91015625
2289,22.89,1536,1528,2365,2364,1,0,1,40.97419435122675,40.76078708898078,57.7392578125
2290,22.9,1536,1532,2371,2364,1,0,1,40.97419435122675,40.86749072010376,57.8857421875
2291,22.91,1536,1531,2367,2364,1,0,1,40.97419435122675,40.84081481232302,57.7880859375
2292,22.92,1536,1527,2368,2364,1,0,1,40.97419435122675,40.73411118120003,57.8125
2293,22.93,1536,1529,2372,2364,1,0,1,40.97419435122675,40.78746299676152,57.91015625
2294,22.94,1536,1528,2370,2364,1,0,1,40.97419435122675,40.76078708898078,57.861328125
2295,22.95,1536,1531,2371,2364,1,0,1,40.97419435122675,40.84081481232302,57.8857421875
2296,22.96,1536,1529,2368,2364,1,0,1,40.97419435122675,40.78746299676152,57.8125
2297,22.97,1536,1528,2370,2364,1,0,1,40.97419435122675,40.76078708898078,57.861328125
2298,22.98,1536,1529,2371,2364,1,0,1,40.97419435122675,40.78746299676152,57.8857421875
2299,22.99,1536,1528,2370,2364,1,0,1,40.97419435122675,40.76078708898078,57.861328125
2300,23.0,1536,1528,2371,2364,1,0,1,40.97419435122675,40.76078708898078,57.8857421875
2301,23.01,1536,1533,2371,2364,1,0,1,40.97419435122675,40.89416662788451,57.8857421875
2302,23.02,1536,1528,2366,2364,1,0,1,40.97419435122675,40.76078708898078,57.763671875
2303,23.03,1536,1526,2371,2364,1,0,1,40.97419435122675,40.70743527341928,57.8857421875
2304,23.04,1536,1530,2372,2364,1,0,1,40.97419435122675,40.81413890454227,57.91015625
2305,23.05,1536,1526,2369,2364,1,0,1,40.97419435122675,40.70743527341928,57.8369140625
2306,23.06,1536,1532,2372,2364,1,0,1,40.97419435122675,40.86749072010376,57.91015625
2307,23.07,1536,1526,2367,2364,1,0,1,40.97419435122675,40.70743527341928,57.7880859375
2308,23.08,1536,1530,2372,2364,1,0,1,40.97419435122675,40.81413890454227,57.91015625
2309,23.09,1536,1530,2369,2364,1,0,1,40.97419435122675,40.81413890454227,57.8369140625
2310,23.1,1536,1526,2369,2364,1,0,1,40.97419435122675,40.70743527341928,57.8369140625
2311,23.11,1536,1528,2372,2364,1,0,1,40.97419435122675,40.76078708898078,57.91015625
2312,23.12,1536,1527,2371,2364,1,0,1,40.97419435122675,40.73411118120003,57.8857421875
2313,23.13,1536,1530,2372,2364,1,0,1,40.97419435122675,40.81413890454227,57.91015625
2314,23.14,1536,1528,2369,2364,1,0,1,40.97419435122675,40.76078708898078,57.8369140625
2315,23.15,1536,1528,2371,2364,1,0,1,40.97419435122675,40.76078708898078,57.8857421875
2316,23.16,1536,1528,2371,2364,1,0,1,40.97419435122675,40.76078708898078,57.8857421875
2317,23.17,1536,1528,2371,2364,1,0,1,40.97419435122675,40.76078708898078,57.8857421875
2318,23.18,1536,1528,2371,2364,1,0,1,40.97419435122675,40.76078708898078,57.8857421875
2319,23.19,1536,1533,2371,2364,1,0,1,40.97419435122675,40.89416662788451,57.8857421875
2320,23.2,1536,1529,2366,2364,1,0,1,40.97419435122675,40.78746299676152,57.763671875
2321,23.21,1536,1527,2370,2364,1,0,1,40.97419435122675,40.73411118120003,57.861328125
2322,23.22,1536,1533,2372,2364,1,0,1,40.97419435122675,40.89416662788451,57.91015625
2323,23.23,1536,1529,2366,2364,1,0,1,40.97419435122675,40.78746299676152,57.763671875
2324,23.24,1536,1534,2370,2364,1,0,1,40.97419435122675,40.92084253566525,57.861328125
2325,23.25,1536,1529,2365,2364,1,0,1,40.97419435122675,40.78746299676152,57.7392578125
2326,23.26,1536,1532,2370,2364,1,0,1,40.97419435122675,40.86749072010376,57.861328125
2327,23.27,1536,1533,2367,2364,1,0,1,40.97419435122675,40.89416662788451,57.7880859375
2328,23.28,1536,1528,2366,2364,1,0,1,40.97419435122675,40.76078708898078,57.763671875
2329,23.29,1536,1531,2371,2364,1,0,1,40.97419435122675,40.84081481232302,57.8857421875
2330,23.3,1536,1530,2368,2364,1,0,1,40.97419435122675,40.81413890454227,57.8125
2331,23.31,1536,1533,2369,2364,1,0,1,40.97419435122675,40.89416662788451,57.8369140625
2332,23.32,1536,1531,2366,2364,1,0,1,40.97419435122675,40.84081481232302,57.763671875
2333,23.33,1536,1530,2368,2364,1,0,1,40.97419435122675,40.81413890454227,57.8125
2334,23.34,1536,1531,2369,2364,1,0,1,40.97419435122675,40.84081481232302,57.8369140625
2335,23.35,1536,1530,2368,2364,1,0,1,40.97419435122675,40.81413890454227,57.8125
2336,23.36,1536,1530,2369,2364,1,0,1,40.97419435122675,40.81413890454227,57.8369140625
2337,23.37,1536,1535,2369,2364,1,0,1,40.97419435122675,40.947518443446,57.8369140625
2338,23.38,1536,1530,2364,2364,1,0,1,40.97419435122675,40.81413890454227,57.71484375
2339,23.39,1536,1528,2369,2364,1,0,1,40.97419435122675,40.76078708898078,57.8369140625
2340,23.4,1536,1533,2371,2364,1,0,1,40.97419435122675,40.89416662788451,57.8857421875
2341,23.41,1536,1528,2366,2364,1,0,1,40.97419435122675,40.76078708898078,57.763671875
2342,23.42,1536,1535,2371,2364,1,0,1,40.97419435122675,40.947518443446,57.8857421875
2343,23.43,1536,1529,2364,2364,1,0,1,40.97419435122675,40.78746299676152,57.71484375
2344,23.44,1536,1532,2370,2364,1,0,1,40.97419435122675,40.86749072010376,57.861328125
2345,23.45,1536,1531,2367,2364,1,0,1,40.97419435122675,40.84081481232302,57.7880859375
2346,23.46,1536,1529,2368,2364,1,0,1,40.97419435122675,40.78746299676152,57.8125
2347,23.47,1536,1531,2370,2364,1,0,1,40.97419435122675,40.84081481232302,57.861328125
2348,23.48,1536,1530,2368,2364,1,0,1,40.97419435122675,40.81413890454227,57.8125
2349,23.49,1536,1532,2369,2364,1,0,1,40.97419435122675,40.86749072010376,57.8369140625
2350,23.5,1536,1531,2367,2364,1,0,1,40.97419435122675,40.84081481232302,57.7880859375
2351,23.51,1536,1530,2368,2364,1,0,1,40.97419435122675,40.81413890454227,57.8125
2352,23.52,1536,1528,2369,2364,1,0,1,40.97419435122675,40.76078708898078,57.8369140625
2353,23.53,1536,1530,2371,2364,1,0,1,40.97419435122675,40.81413890454227,57.8857421875
2354,23.54,1536,1530,2369,2364,1,0,1,40.97419435122675,40.81413890454227,57.8369140625
2355,23.55,1536,1535,2369,2364,1,0,1,40.97419435122675,40.947518443446,57.8369140625
2356,23.56,1536,1530,2364,2364,1,0,1,40.97419435122675,40.81413890454227,57.71484375
2357,23.57,1536,1528,2369,2364,1,0,1,40.97419435122675,40.76078708898078,57.8369140625
2358,23.58,1536,1533,2371,2364,1,0,1,40.97419435122675,40.89416662788451,57.8857421875
2359,23.59,1536,1527,2366,2364,1,0,1,40.97419435122675,40.73411118120003,57.763671875
2360,23.6,1536,1534,2372,2364,1,0,1,40.97419435122675,40.92084253566525,57.91015625
2361,23.61,1536,1529,2365,2364,1,0,1,40.97419435122675,40.78746299676152,57.7392578125
2362,23.62,1536,1531,2370,2364,1,0,1,40.97419435122675,40.84081481232302,57.861328125
2363,23.63,1536,1529,2368,2364,1,0,1,40.97419435122675,40.78746299676152,57.8125
2364,23.64,1536,1527,2370,2364,1,0,1,40.97419435122675,40.73411118120003,57.861328125
2365,23.65,1536,1529,2372,2364,1,0,1,40.97419435122675,40.78746299676152,57.91015625
2366,23.66,1536,1528,2370,2364,1,0,1,40.97419435122675,40.76078708898078,57.861328125
2367,23.67,1536,1530,2371,2364,1,0,1,40.97419435122675,40.81413890454227,57.8857421875
2368,23.68,1536,1528,2369,2364,1,0,1,40.97419435122675,40.76078708898078,57.8369140625
2369,23.69,1536,1527,2371,2364,1,0,1,40.97419435122675,40.73411118120003,57.8857421875
2370,23.7,1536,1525,2372,2364,1,0,1,40.97419435122675,40.68075936563854,57.91015625
2371,23.71,1536,1526,2373,2364,1,0,1,40.97419435122675,40.70743527341928,57.9345703125
2372,23.72,1536,1526,2372,2364,1,0,1,40.97419435122675,40.70743527341928,57.91015625
2373,23.73,1536,1530,2372,2364,1,0,1,40.97419435122675,40.81413890454227,57.91015625
2374,23.74,1536,1526,2369,2364,1,0,1,40.97419435122675,40.70743527341928,57.8369140625
2375,23.75,1536,1523,2372,2364,1,0,1,40.97419435122675,40.627407550077045,57.91015625
2376,23.76,1536,1528,2375,2364,1,0,1,40.97419435122675,40.76078708898078,57.9833984375
2377,23.77,1536,1523,2371,2364,1,0,1,40.97419435122675,40.627407550077045,57.8857421875
2378,23.78,1536,1529,2375,2364,1,0,1,40.97419435122675,40.78746299676152,57.9833984375
2379,23.79,1536,1523,2370,2364,1,0,1,40.97419435122675,40.627407550077045,57.861328125
2380,23.8,1536,1527,2375,2364,1,0,1,40.97419435122675,40.73411118120003,57.9833984375
2381,23.81,1536,1527,2372,2364,1,0,1,40.97419435122675,40.73411118120003,57.91015625
2382,23.82,1536,1522,2372,2364,1,0,1,40.97419435122675,40.600731642296296,57.91015625
2383,23.83,1536,1524,2376,2364,1,0,1,40.97419435122675,40.65408345785779,58.0078125
2384,23.84,1536,1524,2374,2364,1,0,1,40.97419435122675,40.65408345785779,57.958984375
2385,23.85,1536,1527,2374,2364,1,0,1,40.97419435122675,40.73411118120003,57.958984375
2386,23.86,1536,1526,2372,2364,1,0,1,40.97419435122675,40.70743527341928,57.91015625
2387,23.87,1536,1525,2372,2364,1,0,1,40.97419435122675,40.68075936563854,57.91015625
2388,23.88,1536,1526,2373,2364,1,0,1,40.97419435122675,40.70743527341928,57.9345703125
2389,23.89,1536,1525,2372,2364,1,0,1,40.97419435122675,40.68075936563854,57.91015625
2390,23.9,1536,1525,2373,2364,1,0,1,40.97419435122675,40.68075936563854,57.9345703125
2391,23.91,1536,1526,2373,2364,1,0,1,40.97419435122675,40.70743527341928,57.9345703125
2392,23.92,1536,1526,2372,2364,1,0,1,40.97419435122675,40.70743527341928,57.91015625
2393,23.93,1536,1524,2372,2364,1,0,1,40.97419435122675,40.65408345785779,57.91015625
2394,23.94,1536,1529,2374,2364,1,0,1,40.97419435122675,40.78746299676152,57.958984375
2395,23.95,1536,1527,2370,2364,1,0,1,40.97419435122675,40.73411118120003,57.861328125
2396,23.96,1536,1532,2372,2364,1,0,1,40.97419435122675,40.86749072010376,57.91015625
2397,23.97,1536,1526,2367,2364,1,0,1,40.97419435122675,40.70743527341928,57.7880859375
2398,23.98,1536,1525,2372,2364,1,0,1,40.97419435122675,40.68075936563854,57.91015625
2399,23.99,1536,1530,2373,2364,1,0,1,40.97419435122675,40.81413890454227,57.9345703125
2400,24.0,1536,1526,2369,2364,1,0,1,40.97419435122675,40.70743527341928,57.8369140625
2401,24.01,1536,1529,2372,2364,1,0,1,40.97419435122675,40.78746299676152,57.91015625
2402,24.02,1536,1527,2370,2364,1,0,1,40.97419435122675,40.73411118120003,57.861328125
2403,24.03,1536,1531,2372,2364,1,0,1,40.97419435122675,40.84081481232302,57.91015625
2404,24.04,1536,1529,2368,2364,1,0,1,40.97419435122675,40.78746299676152,57.8125
2405,24.05,1536,1527,2370,2364,1,0,1,40.97419435122675,40.73411118120003,57.861328125
2406,24.06,1536,1529,2372,2364,1,0,1,40.97419435122675,40.78746299676152,57.91015625
2407,24.07,1536,1529,2370,2364,1,0,1,40.97419435122675,40.78746299676152,57.861328125
2408,24.08,1536,1529,2370,2364,1,0,1,40.97419435122675,40.78746299676152,57.861328125
2409,24.09,1536,1530,2370,2364,1,0,1,40.97419435122675,40.81413890454227,57.861328125
2410,24.1,1536,1529,2369,2364,1,0,1,40.97419435122675,40.78746299676152,57.8369140625
2411,24.11,1536,1527,2370,2364,1,0,1,40.97419435122675,40.73411118120003,57.861328125
2412,24.12,1536,1532,2372,2364,1,0,1,40.97419435122675,40.86749072010376,57.91015625
2413,24.13,1536,1529,2367,2364,1,0,1,40.97419435122675,40.78746299676152,57.7880859375
2414,24.14,1536,1534,2370,2364,1,0,1,40.97419435122675,40.92084253566525,57.861328125
2415,24.15,1536,1529,2365,2364,1,0,1,40.97419435122675,40.78746299676152,57.7392578125
2416,24.16,1536,1527,2370,2364,1,0,1,40.97419435122675,40.73411118120003,57.861328125
2417,24.17,1536,1532,2372,2364,1,0,1,40.97419435122675,40.86749072010376,57.91015625
2418,24.18,1536,1528,2367,2364,1,0,1,40.97419435122675,40.76078708898078,57.7880859375
2419,24.19,1536,1530,2371,2364,1,0,1,40.97419435122675,40.81413890454227,57.8857421875
2420,24.2,1536,1528,2369,2364,1,0,1,40.97419435122675,40.76078708898078,57.8369140625
2421,24.21,1536,1532,2371,2364,1,0,1,40.97419435122675,40.86749072010376,57.8857421875
2422,24.22,1536,1529,2367,2364,1,0,1,40.97419435122675,40.78746299676152,57.7880859375
2423,24.23,1536,1528,2370,2364,1,0,1,40.97419435122675,40.76078708898078,57.861328125
2424,24.24,1536,1529,2371,2364,1,0,1,40.97419435122675,40.78746299676152,57.8857421875
2425,24.25,1536,1528,2370,2364,1,0,1,40.97419435122675,40.76078708898078,57.861328125
2426,24.26,1536,1528,2371,2364,1,0,1,40.97419435122675,40.76078708898078,57.8857421875
2427,24.27,1536,1528,2371,2364,1,0,1,40.97419435122675,40.76078708898078,57.8857421875
2428,24.28,1536,1528,2371,2364,1,0,1,40.97419435122675,40.76078708898078,57.8857421875
2429,24.29,1536,1525,2371,2364,1,0,1,40.97419435122675,40.68075936563854,57.8857421875
2430,24.3,1536,1530,2373,2364,1,0,1,40.97419435122675,40.81413890454227,57.9345703125
2431,24.31,1536,1527,2369,2364,1,0,1,40.97419435122675,40.73411118120003,57.8369140625
2432,24.32,1536,1532,2372,2364,1,0,1,40.97419435122675,40.86749072010376,57.91015625
2433,24.33,1536,1526,2367,2364,1,0,1,40.97419435122675,40.70743527341928,57.7880859375
2434,24.34,1536,1524,2372,2364,1,0,1,40.97419435122675,40.65408345785779,57.91015625
2435,24.35,1536,1529,2374,2364,1,0,1,40.97419435122675,40.78746299676152,57.958984375
2436,24.36,1536,1524,2370,2364,1,0,1,40.97419435122675,40.65408345785779,57.861328125
2437,24.37,1536,1527,2374,2364,1,0,1,40.97419435122675,40.73411118120003,57.958984375
2438,24.38,1536,1525,2372,2364,1,0,1,40.97419435122675,40.68075936563854,57.91015625
2439,24.39,1536,1527,2373,2364,1,0,1,40.97419435122675,40.73411118120003,57.9345703125
2440,24.4,1536,1526,2372,2364,1,0,1,40.97419435122675,40.70743527341928,57.91015625
2441,24.41,1536,1524,2372,2364,1,0,1,40.97419435122675,40.65408345785779,57.91015625
2442,24.42,1536,1525,2374,2364,1,0,1,40.97419435122675,40.68075936563854,57.958984375
2443,24.43,1536,1525,2373,2364,1,0,1,40.97419435122675,40.68075936563854,57.9345703125
2444,24.44,1536,1528,2373,2364,1,0,1,40.97419435122675,40.76078708898078,57.9345703125
2445,24.45,1536,1525,2371,2364,1,0,1,40.97419435122675,40.68075936563854,57.8857421875
2446,24.46,1536,1525,2373,2364,1,0,1,40.97419435122675,40.68075936563854,57.9345703125
2447,24.47,1536,1522,2373,2364,1,0,1,40.97419435122675,40.600731642296296,57.9345703125
2448,24.48,1536,1524,2376,2364,1,0,1,40.97419435122675,40.65408345785779,58.0078125
2449,24.49,1536,1524,2374,2364,1,0,1,40.97419435122675,40.65408345785779,57.958984375
2450,24.5,1536,1529,2374,2364,1,0,1,40.97419435122675,40.78746299676152,57.958984375
2451,24.51,1536,1524,2370,2364,1,0,1,40.97419435122675,40.65408345785779,57.861328125
2452,24.52,1536,1522,2374,2364,1,0,1,40.97419435122675,40.600731642296296,57.958984375
2453,24.53,1536,1527,2376,2364,1,0,1,40.97419435122675,40.73411118120003,58.0078125
2454,24.54,1536,1523,2372,2364,1,0,1,40.97419435122675,40.627407550077045,57.91015625
2455,24.55,1536,1529,2375,2364,1,0,1,40.97419435122675,40.78746299676152,57.9833984375
2456,24.56,1536,1524,2370,2364,1,0,1,40.97419435122675,40.65408345785779,57.861328125
2457,24.57,1536,1528,2374,2364,1,0,1,40.97419435122675,40.76078708898078,57.958984375
2458,24.58,1536,1528,2371,2364,1,0,1,40.97419435122675,40.76078708898078,57.8857421875
2459,24.59,1536,1524,2371,2364,1,0,1,40.97419435122675,40.65408345785779,57.8857421875
2460,24.6,1536,1526,2374,2364,1,0,1,40.97419435122675,40.70743527341928,57.958984375
2461,24.61,1536,1524,2372,2364,1,0,1,40.97419435122675,40.65408345785779,57.91015625
2462,24.62,1536,1528,2374,2364,1,0,1,40.97419435122675,40.76078708898078,57.958984375
2463,24.63,1536,1527,2371,2364,1,0,1,40.97419435122675,40.73411118120003,57.8857421875
2464,24.64,1536,1526,2372,2364,1,0,1,40.97419435122675,40.70743527341928,57.91015625
2465,24.65,1536,1527,2372,2364,1,0,1,40.97419435122675,40.73411118120003,57.91015625
2466,24.66,1536,1526,2372,2364,1,0,1,40.97419435122675,40.70743527341928,57.91015625
2467,24.67,1536,1527,2372,2364,1,0,1,40.97419435122675,40.73411118120003,57.91015625
2468,24.68,1536,1528,2372,2364,1,0,1,40.97419435122675,40.76078708898078,57.91015625
2469,24.69,1536,1527,2371,2364,1,0,1,40.97419435122675,40.73411118120003,57.8857421875
2470,24.7,1536,1526,2372,2364,1,0,1,40.97419435122675,40.70743527341928,57.91015625
2471,24.71,1536,1530,2372,2364,1,0,1,40.97419435122675,40.81413890454227,57.91015625
2472,24.72,1536,1528,2369,2364,1,0,1,40.97419435122675,40.76078708898078,57.8369140625
2473,24.73,1536,1533,2371,2364,1,0,1,40.97419435122675,40.89416662788451,57.8857421875
2474,24.74,1536,1527,2366,2364,1,0,1,40.97419435122675,40.73411118120003,57.763671875
2475,24.75,1536,1531,2372,2364,1,0,1,40.97419435122675,40.84081481232302,57.91015625
2476,24.76,1536,1531,2368,2364,1,0,1,40.97419435122675,40.84081481232302,57.8125
2477,24.77,1536,1527,2368,2364,1,0,1,40.97419435122675,40.73411118120003,57.8125
2478,24.78,1536,1530,2372,2364,1,0,1,40.97419435122675,40.81413890454227,57.91015625
2479,24.79,1536,1528,2369,2364,1,0,1,40.97419435122675,40.76078708898078,57.8369140625
2480,24.8,1536,1532,2371,2364,1,0,1,40.97419435122675,40.86749072010376,57.8857421875
2481,24.81,1536,1530,2367,2364,1,0,1,40.97419435122675,40.81413890454227,57.7880859375
2482,24.82,1536,1529,2369,2364,1,0,1,40.97419435122675,40.78746299676152,57.8369140625
2483,24.83,1536,1529,2370,2364,1,0,1,40.97419435122675,40.78746299676152,57.861328125
2484,24.84,1536,1528,2370,2364,1,0,1,40.97419435122675,40.76078708898078,57.861328125
2485,24.85,1536,1528,2371,2364,1,0,1,40.97419435122675,40.76078708898078,57.8857421875
2486,24.86,1536,1529,2371,2364,1,0,1,40.97419435122675,40.78746299676152,57.8857421875
2487,24.87,1536,1528,2370,2364,1,0,1,40.97419435122675,40.76078708898078,57.861328125
2488,24.88,1536,1526,2371,2364,1,0,1,40.97419435122675,40.70743527341928,57.8857421875
2489,24.89,1536,1531,2372,2364,1,0,1,40.97419435122675,40.84081481232302,57.91015625
2490,24.9,1536,1528,2368,2364,1,0,1,40.97419435122675,40.76078708898078,57.8125
2491,24.91,1536,1532,2371,2364,1,0,1,40.97419435122675,40.86749072010376,57.8857421875
2492,24.92,1536,1527,2367,2364,1,0,1,40.97419435122675,40.73411118120003,57.7880859375
2493,24.93,1536,1525,2372,2364,1,0,1,40.97419435122675,40.68075936563854,57.91015625
2494,24.94,1536,1530,2373,2364,1,0,1,40.97419435122675,40.81413890454227,57.9345703125
2495,24.95,1536,1526,2369,2364,1,0,1,40.97419435122675,40.70743527341928,57.8369140625
2496,24.96,1536,1529,2372,2364,1,0,1,40.97419435122675,40.78746299676152,57.91015625
2497,24.97,1536,1527,2370,2364,1,0,1,40.97419435122675,40.73411118120003,57.861328125
2498,24.98,1536,1530,2372,2364,1,0,1,40.97419435122675,40.81413890454227,57.91015625
2499,24.99,1536,1528,2369,2364,1,0,1,40.97419435122675,40.76078708898078,57.8369140625
2500,25.0,1536,1527,2371,2364,1,0,1,40.97419435122675,40.73411118120003,57.8857421875
2501,25.01,1536,1528,2372,2364,1,0,1,40.97419435122675,40.76078708898078,57.91015625
2502,25.02,1536,1526,2371,2364,1,0,1,40.97419435122675,40.70743527341928,57.8857421875
2503,25.03,1536,1527,2372,2364,1,0,1,40.97419435122675,40.73411118120003,57.91015625
2504,25.04,1536,1527,2372,2364,1,0,1,40.97419435122675,40.73411118120003,57.91015625
2505,25.05,1536,1526,2372,2364,1,0,1,40.97419435122675,40.70743527341928,57.91015625
2506,25.06,1536,1524,2372,2364,1,0,1,40.97419435122675,40.65408345785779,57.91015625
2507,25.07,1536,1526,2374,2364,1,0,1,40.97419435122675,40.70743527341928,57.958984375
2508,25.08,1536,1526,2372,2364,1,0,1,40.97419435122675,40.70743527341928,57.91015625
2509,25.09,1536,1530,2372,2364,1,0,1,40.97419435122675,40.81413890454227,57.91015625
2510,25.1,1536,1524,2369,2364,1,0,1,40.97419435122675,40.65408345785779,57.8369140625
2511,25.11,1536,1523,2374,2364,1,0,1,40.97419435122675,40.627407550077045,57.958984375
2512,25.12,1536,1528,2375,2364,1,0,1,40.97419435122675,40.76078708898078,57.9833984375
2513,25.13,1536,1523,2371,2364,1,0,1,40.97419435122675,40.627407550077045,57.8857421875
2514,25.14,1536,1530,2375,2364,1,0,1,40.97419435122675,40.81413890454227,57.9833984375
2515,25.15,1536,1524,2369,2364,1,0,1,40.97419435122675,40.65408345785779,57.8369140625
2516,25.16,1536,1528,2374,2364,1,0,1,40.97419435122675,40.76078708898078,57.958984375
2517,25.17,1536,1525,2371,2364,1,0,1,40.97419435122675,40.68075936563854,57.8857421875
2518,25.18,1536,1522,2373,2364,1,0,1,40.97419435122675,40.600731642296296,57.9345703125
2519,25.19,1536,1524,2376,2364,1,0,1,40.97419435122675,40.65408345785779,58.0078125
2520,25.2,1536,1524,2374,2364,1,0,1,40.97419435122675,40.65408345785779,57.958984375
2521,25.21,1536,1527,2374,2364,1,0,1,40.97419435122675,40.73411118120003,57.958984375
2522,25.22,1536,1525,2372,2364,1,0,1,40.97419435122675,40.68075936563854,57.91015625
2523,25.23,1536,1525,2373,2364,1,0,1,40.97419435122675,40.68075936563854,57.9345703125
2524,25.24,1536,1525,2373,2364,1,0,1,40.97419435122675,40.68075936563854,57.9345703125
2525,25.25,1536,1524,2373,2364,1,0,1,40.97419435122675,40.65408345785779,57.9345703125
2526,25.26,1536,1524,2374,2364,1,0,1,40.97419435122675,40.65408345785779,57.958984375
2527,25.27,1536,1529,2374,2364,1,0,1,40.97419435122675,40.78746299676152,57.958984375
2528,25.28,1536,1525,2370,2364,1,0,1,40.97419435122675,40.68075936563854,57.861328125
2529,25.29,1536,1523,2373,2364,1,0,1,40.97419435122675,40.627407550077045,57.9345703125
2530,25.3,1536,1528,2375,2364,1,0,1,40.97419435122675,40.76078708898078,57.9833984375
2531,25.31,1536,1526,2371,2364,1,0,1,40.97419435122675,40.70743527341928,57.8857421875
2532,25.32,1536,1531,2372,2364,1,0,1,40.97419435122675,40.84081481232302,57.91015625
2533,25.33,1536,1525,2368,2364,1,0,1,40.97419435122675,40.68075936563854,57.8125
2534,25.34,1536,1529,2373,2364,1,0,1,40.97419435122675,40.78746299676152,57.9345703125
2535,25.35,1536,1529,2370,2364,1,0,1,40.97419435122675,40.78746299676152,57.861328125
2536,25.36,1536,1525,2370,2364,1,0,1,40.97419435122675,40.68075936563854,57.861328125
2537,25.37,1536,1528,2373,2364,1,0,1,40.97419435122675,40.76078708898078,57.9345703125
2538,25.38,1536,1526,2371,2364,1,0,1,40.97419435122675,40.70743527341928,57.8857421875
2539,25.39,1536,1529,2372,2364,1,0,1,40.97419435122675,40.78746299676152,57.91015625
2540,25.4,1536,1528,2370,2364,1,0,1,40.97419435122675,40.76078708898078,57.861328125
2541,25.41,1536,1527,2371,2364,1,0,1,40.97419435122675,40.73411118120003,57.8857421875
2542,25.42,1536,1528,2372,2364,1,0,1,40.97419435122675,40.76078708898078,57.91015625
2543,25.43,1536,1528,2371,2364,1,0,1,40.97419435122675,40.76078708898078,57.8857421875
2544,25.44,1536,1528,2371,2364,1,0,1,40.97419435122675,40.76078708898078,57.8857421875
2545,25.45,1536,1528,2371,2364,1,0,1,40.97419435122675,40.76078708898078,57.8857421875
2546,25.46,1536,1528,2371,2364,1,0,1,40.97419435122675,40.76078708898078,57.8857421875
2547,25.47,1536,1526,2371,2364,1,0,1,40.97419435122675,40.70743527341928,57.8857421875
2548,25.48,1536,1531,2372,2364,1,0,1,40.97419435122675,40.84081481232302,57.91015625
2549,25.49,1536,1528,2368,2364,1,0,1,40.97419435122675,40.76078708898078,57.8125
2550,25.5,1536,1532,2371,2364,1,0,1,40.97419435122675,40.86749072010376,57.8857421875
2551,25.51,1536,1526,2367,2364,1,0,1,40.97419435122675,40.70743527341928,57.7880859375
2552,25.52,1536,1525,2372,2364,1,0,1,40.97419435122675,40.68075936563854,57.91015625
2553,25.53,1536,1530,2373,2364,1,0,1,40.97419435122675,40.81413890454227,57.9345703125
2554,25.54,1536,1525,2369,2364,1,0,1,40.97419435122675,40.68075936563854,57.8369140625
2555,25.55,1536,1527,2373,2364,1,0,1,40.97419435122675,40.73411118120003,57.9345703125
2556,25.56,1536,1526,2372,2364,1,0,1,40.97419435122675,40.70743527341928,57.91015625
2557,25.57,1536,1529,2372,2364,1,0,1,40.97419435122675,40.78746299676152,57.91015625
2558,25.58,1536,1527,2370,2364,1,0,1,40.97419435122675,40.73411118120003,57.861328125
2559,25.59,1536,1524,2372,2364,1,0,1,40.97419435122675,40.65408345785779,57.91015625
2560,25.6,1536,1526,2374,2364,1,0,1,40.97419435122675,40.70743527341928,57.958984375
2561,25.61,1536,1525,2372,2364,1,0,1,40.97419435122675,40.68075936563854,57.91015625
2562,25.62,1536,1525,2373,2364,1,0,1,40.97419435122675,40.68075936563854,57.9345703125
2563,25.63,1536,1526,2373,2364,1,0,1,40.97419435122675,40.70743527341928,57.9345703125
2564,25.64,1536,1526,2372,2364,1,0,1,40.97419435122675,40.70743527341928,57.91015625
2565,25.65,1536,1523,2372,2364,1,0,1,40.97419435122675,40.627407550077045,57.91015625
2566,25.66,1536,1524,2375,2364,1,0,1,40.97419435122675,40.65408345785779,57.9833984375
2567,25.67,1536,1524,2374,2364,1,0,1,40.97419435122675,40.65408345785779,57.958984375
2568,25.68,1536,1529,2374,2364,1,0,1,40.97419435122675,40.78746299676152,57.958984375
2569,25.69,1536,1523,2370,2364,1,0,1,40.97419435122675,40.627407550077045,57.861328125
2570,25.7,1536,1520,2375,2364,1,0,1,40.97419435122675,40.547379826734804,57.9833984375
2571,25.71,1536,1524,2378,2364,1,0,1,40.97419435122675,40.65408345785779,58.056640625
2572,25.72,1536,1519,2374,2364,1,0,1,40.97419435122675,40.520703918954055,57.958984375
2573,25.73,1536,1525,2380,2365,1,0,1,40.97419435122675,40.68075936563854,58.10546875
2574,25.74,1536,1519,2374,2365,1,0,1,40.97419435122675,40.520703918954055,57.958984375
2575,25.75,1536,1522,2381,2366,1,0,1,40.97419435122675,40.600731642296296,58.1298828125
2576,25.76,1536,1522,2378,2366,1,0,1,40.97419435122675,40.600731642296296,58.056640625
2577,25.77,1536,1518,2378,2366,1,0,1,40.97419435122675,40.494028011173306,58.056640625
2578,25.78,1536,1519,2383,2367,1,0,1,40.97419435122675,40.520703918954055,58.1787109375
2579,25.79,1536,1517,2383,2368,1,0,1,40.97419435122675,40.467352103392564,58.1787109375
2580,25.8,1536,1521,2386,2369,1,0,1,40.97419435122675,40.57405573451555,58.251953125
2581,25.81,1536,1519,2382,2369,1,0,1,40.97419435122675,40.520703918954055,58.154296875
2582,25.82,1536,1517,2385,2370,1,0,1,40.97419435122675,40.467352103392564,58.2275390625
2583,25.83,1536,1519,2388,2371,1,0,1,40.97419435122675,40.520703918954055,58.30078125
2584,25.84,1536,1518,2387,2372,1,0,1,40.97419435122675,40.494028011173306,58.2763671875
2585,25.85,1536,1521,2389,2373,1,0,1,40.97419435122675,40.57405573451555,58.3251953125
2586,25.86,1536,1519,2386,2373,1,0,1,40.97419435122675,40.520703918954055,58.251953125
2587,25.87,1536,1518,2389,2374,1,0,1,40.97419435122675,40.494028011173306,58.3251953125
2588,25.88,1536,1519,2391,2375,1,0,1,40.97419435122675,40.520703918954055,58.3740234375
2589,25.89,1536,1519,2391,2376,1,0,1,40.97419435122675,40.520703918954055,58.3740234375
2590,25.9,1536,1520,2392,2377,1,0,1,40.97419435122675,40.547379826734804,58.3984375
2591,25.91,1536,1525,2391,2377,1,0,1,40.97419435122675,40.68075936563854,58.3740234375
2592,25.92,1536,1520,2386,2377,1,0,1,40.97419435122675,40.547379826734804,58.251953125
2593,25.93,1536,1517,2391,2377,1,0,1,40.97419435122675,40.467352103392564,58.3740234375
2594,25.94,1536,1523,2395,2378,1,0,1,40.97419435122675,40.627407550077045,58.4716796875
2595,25.95,1536,1520,2389,2378,1,0,1,40.97419435122675,40.547379826734804,58.3251953125
2596,25.96,1536,1526,2392,2378,1,0,1,40.97419435122675,40.70743527341928,58.3984375
2597,25.97,1536,1520,2386,2378,1,0,1,40.97419435122675,40.547379826734804,58.251953125
2598,25.98,1536,1519,2392,2378,1,0,1,40.97419435122675,40.520703918954055,58.3984375
2599,25.99,1536,1524,2394,2379,1,0,1,40.97419435122675,40.65408345785779,58.447265625
2600,26.0,1536,1521,2389,2379,1,0,1,40.97419435122675,40.57405573451555,58.3251953125
2601,26.01,1536,1527,2392,2379,1,0,1,40.97419435122675,40.73411118120003,58.3984375
2602,26.02,1536,1522,2387,2379,1,0,1,40.97419435122675,40.600731642296296,58.2763671875
2603,26.03,1536,1526,2391,2379,1,0,1,40.97419435122675,40.70743527341928,58.3740234375
2604,26.04,1536,1527,2387,2379,1,0,1,40.97419435122675,40.73411118120003,58.2763671875
2605,26.05,1536,1523,2387,2379,1,0,1,40.97419435122675,40.627407550077045,58.2763671875
2606,26.06,1536,1525,2390,2379,1,0,1,40.97419435122675,40.68075936563854,58.349609375
2607,26.07,1536,1525,2388,2379,1,0,1,40.97419435122675,40.68075936563854,58.30078125
2608,26.08,1536,1528,2388,2379,1,0,1,40.97419435122675,40.76078708898078,58.30078125
2609,26.09,1536,1527,2386,2379,1,0,1,40.97419435122675,40.73411118120003,58.251953125
2610,26.1,1536,1527,2387,2379,1,0,1,40.97419435122675,40.73411118120003,58.2763671875
2611,26.11,1536,1528,2387,2379,1,0,1,40.97419435122675,40.76078708898078,58.2763671875
2612,26.12,1536,1528,2386,2379,1,0,1,40.97419435122675,40.76078708898078,58.251953125
2613,26.13,1536,1528,2386,2379,1,0,1,40.97419435122675,40.76078708898078,58.251953125
2614,26.14,1536,1533,2386,2379,1,0,1,40.97419435122675,40.89416662788451,58.251953125
2615,26.15,1536,1529,2381,2379,1,0,1,40.97419435122675,40.78746299676152,58.1298828125
2616,26.16,1536,1527,2385,2379,1,0,1,40.97419435122675,40.73411118120003,58.2275390625
2617,26.17,1536,1532,2387,2379,1,0,1,40.97419435122675,40.86749072010376,58.2763671875
2618,26.18,1536,1529,2382,2379,1,0,1,40.97419435122675,40.78746299676152,58.154296875
2619,26.19,1536,1535,2385,2379,1,0,1,40.97419435122675,40.947518443446,58.2275390625
2620,26.2,1536,1531,2379,2379,1,0,1,40.97419435122675,40.84081481232302,58.0810546875
2621,26.21,1536,1534,2383,2379,1,0,1,40.97419435122675,40.92084253566525,58.1787109375
2622,26.22,1536,1534,2380,2379,1,0,1,40.97419435122675,40.92084253566525,58.10546875
2623,26.23,1536,1531,2380,2379,1,0,1,40.97419435122675,40.84081481232302,58.10546875
2624,26.24,1536,1533,2383,2379,1,0,1,40.97419435122675,40.89416662788451,58.1787109375
2625,26.25,1536,1532,2381,2379,1,0,1,40.97419435122675,40.86749072010376,58.1298828125
2626,26.26,1536,1535,2382,2379,1,0,1,40.97419435122675,40.947518443446,58.154296875
2627,26.27,1536,1533,2379,2379,1,0,1,40.97419435122675,40.89416662788451,58.0810546875
2628,26.28,1536,1533,2381,2379,1,0,1,40.97419435122675,40.89416662788451,58.1298828125
2629,26.29,1536,1531,2381,2379,1,0,1,40.97419435122675,40.84081481232302,58.1298828125
2630,26.3,1536,1533,2383,2379,1,0,1,40.97419435122675,40.89416662788451,58.1787109375
2631,26.31,1536,1532,2381,2379,1,0,1,40.97419435122675,40.86749072010376,58.1298828125
2632,26.32,1536,1538,2382,2379,1,0,1,40.97419435122675,41.02754616678824,58.154296875
2633,26.33,1536,1532,2376,2378,1,0,1,40.97419435122675,40.86749072010376,58.0078125
2634,26.34,1536,1531,2381,2378,1,0,1,40.97419435122675,40.84081481232302,58.1298828125
2635,26.35,1536,1535,2382,2378,1,0,1,40.97419435122675,40.947518443446,58.154296875
2636,26.36,1536,1531,2378,2378,1,0,1,40.97419435122675,40.84081481232302,58.056640625
2637,26.37,1536,1533,2382,2378,1,0,1,40.97419435122675,40.89416662788451,58.154296875
2638,26.38,1536,1531,2380,2378,1,0,1,40.97419435122675,40.84081481232302,58.10546875
2639,26.39,1536,1535,2382,2378,1,0,1,40.97419435122675,40.947518443446,58.154296875
2640,26.4,1536,1533,2378,2378,1,0,1,40.97419435122675,40.89416662788451,58.056640625
2641,26.41,1536,1532,2380,2378,1,0,1,40.97419435122675,40.86749072010376,58.10546875
2642,26.42,1536,1532,2381,2378,1,0,1,40.97419435122675,40.86749072010376,58.1298828125
2643,26.43,1536,1532,2381,2378,1,0,1,40.97419435122675,40.86749072010376,58.1298828125
2644,26.44,1536,1531,2381,2378,1,0,1,40.97419435122675,40.84081481232302,58.1298828125
2645,26.45,1536,1532,2382,2378,1,0,1,40.97419435122675,40.86749072010376,58.154296875
2646,26.46,1536,1531,2381,2378,1,0,1,40.97419435122675,40.84081481232302,58.1298828125
2647,26.47,1536,1529,2382,2378,1,0,1,40.97419435122675,40.78746299676152,58.154296875
2648,26.48,1536,1534,2384,2378,1,0,1,40.97419435122675,40.92084253566525,58.203125
2649,26.49,1536,1530,2379,2378,1,0,1,40.97419435122675,40.81413890454227,58.0810546875
2650,26.5,1536,1536,2383,2378,1,0,1,40.97419435122675,40.97419435122675,58.1787109375
2651,26.51,1536,1529,2378,2378,1,0,1,40.97419435122675,40.78746299676152,58.056640625
2652,26.52,1536,1532,2384,2378,1,0,1,40.97419435122675,40.86749072010376,58.203125
2653,26.53,1536,1533,2381,2378,1,0,1,40.97419435122675,40.89416662788451,58.1298828125
2654,26.54,1536,1528,2380,2378,1,0,1,40.97419435122675,40.76078708898078,58.10546875
2655,26.55,1536,1530,2385,2378,1,0,1,40.97419435122675,40.81413890454227,58.2275390625
2656,26.56,1536,1529,2383,2378,1,0,1,40.97419435122675,40.78746299676152,58.1787109375
2657,26.57,1536,1532,2384,2378,1,0,1,40.97419435122675,40.86749072010376,58.203125
2658,26.58,1536,1530,2381,2378,1,0,1,40.97419435122675,40.81413890454227,58.1298828125
2659,26.59,1536,1529,2383,2378,1,0,1,40.97419435122675,40.78746299676152,58.1787109375
2660,26.6,1536,1530,2384,2378,1,0,1,40.97419435122675,40.81413890454227,58.203125
2661,26.61,1536,1529,2383,2378,1,0,1,40.97419435122675,40.78746299676152,58.1787109375
2662,26.62,1536,1529,2384,2378,1,0,1,40.97419435122675,40.78746299676152,58.203125
2663,26.63,1536,1534,2384,2378,1,0,1,40.97419435122675,40.92084253566525,58.203125
2664,26.64,1536,1529,2379,2378,1,0,1,40.97419435122675,40.78746299676152,58.0810546875
2665,26.65,1536,1527,2384,2378,1,0,1,40.97419435122675,40.73411118120003,58.203125
2666,26.66,1536,1532,2386,2378,1,0,1,40.97419435122675,40.86749072010376,58.251953125
2667,26.67,1536,1529,2381,2378,1,0,1,40.97419435122675,40.78746299676152,58.1298828125
2668,26.68,1536,1534,2384,2378,1,0,1,40.97419435122675,40.92084253566525,58.203125
2669,26.69,1536,1528,2379,2378,1,0,1,40.97419435122675,40.76078708898078,58.0810546875
2670,26.7,1536,1532,2385,2378,1,0,1,40.97419435122675,40.86749072010376,58.2275390625
2671,26.71,1536,1533,2381,2378,1,0,1,40.97419435122675,40.89416662788451,58.1298828125
2672,26.72,1536,1529,2380,2378,1,0,1,40.97419435122675,40.78746299676152,58.10546875
2673,26.73,1536,1532,2384,2378,1,0,1,40.97419435122675,40.86749072010376,58.203125
2674,26.74,1536,1530,2381,2378,1,0,1,40.97419435122675,40.81413890454227,58.1298828125
2675,26.75,1536,1533,2383,2378,1,0,1,40.97419435122675,40.89416662788451,58.1787109375
2676,26.76,1536,1532,2380,2378,1,0,1,40.97419435122675,40.86749072010376,58.10546875
2677,26.77,1536,1531,2381,2378,1,0,1,40.97419435122675,40.84081481232302,58.1298828125
2678,26.78,1536,1532,2382,2378,1,0,1,40.97419435122675,40.86749072010376,58.154296875
2679,26.79,1536,1532,2381,2378,1,0,1,40.97419435122675,40.86749072010376,58.1298828125
2680,26.8,1536,1531,2381,2378,1,0,1,40.97419435122675,40.84081481232302,58.1298828125
2681,26.81,1536,1537,2382,2378,1,0,1,40.97419435122675,41.00087025900749,58.154296875
2682,26.82,1536,1531,2376,2377,1,0,1,40.97419435122675,40.84081481232302,58.0078125
2683,26.83,1536,1530,2381,2377,1,0,1,40.97419435122675,40.81413890454227,58.1298828125
2684,26.84,1536,1535,2382,2377,1,0,1,40.97419435122675,40.947518443446,58.154296875
2685,26.85,1536,1531,2377,2377,1,0,1,40.97419435122675,40.84081481232302,58.0322265625
2686,26.86,1536,1537,2381,2377,1,0,1,40.97419435122675,41.00087025900749,58.1298828125
2687,26.87,1536,1532,2375,2376,1,0,1,40.97419435122675,40.86749072010376,57.9833984375
2688,26.88,1536,1535,2379,2376,1,0,1,40.97419435122675,40.947518443446,58.0810546875
2689,26.89,1536,1534,2376,2376,1,0,1,40.97419435122675,40.92084253566525,58.0078125
2690,26.9,1536,1532,2377,2376,1,0,1,40.97419435122675,40.86749072010376,58.0322265625
2691,26.91,1536,1534,2379,2376,1,0,1,40.97419435122675,40.92084253566525,58.0810546875
2692,26.92,1536,1533,2377,2376,1,0,1,40.97419435122675,40.89416662788451,58.0322265625
2693,26.93,1536,1534,2378,2376,1,0,1,40.97419435122675,40.92084253566525,58.056640625
2694,26.94,1536,1534,2377,2376,1,0,1,40.97419435122675,40.92084253566525,58.0322265625
2695,26.95,1536,1534,2377,2376,1,0,1,40.97419435122675,40.92084253566525,58.0322265625
2696,26.96,1536,1532,2377,2376,1,0,1,40.97419435122675,40.86749072010376,58.0322265625
2697,26.97,1536,1537,2379,2376,1,0,1,40.97419435122675,41.00087025900749,58.0810546875
2698,26.98,1536,1534,2374,2375,1,0,1,40.97419435122675,40.92084253566525,57.958984375
2699,26.99,1536,1539,2376,2375,1,0,1,40.97419435122675,41.05422207456899,58.0078125
2700,27.0,1536,1533,2371,2374,1,0,1,40.97419435122675,40.89416662788451,57.8857421875
2701,27.01,1536,1537,2376,2374,1,0,1,40.97419435122675,41.00087025900749,58.0078125
2702,27.02,1536,1537,2372,2373,1,0,1,40.97419435122675,41.00087025900749,57.91015625
2703,27.03,1536,1533,2371,2372,1,0,1,40.97419435122675,40.89416662788451,57.8857421875
2704,27.04,1536,1535,2374,2372,1,0,1,40.97419435122675,40.947518443446,57.958984375
2705,27.05,1536,1534,2372,2372,1,0,1,40.97419435122675,40.92084253566525,57.91015625
2706,27.06,1536,1536,2373,2372,1,0,1,40.97419435122675,40.97419435122675,57.9345703125
2707,27.07,1536,1534,2372,2372,1,0,1,40.97419435122675,40.92084253566525,57.91015625
2708,27.08,1536,1533,2373,2372,1,0,1,40.97419435122675,40.89416662788451,57.9345703125
2709,27.09,1536,1534,2374,2372,1,0,1,40.97419435122675,40.92084253566525,57.958984375
2710,27.1,1536,1534,2373,2372,1,0,1,40.97419435122675,40.92084253566525,57.9345703125
2711,27.11,1536,1533,2373,2372,1,0,1,40.97419435122675,40.89416662788451,57.9345703125
2712,27.12,1536,1538,2374,2372,1,0,1,40.97419435122675,41.02754616678824,57.958984375
2713,27.13,1536,1533,2369,2371,1,0,1,40.97419435122675,40.89416662788451,57.8369140625
2714,27.14,1536,1530,2373,2371,1,0,1,40.97419435122675,40.81413890454227,57.9345703125
2715,27.15,1536,1535,2376,2371,1,0,1,40.97419435122675,40.947518443446,58.0078125
2716,27.16,1536,1530,2371,2371,1,0,1,40.97419435122675,40.81413890454227,57.8857421875
2717,27.17,1536,1537,2376,2371,1,0,1,40.97419435122675,41.00087025900749,58.0078125
2718,27.18,1536,1530,2369,2370,1,0,1,40.97419435122675,40.81413890454227,57.8369140625
2719,27.19,1536,1534,2375,2370,1,0,1,40.97419435122675,40.92084253566525,57.9833984375
2720,27.2,1536,1532,2371,2370,1,0,1,40.97419435122675,40.86749072010376,57.8857421875
2721,27.21,1536,1529,2373,2370,1,0,1,40.97419435122675,40.78746299676152,57.9345703125
2722,27.22,1536,1532,2376,2370,1,0,1,40.97419435122675,40.86749072010376,58.0078125
2723,27.23,1536,1531,2373,2370,1,0,1,40.97419435122675,40.84081481232302,57.9345703125
2724,27.24,1536,1531,2374,2370,1,0,1,40.97419435122675,40.84081481232302,57.958984375
2725,27.25,1536,1531,2374,2370,1,0,1,40.97419435122675,40.84081481232302,57.958984375
2726,27.26,1536,1530,2374,2370,1,0,1,40.97419435122675,40.81413890454227,57.958984375
2727,27.27,1536,1528,2375,2370,1,0,1,40.97419435122675,40.76078708898078,57.9833984375
2728,27.28,1536,1530,2377,2370,1,0,1,40.97419435122675,40.81413890454227,58.0322265625
2729,27.29,1536,1530,2375,2370,1,0,1,40.97419435122675,40.81413890454227,57.9833984375
2730,27.3,1536,1535,2375,2370,1,0,1,40.97419435122675,40.947518443446,57.9833984375
2731,27.31,1536,1529,2370,2370,1,0,1,40.97419435122675,40.78746299676152,57.861328125
2732,27.32,1536,1528,2376,2370,1,0,1,40.97419435122675,40.76078708898078,58.0078125
2733,27.33,1536,1532,2377,2370,1,0,1,40.97419435122675,40.86749072010376,58.0322265625
2734,27.34,1536,1528,2373,2370,1,0,1,40.97419435122675,40.76078708898078,57.9345703125
2735,27.35,1536,1530,2377,2370,1,0,1,40.97419435122675,40.81413890454227,58.0322265625
2736,27.36,1536,1528,2375,2370,1,0,1,40.97419435122675,40.76078708898078,57.9833984375
2737,27.37,1536,1532,2377,2370,1,0,1,40.97419435122675,40.86749072010376,58.0322265625
2738,27.38,1536,1530,2373,2370,1,0,1,40.97419435122675,40.81413890454227,57.9345703125
2739,27.39,1536,1528,2375,2370,1,0,1,40.97419435122675,40.76078708898078,57.9833984375
2740,27.4,1536,1531,2377,2370,1,0,1,40.97419435122675,40.84081481232302,58.0322265625
2741,27.41,1536,1530,2374,2370,1,0,1,40.97419435122675,40.81413890454227,57.958984375
2742,27.42,1536,1530,2375,2370,1,0,1,40.97419435122675,40.81413890454227,57.9833984375
2743,27.43,1536,1532,2375,2370,1,0,1,40.97419435122675,40.86749072010376,57.9833984375
2744,27.44,1536,1531,2373,2370,1,0,1,40.97419435122675,40.84081481232302,57.9345703125
2745,27.45,1536,1529,2374,2370,1,0,1,40.97419435122675,40.78746299676152,57.958984375
2746,27.46,1536,1535,2376,2370,1,0,1,40.97419435122675,40.947518443446,58.0078125
2747,27.47,1536,1531,2370,2370,1,0,1,40.97419435122675,40.84081481232302,57.861328125
2748,27.48,1536,1537,2374,2370,1,0,1,40.97419435122675,41.00087025900749,57.958984375
2749,27.49,1536,1531,2368,2369,1,0,1,40.97419435122675,40.84081481232302,57.8125
2750,27.5,1536,1535,2373,2369,1,0,1,40.97419435122675,40.947518443446,57.9345703125
2751,27.51,1536,1535,2369,2369,1,0,1,40.97419435122675,40.947518443446,57.8369140625
2752,27.52,1536,1531,2369,2369,1,0,1,40.97419435122675,40.84081481232302,57.8369140625
2753,27.53,1536,1533,2373,2369,1,0,1,40.97419435122675,40.89416662788451,57.9345703125
2754,27.54,1536,1531,2371,2369,1,0,1,40.97419435122675,40.84081481232302,57.8857421875
2755,27.55,1536,1536,2373,2369,1,0,1,40.97419435122675,40.97419435122675,57.9345703125
2756,27.56,1536,1534,2369,2369,1,0,1,40.97419435122675,40.92084253566525,57.8369140625
2757,27.57,1536,1533,2370,2369,1,0,1,40.97419435122675,40.89416662788451,57.861328125
2758,27.58,1536,1534,2371,2369,1,0,1,40.97419435122675,40.92084253566525,57.8857421875
2759,27.59,1536,1533,2370,2369,1,0,1,40.97419435122675,40.89416662788451,57.861328125
2760,27.6,1536,1533,2371,2369,1,0,1,40.97419435122675,40.89416662788451,57.8857421875
2761,27.61,1536,1539,2371,2369,1,0,1,40.97419435122675,41.05422207456899,57.8857421875
2762,27.62,1536,1534,2365,2368,1,0,1,40.97419435122675,40.92084253566525,57.7392578125
2763,27.63,1536,1532,2369,2368,1,0,1,40.97419435122675,40.86749072010376,57.8369140625
2764,27.64,1536,1537,2371,2368,1,0,1,40.97419435122675,41.00087025900749,57.8857421875
2765,27.65,1536,1533,2366,2367,1,0,1,40.97419435122675,40.89416662788451,57.763671875
2766,27.66,1536,1539,2369,2367,1,0,1,40.97419435122675,41.05422207456899,57.8369140625
2767,27.67,1536,1533,2363,2366,1,0,1,40.97419435122675,40.89416662788451,57.6904296875
2768,27.68,1536,1536,2368,2366,1,0,1,40.97419435122675,40.97419435122675,57.8125
2769,27.69,1536,1534,2366,2366,1,0,1,40.97419435122675,40.92084253566525,57.763671875
2770,27.7,1536,1531,2367,2366,1,0,1,40.97419435122675,40.84081481232302,57.7880859375
2771,27.71,1536,1534,2370,2366,1,0,1,40.97419435122675,40.92084253566525,57.861328125
2772,27.72,1536,1533,2367,2366,1,0,1,40.97419435122675,40.89416662788451,57.7880859375
2773,27.73,1536,1532,2368,2366,1,0,1,40.97419435122675,40.86749072010376,57.8125
2774,27.74,1536,1533,2369,2366,1,0,1,40.97419435122675,40.89416662788451,57.8369140625
2775,27.75,1536,1532,2368,2366,1,0,1,40.97419435122675,40.86749072010376,57.8125
2776,27.76,1536,1530,2369,2366,1,0,1,40.97419435122675,40.81413890454227,57.8369140625
2777,27.77,1536,1535,2371,2366,1,0,1,40.97419435122675,40.947518443446,57.8857421875
2778,27.78,1536,1532,2366,2366,1,0,1,40.97419435122675,40.86749072010376,57.763671875
2779,27.79,1536,1537,2369,2366,1,0,1,40.97419435122675,41.00087025900749,57.8369140625
2780,27.8,1536,1531,2364,2365,1,0,1,40.97419435122675,40.84081481232302,57.71484375
2781,27.81,1536,1535,2369,2365,1,0,1,40.97419435122675,40.947518443446,57.8369140625
2782,27.82,1536,1535,2365,2365,1,0,1,40.97419435122675,40.947518443446,57.7392578125
2783,27.83,1536,1530,2365,2365,1,0,1,40.97419435122675,40.81413890454227,57.7392578125
2784,27.84,1536,1532,2370,2365,1,0,1,40.97419435122675,40.86749072010376,57.861328125
2785,27.85,1536,1530,2368,2365,1,0,1,40.97419435122675,40.81413890454227,57.8125
2786,27.86,1536,1533,2370,2365,1,0,1,40.97419435122675,40.89416662788451,57.861328125
2787,27.87,1536,1532,2367,2365,1,0,1,40.97419435122675,40.86749072010376,57.7880859375
2788,27.88,1536,1531,2368,2365,1,0,1,40.97419435122675,40.84081481232302,57.8125
2789,27.89,1536,1531,2369,2365,1,0,1,40.97419435122675,40.84081481232302,57.8369140625
2790,27.9,1536,1530,2369,2365,1,0,1,40.97419435122675,40.81413890454227,57.8369140625
2791,27.91,1536,1530,2370,2365,1,0,1,40.97419435122675,40.81413890454227,57.861328125
2792,27.92,1536,1534,2370,2365,1,0,1,40.97419435122675,40.92084253566525,57.861328125
2793,27.93,1536,1530,2366,2365,1,0,1,40.97419435122675,40.81413890454227,57.763671875
2794,27.94,1536,1528,2370,2365,1,0,1,40.97419435122675,40.76078708898078,57.861328125
2795,27.95,1536,1532,2372,2365,1,0,1,40.97419435122675,40.86749072010376,57.91015625
2796,27.96,1536,1529,2368,2365,1,0,1,40.97419435122675,40.78746299676152,57.8125
2797,27.97,1536,1534,2371,2365,1,0,1,40.97419435122675,40.92084253566525,57.8857421875
2798,27.98,1536,1528,2366,2365,1,0,1,40.97419435122675,40.76078708898078,57.763671875
2799,27.99,1536,1531,2372,2365,1,0,1,40.97419435122675,40.84081481232302,57.91015625
2800,28.0,1536,1532,2369,2365,1,0,1,40.97419435122675,40.86749072010376,57.8369140625
2801,28.01,1536,1528,2368,2365,1,0,1,40.97419435122675,40.76078708898078,57.8125
2802,28.02,1536,1530,2372,2365,1,0,1,40.97419435122675,40.81413890454227,57.91015625
2803,28.03,1536,1529,2370,2365,1,0,1,40.97419435122675,40.78746299676152,57.861328125
2804,28.04,1536,1532,2371,2365,1,0,1,40.97419435122675,40.86749072010376,57.8857421875
2805,28.05,1536,1529,2368,2365,1,0,1,40.97419435122675,40.78746299676152,57.8125
2806,28.06,1536,1528,2371,2365,1,0,1,40.97419435122675,40.76078708898078,57.8857421875
2807,28.07,1536,1530,2372,2365,1,0,1,40.97419435122675,40.81413890454227,57.91015625
2808,28.08,1536,1529,2370,2365,1,0,1,40.97419435122675,40.78746299676152,57.861328125
2809,28.09,1536,1528,2371,2365,1,0,1,40.97419435122675,40.76078708898078,57.8857421875
2810,28.1,1536,1533,2372,2365,1,0,1,40.97419435122675,40.89416662788451,57.91015625
2811,28.11,1536,1529,2367,2365,1,0,1,40.97419435122675,40.78746299676152,57.7880859375
2812,28.12,1536,1527,2371,2365,1,0,1,40.97419435122675,40.73411118120003,57.8857421875
2813,28.13,1536,1532,2373,2365,1,0,1,40.97419435122675,40.86749072010376,57.9345703125
2814,28.14,1536,1528,2368,2365,1,0,1,40.97419435122675,40.76078708898078,57.8125
2815,28.15,1536,1533,2372,2365,1,0,1,40.97419435122675,40.89416662788451,57.91015625
2816,28.16,1536,1527,2367,2365,1,0,1,40.97419435122675,40.73411118120003,57.7880859375
2817,28.17,1536,1531,2373,2365,1,0,1,40.97419435122675,40.84081481232302,57.9345703125
2818,28.18,1536,1531,2369,2365,1,0,1,40.97419435122675,40.84081481232302,57.8369140625
2819,28.19,1536,1526,2369,2365,1,0,1,40.97419435122675,40.70743527341928,57.8369140625
2820,28.2,1536,1529,2373,2365,1,0,1,40.97419435122675,40.78746299676152,57.9345703125
2821,28.21,1536,1528,2371,2365,1,0,1,40.97419435122675,40.76078708898078,57.8857421875
2822,28.22,1536,1530,2372,2365,1,0,1,40.97419435122675,40.81413890454227,57.91015625
2823,28.23,1536,1529,2370,2365,1,0,1,40.97419435122675,40.78746299676152,57.861328125
2824,28.24,1536,1528,2371,2365,1,0,1,40.97419435122675,40.76078708898078,57.8857421875
2825,28.25,1536,1528,2372,2365,1,0,1,40.97419435122675,40.76078708898078,57.91015625
2826,28.26,1536,1527,2372,2365,1,0,1,40.97419435122675,40.73411118120003,57.91015625
2827,28.27,1536,1527,2373,2365,1,0,1,40.97419435122675,40.73411118120003,57.9345703125
2828,28.28,1536,1532,2373,2365,1,0,1,40.97419435122675,40.86749072010376,57.9345703125
2829,28.29,1536,1527,2368,2365,1,0,1,40.97419435122675,40.73411118120003,57.8125
2830,28.3,1536,1525,2373,2365,1,0,1,40.97419435122675,40.68075936563854,57.9345703125
2831,28.31,1536,1530,2374,2365,1,0,1,40.97419435122675,40.81413890454227,57.958984375
2832,28.32,1536,1527,2370,2365,1,0,1,40.97419435122675,40.73411118120003,57.861328125
2833,28.33,1536,1532,2373,2365,1,0,1,40.97419435122675,40.86749072010376,57.9345703125
2834,28.34,1536,1527,2368,2365,1,0,1,40.97419435122675,40.73411118120003,57.8125
2835,28.35,1536,1530,2373,2365,1,0,1,40.97419435122675,40.81413890454227,57.9345703125
2836,28.36,1536,1530,2370,2365,1,0,1,40.97419435122675,40.81413890454227,57.861328125
2837,28.37,1536,1526,2370,2365,1,0,1,40.97419435122675,40.70743527341928,57.861328125
2838,28.38,1536,1528,2373,2365,1,0,1,40.97419435122675,40.76078708898078,57.9345703125
2839,28.39,1536,1526,2372,2365,1,0,1,40.97419435122675,40.70743527341928,57.91015625
2840,28.4,1536,1530,2373,2365,1,0,1,40.97419435122675,40.81413890454227,57.9345703125
2841,28.41,1536,1529,2370,2365,1,0,1,40.97419435122675,40.78746299676152,57.861328125
2842,28.42,1536,1528,2371,2365,1,0,1,40.97419435122675,40.76078708898078,57.8857421875
2843,28.43,1536,1529,2372,2365,1,0,1,40.97419435122675,40.78746299676152,57.91015625
2844,28.44,1536,1528,2371,2365,1,0,1,40.97419435122675,40.76078708898078,57.8857421875
2845,28.45,1536,1528,2372,2365,1,0,1,40.97419435122675,40.76078708898078,57.91015625
2846,28.46,1536,1533,2372,2365,1,0,1,40.97419435122675,40.89416662788451,57.91015625
2847,28.47,1536,1528,2367,2365,1,0,1,40.97419435122675,40.76078708898078,57.7880859375
2848,28.48,1536,1526,2372,2365,1,0,1,40.97419435122675,40.70743527341928,57.91015625
2849,28.49,1536,1531,2373,2365,1,0,1,40.97419435122675,40.84081481232302,57.9345703125
2850,28.5,1536,1528,2369,2365,1,0,1,40.97419435122675,40.76078708898078,57.8369140625
2851,28.51,1536,1533,2372,2365,1,0,1,40.97419435122675,40.89416662788451,57.91015625
2852,28.52,1536,1527,2367,2365,1,0,1,40.97419435122675,40.73411118120003,57.7880859375
2853,28.53,1536,1531,2373,2365,1,0,1,40.97419435122675,40.84081481232302,57.9345703125
2854,28.54,1536,1531,2369,2365,1,0,1,40.97419435122675,40.84081481232302,57.8369140625
2855,28.55,1536,1526,2369,2365,1,0,1,40.97419435122675,40.70743527341928,57.8369140625
2856,28.56,1536,1528,2373,2365,1,0,1,40.97419435122675,40.76078708898078,57.9345703125
2857,28.57,1536,1526,2372,2365,1,0,1,40.97419435122675,40.70743527341928,57.91015625
2858,28.58,1536,1530,2373,2365,1,0,1,40.97419435122675,40.81413890454227,57.9345703125
2859,28.59,1536,1528,2370,2365,1,0,1,40.97419435122675,40.76078708898078,57.861328125
2860,28.6,1536,1527,2372,2365,1,0,1,40.97419435122675,40.73411118120003,57.91015625
2861,28.61,1536,1528,2373,2365,1,0,1,40.97419435122675,40.76078708898078,57.9345703125
2862,28.62,1536,1526,2372,2365,1,0,1,40.97419435122675,40.70743527341928,57.91015625
2863,28.63,1536,1526,2373,2365,1,0,1,40.97419435122675,40.70743527341928,57.9345703125
2864,28.64,1536,1526,2373,2365,1,0,1,40.97419435122675,40.70743527341928,57.9345703125
2865,28.65,1536,1525,2373,2365,1,0,1,40.97419435122675,40.68075936563854,57.9345703125
2866,28.66,1536,1523,2374,2365,1,0,1,40.97419435122675,40.627407550077045,57.958984375
2867,28.67,1536,1528,2376,2365,1,0,1,40.97419435122675,40.76078708898078,58.0078125
2868,28.68,1536,1525,2372,2365,1,0,1,40.97419435122675,40.68075936563854,57.91015625
2869,28.69,1536,1530,2374,2365,1,0,1,40.97419435122675,40.81413890454227,57.958984375
2870,28.7,1536,1524,2370,2365,1,0,1,40.97419435122675,40.65408345785779,57.861328125
2871,28.71,1536,1522,2375,2365,1,0,1,40.97419435122675,40.600731642296296,57.9833984375
2872,28.72,1536,1527,2377,2365,1,0,1,40.97419435122675,40.73411118120003,58.0322265625
2873,28.73,1536,1522,2373,2365,1,0,1,40.97419435122675,40.600731642296296,57.9345703125
2874,28.74,1536,1529,2377,2365,1,0,1,40.97419435122675,40.78746299676152,58.0322265625
2875,28.75,1536,1523,2371,2365,1,0,1,40.97419435122675,40.627407550077045,57.8857421875
2876,28.76,1536,1527,2376,2365,1,0,1,40.97419435122675,40.73411118120003,58.0078125
2877,28.77,1536,1525,2373,2365,1,0,1,40.97419435122675,40.68075936563854,57.9345703125
2878,28.78,1536,1523,2374,2365,1,0,1,40.97419435122675,40.627407550077045,57.958984375
2879,28.79,1536,1525,2376,2365,1,0,1,40.97419435122675,40.68075936563854,58.0078125
2880,28.8,1536,1524,2374,2365,1,0,1,40.97419435122675,40.65408345785779,57.958984375
2881,28.81,1536,1527,2375,2365,1,0,1,40.97419435122675,40.73411118120003,57.9833984375
2882,28.82,1536,1525,2373,2365,1,0,1,40.97419435122675,40.68075936563854,57.9345703125
2883,28.83,1536,1524,2374,2365,1,0,1,40.97419435122675,40.65408345785779,57.958984375
2884,28.84,1536,1522,2375,2365,1,0,1,40.97419435122675,40.600731642296296,57.9833984375
2885,28.85,1536,1525,2377,2365,1,0,1,40.97419435122675,40.68075936563854,58.0322265625
2886,28.86,1536,1524,2374,2365,1,0,1,40.97419435122675,40.65408345785779,57.958984375
2887,28.87,1536,1530,2375,2365,1,0,1,40.97419435122675,40.81413890454227,57.9833984375
2888,28.88,1536,1524,2370,2365,1,0,1,40.97419435122675,40.65408345785779,57.861328125
2889,28.89,1536,1522,2375,2365,1,0,1,40.97419435122675,40.600731642296296,57.9833984375
2890,28.9,1536,1528,2377,2365,1,0,1,40.97419435122675,40.76078708898078,58.0322265625
2891,28.91,1536,1524,2372,2365,1,0,1,40.97419435122675,40.65408345785779,57.91015625
2892,28.92,1536,1530,2375,2365,1,0,1,40.97419435122675,40.81413890454227,57.9833984375
2893,28.93,1536,1525,2370,2365,1,0,1,40.97419435122675,40.68075936563854,57.861328125
2894,28.94,1536,1529,2374,2365,1,0,1,40.97419435122675,40.78746299676152,57.958984375
2895,28.95,1536,1529,2371,2365,1,0,1,40.97419435122675,40.78746299676152,57.8857421875
2896,28.96,1536,1525,2371,2365,1,0,1,40.97419435122675,40.68075936563854,57.8857421875
2897,28.97,1536,1528,2374,2365,1,0,1,40.97419435122675,40.76078708898078,57.958984375
2898,28.98,1536,1526,2372,2365,1,0,1,40.97419435122675,40.70743527341928,57.91015625
2899,28.99,1536,1529,2373,2365,1,0,1,40.97419435122675,40.78746299676152,57.9345703125
2900,29.0,1536,1527,2371,2365,1,0,1,40.97419435122675,40.73411118120003,57.8857421875
2901,29.01,1536,1527,2373,2365,1,0,1,40.97419435122675,40.73411118120003,57.9345703125
2902,29.02,1536,1528,2373,2365,1,0,1,40.97419435122675,40.76078708898078,57.9345703125
2903,29.03,1536,1527,2372,2365,1,0,1,40.97419435122675,40.73411118120003,57.91015625
2904,29.04,1536,1527,2373,2365,1,0,1,40.97419435122675,40.73411118120003,57.9345703125
2905,29.05,1536,1528,2373,2365,1,0,1,40.97419435122675,40.76078708898078,57.9345703125
2906,29.06,1536,1528,2372,2365,1,0,1,40.97419435122675,40.76078708898078,57.91015625
2907,29.07,1536,1526,2372,2365,1,0,1,40.97419435122675,40.70743527341928,57.91015625
2908,29.08,1536,1531,2373,2365,1,0,1,40.97419435122675,40.84081481232302,57.9345703125
2909,29.09,1536,1528,2369,2365,1,0,1,40.97419435122675,40.76078708898078,57.8369140625
2910,29.1,1536,1533,2372,2365,1,0,1,40.97419435122675,40.89416662788451,57.91015625
2911,29.11,1536,1527,2367,2365,1,0,1,40.97419435122675,40.73411118120003,57.7880859375
2912,29.12,1536,1526,2373,2365,1,0,1,40.97419435122675,40.70743527341928,57.9345703125
2913,29.13,1536,1531,2373,2365,1,0,1,40.97419435122675,40.84081481232302,57.9345703125
2914,29.14,1536,1527,2369,2365,1,0,1,40.97419435122675,40.73411118120003,57.8369140625
2915,29.15,1536,1530,2373,2365,1,0,1,40.97419435122675,40.81413890454227,57.9345703125
2916,29.16,1536,1528,2370,2365,1,0,1,40.97419435122675,40.76078708898078,57.861328125
2917,29.17,1536,1532,2372,2365,1,0,1,40.97419435122675,40.86749072010376,57.91015625
2918,29.18,1536,1530,2368,2365,1,0,1,40.97419435122675,40.81413890454227,57.8125
2919,29.19,1536,1529,2370,2365,1,0,1,40.97419435122675,40.78746299676152,57.861328125
2920,29.2,1536,1530,2371,2365,1,0,1,40.97419435122675,40.81413890454227,57.8857421875
2921,29.21,1536,1528,2370,2365,1,0,1,40.97419435122675,40.76078708898078,57.861328125
2922,29.22,1536,1529,2372,2365,1,0,1,40.97419435122675,40.78746299676152,57.91015625
2923,29.23,1536,1529,2371,2365,1,0,1,40.97419435122675,40.78746299676152,57.8857421875
2924,29.24,1536,1528,2371,2365,1,0,1,40.97419435122675,40.76078708898078,57.8857421875
2925,29.25,1536,1526,2372,2365,1,0,1,40.97419435122675,40.70743527341928,57.91015625
2926,29.26,1536,1531,2373,2365,1,0,1,40.97419435122675,40.84081481232302,57.9345703125
2927,29.27,1536,1527,2369,2365,1,0,1,40.97419435122675,40.73411118120003,57.8369140625
2928,29.28,1536,1531,2373,2365,1,0,1,40.97419435122675,40.84081481232302,57.9345703125
2929,29.29,1536,1525,2369,2365,1,0,1,40.97419435122675,40.68075936563854,57.8369140625
2930,29.3,1536,1523,2374,2365,1,0,1,40.97419435122675,40.627407550077045,57.958984375
2931,29.31,1536,1528,2376,2365,1,0,1,40.97419435122675,40.76078708898078,58.0078125
2932,29.32,1536,1523,2372,2365,1,0,1,40.97419435122675,40.627407550077045,57.91015625
2933,29.33,1536,1524,2376,2365,1,0,1,40.97419435122675,40.65408345785779,58.0078125
2934,29.34,1536,1523,2375,2365,1,0,1,40.97419435122675,40.627407550077045,57.9833984375
2935,29.35,1536,1527,2376,2365,1,0,1,40.97419435122675,40.73411118120003,58.0078125
2936,29.36,1536,1524,2373,2365,1,0,1,40.97419435122675,40.65408345785779,57.9345703125
2937,29.37,1536,1522,2375,2365,1,0,1,40.97419435122675,40.600731642296296,57.9833984375
2938,29.38,1536,1524,2377,2365,1,0,1,40.97419435122675,40.65408345785779,58.0322265625
2939,29.39,1536,1522,2375,2365,1,0,1,40.97419435122675,40.600731642296296,57.9833984375
2940,29.4,1536,1525,2377,2365,1,0,1,40.97419435122675,40.68075936563854,58.0322265625
2941,29.41,1536,1523,2374,2365,1,0,1,40.97419435122675,40.627407550077045,57.958984375
2942,29.42,1536,1523,2376,2365,1,0,1,40.97419435122675,40.627407550077045,58.0078125
2943,29.43,1536,1521,2376,2365,1,0,1,40.97419435122675,40.57405573451555,58.0078125
2944,29.44,1536,1522,2378,2365,1,0,1,40.97419435122675,40.600731642296296,58.056640625
2945,29.45,1536,1522,2377,2365,1,0,1,40.97419435122675,40.600731642296296,58.0322265625
2946,29.46,1536,1527,2377,2365,1,0,1,40.97419435122675,40.73411118120003,58.0322265625
2947,29.47,1536,1522,2373,2365,1,0,1,40.97419435122675,40.600731642296296,57.9345703125
2948,29.48,1536,1520,2377,2365,1,0,1,40.97419435122675,40.547379826734804,58.0322265625
2949,29.49,1536,1526,2379,2365,1,0,1,40.97419435122675,40.70743527341928,58.0810546875
2950,29.5,1536,1522,2373,2365,1,0,1,40.97419435122675,40.600731642296296,57.9345703125
2951,29.51,1536,1527,2377,2365,1,0,1,40.97419435122675,40.73411118120003,58.0322265625
2952,29.52,1536,1522,2373,2365,1,0,1,40.97419435122675,40.600731642296296,57.9345703125
2953,29.53,1536,1525,2377,2365,1,0,1,40.97419435122675,40.68075936563854,58.0322265625
2954,29.54,1536,1526,2374,2365,1,0,1,40.97419435122675,40.70743527341928,57.958984375
2955,29.55,1536,1521,2373,2365,1,0,1,40.97419435122675,40.57405573451555,57.9345703125
2956,29.56,1536,1523,2378,2365,1,0,1,40.97419435122675,40.627407550077045,58.056640625
2957,29.57,1536,1522,2376,2365,1,0,1,40.97419435122675,40.600731642296296,58.0078125
2958,29.58,1536,1525,2377,2365,1,0,1,40.97419435122675,40.68075936563854,58.0322265625
2959,29.59,1536,1524,2374,2365,1,0,1,40.97419435122675,40.65408345785779,57.958984375
2960,29.6,1536,1522,2375,2365,1,0,1,40.97419435122675,40.600731642296296,57.9833984375
2961,29.61,1536,1525,2377,2365,1,0,1,40.97419435122675,40.68075936563854,58.0322265625
2962,29.62,1536,1524,2374,2365,1,0,1,40.97419435122675,40.65408345785779,57.958984375
2963,29.63,1536,1527,2375,2365,1,0,1,40.97419435122675,40.73411118120003,57.9833984375
2964,29.64,1536,1526,2373,2365,1,0,1,40.97419435122675,40.70743527341928,57.9345703125
2965,29.65,1536,1525,2373,2365,1,0,1,40.97419435122675,40.68075936563854,57.9345703125
2966,29.66,1536,1523,2374,2365,1,0,1,40.97419435122675,40.627407550077045,57.958984375
2967,29.67,1536,1525,2376,2365,1,0,1,40.97419435122675,40.68075936563854,58.0078125
2968,29.68,1536,1526,2374,2365,1,0,1,40.97419435122675,40.70743527341928,57.958984375
2969,29.69,1536,1531,2373,2365,1,0,1,40.97419435122675,40.84081481232302,57.9345703125
2970,29.7,1536,1526,2369,2365,1,0,1,40.97419435122675,40.70743527341928,57.8369140625
2971,29.71,1536,1523,2373,2365,1,0,1,40.97419435122675,40.627407550077045,57.9345703125
2972,29.72,1536,1528,2376,2365,1,0,1,40.97419435122675,40.76078708898078,58.0078125
2973,29.73,1536,1524,2372,2365,1,0,1,40.97419435122675,40.65408345785779,57.91015625
2974,29.74,1536,1531,2375,2365,1,0,1,40.97419435122675,40.84081481232302,57.9833984375
2975,29.75,1536,1525,2369,2365,1,0,1,40.97419435122675,40.68075936563854,57.8369140625
2976,29.76,1536,1529,2374,2365,1,0,1,40.97419435122675,40.78746299676152,57.958984375
2977,29.77,1536,1529,2371,2365,1,0,1,40.97419435122675,40.78746299676152,57.8857421875
2978,29.78,1536,1524,2371,2365,1,0,1,40.97419435122675,40.65408345785779,57.8857421875
2979,29.79,1536,1527,2375,2365,1,0,1,40.97419435122675,40.73411118120003,57.9833984375
2980,29.8,1536,1526,2373,2365,1,0,1,40.97419435122675,40.70743527341928,57.9345703125
2981,29.81,1536,1529,2373,2365,1,0,1,40.97419435122675,40.78746299676152,57.9345703125
2982,29.82,1536,1527,2371,2365,1,0,1,40.97419435122675,40.73411118120003,57.8857421875
2983,29.83,1536,1526,2373,2365,1,0,1,40.97419435122675,40.70743527341928,57.9345703125
2984,29.84,1536,1527,2373,2365,1,0,1,40.97419435122675,40.73411118120003,57.9345703125
2985,29.85,1536,1526,2373,2365,1,0,1,40.97419435122675,40.70743527341928,57.9345703125
2986,29.86,1536,1527,2373,2365,1,0,1,40.97419435122675,40.73411118120003,57.9345703125
2987,29.87,1536,1532,2373,2365,1,0,1,40.97419435122675,40.86749072010376,57.9345703125
2988,29.88,1536,1527,2368,2365,1,0,1,40.97419435122675,40.73411118120003,57.8125
2989,29.89,1536,1525,2373,2365,1,0,1,40.97419435122675,40.68075936563854,57.9345703125
2990,29.9,1536,1530,2374,2365,1,0,1,40.97419435122675,40.81413890454227,57.958984375
2991,29.91,1536,1527,2370,2365,1,0,1,40.97419435122675,40.73411118120003,57.861328125
2992,29.92,1536,1532,2373,2365,1,0,1,40.97419435122675,40.86749072010376,57.9345703125
2993,29.93,1536,1526,2368,2365,1,0,1,40.97419435122675,40.70743527341928,57.8125
2994,29.94,1536,1530,2373,2365,1,0,1,40.97419435122675,40.81413890454227,57.9345703125
2995,29.95,1536,1531,2370,2365,1,0,1,40.97419435122675,40.84081481232302,57.861328125
2996,29.96,1536,1526,2369,2365,1,0,1,40.97419435122675,40.70743527341928,57.8369140625
2997,29.97,1536,1529,2373,2365,1,0,1,40.97419435122675,40.78746299676152,57.9345703125
2998,29.98,1536,1527,2371,2365,1,0,1,40.97419435122675,40.73411118120003,57.8857421875
2999,29.99,1536,1531,2373,2365,1,0,1,40.97419435122675,40.84081481232302,57.9345703125
3000,30.0,1536,1529,2369,2365,1,0,1,40.97419435122675,40.78746299676152,57.8369140625
3001,30.01,1536,1528,2371,2365,1,0,1,40.97419435122675,40.76078708898078,57.8857421875
3002,30.02,1536,1529,2372,2365,1,0,1,40.97419435122675,40.78746299676152,57.91015625
