sample,time_s,reference_q12,measured_q12,duty_q12,integral_q12,armed,fault,enabled,target_rpm,measured_rpm,duty_percent
0,0.0,1024,1019,1985,1981,1,0,1,27.3161295674845,27.182750028580767,48.4619140625
1,0.01,1024,1019,1985,1981,1,0,1,27.3161295674845,27.182750028580767,48.4619140625
2,0.02,1024,1017,1985,1981,1,0,1,27.3161295674845,27.12939821301927,48.4619140625
3,0.03,1024,1019,1987,1981,1,0,1,27.3161295674845,27.182750028580767,48.5107421875
4,0.04,1024,1022,1985,1981,1,0,1,27.3161295674845,27.262777751923004,48.4619140625
5,0.05,1024,1019,1982,1981,1,0,1,27.3161295674845,27.182750028580767,48.388671875
6,0.06,1024,1022,1985,1981,1,0,1,27.3161295674845,27.262777751923004,48.4619140625
7,0.07,1024,1018,1982,1981,1,0,1,27.3161295674845,27.156074120800017,48.388671875
8,0.08,1024,1019,1986,1981,1,0,1,27.3161295674845,27.182750028580767,48.486328125
9,0.09,1024,1022,1985,1981,1,0,1,27.3161295674845,27.262777751923004,48.4619140625
10,0.1,1024,1019,1982,1981,1,0,1,27.3161295674845,27.182750028580767,48.388671875
11,0.11,1024,1022,1985,1981,1,0,1,27.3161295674845,27.262777751923004,48.4619140625
12,0.12,1024,1018,1982,1981,1,0,1,27.3161295674845,27.156074120800017,48.388671875
13,0.13,1024,1018,1986,1981,1,0,1,27.3161295674845,27.156074120800017,48.486328125
14,0.14,1024,1022,1986,1981,1,0,1,27.3161295674845,27.262777751923004,48.486328125
15,0.15,1024,1018,1982,1981,1,0,1,27.3161295674845,27.156074120800017,48.388671875
16,0.16,1024,1021,1986,1981,1,0,1,27.3161295674845,27.236101844142258,48.486328125
17,0.17,1024,1020,1983,1981,1,0,1,27.3161295674845,27.209425936361512,48.4130859375
18,0.18,1024,1019,1984,1981,1,0,1,27.3161295674845,27.182750028580767,48.4375
19,0.19,1024,1019,1985,1981,1,0,1,27.3161295674845,27.182750028580767,48.4619140625
20,0.2,1024,1017,1985,1981,1,0,1,27.3161295674845,27.12939821301927,48.4619140625
21,0.21,1024,1019,1987,1981,1,0,1,27.3161295674845,27.182750028580767,48.5107421875
22,0.22,1024,1020,1985,1981,1,0,1,27.3161295674845,27.209425936361512,48.4619140625
23,0.23,1024,1018,1984,1981,1,0,1,27.3161295674845,27.156074120800017,48.4375
24,0.24,1024,1018,1986,1981,1,0,1,27.3161295674845,27.156074120800017,48.486328125
25,0.25,1024,1017,1986,1981,1,0,1,27.3161295674845,27.12939821301927,48.486328125
26,0.26,1024,1018,1987,1981,1,0,1,27.3161295674845,27.156074120800017,48.5107421875
27,0.27,1024,1018,1986,1981,1,0,1,27.3161295674845,27.156074120800017,48.486328125
28,0.28,1024,1018,1986,1981,1,0,1,27.3161295674845,27.156074120800017,48.486328125
29,0.29,1024,1016,1986,1981,1,0,1,27.3161295674845,27.102722305238526,48.486328125
30,0.3,1024,1017,1988,1981,1,0,1,27.3161295674845,27.12939821301927,48.53515625
31,0.31,1024,1020,1987,1981,1,0,1,27.3161295674845,27.209425936361512,48.5107421875
32,0.32,1024,1017,1984,1981,1,0,1,27.3161295674845,27.12939821301927,48.4375
33,0.33,1024,1019,1987,1981,1,0,1,27.3161295674845,27.182750028580767,48.5107421875
34,0.34,1024,1016,1985,1981,1,0,1,27.3161295674845,27.102722305238526,48.4619140625
35,0.35,1024,1018,1988,1981,1,0,1,27.3161295674845,27.156074120800017,48.53515625
36,0.36,1024,1021,1986,1981,1,0,1,27.3161295674845,27.236101844142258,48.486328125
37,0.37,1024,1017,1983,1981,1,0,1,27.3161295674845,27.12939821301927,48.4130859375
38,0.38,1024,1019,1987,1981,1,0,1,27.3161295674845,27.182750028580767,48.5107421875
39,0.39,1024,1015,1985,1981,1,0,1,27.3161295674845,27.07604639745778,48.4619140625
40,0.4,1024,1017,1989,1981,1,0,1,27.3161295674845,27.12939821301927,48.5595703125
41,0.41,1024,1021,1987,1981,1,0,1,27.3161295674845,27.236101844142258,48.5107421875
42,0.42,1024,1016,1983,1981,1,0,1,27.3161295674845,27.102722305238526,48.4130859375
43,0.43,1024,1019,1988,1981,1,0,1,27.3161295674845,27.182750028580767,48.53515625
44,0.44,1024,1018,1985,1981,1,0,1,27.3161295674845,27.156074120800017,48.4619140625
45,0.45,1024,1017,1986,1981,1,0,1,27.3161295674845,27.12939821301927,48.486328125
46,0.46,1024,1017,1987,1981,1,0,1,27.3161295674845,27.12939821301927,48.5107421875
47,0.47,1024,1015,1987,1981,1,0,1,27.3161295674845,27.07604639745778,48.5107421875
48,0.48,1024,1016,1989,1981,1,0,1,27.3161295674845,27.102722305238526,48.5595703125
49,0.49,1024,1018,1988,1981,1,0,1,27.3161295674845,27.156074120800017,48.53515625
50,0.5,1024,1016,1986,1981,1,0,1,27.3161295674845,27.102722305238526,48.486328125
51,0.51,1024,1017,1988,1981,1,0,1,27.3161295674845,27.12939821301927,48.53515625
52,0.52,1024,1016,1987,1981,1,0,1,27.3161295674845,27.102722305238526,48.5107421875
53,0.53,1024,1016,1988,1981,1,0,1,27.3161295674845,27.102722305238526,48.53515625
54,0.54,1024,1017,1988,1981,1,0,1,27.3161295674845,27.12939821301927,48.53515625
55,0.55,1024,1016,1987,1981,1,0,1,27.3161295674845,27.102722305238526,48.5107421875
56,0.56,1024,1016,1988,1981,1,0,1,27.3161295674845,27.102722305238526,48.53515625
57,0.57,1024,1015,1988,1981,1,0,1,27.3161295674845,27.07604639745778,48.53515625
58,0.58,1024,1015,1989,1981,1,0,1,27.3161295674845,27.07604639745778,48.5595703125
59,0.59,1024,1014,1989,1981,1,0,1,27.3161295674845,27.04937048967703,48.5595703125
60,0.6,1024,1014,1989,1981,1,0,1,27.3161295674845,27.04937048967703,48.5595703125
61,0.61,1024,1012,1989,1981,1,0,1,27.3161295674845,26.99601867411554,48.5595703125
62,0.62,1024,1013,1991,1981,1,0,1,27.3161295674845,27.022694581896285,48.6083984375
63,0.63,1024,1017,1990,1981,1,0,1,27.3161295674845,27.12939821301927,48.583984375
64,0.64,1024,1014,1987,1981,1,0,1,27.3161295674845,27.04937048967703,48.5107421875
65,0.65,1024,1016,1989,1981,1,0,1,27.3161295674845,27.102722305238526,48.5595703125
66,0.66,1024,1012,1988,1981,1,0,1,27.3161295674845,26.99601867411554,48.53515625
67,0.67,1024,1013,1991,1981,1,0,1,27.3161295674845,27.022694581896285,48.6083984375
68,0.68,1024,1017,1990,1981,1,0,1,27.3161295674845,27.12939821301927,48.583984375
69,0.69,1024,1013,1987,1981,1,0,1,27.3161295674845,27.022694581896285,48.5107421875
70,0.7,1024,1016,1990,1981,1,0,1,27.3161295674845,27.102722305238526,48.583984375
71,0.71,1024,1012,1988,1981,1,0,1,27.3161295674845,26.99601867411554,48.53515625
72,0.72,1024,1013,1991,1981,1,0,1,27.3161295674845,27.022694581896285,48.6083984375
73,0.73,1024,1017,1990,1981,1,0,1,27.3161295674845,27.12939821301927,48.583984375
74,0.74,1024,1012,1987,1981,1,0,1,27.3161295674845,26.99601867411554,48.5107421875
75,0.75,1024,1016,1991,1981,1,0,1,27.3161295674845,27.102722305238526,48.6083984375
76,0.76,1024,1015,1988,1981,1,0,1,27.3161295674845,27.07604639745778,48.53515625
77,0.77,1024,1013,1989,1981,1,0,1,27.3161295674845,27.022694581896285,48.5595703125
78,0.78,1024,1014,1990,1981,1,0,1,27.3161295674845,27.04937048967703,48.583984375
79,0.79,1024,1012,1989,1981,1,0,1,27.3161295674845,26.99601867411554,48.5595703125
80,0.8,1024,1016,1991,1981,1,0,1,27.3161295674845,27.102722305238526,48.6083984375
81,0.81,1024,1015,1988,1981,1,0,1,27.3161295674845,27.07604639745778,48.53515625
82,0.82,1024,1013,1989,1981,1,0,1,27.3161295674845,27.022694581896285,48.5595703125
83,0.83,1024,1014,1990,1981,1,0,1,27.3161295674845,27.04937048967703,48.583984375
84,0.84,1024,1013,1989,1981,1,0,1,27.3161295674845,27.022694581896285,48.5595703125
85,0.85,1024,1014,1990,1981,1,0,1,27.3161295674845,27.04937048967703,48.583984375
86,0.86,1024,1015,1989,1981,1,0,1,27.3161295674845,27.07604639745778,48.5595703125
87,0.87,1024,1015,1989,1981,1,0,1,27.3161295674845,27.07604639745778,48.5595703125
88,0.88,1024,1015,1989,1981,1,0,1,27.3161295674845,27.07604639745778,48.5595703125
89,0.89,1024,1014,1989,1981,1,0,1,27.3161295674845,27.04937048967703,48.5595703125
90,0.9,1024,1015,1989,1981,1,0,1,27.3161295674845,27.07604639745778,48.5595703125
91,0.91,1024,1014,1989,1981,1,0,1,27.3161295674845,27.04937048967703,48.5595703125
92,0.92,1024,1015,1989,1981,1,0,1,27.3161295674845,27.07604639745778,48.5595703125
93,0.93,1024,1015,1989,1981,1,0,1,27.3161295674845,27.07604639745778,48.5595703125
94,0.94,1024,1015,1989,1981,1,0,1,27.3161295674845,27.07604639745778,48.5595703125
95,0.95,1024,1015,1989,1981,1,0,1,27.3161295674845,27.07604639745778,48.5595703125
96,0.96,1024,1015,1989,1981,1,0,1,27.3161295674845,27.07604639745778,48.5595703125
97,0.97,1024,1015,1989,1981,1,0,1,27.3161295674845,27.07604639745778,48.5595703125
98,0.98,1024,1013,1989,1981,1,0,1,27.3161295674845,27.022694581896285,48.5595703125
99,0.99,1024,1015,1990,1981,1,0,1,27.3161295674845,27.07604639745778,48.583984375
100,1.0,1024,1019,1989,1981,1,0,1,27.3161295674845,27.182750028580767,48.5595703125
101,1.01,1024,1016,1985,1981,1,0,1,27.3161295674845,27.102722305238526,48.4619140625
102,1.02,1024,1018,1988,1981,1,0,1,27.3161295674845,27.156074120800017,48.53515625
103,1.03,1024,1014,1986,1981,1,0,1,27.3161295674845,27.04937048967703,48.486328125
104,1.04,1024,1015,1989,1981,1,0,1,27.3161295674845,27.07604639745778,48.5595703125
105,1.05,1024,1019,1989,1981,1,0,1,27.3161295674845,27.182750028580767,48.5595703125
106,1.06,1024,1014,1985,1981,1,0,1,27.3161295674845,27.04937048967703,48.4619140625
107,1.07,1024,1018,1989,1981,1,0,1,27.3161295674845,27.156074120800017,48.5595703125
108,1.08,1024,1018,1986,1981,1,0,1,27.3161295674845,27.156074120800017,48.486328125
109,1.09,1024,1016,1986,1981,1,0,1,27.3161295674845,27.102722305238526,48.486328125
110,1.1,1024,1019,1988,1981,1,0,1,27.3161295674845,27.182750028580767,48.53515625
111,1.11,1024,1015,1985,1981,1,0,1,27.3161295674845,27.07604639745778,48.4619140625
112,1.12,1024,1018,1989,1981,1,0,1,27.3161295674845,27.156074120800017,48.5595703125
113,1.13,1024,1017,1986,1981,1,0,1,27.3161295674845,27.12939821301927,48.486328125
114,1.14,1024,1016,1987,1981,1,0,1,27.3161295674845,27.102722305238526,48.5107421875
115,1.15,1024,1017,1988,1981,1,0,1,27.3161295674845,27.12939821301927,48.53515625
116,1.16,1024,1015,1987,1981,1,0,1,27.3161295674845,27.07604639745778,48.5107421875
117,1.17,1024,1016,1989,1981,1,0,1,27.3161295674845,27.102722305238526,48.5595703125
118,1.18,1024,1017,1988,1981,1,0,1,27.3161295674845,27.12939821301927,48.53515625
119,1.19,1024,1016,1987,1981,1,0,1,27.3161295674845,27.102722305238526,48.5107421875
120,1.2,1024,1016,1988,1981,1,0,1,27.3161295674845,27.102722305238526,48.53515625
121,1.21,1024,1016,1988,1981,1,0,1,27.3161295674845,27.102722305238526,48.53515625
122,1.22,1024,1016,1988,1981,1,0,1,27.3161295674845,27.102722305238526,48.53515625
123,1.23,1024,1015,1988,1981,1,0,1,27.3161295674845,27.07604639745778,48.53515625
124,1.24,1024,1016,1989,1981,1,0,1,27.3161295674845,27.102722305238526,48.5595703125
125,1.25,1024,1014,1988,1981,1,0,1,27.3161295674845,27.04937048967703,48.53515625
126,1.26,1024,1016,1989,1981,1,0,1,27.3161295674845,27.102722305238526,48.5595703125
127,1.27,1024,1016,1988,1981,1,0,1,27.3161295674845,27.102722305238526,48.53515625
128,1.28,1024,1016,1988,1981,1,0,1,27.3161295674845,27.102722305238526,48.53515625
129,1.29,1024,1016,1988,1981,1,0,1,27.3161295674845,27.102722305238526,48.53515625
130,1.3,1024,1014,1988,1981,1,0,1,27.3161295674845,27.04937048967703,48.53515625
131,1.31,1024,1016,1989,1981,1,0,1,27.3161295674845,27.102722305238526,48.5595703125
132,1.32,1024,1019,1988,1981,1,0,1,27.3161295674845,27.182750028580767,48.53515625
133,1.33,1024,1015,1985,1981,1,0,1,27.3161295674845,27.07604639745778,48.4619140625
134,1.34,1024,1018,1989,1981,1,0,1,27.3161295674845,27.156074120800017,48.5595703125
135,1.35,1024,1014,1986,1981,1,0,1,27.3161295674845,27.04937048967703,48.486328125
136,1.36,1024,1015,1989,1981,1,0,1,27.3161295674845,27.07604639745778,48.5595703125
137,1.37,1024,1018,1989,1981,1,0,1,27.3161295674845,27.156074120800017,48.5595703125
138,1.38,1024,1014,1986,1981,1,0,1,27.3161295674845,27.04937048967703,48.486328125
139,1.39,1024,1018,1989,1981,1,0,1,27.3161295674845,27.156074120800017,48.5595703125
140,1.4,1024,1017,1986,1981,1,0,1,27.3161295674845,27.12939821301927,48.486328125
141,1.41,1024,1015,1987,1981,1,0,1,27.3161295674845,27.07604639745778,48.5107421875
142,1.42,1024,1018,1989,1981,1,0,1,27.3161295674845,27.156074120800017,48.5595703125
143,1.43,1024,1013,1986,1981,1,0,1,27.3161295674845,27.022694581896285,48.486328125
144,1.44,1024,1017,1990,1981,1,0,1,27.3161295674845,27.12939821301927,48.583984375
145,1.45,1024,1016,1987,1981,1,0,1,27.3161295674845,27.102722305238526,48.5107421875
146,1.46,1024,1014,1988,1981,1,0,1,27.3161295674845,27.04937048967703,48.53515625
147,1.47,1024,1015,1989,1981,1,0,1,27.3161295674845,27.07604639745778,48.5595703125
148,1.48,1024,1013,1989,1981,1,0,1,27.3161295674845,27.022694581896285,48.5595703125
149,1.49,1024,1015,1990,1981,1,0,1,27.3161295674845,27.07604639745778,48.583984375
150,1.5,1024,1016,1989,1981,1,0,1,27.3161295674845,27.102722305238526,48.5595703125
151,1.51,1024,1015,1988,1981,1,0,1,27.3161295674845,27.07604639745778,48.53515625
152,1.52,1024,1015,1989,1981,1,0,1,27.3161295674845,27.07604639745778,48.5595703125
153,1.53,1024,1014,1989,1981,1,0,1,27.3161295674845,27.04937048967703,48.5595703125
154,1.54,1024,1014,1989,1981,1,0,1,27.3161295674845,27.04937048967703,48.5595703125
155,1.55,1024,1013,1989,1981,1,0,1,27.3161295674845,27.022694581896285,48.5595703125
156,1.56,1024,1014,1990,1981,1,0,1,27.3161295674845,27.04937048967703,48.583984375
157,1.57,1024,1014,1989,1981,1,0,1,27.3161295674845,27.04937048967703,48.5595703125
158,1.58,1024,1014,1989,1981,1,0,1,27.3161295674845,27.04937048967703,48.5595703125
159,1.59,1024,1014,1989,1981,1,0,1,27.3161295674845,27.04937048967703,48.5595703125
160,1.6,1024,1013,1989,1981,1,0,1,27.3161295674845,27.022694581896285,48.5595703125
161,1.61,1024,1014,1990,1981,1,0,1,27.3161295674845,27.04937048967703,48.583984375
162,1.62,1024,1012,1989,1981,1,0,1,27.3161295674845,26.99601867411554,48.5595703125
163,1.63,1024,1013,1991,1981,1,0,1,27.3161295674845,27.022694581896285,48.6083984375
164,1.64,1024,1016,1990,1981,1,0,1,27.3161295674845,27.102722305238526,48.583984375
165,1.65,1024,1012,1988,1981,1,0,1,27.3161295674845,26.99601867411554,48.53515625
166,1.66,1024,1015,1991,1981,1,0,1,27.3161295674845,27.07604639745778,48.6083984375
167,1.67,1024,1012,1989,1981,1,0,1,27.3161295674845,26.99601867411554,48.5595703125
168,1.68,1024,1013,1991,1981,1,0,1,27.3161295674845,27.022694581896285,48.6083984375
169,1.69,1024,1016,1990,1981,1,0,1,27.3161295674845,27.102722305238526,48.583984375
170,1.7,1024,1013,1988,1981,1,0,1,27.3161295674845,27.022694581896285,48.53515625
171,1.71,1024,1015,1990,1981,1,0,1,27.3161295674845,27.07604639745778,48.583984375
172,1.72,1024,1011,1989,1981,1,0,1,27.3161295674845,26.969342766334794,48.5595703125
173,1.73,1024,1013,1992,1981,1,0,1,27.3161295674845,27.022694581896285,48.6328125
174,1.74,1024,1016,1990,1981,1,0,1,27.3161295674845,27.102722305238526,48.583984375
175,1.75,1024,1012,1988,1981,1,0,1,27.3161295674845,26.99601867411554,48.53515625
176,1.76,1024,1015,1991,1981,1,0,1,27.3161295674845,27.07604639745778,48.6083984375
177,1.77,1024,1014,1989,1981,1,0,1,27.3161295674845,27.04937048967703,48.5595703125
178,1.78,1024,1012,1989,1981,1,0,1,27.3161295674845,26.99601867411554,48.5595703125
179,1.79,1024,1013,1991,1981,1,0,1,27.3161295674845,27.022694581896285,48.6083984375
180,1.8,1024,1011,1990,1981,1,0,1,27.3161295674845,26.969342766334794,48.583984375
181,1.81,1024,1015,1992,1981,1,0,1,27.3161295674845,27.07604639745778,48.6328125
182,1.82,1024,1014,1989,1981,1,0,1,27.3161295674845,27.04937048967703,48.5595703125
183,1.83,1024,1012,1989,1981,1,0,1,27.3161295674845,26.99601867411554,48.5595703125
184,1.84,1024,1013,1991,1981,1,0,1,27.3161295674845,27.022694581896285,48.6083984375
185,1.85,1024,1011,1990,1981,1,0,1,27.3161295674845,26.969342766334794,48.583984375
186,1.86,1024,1013,1992,1981,1,0,1,27.3161295674845,27.022694581896285,48.6328125
187,1.87,1024,1014,1990,1981,1,0,1,27.3161295674845,27.04937048967703,48.583984375
188,1.88,1024,1013,1989,1981,1,0,1,27.3161295674845,27.022694581896285,48.5595703125
189,1.89,1024,1013,1990,1981,1,0,1,27.3161295674845,27.022694581896285,48.583984375
190,1.9,1024,1012,1990,1981,1,0,1,27.3161295674845,26.99601867411554,48.583984375
191,1.91,1024,1013,1991,1981,1,0,1,27.3161295674845,27.022694581896285,48.6083984375
192,1.92,1024,1014,1990,1981,1,0,1,27.3161295674845,27.04937048967703,48.583984375
193,1.93,1024,1013,1989,1981,1,0,1,27.3161295674845,27.022694581896285,48.5595703125
194,1.94,1024,1014,1990,1981,1,0,1,27.3161295674845,27.04937048967703,48.583984375
195,1.95,1024,1013,1989,1981,1,0,1,27.3161295674845,27.022694581896285,48.5595703125
196,1.96,1024,1013,1990,1981,1,0,1,27.3161295674845,27.022694581896285,48.583984375
197,1.97,1024,1013,1990,1981,1,0,1,27.3161295674845,27.022694581896285,48.583984375
198,1.98,1024,1013,1990,1981,1,0,1,27.3161295674845,27.022694581896285,48.583984375
199,1.99,1024,1012,1990,1981,1,0,1,27.3161295674845,26.99601867411554,48.583984375
200,2.0,1024,1013,1991,1981,1,0,1,27.3161295674845,27.022694581896285,48.6083984375
201,2.01,1024,1017,1990,1981,1,0,1,27.3161295674845,27.12939821301927,48.583984375
202,2.02,1024,1014,1987,1981,1,0,1,27.3161295674845,27.04937048967703,48.5107421875
203,2.03,1024,1014,1989,1981,1,0,1,27.3161295674845,27.04937048967703,48.5595703125
204,2.04,1024,1012,1989,1981,1,0,1,27.3161295674845,26.99601867411554,48.5595703125
205,2.05,1024,1013,1991,1981,1,0,1,27.3161295674845,27.022694581896285,48.6083984375
206,2.06,1024,1017,1990,1981,1,0,1,27.3161295674845,27.12939821301927,48.583984375
207,2.07,1024,1014,1987,1981,1,0,1,27.3161295674845,27.04937048967703,48.5107421875
208,2.08,1024,1017,1989,1981,1,0,1,27.3161295674845,27.12939821301927,48.5595703125
209,2.09,1024,1013,1987,1981,1,0,1,27.3161295674845,27.022694581896285,48.5107421875
210,2.1,1024,1014,1990,1981,1,0,1,27.3161295674845,27.04937048967703,48.583984375
211,2.11,1024,1017,1989,1981,1,0,1,27.3161295674845,27.12939821301927,48.5595703125
212,2.12,1024,1013,1987,1981,1,0,1,27.3161295674845,27.022694581896285,48.5107421875
213,2.13,1024,1017,1990,1981,1,0,1,27.3161295674845,27.12939821301927,48.583984375
214,2.14,1024,1016,1987,1981,1,0,1,27.3161295674845,27.102722305238526,48.5107421875
215,2.15,1024,1014,1988,1981,1,0,1,27.3161295674845,27.04937048967703,48.53515625
216,2.16,1024,1017,1989,1981,1,0,1,27.3161295674845,27.12939821301927,48.5595703125
217,2.17,1024,1013,1987,1981,1,0,1,27.3161295674845,27.022694581896285,48.5107421875
218,2.18,1024,1017,1990,1981,1,0,1,27.3161295674845,27.12939821301927,48.583984375
219,2.19,1024,1016,1987,1981,1,0,1,27.3161295674845,27.102722305238526,48.5107421875
220,2.2,1024,1014,1988,1981,1,0,1,27.3161295674845,27.04937048967703,48.53515625
221,2.21,1024,1015,1989,1981,1,0,1,27.3161295674845,27.07604639745778,48.5595703125
222,2.22,1024,1013,1989,1981,1,0,1,27.3161295674845,27.022694581896285,48.5595703125
223,2.23,1024,1015,1990,1981,1,0,1,27.3161295674845,27.07604639745778,48.583984375
224,2.24,1024,1016,1989,1981,1,0,1,27.3161295674845,27.102722305238526,48.5595703125
225,2.25,1024,1015,1988,1981,1,0,1,27.3161295674845,27.07604639745778,48.53515625
226,2.26,1024,1015,1989,1981,1,0,1,27.3161295674845,27.07604639745778,48.5595703125
227,2.27,1024,1014,1989,1981,1,0,1,27.3161295674845,27.04937048967703,48.5595703125
228,2.28,1024,1015,1989,1981,1,0,1,27.3161295674845,27.07604639745778,48.5595703125
229,2.29,1024,1014,1989,1981,1,0,1,27.3161295674845,27.04937048967703,48.5595703125
230,2.3,1024,1015,1989,1981,1,0,1,27.3161295674845,27.07604639745778,48.5595703125
231,2.31,1024,1015,1989,1981,1,0,1,27.3161295674845,27.07604639745778,48.5595703125
232,2.32,1024,1014,1989,1981,1,0,1,27.3161295674845,27.04937048967703,48.5595703125
233,2.33,1024,1015,1989,1981,1,0,1,27.3161295674845,27.07604639745778,48.5595703125
234,2.34,1024,1014,1989,1981,1,0,1,27.3161295674845,27.04937048967703,48.5595703125
235,2.35,1024,1015,1989,1981,1,0,1,27.3161295674845,27.07604639745778,48.5595703125
236,2.36,1024,1013,1989,1981,1,0,1,27.3161295674845,27.022694581896285,48.5595703125
237,2.37,1024,1014,1990,1981,1,0,1,27.3161295674845,27.04937048967703,48.583984375
238,2.38,1024,1018,1989,1981,1,0,1,27.3161295674845,27.156074120800017,48.5595703125
239,2.39,1024,1014,1986,1981,1,0,1,27.3161295674845,27.04937048967703,48.486328125
240,2.4,1024,1016,1989,1981,1,0,1,27.3161295674845,27.102722305238526,48.5595703125
241,2.41,1024,1013,1988,1981,1,0,1,27.3161295674845,27.022694581896285,48.53515625
242,2.42,1024,1014,1990,1981,1,0,1,27.3161295674845,27.04937048967703,48.583984375
243,2.43,1024,1018,1989,1981,1,0,1,27.3161295674845,27.156074120800017,48.5595703125
244,2.44,1024,1014,1986,1981,1,0,1,27.3161295674845,27.04937048967703,48.486328125
245,2.45,1024,1016,1989,1981,1,0,1,27.3161295674845,27.102722305238526,48.5595703125
246,2.46,1024,1013,1988,1981,1,0,1,27.3161295674845,27.022694581896285,48.53515625
247,2.47,1024,1014,1990,1981,1,0,1,27.3161295674845,27.04937048967703,48.583984375
248,2.48,1024,1017,1989,1981,1,0,1,27.3161295674845,27.12939821301927,48.5595703125
249,2.49,1024,1013,1987,1981,1,0,1,27.3161295674845,27.022694581896285,48.5107421875
250,2.5,1024,1016,1990,1981,1,0,1,27.3161295674845,27.102722305238526,48.583984375
251,2.51,1024,1015,1988,1981,1,0,1,27.3161295674845,27.07604639745778,48.53515625
252,2.52,1024,1014,1989,1981,1,0,1,27.3161295674845,27.04937048967703,48.5595703125
253,2.53,1024,1014,1989,1981,1,0,1,27.3161295674845,27.04937048967703,48.5595703125
254,2.54,1024,1013,1989,1981,1,0,1,27.3161295674845,27.022694581896285,48.5595703125
255,2.55,1024,1014,1990,1981,1,0,1,27.3161295674845,27.04937048967703,48.583984375
256,2.56,1024,1015,1989,1981,1,0,1,27.3161295674845,27.07604639745778,48.5595703125
257,2.57,1024,1013,1989,1981,1,0,1,27.3161295674845,27.022694581896285,48.5595703125
258,2.58,1024,1014,1990,1981,1,0,1,27.3161295674845,27.04937048967703,48.583984375
259,2.59,1024,1012,1989,1981,1,0,1,27.3161295674845,26.99601867411554,48.5595703125
260,2.6,1024,1014,1991,1981,1,0,1,27.3161295674845,27.04937048967703,48.6083984375
261,2.61,1024,1015,1989,1981,1,0,1,27.3161295674845,27.07604639745778,48.5595703125
262,2.62,1024,1013,1989,1981,1,0,1,27.3161295674845,27.022694581896285,48.5595703125
263,2.63,1024,1014,1990,1981,1,0,1,27.3161295674845,27.04937048967703,48.583984375
264,2.64,1024,1013,1989,1981,1,0,1,27.3161295674845,27.022694581896285,48.5595703125
265,2.65,1024,1013,1990,1981,1,0,1,27.3161295674845,27.022694581896285,48.583984375
266,2.66,1024,1013,1990,1981,1,0,1,27.3161295674845,27.022694581896285,48.583984375
267,2.67,1024,1013,1990,1981,1,0,1,27.3161295674845,27.022694581896285,48.583984375
268,2.68,1024,1011,1990,1981,1,0,1,27.3161295674845,26.969342766334794,48.583984375
269,2.69,1024,1012,1992,1981,1,0,1,27.3161295674845,26.99601867411554,48.6328125
270,2.7,1024,1012,1991,1981,1,0,1,27.3161295674845,26.99601867411554,48.6083984375
271,2.71,1024,1012,1991,1981,1,0,1,27.3161295674845,26.99601867411554,48.6083984375
272,2.72,1024,1012,1991,1981,1,0,1,27.3161295674845,26.99601867411554,48.6083984375
273,2.73,1024,1010,1991,1981,1,0,1,27.3161295674845,26.942666858554045,48.6083984375
274,2.74,1024,1012,1993,1981,1,0,1,27.3161295674845,26.99601867411554,48.6572265625
275,2.75,1024,1015,1991,1981,1,0,1,27.3161295674845,27.07604639745778,48.6083984375
276,2.76,1024,1011,1989,1981,1,0,1,27.3161295674845,26.969342766334794,48.5595703125
277,2.77,1024,1014,1992,1981,1,0,1,27.3161295674845,27.04937048967703,48.6328125
278,2.78,1024,1010,1989,1981,1,0,1,27.3161295674845,26.942666858554045,48.5595703125
279,2.79,1024,1011,1993,1981,1,0,1,27.3161295674845,26.969342766334794,48.6572265625
280,2.8,1024,1015,1992,1981,1,0,1,27.3161295674845,27.07604639745778,48.6328125
281,2.81,1024,1011,1989,1981,1,0,1,27.3161295674845,26.969342766334794,48.5595703125
282,2.82,1024,1013,1992,1981,1,0,1,27.3161295674845,27.022694581896285,48.6328125
283,2.83,1024,1010,1990,1981,1,0,1,27.3161295674845,26.942666858554045,48.583984375
284,2.84,1024,1011,1993,1981,1,0,1,27.3161295674845,26.969342766334794,48.6572265625
285,2.85,1024,1015,1992,1981,1,0,1,27.3161295674845,27.07604639745778,48.6328125
286,2.86,1024,1010,1989,1981,1,0,1,27.3161295674845,26.942666858554045,48.5595703125
287,2.87,1024,1014,1993,1981,1,0,1,27.3161295674845,27.04937048967703,48.6572265625
288,2.88,1024,1013,1989,1981,1,0,1,27.3161295674845,27.022694581896285,48.5595703125
289,2.89,1024,1011,1990,1981,1,0,1,27.3161295674845,26.969342766334794,48.583984375
290,2.9,1024,1014,1992,1981,1,0,1,27.3161295674845,27.04937048967703,48.6328125
291,2.91,1024,1010,1989,1981,1,0,1,27.3161295674845,26.942666858554045,48.5595703125
292,2.92,1024,1013,1993,1981,1,0,1,27.3161295674845,27.022694581896285,48.6572265625
293,2.93,1024,1013,1990,1981,1,0,1,27.3161295674845,27.022694581896285,48.583984375
294,2.94,1024,1011,1990,1981,1,0,1,27.3161295674845,26.969342766334794,48.583984375
295,2.95,1024,1011,1992,1981,1,0,1,27.3161295674845,26.969342766334794,48.6328125
296,2.96,1024,1010,1992,1981,1,0,1,27.3161295674845,26.942666858554045,48.6328125
297,2.97,1024,1012,1993,1981,1,0,1,27.3161295674845,26.99601867411554,48.6572265625
298,2.98,1024,1013,1991,1981,1,0,1,27.3161295674845,27.022694581896285,48.6083984375
299,2.99,1024,1012,1990,1981,1,0,1,27.3161295674845,26.99601867411554,48.583984375
300,3.0,1024,1012,1991,1981,1,0,1,27.3161295674845,26.99601867411554,48.6083984375
301,3.01,1024,1011,1991,1981,1,0,1,27.3161295674845,26.969342766334794,48.6083984375
302,3.02,1024,1012,1992,1981,1,0,1,27.3161295674845,26.99601867411554,48.6328125
303,3.03,1024,1014,1991,1981,1,0,1,27.3161295674845,27.04937048967703,48.6083984375
304,3.04,1024,1013,1989,1981,1,0,1,27.3161295674845,27.022694581896285,48.5595703125
305,3.05,1024,1013,1990,1981,1,0,1,27.3161295674845,27.022694581896285,48.583984375
306,3.06,1024,1012,1990,1981,1,0,1,27.3161295674845,26.99601867411554,48.583984375
307,3.07,1024,1013,1991,1981,1,0,1,27.3161295674845,27.022694581896285,48.6083984375
308,3.08,1024,1013,1990,1981,1,0,1,27.3161295674845,27.022694581896285,48.583984375
309,3.09,1024,1014,1990,1981,1,0,1,27.3161295674845,27.04937048967703,48.583984375
310,3.1,1024,1012,1989,1981,1,0,1,27.3161295674845,26.99601867411554,48.5595703125
311,3.11,1024,1014,1991,1981,1,0,1,27.3161295674845,27.04937048967703,48.6083984375
312,3.12,1024,1014,1989,1981,1,0,1,27.3161295674845,27.04937048967703,48.5595703125
313,3.13,1024,1014,1989,1981,1,0,1,27.3161295674845,27.04937048967703,48.5595703125
314,3.14,1024,1014,1989,1981,1,0,1,27.3161295674845,27.04937048967703,48.5595703125
315,3.15,1024,1013,1989,1981,1,0,1,27.3161295674845,27.022694581896285,48.5595703125
316,3.16,1024,1014,1990,1981,1,0,1,27.3161295674845,27.04937048967703,48.583984375
317,3.17,1024,1018,1989,1981,1,0,1,27.3161295674845,27.156074120800017,48.5595703125
318,3.18,1024,1015,1986,1981,1,0,1,27.3161295674845,27.07604639745778,48.486328125
319,3.19,1024,1017,1989,1981,1,0,1,27.3161295674845,27.12939821301927,48.5595703125
320,3.2,1024,1014,1987,1981,1,0,1,27.3161295674845,27.04937048967703,48.5107421875
321,3.21,1024,1015,1989,1981,1,0,1,27.3161295674845,27.07604639745778,48.5595703125
322,3.22,1024,1019,1989,1981,1,0,1,27.3161295674845,27.182750028580767,48.5595703125
323,3.23,1024,1015,1985,1981,1,0,1,27.3161295674845,27.07604639745778,48.4619140625
324,3.24,1024,1018,1989,1981,1,0,1,27.3161295674845,27.156074120800017,48.5595703125
325,3.25,1024,1017,1986,1981,1,0,1,27.3161295674845,27.12939821301927,48.486328125
326,3.26,1024,1015,1987,1981,1,0,1,27.3161295674845,27.07604639745778,48.5107421875
327,3.27,1024,1019,1989,1981,1,0,1,27.3161295674845,27.182750028580767,48.5595703125
328,3.28,1024,1015,1985,1981,1,0,1,27.3161295674845,27.07604639745778,48.4619140625
329,3.29,1024,1018,1989,1981,1,0,1,27.3161295674845,27.156074120800017,48.5595703125
330,3.3,1024,1018,1986,1981,1,0,1,27.3161295674845,27.156074120800017,48.486328125
331,3.31,1024,1016,1986,1981,1,0,1,27.3161295674845,27.102722305238526,48.486328125
332,3.32,1024,1017,1988,1981,1,0,1,27.3161295674845,27.12939821301927,48.53515625
333,3.33,1024,1015,1987,1981,1,0,1,27.3161295674845,27.07604639745778,48.5107421875
334,3.34,1024,1016,1989,1981,1,0,1,27.3161295674845,27.102722305238526,48.5595703125
335,3.35,1024,1018,1988,1981,1,0,1,27.3161295674845,27.156074120800017,48.53515625
336,3.36,1024,1017,1986,1981,1,0,1,27.3161295674845,27.12939821301927,48.486328125
337,3.37,1024,1017,1987,1981,1,0,1,27.3161295674845,27.12939821301927,48.5107421875
338,3.38,1024,1016,1987,1981,1,0,1,27.3161295674845,27.102722305238526,48.5107421875
339,3.39,1024,1017,1988,1981,1,0,1,27.3161295674845,27.12939821301927,48.53515625
340,3.4,1024,1016,1987,1981,1,0,1,27.3161295674845,27.102722305238526,48.5107421875
341,3.41,1024,1017,1988,1981,1,0,1,27.3161295674845,27.12939821301927,48.53515625
342,3.42,1024,1015,1987,1981,1,0,1,27.3161295674845,27.07604639745778,48.5107421875
343,3.43,1024,1017,1989,1981,1,0,1,27.3161295674845,27.12939821301927,48.5595703125
344,3.44,1024,1017,1987,1981,1,0,1,27.3161295674845,27.12939821301927,48.5107421875
345,3.45,1024,1016,1987,1981,1,0,1,27.3161295674845,27.102722305238526,48.5107421875
346,3.46,1024,1016,1988,1981,1,0,1,27.3161295674845,27.102722305238526,48.53515625
347,3.47,1024,1014,1988,1981,1,0,1,27.3161295674845,27.04937048967703,48.53515625
348,3.48,1024,1016,1989,1981,1,0,1,27.3161295674845,27.102722305238526,48.5595703125
349,3.49,1024,1019,1988,1981,1,0,1,27.3161295674845,27.182750028580767,48.53515625
350,3.5,1024,1016,1985,1981,1,0,1,27.3161295674845,27.102722305238526,48.4619140625
351,3.51,1024,1017,1988,1981,1,0,1,27.3161295674845,27.12939821301927,48.53515625
352,3.52,1024,1013,1987,1981,1,0,1,27.3161295674845,27.022694581896285,48.5107421875
353,3.53,1024,1015,1990,1981,1,0,1,27.3161295674845,27.07604639745778,48.583984375
354,3.54,1024,1018,1989,1981,1,0,1,27.3161295674845,27.156074120800017,48.5595703125
355,3.55,1024,1013,1986,1981,1,0,1,27.3161295674845,27.022694581896285,48.486328125
356,3.56,1024,1017,1990,1981,1,0,1,27.3161295674845,27.12939821301927,48.583984375
357,3.57,1024,1016,1987,1981,1,0,1,27.3161295674845,27.102722305238526,48.5107421875
358,3.58,1024,1014,1988,1981,1,0,1,27.3161295674845,27.04937048967703,48.53515625
359,3.59,1024,1017,1989,1981,1,0,1,27.3161295674845,27.12939821301927,48.5595703125
360,3.6,1024,1013,1987,1981,1,0,1,27.3161295674845,27.022694581896285,48.5107421875
361,3.61,1024,1016,1990,1981,1,0,1,27.3161295674845,27.102722305238526,48.583984375
362,3.62,1024,1015,1988,1981,1,0,1,27.3161295674845,27.07604639745778,48.53515625
363,3.63,1024,1013,1989,1981,1,0,1,27.3161295674845,27.022694581896285,48.5595703125
364,3.64,1024,1014,1990,1981,1,0,1,27.3161295674845,27.04937048967703,48.583984375
365,3.65,1024,1012,1989,1981,1,0,1,27.3161295674845,26.99601867411554,48.5595703125
366,3.66,1024,1014,1991,1981,1,0,1,27.3161295674845,27.04937048967703,48.6083984375
367,3.67,1024,1015,1989,1981,1,0,1,27.3161295674845,27.07604639745778,48.5595703125
368,3.68,1024,1013,1989,1981,1,0,1,27.3161295674845,27.022694581896285,48.5595703125
369,3.69,1024,1013,1990,1981,1,0,1,27.3161295674845,27.022694581896285,48.583984375
370,3.7,1024,1012,1990,1981,1,0,1,27.3161295674845,26.99601867411554,48.583984375
371,3.71,1024,1013,1991,1981,1,0,1,27.3161295674845,27.022694581896285,48.6083984375
372,3.72,1024,1014,1990,1981,1,0,1,27.3161295674845,27.04937048967703,48.583984375
373,3.73,1024,1013,1989,1981,1,0,1,27.3161295674845,27.022694581896285,48.5595703125
374,3.74,1024,1013,1990,1981,1,0,1,27.3161295674845,27.022694581896285,48.583984375
375,3.75,1024,1012,1990,1981,1,0,1,27.3161295674845,26.99601867411554,48.583984375
376,3.76,1024,1013,1991,1981,1,0,1,27.3161295674845,27.022694581896285,48.6083984375
377,3.77,1024,1012,1990,1981,1,0,1,27.3161295674845,26.99601867411554,48.583984375
378,3.78,1024,1012,1991,1981,1,0,1,27.3161295674845,26.99601867411554,48.6083984375
379,3.79,1024,1011,1991,1981,1,0,1,27.3161295674845,26.969342766334794,48.6083984375
380,3.8,1024,1012,1992,1981,1,0,1,27.3161295674845,26.99601867411554,48.6328125
381,3.81,1024,1015,1991,1981,1,0,1,27.3161295674845,27.07604639745778,48.6083984375
382,3.82,1024,1012,1989,1981,1,0,1,27.3161295674845,26.99601867411554,48.5595703125
383,3.83,1024,1013,1991,1981,1,0,1,27.3161295674845,27.022694581896285,48.6083984375
384,3.84,1024,1011,1990,1981,1,0,1,27.3161295674845,26.969342766334794,48.583984375
385,3.85,1024,1012,1992,1981,1,0,1,27.3161295674845,26.99601867411554,48.6328125
386,3.86,1024,1015,1991,1981,1,0,1,27.3161295674845,27.07604639745778,48.6083984375
387,3.87,1024,1011,1989,1981,1,0,1,27.3161295674845,26.969342766334794,48.5595703125
388,3.88,1024,1014,1992,1981,1,0,1,27.3161295674845,27.04937048967703,48.6328125
389,3.89,1024,1011,1989,1981,1,0,1,27.3161295674845,26.969342766334794,48.5595703125
390,3.9,1024,1012,1992,1981,1,0,1,27.3161295674845,26.99601867411554,48.6328125
391,3.91,1024,1015,1991,1981,1,0,1,27.3161295674845,27.07604639745778,48.6083984375
392,3.92,1024,1011,1989,1981,1,0,1,27.3161295674845,26.969342766334794,48.5595703125
393,3.93,1024,1015,1992,1981,1,0,1,27.3161295674845,27.07604639745778,48.6328125
394,3.94,1024,1011,1989,1981,1,0,1,27.3161295674845,26.969342766334794,48.5595703125
395,3.95,1024,1012,1992,1981,1,0,1,27.3161295674845,26.99601867411554,48.6328125
396,3.96,1024,1016,1991,1981,1,0,1,27.3161295674845,27.102722305238526,48.6083984375
397,3.97,1024,1011,1988,1981,1,0,1,27.3161295674845,26.969342766334794,48.53515625
398,3.98,1024,1015,1992,1981,1,0,1,27.3161295674845,27.07604639745778,48.6328125
399,3.99,1024,1014,1989,1981,1,0,1,27.3161295674845,27.04937048967703,48.5595703125
400,4.0,1024,1012,1989,1981,1,0,1,27.3161295674845,26.99601867411554,48.5595703125
401,4.01,1024,1013,1991,1981,1,0,1,27.3161295674845,27.022694581896285,48.6083984375
402,4.02,1024,1011,1990,1981,1,0,1,27.3161295674845,26.969342766334794,48.583984375
403,4.03,1024,1013,1992,1981,1,0,1,27.3161295674845,27.022694581896285,48.6328125
404,4.04,1024,1015,1990,1981,1,0,1,27.3161295674845,27.07604639745778,48.583984375
405,4.05,1024,1013,1989,1981,1,0,1,27.3161295674845,27.022694581896285,48.5595703125
406,4.06,1024,1014,1990,1981,1,0,1,27.3161295674845,27.04937048967703,48.583984375
407,4.07,1024,1012,1989,1981,1,0,1,27.3161295674845,26.99601867411554,48.5595703125
408,4.08,1024,1013,1991,1981,1,0,1,27.3161295674845,27.022694581896285,48.6083984375
409,4.09,1024,1015,1990,1981,1,0,1,27.3161295674845,27.07604639745778,48.583984375
410,4.1,1024,1014,1989,1981,1,0,1,27.3161295674845,27.04937048967703,48.5595703125
411,4.11,1024,1014,1989,1981,1,0,1,27.3161295674845,27.04937048967703,48.5595703125
412,4.12,1024,1013,1989,1981,1,0,1,27.3161295674845,27.022694581896285,48.5595703125
413,4.13,1024,1014,1990,1981,1,0,1,27.3161295674845,27.04937048967703,48.583984375
414,4.14,1024,1014,1989,1981,1,0,1,27.3161295674845,27.04937048967703,48.5595703125
415,4.15,1024,1015,1989,1981,1,0,1,27.3161295674845,27.07604639745778,48.5595703125
416,4.16,1024,1015,1989,1981,1,0,1,27.3161295674845,27.07604639745778,48.5595703125
417,4.17,1024,1014,1989,1981,1,0,1,27.3161295674845,27.04937048967703,48.5595703125
418,4.18,1024,1015,1989,1981,1,0,1,27.3161295674845,27.07604639745778,48.5595703125
419,4.19,1024,1015,1989,1981,1,0,1,27.3161295674845,27.07604639745778,48.5595703125
420,4.2,1024,1015,1989,1981,1,0,1,27.3161295674845,27.07604639745778,48.5595703125
421,4.21,1024,1014,1989,1981,1,0,1,27.3161295674845,27.04937048967703,48.5595703125
422,4.22,1024,1015,1989,1981,1,0,1,27.3161295674845,27.07604639745778,48.5595703125
423,4.23,1024,1019,1989,1981,1,0,1,27.3161295674845,27.182750028580767,48.5595703125
424,4.24,1024,1016,1985,1981,1,0,1,27.3161295674845,27.102722305238526,48.4619140625
425,4.25,1024,1018,1988,1981,1,0,1,27.3161295674845,27.156074120800017,48.53515625
426,4.26,1024,1014,1986,1981,1,0,1,27.3161295674845,27.04937048967703,48.486328125
427,4.27,1024,1016,1989,1981,1,0,1,27.3161295674845,27.102722305238526,48.5595703125
428,4.28,1024,1020,1988,1981,1,0,1,27.3161295674845,27.209425936361512,48.53515625
429,4.29,1024,1016,1984,1981,1,0,1,27.3161295674845,27.102722305238526,48.4375
430,4.3,1024,1019,1988,1981,1,0,1,27.3161295674845,27.182750028580767,48.53515625
431,4.31,1024,1018,1985,1981,1,0,1,27.3161295674845,27.156074120800017,48.4619140625
432,4.32,1024,1017,1986,1981,1,0,1,27.3161295674845,27.12939821301927,48.486328125
433,4.33,1024,1018,1987,1981,1,0,1,27.3161295674845,27.156074120800017,48.5107421875
434,4.34,1024,1016,1986,1981,1,0,1,27.3161295674845,27.102722305238526,48.486328125
435,4.35,1024,1020,1988,1981,1,0,1,27.3161295674845,27.209425936361512,48.53515625
436,4.36,1024,1019,1984,1981,1,0,1,27.3161295674845,27.182750028580767,48.4375
437,4.37,1024,1017,1985,1981,1,0,1,27.3161295674845,27.12939821301927,48.4619140625
438,4.38,1024,1018,1987,1981,1,0,1,27.3161295674845,27.156074120800017,48.5107421875
439,4.39,1024,1016,1986,1981,1,0,1,27.3161295674845,27.102722305238526,48.486328125
440,4.4,1024,1018,1988,1981,1,0,1,27.3161295674845,27.156074120800017,48.53515625
441,4.41,1024,1019,1986,1981,1,0,1,27.3161295674845,27.182750028580767,48.486328125
442,4.42,1024,1018,1985,1981,1,0,1,27.3161295674845,27.156074120800017,48.4619140625
443,4.43,1024,1018,1986,1981,1,0,1,27.3161295674845,27.156074120800017,48.486328125
444,4.44,1024,1018,1986,1981,1,0,1,27.3161295674845,27.156074120800017,48.486328125
445,4.45,1024,1018,1986,1981,1,0,1,27.3161295674845,27.156074120800017,48.486328125
446,4.46,1024,1017,1986,1981,1,0,1,27.3161295674845,27.12939821301927,48.486328125
447,4.47,1024,1018,1987,1981,1,0,1,27.3161295674845,27.156074120800017,48.5107421875
448,4.48,1024,1016,1986,1981,1,0,1,27.3161295674845,27.102722305238526,48.486328125
449,4.49,1024,1017,1988,1981,1,0,1,27.3161295674845,27.12939821301927,48.53515625
450,4.5,1024,1021,1987,1981,1,0,1,27.3161295674845,27.236101844142258,48.5107421875
451,4.51,1024,1018,1983,1981,1,0,1,27.3161295674845,27.156074120800017,48.4130859375
452,4.52,1024,1020,1986,1981,1,0,1,27.3161295674845,27.209425936361512,48.486328125
453,4.53,1024,1016,1984,1981,1,0,1,27.3161295674845,27.102722305238526,48.4375
454,4.54,1024,1017,1988,1981,1,0,1,27.3161295674845,27.12939821301927,48.53515625
455,4.55,1024,1020,1987,1981,1,0,1,27.3161295674845,27.209425936361512,48.5107421875
456,4.56,1024,1017,1984,1981,1,0,1,27.3161295674845,27.12939821301927,48.4375
457,4.57,1024,1020,1987,1981,1,0,1,27.3161295674845,27.209425936361512,48.5107421875
458,4.58,1024,1016,1984,1981,1,0,1,27.3161295674845,27.102722305238526,48.4375
459,4.59,1024,1017,1988,1981,1,0,1,27.3161295674845,27.12939821301927,48.53515625
460,4.6,1024,1020,1987,1981,1,0,1,27.3161295674845,27.209425936361512,48.5107421875
461,4.61,1024,1015,1984,1981,1,0,1,27.3161295674845,27.07604639745778,48.4375
462,4.62,1024,1019,1989,1981,1,0,1,27.3161295674845,27.182750028580767,48.5595703125
463,4.63,1024,1018,1985,1981,1,0,1,27.3161295674845,27.156074120800017,48.4619140625
464,4.64,1024,1016,1986,1981,1,0,1,27.3161295674845,27.102722305238526,48.486328125
465,4.65,1024,1017,1988,1981,1,0,1,27.3161295674845,27.12939821301927,48.53515625
466,4.66,1024,1015,1987,1981,1,0,1,27.3161295674845,27.07604639745778,48.5107421875
467,4.67,1024,1016,1989,1981,1,0,1,27.3161295674845,27.102722305238526,48.5595703125
468,4.68,1024,1017,1988,1981,1,0,1,27.3161295674845,27.12939821301927,48.53515625
469,4.69,1024,1016,1987,1981,1,0,1,27.3161295674845,27.102722305238526,48.5107421875
470,4.7,1024,1016,1988,1981,1,0,1,27.3161295674845,27.102722305238526,48.53515625
471,4.71,1024,1016,1988,1981,1,0,1,27.3161295674845,27.102722305238526,48.53515625
472,4.72,1024,1016,1988,1981,1,0,1,27.3161295674845,27.102722305238526,48.53515625
473,4.73,1024,1015,1988,1981,1,0,1,27.3161295674845,27.07604639745778,48.53515625
474,4.74,1024,1015,1989,1981,1,0,1,27.3161295674845,27.07604639745778,48.5595703125
475,4.75,1024,1015,1989,1981,1,0,1,27.3161295674845,27.07604639745778,48.5595703125
476,4.76,1024,1015,1989,1981,1,0,1,27.3161295674845,27.07604639745778,48.5595703125
477,4.77,1024,1016,1989,1981,1,0,1,27.3161295674845,27.102722305238526,48.5595703125
478,4.78,1024,1015,1988,1981,1,0,1,27.3161295674845,27.07604639745778,48.53515625
479,4.79,1024,1015,1989,1981,1,0,1,27.3161295674845,27.07604639745778,48.5595703125
480,4.8,1024,1013,1989,1981,1,0,1,27.3161295674845,27.022694581896285,48.5595703125
481,4.81,1024,1014,1990,1981,1,0,1,27.3161295674845,27.04937048967703,48.583984375
482,4.82,1024,1018,1989,1981,1,0,1,27.3161295674845,27.156074120800017,48.5595703125
483,4.83,1024,1014,1986,1981,1,0,1,27.3161295674845,27.04937048967703,48.486328125
484,4.84,1024,1016,1989,1981,1,0,1,27.3161295674845,27.102722305238526,48.5595703125
485,4.85,1024,1013,1988,1981,1,0,1,27.3161295674845,27.022694581896285,48.53515625
486,4.86,1024,1014,1990,1981,1,0,1,27.3161295674845,27.04937048967703,48.583984375
487,4.87,1024,1017,1989,1981,1,0,1,27.3161295674845,27.12939821301927,48.5595703125
488,4.88,1024,1014,1987,1981,1,0,1,27.3161295674845,27.04937048967703,48.5107421875
489,4.89,1024,1016,1989,1981,1,0,1,27.3161295674845,27.102722305238526,48.5595703125
490,4.9,1024,1012,1988,1981,1,0,1,27.3161295674845,26.99601867411554,48.53515625
491,4.91,1024,1013,1991,1981,1,0,1,27.3161295674845,27.022694581896285,48.6083984375
492,4.92,1024,1017,1990,1981,1,0,1,27.3161295674845,27.12939821301927,48.583984375
493,4.93,1024,1013,1987,1981,1,0,1,27.3161295674845,27.022694581896285,48.5107421875
494,4.94,1024,1016,1990,1981,1,0,1,27.3161295674845,27.102722305238526,48.583984375
495,4.95,1024,1015,1988,1981,1,0,1,27.3161295674845,27.07604639745778,48.53515625
496,4.96,1024,1014,1989,1981,1,0,1,27.3161295674845,27.04937048967703,48.5595703125
497,4.97,1024,1015,1989,1981,1,0,1,27.3161295674845,27.07604639745778,48.5595703125
498,4.98,1024,1013,1989,1981,1,0,1,27.3161295674845,27.022694581896285,48.5595703125
499,4.99,1024,1014,1990,1981,1,0,1,27.3161295674845,27.04937048967703,48.583984375
500,5.0,1024,1015,1989,1981,1,0,1,27.3161295674845,27.07604639745778,48.5595703125
501,5.01,1024,1014,1989,1981,1,0,1,27.3161295674845,27.04937048967703,48.5595703125
502,5.02,1024,1014,1989,1981,1,0,1,27.3161295674845,27.04937048967703,48.5595703125
503,5.03,1024,1013,1989,1981,1,0,1,27.3161295674845,27.022694581896285,48.5595703125
504,5.04,1024,1014,1990,1981,1,0,1,27.3161295674845,27.04937048967703,48.583984375
505,5.05,1024,1015,1989,1981,1,0,1,27.3161295674845,27.07604639745778,48.5595703125
506,5.06,1024,1015,1989,1981,1,0,1,27.3161295674845,27.07604639745778,48.5595703125
507,5.07,1024,1015,1989,1981,1,0,1,27.3161295674845,27.07604639745778,48.5595703125
508,5.08,1024,1014,1989,1981,1,0,1,27.3161295674845,27.04937048967703,48.5595703125
509,5.09,1024,1015,1989,1981,1,0,1,27.3161295674845,27.07604639745778,48.5595703125
510,5.1,1024,1014,1989,1981,1,0,1,27.3161295674845,27.04937048967703,48.5595703125
511,5.11,1024,1015,1989,1981,1,0,1,27.3161295674845,27.07604639745778,48.5595703125
512,5.12,1024,1013,1989,1981,1,0,1,27.3161295674845,27.022694581896285,48.5595703125
513,5.13,1024,1014,1990,1981,1,0,1,27.3161295674845,27.04937048967703,48.583984375
514,5.14,1024,1018,1989,1981,1,0,1,27.3161295674845,27.156074120800017,48.5595703125
515,5.15,1024,1014,1986,1981,1,0,1,27.3161295674845,27.04937048967703,48.486328125
516,5.16,1024,1015,1989,1981,1,0,1,27.3161295674845,27.07604639745778,48.5595703125
517,5.17,1024,1013,1989,1981,1,0,1,27.3161295674845,27.022694581896285,48.5595703125
518,5.18,1024,1014,1990,1981,1,0,1,27.3161295674845,27.04937048967703,48.583984375
519,5.19,1024,1018,1989,1981,1,0,1,27.3161295674845,27.156074120800017,48.5595703125
520,5.2,1024,1014,1986,1981,1,0,1,27.3161295674845,27.04937048967703,48.486328125
521,5.21,1024,1017,1989,1981,1,0,1,27.3161295674845,27.12939821301927,48.5595703125
522,5.22,1024,1013,1987,1981,1,0,1,27.3161295674845,27.022694581896285,48.5107421875
523,5.23,1024,1014,1990,1981,1,0,1,27.3161295674845,27.04937048967703,48.583984375
524,5.24,1024,1018,1989,1981,1,0,1,27.3161295674845,27.156074120800017,48.5595703125
525,5.25,1024,1014,1986,1981,1,0,1,27.3161295674845,27.04937048967703,48.486328125
526,5.26,1024,1017,1989,1981,1,0,1,27.3161295674845,27.12939821301927,48.5595703125
527,5.27,1024,1016,1987,1981,1,0,1,27.3161295674845,27.102722305238526,48.5107421875
528,5.28,1024,1014,1988,1981,1,0,1,27.3161295674845,27.04937048967703,48.53515625
529,5.29,1024,1018,1989,1981,1,0,1,27.3161295674845,27.156074120800017,48.5595703125
530,5.3,1024,1013,1986,1981,1,0,1,27.3161295674845,27.022694581896285,48.486328125
531,5.31,1024,1017,1990,1981,1,0,1,27.3161295674845,27.12939821301927,48.583984375
532,5.32,1024,1017,1987,1981,1,0,1,27.3161295674845,27.12939821301927,48.5107421875
533,5.33,1024,1015,1987,1981,1,0,1,27.3161295674845,27.07604639745778,48.5107421875
534,5.34,1024,1016,1989,1981,1,0,1,27.3161295674845,27.102722305238526,48.5595703125
535,5.35,1024,1014,1988,1981,1,0,1,27.3161295674845,27.04937048967703,48.53515625
536,5.36,1024,1016,1989,1981,1,0,1,27.3161295674845,27.102722305238526,48.5595703125
537,5.37,1024,1017,1988,1981,1,0,1,27.3161295674845,27.12939821301927,48.53515625
538,5.38,1024,1016,1987,1981,1,0,1,27.3161295674845,27.102722305238526,48.5107421875
539,5.39,1024,1016,1988,1981,1,0,1,27.3161295674845,27.102722305238526,48.53515625
540,5.4,1024,1016,1988,1981,1,0,1,27.3161295674845,27.102722305238526,48.53515625
541,5.41,1024,1017,1988,1981,1,0,1,27.3161295674845,27.12939821301927,48.53515625
542,5.42,1024,1016,1987,1981,1,0,1,27.3161295674845,27.102722305238526,48.5107421875
543,5.43,1024,1017,1988,1981,1,0,1,27.3161295674845,27.12939821301927,48.53515625
544,5.44,1024,1015,1987,1981,1,0,1,27.3161295674845,27.07604639745778,48.5107421875
545,5.45,1024,1017,1989,1981,1,0,1,27.3161295674845,27.12939821301927,48.5595703125
546,5.46,1024,1017,1987,1981,1,0,1,27.3161295674845,27.12939821301927,48.5107421875
547,5.47,1024,1017,1987,1981,1,0,1,27.3161295674845,27.12939821301927,48.5107421875
548,5.48,1024,1018,1987,1981,1,0,1,27.3161295674845,27.156074120800017,48.5107421875
549,5.49,1024,1016,1986,1981,1,0,1,27.3161295674845,27.102722305238526,48.486328125
550,5.5,1024,1017,1988,1981,1,0,1,27.3161295674845,27.12939821301927,48.53515625
551,5.51,1024,1021,1987,1981,1,0,1,27.3161295674845,27.236101844142258,48.5107421875
552,5.52,1024,1018,1983,1981,1,0,1,27.3161295674845,27.156074120800017,48.4130859375
553,5.53,1024,1021,1986,1981,1,0,1,27.3161295674845,27.236101844142258,48.486328125
554,5.54,1024,1017,1983,1981,1,0,1,27.3161295674845,27.12939821301927,48.4130859375
555,5.55,1024,1018,1987,1981,1,0,1,27.3161295674845,27.156074120800017,48.5107421875
556,5.56,1024,1022,1986,1981,1,0,1,27.3161295674845,27.262777751923004,48.486328125
557,5.57,1024,1018,1982,1981,1,0,1,27.3161295674845,27.156074120800017,48.388671875
558,5.58,1024,1021,1986,1981,1,0,1,27.3161295674845,27.236101844142258,48.486328125
559,5.59,1024,1020,1983,1981,1,0,1,27.3161295674845,27.209425936361512,48.4130859375
560,5.6,1024,1019,1984,1981,1,0,1,27.3161295674845,27.182750028580767,48.4375
561,5.61,1024,1019,1985,1981,1,0,1,27.3161295674845,27.182750028580767,48.4619140625
562,5.62,1024,1018,1985,1981,1,0,1,27.3161295674845,27.156074120800017,48.4619140625
563,5.63,1024,1020,1986,1981,1,0,1,27.3161295674845,27.209425936361512,48.486328125
564,5.64,1024,1021,1984,1981,1,0,1,27.3161295674845,27.236101844142258,48.4375
565,5.65,1024,1020,1983,1981,1,0,1,27.3161295674845,27.209425936361512,48.4130859375
566,5.66,1024,1020,1984,1981,1,0,1,27.3161295674845,27.209425936361512,48.4375
567,5.67,1024,1019,1984,1981,1,0,1,27.3161295674845,27.182750028580767,48.4375
568,5.68,1024,1019,1985,1981,1,0,1,27.3161295674845,27.182750028580767,48.4619140625
569,5.69,1024,1018,1985,1981,1,0,1,27.3161295674845,27.156074120800017,48.4619140625
570,5.7,1024,1019,1986,1981,1,0,1,27.3161295674845,27.182750028580767,48.486328125
571,5.71,1024,1017,1985,1981,1,0,1,27.3161295674845,27.12939821301927,48.4619140625
572,5.72,1024,1018,1987,1981,1,0,1,27.3161295674845,27.156074120800017,48.5107421875
573,5.73,1024,1018,1986,1981,1,0,1,27.3161295674845,27.156074120800017,48.486328125
574,5.74,1024,1018,1986,1981,1,0,1,27.3161295674845,27.156074120800017,48.486328125
575,5.75,1024,1018,1986,1981,1,0,1,27.3161295674845,27.156074120800017,48.486328125
576,5.76,1024,1016,1986,1981,1,0,1,27.3161295674845,27.102722305238526,48.486328125
577,5.77,1024,1017,1988,1981,1,0,1,27.3161295674845,27.12939821301927,48.53515625
578,5.78,1024,1020,1987,1981,1,0,1,27.3161295674845,27.209425936361512,48.5107421875
579,5.79,1024,1016,1984,1981,1,0,1,27.3161295674845,27.102722305238526,48.4375
580,5.8,1024,1017,1988,1981,1,0,1,27.3161295674845,27.12939821301927,48.53515625
581,5.81,1024,1013,1987,1981,1,0,1,27.3161295674845,27.022694581896285,48.5107421875
582,5.82,1024,1013,1990,1981,1,0,1,27.3161295674845,27.022694581896285,48.583984375
583,5.83,1024,1016,1990,1981,1,0,1,27.3161295674845,27.102722305238526,48.583984375
584,5.84,1024,1011,1988,1981,1,0,1,27.3161295674845,26.969342766334794,48.53515625
585,5.85,1024,1013,1992,1981,1,0,1,27.3161295674845,27.022694581896285,48.6328125
586,5.86,1024,1009,1990,1981,1,0,1,27.3161295674845,26.9159909507733,48.583984375
587,5.87,1024,1009,1994,1981,1,0,1,27.3161295674845,26.9159909507733,48.681640625
588,5.88,1024,1012,1994,1981,1,0,1,27.3161295674845,26.99601867411554,48.681640625
589,5.89,1024,1007,1991,1981,1,0,1,27.3161295674845,26.862639135211808,48.6083984375
590,5.9,1024,1010,1997,1982,1,0,1,27.3161295674845,26.942666858554045,48.7548828125
591,5.91,1024,1009,1994,1982,1,0,1,27.3161295674845,26.9159909507733,48.681640625
592,5.92,1024,1007,1995,1982,1,0,1,27.3161295674845,26.862639135211808,48.7060546875
593,5.93,1024,1008,1998,1983,1,0,1,27.3161295674845,26.889315042992553,48.779296875
594,5.94,1024,1006,1997,1983,1,0,1,27.3161295674845,26.83596322743106,48.7548828125
595,5.95,1024,1009,2000,1984,1,0,1,27.3161295674845,26.9159909507733,48.828125
596,5.96,1024,1008,1997,1984,1,0,1,27.3161295674845,26.889315042992553,48.7548828125
597,5.97,1024,1006,1998,1984,1,0,1,27.3161295674845,26.83596322743106,48.779296875
598,5.98,1024,1007,2001,1985,1,0,1,27.3161295674845,26.862639135211808,48.8525390625
599,5.99,1024,1006,2001,1986,1,0,1,27.3161295674845,26.83596322743106,48.8525390625
600,6.0,1024,1008,2003,1987,1,0,1,27.3161295674845,26.889315042992553,48.9013671875
601,6.01,1024,1009,2001,1987,1,0,1,27.3161295674845,26.9159909507733,48.8525390625
602,6.02,1024,1007,2000,1987,1,0,1,27.3161295674845,26.862639135211808,48.828125
603,6.03,1024,1008,2003,1988,1,0,1,27.3161295674845,26.889315042992553,48.9013671875
604,6.04,1024,1006,2002,1988,1,0,1,27.3161295674845,26.83596322743106,48.876953125
605,6.05,1024,1008,2005,1989,1,0,1,27.3161295674845,26.889315042992553,48.9501953125
606,6.06,1024,1009,2003,1989,1,0,1,27.3161295674845,26.9159909507733,48.9013671875
607,6.07,1024,1008,2002,1989,1,0,1,27.3161295674845,26.889315042992553,48.876953125
608,6.08,1024,1008,2003,1989,1,0,1,27.3161295674845,26.889315042992553,48.9013671875
609,6.09,1024,1007,2003,1989,1,0,1,27.3161295674845,26.862639135211808,48.9013671875
610,6.1,1024,1009,2005,1990,1,0,1,27.3161295674845,26.9159909507733,48.9501953125
611,6.11,1024,1010,2003,1990,1,0,1,27.3161295674845,26.942666858554045,48.9013671875
612,6.12,1024,1009,2002,1990,1,0,1,27.3161295674845,26.9159909507733,48.876953125
613,6.13,1024,1010,2003,1990,1,0,1,27.3161295674845,26.942666858554045,48.9013671875
614,6.14,1024,1009,2002,1990,1,0,1,27.3161295674845,26.9159909507733,48.876953125
615,6.15,1024,1010,2003,1990,1,0,1,27.3161295674845,26.942666858554045,48.9013671875
616,6.16,1024,1010,2002,1990,1,0,1,27.3161295674845,26.942666858554045,48.876953125
617,6.17,1024,1011,2002,1990,1,0,1,27.3161295674845,26.969342766334794,48.876953125
618,6.18,1024,1011,2001,1990,1,0,1,27.3161295674845,26.969342766334794,48.8525390625
619,6.19,1024,1010,2001,1990,1,0,1,27.3161295674845,26.942666858554045,48.8525390625
620,6.2,1024,1011,2002,1990,1,0,1,27.3161295674845,26.969342766334794,48.876953125
621,6.21,1024,1011,2001,1990,1,0,1,27.3161295674845,26.969342766334794,48.8525390625
622,6.22,1024,1012,2001,1990,1,0,1,27.3161295674845,26.99601867411554,48.8525390625
623,6.23,1024,1010,2000,1990,1,0,1,27.3161295674845,26.942666858554045,48.828125
624,6.24,1024,1012,2002,1990,1,0,1,27.3161295674845,26.99601867411554,48.876953125
625,6.25,1024,1015,2000,1990,1,0,1,27.3161295674845,27.07604639745778,48.828125
626,6.26,1024,1013,1998,1990,1,0,1,27.3161295674845,27.022694581896285,48.779296875
627,6.27,1024,1015,1999,1990,1,0,1,27.3161295674845,27.07604639745778,48.8037109375
628,6.28,1024,1012,1998,1990,1,0,1,27.3161295674845,26.99601867411554,48.779296875
629,6.29,1024,1013,2000,1990,1,0,1,27.3161295674845,27.022694581896285,48.828125
630,6.3,1024,1016,1999,1990,1,0,1,27.3161295674845,27.102722305238526,48.8037109375
631,6.31,1024,1013,1997,1990,1,0,1,27.3161295674845,27.022694581896285,48.7548828125
632,6.32,1024,1016,1999,1990,1,0,1,27.3161295674845,27.102722305238526,48.8037109375
633,6.33,1024,1012,1997,1990,1,0,1,27.3161295674845,26.99601867411554,48.7548828125
634,6.34,1024,1014,2000,1990,1,0,1,27.3161295674845,27.04937048967703,48.828125
635,6.35,1024,1017,1998,1990,1,0,1,27.3161295674845,27.12939821301927,48.779296875
636,6.36,1024,1013,1996,1990,1,0,1,27.3161295674845,27.022694581896285,48.73046875
637,6.37,1024,1017,1999,1990,1,0,1,27.3161295674845,27.12939821301927,48.8037109375
638,6.38,1024,1016,1996,1990,1,0,1,27.3161295674845,27.102722305238526,48.73046875
639,6.39,1024,1015,1997,1990,1,0,1,27.3161295674845,27.07604639745778,48.7548828125
640,6.4,1024,1015,1998,1990,1,0,1,27.3161295674845,27.07604639745778,48.779296875
641,6.41,1024,1014,1998,1990,1,0,1,27.3161295674845,27.04937048967703,48.779296875
642,6.42,1024,1018,1998,1990,1,0,1,27.3161295674845,27.156074120800017,48.779296875
643,6.43,1024,1017,1995,1990,1,0,1,27.3161295674845,27.12939821301927,48.7060546875
644,6.44,1024,1016,1996,1990,1,0,1,27.3161295674845,27.102722305238526,48.73046875
645,6.45,1024,1017,1997,1990,1,0,1,27.3161295674845,27.12939821301927,48.7548828125
646,6.46,1024,1015,1996,1990,1,0,1,27.3161295674845,27.07604639745778,48.73046875
647,6.47,1024,1017,1998,1990,1,0,1,27.3161295674845,27.12939821301927,48.779296875
648,6.48,1024,1018,1996,1990,1,0,1,27.3161295674845,27.156074120800017,48.73046875
649,6.49,1024,1017,1995,1990,1,0,1,27.3161295674845,27.12939821301927,48.7060546875
650,6.5,1024,1017,1996,1990,1,0,1,27.3161295674845,27.12939821301927,48.73046875
651,6.51,1024,1017,1996,1990,1,0,1,27.3161295674845,27.12939821301927,48.73046875
652,6.52,1024,1017,1996,1990,1,0,1,27.3161295674845,27.12939821301927,48.73046875
653,6.53,1024,1017,1996,1990,1,0,1,27.3161295674845,27.12939821301927,48.73046875
654,6.54,1024,1017,1996,1990,1,0,1,27.3161295674845,27.12939821301927,48.73046875
655,6.55,1024,1016,1996,1990,1,0,1,27.3161295674845,27.102722305238526,48.73046875
656,6.56,1024,1018,1997,1990,1,0,1,27.3161295674845,27.156074120800017,48.7548828125
657,6.57,1024,1021,1995,1990,1,0,1,27.3161295674845,27.236101844142258,48.7060546875
658,6.58,1024,1018,1992,1990,1,0,1,27.3161295674845,27.156074120800017,48.6328125
659,6.59,1024,1021,1995,1990,1,0,1,27.3161295674845,27.236101844142258,48.7060546875
660,6.6,1024,1017,1992,1990,1,0,1,27.3161295674845,27.12939821301927,48.6328125
661,6.61,1024,1018,1996,1990,1,0,1,27.3161295674845,27.156074120800017,48.73046875
662,6.62,1024,1022,1995,1990,1,0,1,27.3161295674845,27.262777751923004,48.7060546875
663,6.63,1024,1019,1991,1990,1,0,1,27.3161295674845,27.182750028580767,48.6083984375
664,6.64,1024,1021,1994,1990,1,0,1,27.3161295674845,27.236101844142258,48.681640625
665,6.65,1024,1017,1992,1990,1,0,1,27.3161295674845,27.12939821301927,48.6328125
666,6.66,1024,1018,1996,1990,1,0,1,27.3161295674845,27.156074120800017,48.73046875
667,6.67,1024,1022,1995,1990,1,0,1,27.3161295674845,27.262777751923004,48.7060546875
668,6.68,1024,1017,1991,1990,1,0,1,27.3161295674845,27.12939821301927,48.6083984375
669,6.69,1024,1021,1996,1990,1,0,1,27.3161295674845,27.236101844142258,48.73046875
670,6.7,1024,1020,1992,1990,1,0,1,27.3161295674845,27.209425936361512,48.6328125
671,6.71,1024,1018,1993,1990,1,0,1,27.3161295674845,27.156074120800017,48.6572265625
672,6.72,1024,1018,1995,1990,1,0,1,27.3161295674845,27.156074120800017,48.7060546875
673,6.73,1024,1016,1995,1990,1,0,1,27.3161295674845,27.102722305238526,48.7060546875
674,6.74,1024,1018,1997,1990,1,0,1,27.3161295674845,27.156074120800017,48.7548828125
675,6.75,1024,1019,1995,1990,1,0,1,27.3161295674845,27.182750028580767,48.7060546875
676,6.76,1024,1017,1994,1990,1,0,1,27.3161295674845,27.12939821301927,48.681640625
677,6.77,1024,1017,1996,1990,1,0,1,27.3161295674845,27.12939821301927,48.73046875
678,6.78,1024,1016,1996,1990,1,0,1,27.3161295674845,27.102722305238526,48.73046875
679,6.79,1024,1017,1997,1990,1,0,1,27.3161295674845,27.12939821301927,48.7548828125
680,6.8,1024,1016,1996,1990,1,0,1,27.3161295674845,27.102722305238526,48.73046875
681,6.81,1024,1016,1997,1990,1,0,1,27.3161295674845,27.102722305238526,48.7548828125
682,6.82,1024,1014,1997,1990,1,0,1,27.3161295674845,27.04937048967703,48.7548828125
683,6.83,1024,1016,1998,1990,1,0,1,27.3161295674845,27.102722305238526,48.779296875
684,6.84,1024,1016,1997,1990,1,0,1,27.3161295674845,27.102722305238526,48.7548828125
685,6.85,1024,1015,1997,1990,1,0,1,27.3161295674845,27.07604639745778,48.7548828125
686,6.86,1024,1015,1998,1990,1,0,1,27.3161295674845,27.07604639745778,48.779296875
687,6.87,1024,1014,1998,1990,1,0,1,27.3161295674845,27.04937048967703,48.779296875
688,6.88,1024,1015,1998,1990,1,0,1,27.3161295674845,27.07604639745778,48.779296875
689,6.89,1024,1018,1998,1990,1,0,1,27.3161295674845,27.156074120800017,48.779296875
690,6.9,1024,1015,1995,1990,1,0,1,27.3161295674845,27.07604639745778,48.7060546875
691,6.91,1024,1017,1998,1990,1,0,1,27.3161295674845,27.12939821301927,48.779296875
692,6.92,1024,1013,1996,1990,1,0,1,27.3161295674845,27.022694581896285,48.73046875
693,6.93,1536,1014,2491,2021,1,0,1,40.97419435122675,27.04937048967703,60.8154296875
694,6.94,1536,1023,2521,2052,1,0,1,40.97419435122675,27.289453659703753,61.5478515625
695,6.95,1536,1037,2543,2082,1,0,1,40.97419435122675,27.662916368634203,62.0849609375
696,6.96,1536,1055,2560,2111,1,0,1,40.97419435122675,28.143082708687643,62.5
697,6.97,1536,1075,2571,2139,1,0,1,40.97419435122675,28.676600864302575,62.7685546875
698,6.98,1536,1094,2580,2166,1,0,1,40.97419435122675,29.18344311213676,62.98828125
699,6.99,1536,1112,2589,2192,1,0,1,40.97419435122675,29.663609452190197,63.2080078125
700,7.0,1536,1132,2598,2217,1,0,1,40.97419435122675,30.19712760780513,63.427734375
701,7.01,1536,1152,2604,2241,1,0,1,40.97419435122675,30.73064576342006,63.57421875
702,7.02,1536,1171,2609,2264,1,0,1,40.97419435122675,31.237488011254246,63.6962890625
703,7.03,1536,1192,2613,2285,1,0,1,40.97419435122675,31.797682074649924,63.7939453125
704,7.04,1536,1209,2614,2305,1,0,1,40.97419435122675,32.251172506922615,63.818359375
705,7.05,1536,1229,2618,2324,1,0,1,40.97419435122675,32.78469066253755,63.916015625
706,7.06,1536,1244,2618,2342,1,0,1,40.97419435122675,33.184829279248746,63.916015625
707,7.07,1536,1262,2621,2359,1,0,1,40.97419435122675,33.66499561930218,63.9892578125
708,7.08,1536,1276,2621,2375,1,0,1,40.97419435122675,34.038458328232636,63.9892578125
709,7.09,1536,1292,2623,2390,1,0,1,40.97419435122675,34.46527285272458,64.0380859375
710,7.1,1536,1306,2623,2404,1,0,1,40.97419435122675,34.838735561655035,64.0380859375
711,7.11,1536,1321,2623,2417,1,0,1,40.97419435122675,35.23887417836623,64.0380859375
712,7.12,1536,1334,2622,2429,1,0,1,40.97419435122675,35.585660979515936,64.013671875
713,7.13,1536,1346,2622,2441,1,0,1,40.97419435122675,35.9057718728849,64.013671875
714,7.14,1536,1361,2622,2452,1,0,1,40.97419435122675,36.305910489596094,64.013671875
715,7.15,1536,1374,2619,2462,1,0,1,40.97419435122675,36.6526972907458,63.9404296875
716,7.16,1536,1387,2616,2471,1,0,1,40.97419435122675,36.99948409189551,63.8671875
717,7.17,1536,1395,2613,2479,1,0,1,40.97419435122675,37.21289135414148,63.7939453125
718,7.18,1536,1406,2613,2487,1,0,1,40.97419435122675,37.50632633972969,63.7939453125
719,7.19,1536,1418,2610,2494,1,0,1,40.97419435122675,37.82643723309865,63.720703125
720,7.2,1536,1428,2607,2501,1,0,1,40.97419435122675,38.093196310906116,63.6474609375
721,7.21,1536,1436,2604,2507,1,0,1,40.97419435122675,38.30660357315209,63.57421875
722,7.22,1536,1449,2601,2512,1,0,1,40.97419435122675,38.65339037430179,63.5009765625
723,7.23,1536,1457,2595,2517,1,0,1,40.97419435122675,38.866797636547766,63.3544921875
724,7.24,1536,1461,2592,2521,1,0,1,40.97419435122675,38.973501267670756,63.28125
725,7.25,1536,1474,2592,2525,1,0,1,40.97419435122675,39.32028806882046,63.28125
726,7.26,1536,1476,2583,2528,1,0,1,40.97419435122675,39.37363988438195,63.0615234375
727,7.27,1536,1481,2584,2531,1,0,1,40.97419435122675,39.50701942328568,63.0859375
728,7.28,1536,1488,2583,2534,1,0,1,40.97419435122675,39.693750777750914,63.0615234375
729,7.29,1536,1494,2579,2536,1,0,1,40.97419435122675,39.85380622443539,62.9638671875
730,7.3,1536,1506,2575,2538,1,0,1,40.97419435122675,40.17391711780435,62.8662109375
731,7.31,1536,1506,2565,2539,1,0,1,40.97419435122675,40.17391711780435,62.6220703125
732,7.32,1536,1509,2566,2540,1,0,1,40.97419435122675,40.25394484114659,62.646484375
733,7.33,1536,1519,2565,2541,1,0,1,40.97419435122675,40.520703918954055,62.6220703125
734,7.34,1536,1520,2557,2542,1,0,1,40.97419435122675,40.547379826734804,62.4267578125
735,7.35,1536,1530,2556,2542,1,0,1,40.97419435122675,40.81413890454227,62.40234375
736,7.36,1536,1528,2547,2542,1,0,1,40.97419435122675,40.76078708898078,62.1826171875
737,7.37,1536,1531,2549,2542,1,0,1,40.97419435122675,40.84081481232302,62.2314453125
738,7.38,1536,1540,2546,2542,1,0,1,40.97419435122675,41.08089798234973,62.158203125
739,7.39,1536,1539,2537,2541,1,0,1,40.97419435122675,41.05422207456899,61.9384765625
740,7.4,1536,1545,2537,2540,1,0,1,40.97419435122675,41.214277521253464,61.9384765625
741,7.41,1536,1547,2530,2539,1,0,1,40.97419435122675,41.26762933681496,61.767578125
742,7.42,1536,1552,2528,2538,1,0,1,40.97419435122675,41.401008875718695,61.71875
743,7.43,1536,1553,2522,2537,1,0,1,40.97419435122675,41.42768478349944,61.572265625
744,7.44,1536,1555,2519,2535,1,0,1,40.97419435122675,41.481036599060936,61.4990234375
745,7.45,1536,1554,2515,2533,1,0,1,40.97419435122675,41.454360691280186,61.4013671875
746,7.46,1536,1561,2514,2531,1,0,1,40.97419435122675,41.64109204574541,61.376953125
747,7.47,1536,1558,2506,2529,1,0,1,40.97419435122675,41.561064322403176,61.181640625
748,7.48,1536,1566,2507,2527,1,0,1,40.97419435122675,41.77447158464915,61.2060546875
749,7.49,1536,1561,2498,2525,1,0,1,40.97419435122675,41.64109204574541,60.986328125
750,7.5,1536,1565,2500,2523,1,0,1,40.97419435122675,41.7477956768684,61.03515625
751,7.51,1536,1565,2494,2521,1,0,1,40.97419435122675,41.7477956768684,60.888671875
752,7.52,1536,1565,2492,2519,1,0,1,40.97419435122675,41.7477956768684,60.83984375
753,7.53,1536,1564,2490,2517,1,0,1,40.97419435122675,41.72111976908765,60.791015625
754,7.54,1536,1569,2489,2515,1,0,1,40.97419435122675,41.85449930799138,60.7666015625
755,7.55,1536,1566,2483,2513,1,0,1,40.97419435122675,41.77447158464915,60.6201171875
756,7.56,1536,1569,2484,2511,1,0,1,40.97419435122675,41.85449930799138,60.64453125
757,7.57,1536,1567,2479,2509,1,0,1,40.97419435122675,41.80114749242989,60.5224609375
758,7.58,1536,1571,2479,2507,1,0,1,40.97419435122675,41.90785112355288,60.5224609375
759,7.59,1536,1568,2472,2504,1,0,1,40.97419435122675,41.82782340021064,60.3515625
760,7.6,1536,1568,2473,2502,1,0,1,40.97419435122675,41.82782340021064,60.3759765625
761,7.61,1536,1565,2471,2500,1,0,1,40.97419435122675,41.7477956768684,60.3271484375
762,7.62,1536,1570,2471,2498,1,0,1,40.97419435122675,41.88117521577213,60.3271484375
763,7.63,1536,1565,2464,2495,1,0,1,40.97419435122675,41.7477956768684,60.15625
764,7.64,1536,1568,2466,2493,1,0,1,40.97419435122675,41.82782340021064,60.205078125
765,7.65,1536,1566,2462,2491,1,0,1,40.97419435122675,41.77447158464915,60.107421875
766,7.66,1536,1569,2462,2489,1,0,1,40.97419435122675,41.85449930799138,60.107421875
767,7.67,1536,1566,2457,2487,1,0,1,40.97419435122675,41.77447158464915,59.9853515625
768,7.68,1536,1565,2458,2485,1,0,1,40.97419435122675,41.7477956768684,60.009765625
769,7.69,1536,1563,2456,2483,1,0,1,40.97419435122675,41.69444386130691,59.9609375
770,7.7,1536,1568,2456,2481,1,0,1,40.97419435122675,41.82782340021064,59.9609375
771,7.71,1536,1563,2450,2479,1,0,1,40.97419435122675,41.69444386130691,59.814453125
772,7.72,1536,1565,2452,2477,1,0,1,40.97419435122675,41.7477956768684,59.86328125
773,7.73,1536,1564,2448,2475,1,0,1,40.97419435122675,41.72111976908765,59.765625
774,7.74,1536,1564,2447,2473,1,0,1,40.97419435122675,41.72111976908765,59.7412109375
775,7.75,1536,1565,2445,2471,1,0,1,40.97419435122675,41.7477956768684,59.6923828125
776,7.76,1536,1562,2442,2469,1,0,1,40.97419435122675,41.66776795352616,59.619140625
777,7.77,1536,1560,2443,2467,1,0,1,40.97419435122675,41.61441613796467,59.6435546875
778,7.78,1536,1564,2443,2465,1,0,1,40.97419435122675,41.72111976908765,59.6435546875
779,7.79,1536,1560,2437,2463,1,0,1,40.97419435122675,41.61441613796467,59.4970703125
780,7.8,1536,1562,2439,2461,1,0,1,40.97419435122675,41.66776795352616,59.5458984375
781,7.81,1536,1560,2435,2459,1,0,1,40.97419435122675,41.61441613796467,59.4482421875
782,7.82,1536,1562,2435,2457,1,0,1,40.97419435122675,41.66776795352616,59.4482421875
783,7.83,1536,1560,2431,2455,1,0,1,40.97419435122675,41.61441613796467,59.3505859375
784,7.84,1536,1559,2431,2453,1,0,1,40.97419435122675,41.58774023018392,59.3505859375
785,7.85,1536,1556,2430,2451,1,0,1,40.97419435122675,41.50771250684168,59.326171875
786,7.86,1536,1560,2431,2449,1,0,1,40.97419435122675,41.61441613796467,59.3505859375
787,7.87,1536,1555,2425,2447,1,0,1,40.97419435122675,41.481036599060936,59.2041015625
788,7.88,1536,1556,2427,2445,1,0,1,40.97419435122675,41.50771250684168,59.2529296875
789,7.89,1536,1554,2425,2443,1,0,1,40.97419435122675,41.454360691280186,59.2041015625
790,7.9,1536,1556,2424,2441,1,0,1,40.97419435122675,41.50771250684168,59.1796875
791,7.91,1536,1554,2421,2439,1,0,1,40.97419435122675,41.454360691280186,59.1064453125
792,7.92,1536,1552,2420,2437,1,0,1,40.97419435122675,41.401008875718695,59.08203125
793,7.93,1536,1549,2421,2436,1,0,1,40.97419435122675,41.320981152376454,59.1064453125
794,7.94,1536,1554,2423,2435,1,0,1,40.97419435122675,41.454360691280186,59.1552734375
795,7.95,1536,1550,2416,2433,1,0,1,40.97419435122675,41.3476570601572,58.984375
796,7.96,1536,1554,2419,2432,1,0,1,40.97419435122675,41.454360691280186,59.0576171875
797,7.97,1536,1547,2413,2430,1,0,1,40.97419435122675,41.26762933681496,58.9111328125
798,7.98,1536,1550,2419,2429,1,0,1,40.97419435122675,41.3476570601572,59.0576171875
799,7.99,1536,1548,2415,2428,1,0,1,40.97419435122675,41.294305244595705,58.9599609375
800,8.0,1536,1545,2416,2427,1,0,1,40.97419435122675,41.214277521253464,58.984375
801,8.01,1536,1546,2417,2426,1,0,1,40.97419435122675,41.240953429034214,59.0087890625
802,8.02,1536,1544,2416,2425,1,0,1,40.97419435122675,41.18760161347272,58.984375
803,8.03,1536,1544,2416,2424,1,0,1,40.97419435122675,41.18760161347272,58.984375
804,8.04,1536,1548,2415,2423,1,0,1,40.97419435122675,41.294305244595705,58.9599609375
805,8.05,1536,1543,2411,2422,1,0,1,40.97419435122675,41.16092570569197,58.8623046875
806,8.06,1536,1540,2414,2421,1,0,1,40.97419435122675,41.08089798234973,58.935546875
807,8.07,1536,1545,2416,2420,1,0,1,40.97419435122675,41.214277521253464,58.984375
808,8.08,1536,1539,2410,2419,1,0,1,40.97419435122675,41.05422207456899,58.837890625
809,8.09,1536,1545,2415,2418,1,0,1,40.97419435122675,41.214277521253464,58.9599609375
810,8.1,1536,1538,2408,2417,1,0,1,40.97419435122675,41.02754616678824,58.7890625
811,8.11,1536,1542,2414,2416,1,0,1,40.97419435122675,41.13424979791123,58.935546875
812,8.12,1536,1540,2409,2415,1,0,1,40.97419435122675,41.08089798234973,58.8134765625
813,8.13,1536,1536,2410,2414,1,0,1,40.97419435122675,40.97419435122675,58.837890625
814,8.14,1536,1539,2414,2414,1,0,1,40.97419435122675,41.05422207456899,58.935546875
815,8.15,1536,1537,2410,2413,1,0,1,40.97419435122675,41.00087025900749,58.837890625
816,8.16,1536,1537,2411,2412,1,0,1,40.97419435122675,41.00087025900749,58.8623046875
817,8.17,1536,1542,2410,2411,1,0,1,40.97419435122675,41.13424979791123,58.837890625
818,8.18,1536,1536,2404,2410,1,0,1,40.97419435122675,40.97419435122675,58.69140625
819,8.19,1536,1534,2410,2410,1,0,1,40.97419435122675,40.92084253566525,58.837890625
820,8.2,1536,1539,2411,2410,1,0,1,40.97419435122675,41.05422207456899,58.8623046875
821,8.21,1536,1534,2406,2409,1,0,1,40.97419435122675,40.92084253566525,58.740234375
822,8.22,1536,1540,2410,2409,1,0,1,40.97419435122675,41.08089798234973,58.837890625
823,8.23,1536,1534,2404,2408,1,0,1,40.97419435122675,40.92084253566525,58.69140625
824,8.24,1536,1537,2409,2408,1,0,1,40.97419435122675,41.00087025900749,58.8134765625
825,8.25,1536,1534,2406,2407,1,0,1,40.97419435122675,40.92084253566525,58.740234375
826,8.26,1536,1531,2408,2407,1,0,1,40.97419435122675,40.84081481232302,58.7890625
827,8.27,1536,1533,2411,2407,1,0,1,40.97419435122675,40.89416662788451,58.8623046875
828,8.28,1536,1532,2409,2407,1,0,1,40.97419435122675,40.86749072010376,58.8134765625
829,8.29,1536,1534,2410,2407,1,0,1,40.97419435122675,40.92084253566525,58.837890625
830,8.3,1536,1532,2408,2407,1,0,1,40.97419435122675,40.86749072010376,58.7890625
831,8.31,1536,1530,2410,2407,1,0,1,40.97419435122675,40.81413890454227,58.837890625
832,8.32,1536,1527,2412,2407,1,0,1,40.97419435122675,40.73411118120003,58.88671875
833,8.33,1536,1529,2415,2407,1,0,1,40.97419435122675,40.78746299676152,58.9599609375
834,8.34,1536,1529,2413,2407,1,0,1,40.97419435122675,40.78746299676152,58.9111328125
835,8.35,1536,1534,2413,2407,1,0,1,40.97419435122675,40.92084253566525,58.9111328125
836,8.36,1536,1527,2408,2407,1,0,1,40.97419435122675,40.73411118120003,58.7890625
837,8.37,1536,1526,2415,2407,1,0,1,40.97419435122675,40.70743527341928,58.9599609375
838,8.38,1536,1530,2415,2407,1,0,1,40.97419435122675,40.81413890454227,58.9599609375
839,8.39,1536,1526,2412,2407,1,0,1,40.97419435122675,40.70743527341928,58.88671875
840,8.4,1536,1532,2415,2407,1,0,1,40.97419435122675,40.86749072010376,58.9599609375
841,8.41,1536,1526,2410,2407,1,0,1,40.97419435122675,40.70743527341928,58.837890625
842,8.42,1536,1529,2415,2407,1,0,1,40.97419435122675,40.78746299676152,58.9599609375
843,8.43,1536,1527,2413,2407,1,0,1,40.97419435122675,40.73411118120003,58.9111328125
844,8.44,1536,1525,2415,2407,1,0,1,40.97419435122675,40.68075936563854,58.9599609375
845,8.45,1536,1527,2416,2407,1,0,1,40.97419435122675,40.73411118120003,58.984375
846,8.46,1536,1527,2415,2407,1,0,1,40.97419435122675,40.73411118120003,58.9599609375
847,8.47,1536,1529,2415,2407,1,0,1,40.97419435122675,40.78746299676152,58.9599609375
848,8.48,1536,1528,2413,2407,1,0,1,40.97419435122675,40.76078708898078,58.9111328125
849,8.49,1536,1527,2414,2407,1,0,1,40.97419435122675,40.73411118120003,58.935546875
850,8.5,1536,1525,2415,2407,1,0,1,40.97419435122675,40.68075936563854,58.9599609375
851,8.51,1536,1527,2416,2407,1,0,1,40.97419435122675,40.73411118120003,58.984375
852,8.52,1536,1527,2415,2407,1,0,1,40.97419435122675,40.73411118120003,58.9599609375
853,8.53,1536,1532,2415,2407,1,0,1,40.97419435122675,40.86749072010376,58.9599609375
854,8.54,1536,1528,2410,2407,1,0,1,40.97419435122675,40.76078708898078,58.837890625
855,8.55,1536,1526,2414,2407,1,0,1,40.97419435122675,40.70743527341928,58.935546875
856,8.56,1536,1530,2415,2407,1,0,1,40.97419435122675,40.81413890454227,58.9599609375
857,8.57,1536,1526,2412,2407,1,0,1,40.97419435122675,40.70743527341928,58.88671875
858,8.58,1536,1533,2415,2407,1,0,1,40.97419435122675,40.89416662788451,58.9599609375
859,8.59,1536,1527,2409,2407,1,0,1,40.97419435122675,40.73411118120003,58.8134765625
860,8.6,1536,1531,2415,2407,1,0,1,40.97419435122675,40.84081481232302,58.9599609375
861,8.61,1536,1531,2411,2407,1,0,1,40.97419435122675,40.84081481232302,58.8623046875
862,8.62,1536,1527,2411,2407,1,0,1,40.97419435122675,40.73411118120003,58.8623046875
863,8.63,1536,1529,2415,2407,1,0,1,40.97419435122675,40.78746299676152,58.9599609375
864,8.64,1536,1528,2413,2407,1,0,1,40.97419435122675,40.76078708898078,58.9111328125
865,8.65,1536,1531,2414,2407,1,0,1,40.97419435122675,40.84081481232302,58.935546875
866,8.66,1536,1529,2411,2407,1,0,1,40.97419435122675,40.78746299676152,58.8623046875
867,8.67,1536,1527,2413,2407,1,0,1,40.97419435122675,40.73411118120003,58.9111328125
868,8.68,1536,1529,2415,2407,1,0,1,40.97419435122675,40.78746299676152,58.9599609375
869,8.69,1536,1528,2413,2407,1,0,1,40.97419435122675,40.76078708898078,58.9111328125
870,8.7,1536,1528,2414,2407,1,0,1,40.97419435122675,40.76078708898078,58.935546875
871,8.71,1536,1532,2414,2407,1,0,1,40.97419435122675,40.86749072010376,58.935546875
872,8.72,1536,1527,2410,2407,1,0,1,40.97419435122675,40.73411118120003,58.837890625
873,8.73,1536,1526,2415,2407,1,0,1,40.97419435122675,40.70743527341928,58.9599609375
874,8.74,1536,1530,2415,2407,1,0,1,40.97419435122675,40.81413890454227,58.9599609375
875,8.75,1536,1525,2412,2407,1,0,1,40.97419435122675,40.68075936563854,58.88671875
876,8.76,1536,1532,2416,2407,1,0,1,40.97419435122675,40.86749072010376,58.984375
877,8.77,1536,1526,2410,2407,1,0,1,40.97419435122675,40.70743527341928,58.837890625
878,8.78,1536,1530,2415,2407,1,0,1,40.97419435122675,40.81413890454227,58.9599609375
879,8.79,1536,1530,2412,2407,1,0,1,40.97419435122675,40.81413890454227,58.88671875
880,8.8,1536,1526,2412,2407,1,0,1,40.97419435122675,40.70743527341928,58.88671875
881,8.81,1536,1528,2415,2407,1,0,1,40.97419435122675,40.76078708898078,58.9599609375
882,8.82,1536,1527,2414,2407,1,0,1,40.97419435122675,40.73411118120003,58.935546875
883,8.83,1536,1530,2415,2407,1,0,1,40.97419435122675,40.81413890454227,58.9599609375
884,8.84,1536,1528,2412,2407,1,0,1,40.97419435122675,40.76078708898078,58.88671875
885,8.85,1536,1528,2414,2407,1,0,1,40.97419435122675,40.76078708898078,58.935546875
886,8.86,1536,1529,2414,2407,1,0,1,40.97419435122675,40.78746299676152,58.935546875
887,8.87,1536,1528,2413,2407,1,0,1,40.97419435122675,40.76078708898078,58.9111328125
888,8.88,1536,1527,2414,2407,1,0,1,40.97419435122675,40.73411118120003,58.935546875
889,8.89,1536,1533,2415,2407,1,0,1,40.97419435122675,40.89416662788451,58.9599609375
890,8.9,1536,1528,2409,2407,1,0,1,40.97419435122675,40.76078708898078,58.8134765625
891,8.91,1536,1526,2414,2407,1,0,1,40.97419435122675,40.70743527341928,58.935546875
892,8.92,1536,1531,2415,2407,1,0,1,40.97419435122675,40.84081481232302,58.9599609375
893,8.93,1536,1528,2411,2407,1,0,1,40.97419435122675,40.76078708898078,58.8623046875
894,8.94,1536,1534,2414,2407,1,0,1,40.97419435122675,40.92084253566525,58.935546875
895,8.95,1536,1527,2408,2407,1,0,1,40.97419435122675,40.73411118120003,58.7890625
896,8.96,1536,1530,2415,2407,1,0,1,40.97419435122675,40.81413890454227,58.9599609375
897,8.97,1536,1530,2412,2407,1,0,1,40.97419435122675,40.81413890454227,58.88671875
898,8.98,1536,1527,2412,2407,1,0,1,40.97419435122675,40.73411118120003,58.88671875
899,8.99,1536,1529,2415,2407,1,0,1,40.97419435122675,40.78746299676152,58.9599609375
900,9.0,1536,1527,2413,2407,1,0,1,40.97419435122675,40.73411118120003,58.9111328125
901,9.01,1536,1530,2415,2407,1,0,1,40.97419435122675,40.81413890454227,58.9599609375
902,9.02,1536,1529,2412,2407,1,0,1,40.97419435122675,40.78746299676152,58.88671875
903,9.03,1536,1528,2413,2407,1,0,1,40.97419435122675,40.76078708898078,58.9111328125
904,9.04,1536,1528,2414,2407,1,0,1,40.97419435122675,40.76078708898078,58.935546875
905,9.05,1536,1527,2414,2407,1,0,1,40.97419435122675,40.73411118120003,58.935546875
906,9.06,1536,1527,2415,2407,1,0,1,40.97419435122675,40.73411118120003,58.9599609375
907,9.07,1536,1532,2415,2407,1,0,1,40.97419435122675,40.86749072010376,58.9599609375
908,9.08,1536,1527,2410,2407,1,0,1,40.97419435122675,40.73411118120003,58.837890625
909,9.09,1536,1524,2415,2407,1,0,1,40.97419435122675,40.65408345785779,58.9599609375
910,9.1,1536,1529,2417,2407,1,0,1,40.97419435122675,40.78746299676152,59.0087890625
911,9.11,1536,1526,2413,2407,1,0,1,40.97419435122675,40.70743527341928,58.9111328125
912,9.12,1536,1531,2415,2407,1,0,1,40.97419435122675,40.84081481232302,58.9599609375
913,9.13,1536,1525,2411,2407,1,0,1,40.97419435122675,40.68075936563854,58.8623046875
914,9.14,1536,1523,2416,2407,1,0,1,40.97419435122675,40.627407550077045,58.984375
915,9.15,1536,1528,2418,2407,1,0,1,40.97419435122675,40.76078708898078,59.033203125
916,9.16,1536,1524,2414,2407,1,0,1,40.97419435122675,40.65408345785779,58.935546875
917,9.17,1536,1526,2417,2407,1,0,1,40.97419435122675,40.70743527341928,59.0087890625
918,9.18,1536,1525,2415,2407,1,0,1,40.97419435122675,40.68075936563854,58.9599609375
919,9.19,1536,1528,2416,2407,1,0,1,40.97419435122675,40.76078708898078,58.984375
920,9.2,1536,1527,2414,2407,1,0,1,40.97419435122675,40.73411118120003,58.935546875
921,9.21,1536,1525,2415,2407,1,0,1,40.97419435122675,40.68075936563854,58.9599609375
922,9.22,1536,1527,2416,2407,1,0,1,40.97419435122675,40.73411118120003,58.984375
923,9.23,1536,1526,2415,2407,1,0,1,40.97419435122675,40.70743527341928,58.9599609375
924,9.24,1536,1527,2415,2407,1,0,1,40.97419435122675,40.73411118120003,58.9599609375
925,9.25,1536,1528,2415,2407,1,0,1,40.97419435122675,40.76078708898078,58.9599609375
926,9.26,1536,1528,2414,2407,1,0,1,40.97419435122675,40.76078708898078,58.935546875
927,9.27,1536,1526,2414,2407,1,0,1,40.97419435122675,40.70743527341928,58.935546875
928,9.28,1536,1528,2415,2407,1,0,1,40.97419435122675,40.76078708898078,58.9599609375
929,9.29,1536,1528,2414,2407,1,0,1,40.97419435122675,40.76078708898078,58.935546875
930,9.3,1536,1533,2414,2407,1,0,1,40.97419435122675,40.89416662788451,58.935546875
931,9.31,1536,1528,2409,2407,1,0,1,40.97419435122675,40.76078708898078,58.8134765625
932,9.32,1536,1527,2414,2407,1,0,1,40.97419435122675,40.73411118120003,58.935546875
933,9.33,1536,1531,2415,2407,1,0,1,40.97419435122675,40.84081481232302,58.9599609375
934,9.34,1536,1528,2411,2407,1,0,1,40.97419435122675,40.76078708898078,58.8623046875
935,9.35,1536,1530,2414,2407,1,0,1,40.97419435122675,40.81413890454227,58.935546875
936,9.36,1536,1528,2412,2407,1,0,1,40.97419435122675,40.76078708898078,58.88671875
937,9.37,1536,1532,2414,2407,1,0,1,40.97419435122675,40.86749072010376,58.935546875
938,9.38,1536,1530,2410,2407,1,0,1,40.97419435122675,40.81413890454227,58.837890625
939,9.39,1536,1528,2412,2407,1,0,1,40.97419435122675,40.76078708898078,58.88671875
940,9.4,1536,1530,2414,2407,1,0,1,40.97419435122675,40.81413890454227,58.935546875
941,9.41,1536,1529,2412,2407,1,0,1,40.97419435122675,40.78746299676152,58.88671875
942,9.42,1536,1530,2413,2407,1,0,1,40.97419435122675,40.81413890454227,58.9111328125
943,9.43,1536,1531,2412,2407,1,0,1,40.97419435122675,40.84081481232302,58.88671875
944,9.44,1536,1530,2411,2407,1,0,1,40.97419435122675,40.81413890454227,58.8623046875
945,9.45,1536,1527,2412,2407,1,0,1,40.97419435122675,40.73411118120003,58.88671875
946,9.46,1536,1532,2415,2407,1,0,1,40.97419435122675,40.86749072010376,58.9599609375
947,9.47,1536,1530,2410,2407,1,0,1,40.97419435122675,40.81413890454227,58.837890625
948,9.48,1536,1534,2412,2407,1,0,1,40.97419435122675,40.92084253566525,58.88671875
949,9.49,1536,1528,2408,2407,1,0,1,40.97419435122675,40.76078708898078,58.7890625
950,9.5,1536,1527,2414,2407,1,0,1,40.97419435122675,40.73411118120003,58.935546875
951,9.51,1536,1533,2415,2407,1,0,1,40.97419435122675,40.89416662788451,58.9599609375
952,9.52,1536,1527,2409,2407,1,0,1,40.97419435122675,40.73411118120003,58.8134765625
953,9.53,1536,1530,2415,2407,1,0,1,40.97419435122675,40.81413890454227,58.9599609375
954,9.54,1536,1529,2412,2407,1,0,1,40.97419435122675,40.78746299676152,58.88671875
955,9.55,1536,1533,2413,2407,1,0,1,40.97419435122675,40.89416662788451,58.9111328125
956,9.56,1536,1531,2409,2407,1,0,1,40.97419435122675,40.84081481232302,58.8134765625
957,9.57,1536,1530,2411,2407,1,0,1,40.97419435122675,40.81413890454227,58.8623046875
958,9.58,1536,1531,2412,2407,1,0,1,40.97419435122675,40.84081481232302,58.88671875
959,9.59,1536,1530,2411,2407,1,0,1,40.97419435122675,40.81413890454227,58.8623046875
960,9.6,1536,1529,2412,2407,1,0,1,40.97419435122675,40.78746299676152,58.88671875
961,9.61,1536,1529,2413,2407,1,0,1,40.97419435122675,40.78746299676152,58.9111328125
962,9.62,1536,1528,2413,2407,1,0,1,40.97419435122675,40.76078708898078,58.9111328125
963,9.63,1536,1526,2414,2407,1,0,1,40.97419435122675,40.70743527341928,58.935546875
964,9.64,1536,1531,2415,2407,1,0,1,40.97419435122675,40.84081481232302,58.9599609375
965,9.65,1536,1528,2411,2407,1,0,1,40.97419435122675,40.76078708898078,58.8623046875
966,9.66,1536,1532,2414,2407,1,0,1,40.97419435122675,40.86749072010376,58.935546875
967,9.67,1536,1526,2410,2407,1,0,1,40.97419435122675,40.70743527341928,58.837890625
968,9.68,1536,1525,2415,2407,1,0,1,40.97419435122675,40.68075936563854,58.9599609375
969,9.69,1536,1530,2416,2407,1,0,1,40.97419435122675,40.81413890454227,58.984375
970,9.7,1536,1526,2412,2407,1,0,1,40.97419435122675,40.70743527341928,58.88671875
971,9.71,1536,1528,2415,2407,1,0,1,40.97419435122675,40.76078708898078,58.9599609375
972,9.72,1536,1526,2414,2407,1,0,1,40.97419435122675,40.70743527341928,58.935546875
973,9.73,1536,1529,2415,2407,1,0,1,40.97419435122675,40.78746299676152,58.9599609375
974,9.74,1536,1527,2413,2407,1,0,1,40.97419435122675,40.73411118120003,58.9111328125
975,9.75,1536,1525,2415,2407,1,0,1,40.97419435122675,40.68075936563854,58.9599609375
976,9.76,1536,1527,2416,2407,1,0,1,40.97419435122675,40.73411118120003,58.984375
977,9.77,1536,1526,2415,2407,1,0,1,40.97419435122675,40.70743527341928,58.9599609375
978,9.78,1536,1526,2415,2407,1,0,1,40.97419435122675,40.70743527341928,58.9599609375
979,9.79,1536,1527,2415,2407,1,0,1,40.97419435122675,40.73411118120003,58.9599609375
980,9.8,1536,1526,2415,2407,1,0,1,40.97419435122675,40.70743527341928,58.9599609375
981,9.81,1536,1524,2415,2407,1,0,1,40.97419435122675,40.65408345785779,58.9599609375
982,9.82,1536,1525,2417,2407,1,0,1,40.97419435122675,40.68075936563854,59.0087890625
983,9.83,1536,1525,2416,2407,1,0,1,40.97419435122675,40.68075936563854,58.984375
984,9.84,1536,1530,2416,2407,1,0,1,40.97419435122675,40.81413890454227,58.984375
985,9.85,1536,1525,2412,2407,1,0,1,40.97419435122675,40.68075936563854,58.88671875
986,9.86,1536,1523,2416,2407,1,0,1,40.97419435122675,40.627407550077045,58.984375
987,9.87,1536,1529,2418,2407,1,0,1,40.97419435122675,40.78746299676152,59.033203125
988,9.88,1536,1524,2413,2407,1,0,1,40.97419435122675,40.65408345785779,58.9111328125
989,9.89,1536,1531,2417,2407,1,0,1,40.97419435122675,40.84081481232302,59.0087890625
990,9.9,1536,1525,2411,2407,1,0,1,40.97419435122675,40.68075936563854,58.8623046875
991,9.91,1536,1530,2416,2407,1,0,1,40.97419435122675,40.81413890454227,58.984375
992,9.92,1536,1528,2412,2407,1,0,1,40.97419435122675,40.76078708898078,58.88671875
993,9.93,1536,1525,2414,2407,1,0,1,40.97419435122675,40.68075936563854,58.935546875
994,9.94,1536,1528,2416,2407,1,0,1,40.97419435122675,40.76078708898078,58.984375
995,9.95,1536,1528,2414,2407,1,0,1,40.97419435122675,40.76078708898078,58.935546875
996,9.96,1536,1531,2414,2407,1,0,1,40.97419435122675,40.84081481232302,58.935546875
997,9.97,1536,1529,2411,2407,1,0,1,40.97419435122675,40.78746299676152,58.8623046875
998,9.98,1536,1528,2413,2407,1,0,1,40.97419435122675,40.76078708898078,58.9111328125
999,9.99,1536,1527,2414,2407,1,0,1,40.97419435122675,40.73411118120003,58.935546875
1000,10.0,1536,1529,2415,2407,1,0,1,40.97419435122675,40.78746299676152,58.9599609375
1001,10.01,1536,1529,2413,2407,1,0,1,40.97419435122675,40.78746299676152,58.9111328125
1002,10.02,1536,1534,2413,2407,1,0,1,40.97419435122675,40.92084253566525,58.9111328125
1003,10.03,1536,1530,2408,2407,1,0,1,40.97419435122675,40.81413890454227,58.7890625
1004,10.04,1536,1528,2412,2407,1,0,1,40.97419435122675,40.76078708898078,58.88671875
1005,10.05,1536,1533,2414,2407,1,0,1,40.97419435122675,40.89416662788451,58.935546875
1006,10.06,1536,1529,2409,2407,1,0,1,40.97419435122675,40.78746299676152,58.8134765625
1007,10.07,1536,1536,2413,2407,1,0,1,40.97419435122675,40.97419435122675,58.9111328125
1008,10.08,1536,1529,2407,2407,1,0,1,40.97419435122675,40.78746299676152,58.7646484375
1009,10.09,1536,1533,2413,2407,1,0,1,40.97419435122675,40.89416662788451,58.9111328125
1010,10.1,1536,1532,2409,2407,1,0,1,40.97419435122675,40.86749072010376,58.8134765625
1011,10.11,1536,1529,2410,2407,1,0,1,40.97419435122675,40.78746299676152,58.837890625
1012,10.12,1536,1532,2413,2407,1,0,1,40.97419435122675,40.86749072010376,58.9111328125
1013,10.13,1536,1531,2410,2407,1,0,1,40.97419435122675,40.84081481232302,58.837890625
1014,10.14,1536,1531,2411,2407,1,0,1,40.97419435122675,40.84081481232302,58.8623046875
1015,10.15,1536,1531,2411,2407,1,0,1,40.97419435122675,40.84081481232302,58.8623046875
1016,10.16,1536,1531,2411,2407,1,0,1,40.97419435122675,40.84081481232302,58.8623046875
1017,10.17,1536,1529,2411,2407,1,0,1,40.97419435122675,40.78746299676152,58.8623046875
1018,10.18,1536,1531,2413,2407,1,0,1,40.97419435122675,40.84081481232302,58.9111328125
1019,10.19,1536,1530,2411,2407,1,0,1,40.97419435122675,40.81413890454227,58.8623046875
1020,10.2,1536,1536,2412,2407,1,0,1,40.97419435122675,40.97419435122675,58.88671875
1021,10.21,1536,1530,2407,2407,1,0,1,40.97419435122675,40.81413890454227,58.7646484375
1022,10.22,1536,1529,2412,2407,1,0,1,40.97419435122675,40.78746299676152,58.88671875
1023,10.23,1536,1533,2413,2407,1,0,1,40.97419435122675,40.89416662788451,58.9111328125
1024,10.24,1536,1529,2409,2407,1,0,1,40.97419435122675,40.78746299676152,58.8134765625
1025,10.25,1536,1531,2413,2407,1,0,1,40.97419435122675,40.84081481232302,58.9111328125
1026,10.26,1536,1529,2411,2407,1,0,1,40.97419435122675,40.78746299676152,58.8623046875
1027,10.27,1536,1532,2413,2407,1,0,1,40.97419435122675,40.86749072010376,58.9111328125
1028,10.28,1536,1531,2410,2407,1,0,1,40.97419435122675,40.84081481232302,58.837890625
1029,10.29,1536,1528,2411,2407,1,0,1,40.97419435122675,40.76078708898078,58.8623046875
1030,10.3,1536,1531,2414,2407,1,0,1,40.97419435122675,40.84081481232302,58.935546875
1031,10.31,1536,1530,2411,2407,1,0,1,40.97419435122675,40.81413890454227,58.8623046875
1032,10.32,1536,1530,2412,2407,1,0,1,40.97419435122675,40.81413890454227,58.88671875
1033,10.33,1536,1530,2412,2407,1,0,1,40.97419435122675,40.81413890454227,58.88671875
1034,10.34,1536,1529,2412,2407,1,0,1,40.97419435122675,40.78746299676152,58.88671875
1035,10.35,1536,1527,2413,2407,1,0,1,40.97419435122675,40.73411118120003,58.9111328125
1036,10.36,1536,1532,2415,2407,1,0,1,40.97419435122675,40.86749072010376,58.9599609375
1037,10.37,1536,1529,2410,2407,1,0,1,40.97419435122675,40.78746299676152,58.837890625
1038,10.38,1536,1534,2413,2407,1,0,1,40.97419435122675,40.92084253566525,58.9111328125
1039,10.39,1536,1528,2408,2407,1,0,1,40.97419435122675,40.76078708898078,58.7890625
1040,10.4,1536,1527,2414,2407,1,0,1,40.97419435122675,40.73411118120003,58.935546875
1041,10.41,1536,1532,2415,2407,1,0,1,40.97419435122675,40.86749072010376,58.9599609375
1042,10.42,1536,1527,2410,2407,1,0,1,40.97419435122675,40.73411118120003,58.837890625
1043,10.43,1536,1530,2415,2407,1,0,1,40.97419435122675,40.81413890454227,58.9599609375
1044,10.44,1536,1528,2412,2407,1,0,1,40.97419435122675,40.76078708898078,58.88671875
1045,10.45,1536,1531,2414,2407,1,0,1,40.97419435122675,40.84081481232302,58.935546875
1046,10.46,1536,1530,2411,2407,1,0,1,40.97419435122675,40.81413890454227,58.8623046875
1047,10.47,1536,1529,2412,2407,1,0,1,40.97419435122675,40.78746299676152,58.88671875
1048,10.48,1536,1530,2413,2407,1,0,1,40.97419435122675,40.81413890454227,58.9111328125
1049,10.49,1536,1528,2412,2407,1,0,1,40.97419435122675,40.76078708898078,58.88671875
1050,10.5,1536,1528,2414,2407,1,0,1,40.97419435122675,40.76078708898078,58.935546875
1051,10.51,1536,1529,2414,2407,1,0,1,40.97419435122675,40.78746299676152,58.935546875
1052,10.52,1536,1528,2413,2407,1,0,1,40.97419435122675,40.76078708898078,58.9111328125
1053,10.53,1536,1526,2414,2407,1,0,1,40.97419435122675,40.70743527341928,58.935546875
1054,10.54,1536,1531,2415,2407,1,0,1,40.97419435122675,40.84081481232302,58.9599609375
1055,10.55,1536,1528,2411,2407,1,0,1,40.97419435122675,40.76078708898078,58.8623046875
1056,10.56,1536,1533,2414,2407,1,0,1,40.97419435122675,40.89416662788451,58.935546875
1057,10.57,1536,1527,2409,2407,1,0,1,40.97419435122675,40.73411118120003,58.8134765625
1058,10.58,1536,1526,2415,2407,1,0,1,40.97419435122675,40.70743527341928,58.9599609375
1059,10.59,1536,1531,2415,2407,1,0,1,40.97419435122675,40.84081481232302,58.9599609375
1060,10.6,1536,1527,2411,2407,1,0,1,40.97419435122675,40.73411118120003,58.8623046875
1061,10.61,1536,1530,2415,2407,1,0,1,40.97419435122675,40.81413890454227,58.9599609375
1062,10.62,1536,1528,2412,2407,1,0,1,40.97419435122675,40.76078708898078,58.88671875
1063,10.63,1536,1532,2414,2407,1,0,1,40.97419435122675,40.86749072010376,58.935546875
1064,10.64,1536,1530,2410,2407,1,0,1,40.97419435122675,40.81413890454227,58.837890625
1065,10.65,1536,1529,2412,2407,1,0,1,40.97419435122675,40.78746299676152,58.88671875
1066,10.66,1536,1530,2413,2407,1,0,1,40.97419435122675,40.81413890454227,58.9111328125
1067,10.67,1536,1530,2412,2407,1,0,1,40.97419435122675,40.81413890454227,58.88671875
1068,10.68,1536,1529,2412,2407,1,0,1,40.97419435122675,40.78746299676152,58.88671875
1069,10.69,1536,1531,2413,2407,1,0,1,40.97419435122675,40.84081481232302,58.9111328125
1070,10.7,1536,1531,2411,2407,1,0,1,40.97419435122675,40.84081481232302,58.8623046875
1071,10.71,1536,1529,2411,2407,1,0,1,40.97419435122675,40.78746299676152,58.8623046875
1072,10.72,1536,1535,2413,2407,1,0,1,40.97419435122675,40.947518443446,58.9111328125
1073,10.73,1536,1532,2407,2407,1,0,1,40.97419435122675,40.86749072010376,58.7646484375
1074,10.74,1536,1537,2410,2407,1,0,1,40.97419435122675,41.00087025900749,58.837890625
1075,10.75,1536,1532,2405,2406,1,0,1,40.97419435122675,40.86749072010376,58.7158203125
1076,10.76,1536,1536,2409,2406,1,0,1,40.97419435122675,40.97419435122675,58.8134765625
1077,10.77,1536,1536,2406,2406,1,0,1,40.97419435122675,40.97419435122675,58.740234375
1078,10.78,1536,1531,2406,2406,1,0,1,40.97419435122675,40.84081481232302,58.740234375
1079,10.79,1536,1534,2410,2406,1,0,1,40.97419435122675,40.92084253566525,58.837890625
1080,10.8,1536,1533,2407,2406,1,0,1,40.97419435122675,40.89416662788451,58.7646484375
1081,10.81,1536,1536,2408,2406,1,0,1,40.97419435122675,40.97419435122675,58.7890625
1082,10.82,1536,1535,2406,2406,1,0,1,40.97419435122675,40.947518443446,58.740234375
1083,10.83,1536,1534,2406,2406,1,0,1,40.97419435122675,40.92084253566525,58.740234375
1084,10.84,1536,1532,2407,2406,1,0,1,40.97419435122675,40.86749072010376,58.7646484375
1085,10.85,1536,1534,2409,2406,1,0,1,40.97419435122675,40.92084253566525,58.8134765625
1086,10.86,1536,1534,2407,2406,1,0,1,40.97419435122675,40.92084253566525,58.7646484375
1087,10.87,1536,1539,2407,2406,1,0,1,40.97419435122675,41.05422207456899,58.7646484375
1088,10.88,1536,1534,2402,2405,1,0,1,40.97419435122675,40.92084253566525,58.642578125
1089,10.89,1536,1532,2406,2405,1,0,1,40.97419435122675,40.86749072010376,58.740234375
1090,10.9,1536,1537,2408,2405,1,0,1,40.97419435122675,41.00087025900749,58.7890625
1091,10.91,1536,1533,2403,2404,1,0,1,40.97419435122675,40.89416662788451,58.6669921875
1092,10.92,1536,1536,2406,2404,1,0,1,40.97419435122675,40.97419435122675,58.740234375
1093,10.93,1536,1533,2404,2404,1,0,1,40.97419435122675,40.89416662788451,58.69140625
1094,10.94,1536,1537,2406,2404,1,0,1,40.97419435122675,41.00087025900749,58.740234375
1095,10.95,1536,1535,2402,2403,1,0,1,40.97419435122675,40.947518443446,58.642578125
1096,10.96,1536,1534,2403,2403,1,0,1,40.97419435122675,40.92084253566525,58.6669921875
1097,10.97,1536,1534,2404,2403,1,0,1,40.97419435122675,40.92084253566525,58.69140625
1098,10.98,1536,1533,2404,2403,1,0,1,40.97419435122675,40.89416662788451,58.69140625
1099,10.99,1536,1532,2405,2403,1,0,1,40.97419435122675,40.86749072010376,58.7158203125
1100,11.0,1536,1537,2406,2403,1,0,1,40.97419435122675,41.00087025900749,58.740234375
1101,11.01,1536,1532,2401,2402,1,0,1,40.97419435122675,40.86749072010376,58.6181640625
1102,11.02,1536,1530,2405,2402,1,0,1,40.97419435122675,40.81413890454227,58.7158203125
1103,11.03,1536,1535,2407,2402,1,0,1,40.97419435122675,40.947518443446,58.7646484375
1104,11.04,1536,1531,2402,2402,1,0,1,40.97419435122675,40.84081481232302,58.642578125
1105,11.05,1536,1536,2406,2402,1,0,1,40.97419435122675,40.97419435122675,58.740234375
1106,11.06,1536,1530,2402,2402,1,0,1,40.97419435122675,40.81413890454227,58.642578125
1107,11.07,1536,1533,2407,2402,1,0,1,40.97419435122675,40.89416662788451,58.7646484375
1108,11.08,1536,1533,2404,2402,1,0,1,40.97419435122675,40.89416662788451,58.69140625
1109,11.09,1536,1528,2404,2402,1,0,1,40.97419435122675,40.76078708898078,58.69140625
1110,11.1,1536,1531,2409,2402,1,0,1,40.97419435122675,40.84081481232302,58.8134765625
1111,11.11,1536,1530,2406,2402,1,0,1,40.97419435122675,40.81413890454227,58.740234375
1112,11.12,1536,1533,2407,2402,1,0,1,40.97419435122675,40.89416662788451,58.7646484375
1113,11.13,1536,1531,2404,2402,1,0,1,40.97419435122675,40.84081481232302,58.69140625
1114,11.14,1536,1530,2406,2402,1,0,1,40.97419435122675,40.81413890454227,58.740234375
1115,11.15,1536,1531,2407,2402,1,0,1,40.97419435122675,40.84081481232302,58.7646484375
1116,11.16,1536,1530,2406,2402,1,0,1,40.97419435122675,40.81413890454227,58.740234375
1117,11.17,1536,1530,2407,2402,1,0,1,40.97419435122675,40.81413890454227,58.7646484375
1118,11.18,1536,1535,2407,2402,1,0,1,40.97419435122675,40.947518443446,58.7646484375
1119,11.19,1536,1530,2402,2402,1,0,1,40.97419435122675,40.81413890454227,58.642578125
1120,11.2,1536,1528,2407,2402,1,0,1,40.97419435122675,40.76078708898078,58.7646484375
1121,11.21,1536,1533,2409,2402,1,0,1,40.97419435122675,40.89416662788451,58.8134765625
1122,11.22,1536,1529,2404,2402,1,0,1,40.97419435122675,40.78746299676152,58.69140625
1123,11.23,1536,1535,2408,2402,1,0,1,40.97419435122675,40.947518443446,58.7890625
1124,11.24,1536,1529,2402,2402,1,0,1,40.97419435122675,40.78746299676152,58.642578125
1125,11.25,1536,1533,2408,2402,1,0,1,40.97419435122675,40.89416662788451,58.7890625
1126,11.26,1536,1533,2404,2402,1,0,1,40.97419435122675,40.89416662788451,58.69140625
1127,11.27,1536,1528,2404,2402,1,0,1,40.97419435122675,40.76078708898078,58.69140625
1128,11.28,1536,1530,2409,2402,1,0,1,40.97419435122675,40.81413890454227,58.8134765625
1129,11.29,1536,1528,2407,2402,1,0,1,40.97419435122675,40.76078708898078,58.7646484375
1130,11.3,1536,1531,2409,2402,1,0,1,40.97419435122675,40.84081481232302,58.8134765625
1131,11.31,1536,1529,2406,2402,1,0,1,40.97419435122675,40.78746299676152,58.740234375
1132,11.32,1536,1528,2408,2402,1,0,1,40.97419435122675,40.76078708898078,58.7890625
1133,11.33,1536,1526,2409,2402,1,0,1,40.97419435122675,40.70743527341928,58.8134765625
1134,11.34,1536,1528,2410,2402,1,0,1,40.97419435122675,40.76078708898078,58.837890625
1135,11.35,1536,1528,2409,2402,1,0,1,40.97419435122675,40.76078708898078,58.8134765625
1136,11.36,1536,1533,2409,2402,1,0,1,40.97419435122675,40.89416662788451,58.8134765625
1137,11.37,1536,1528,2404,2402,1,0,1,40.97419435122675,40.76078708898078,58.69140625
1138,11.38,1536,1526,2409,2402,1,0,1,40.97419435122675,40.70743527341928,58.8134765625
1139,11.39,1536,1532,2410,2402,1,0,1,40.97419435122675,40.86749072010376,58.837890625
1140,11.4,1536,1527,2405,2402,1,0,1,40.97419435122675,40.73411118120003,58.7158203125
1141,11.41,1536,1534,2410,2402,1,0,1,40.97419435122675,40.92084253566525,58.837890625
1142,11.42,1536,1529,2403,2402,1,0,1,40.97419435122675,40.78746299676152,58.6669921875
1143,11.43,1536,1532,2408,2402,1,0,1,40.97419435122675,40.86749072010376,58.7890625
1144,11.44,1536,1531,2405,2402,1,0,1,40.97419435122675,40.84081481232302,58.7158203125
1145,11.45,1536,1529,2406,2402,1,0,1,40.97419435122675,40.78746299676152,58.740234375
1146,11.46,1536,1532,2408,2402,1,0,1,40.97419435122675,40.86749072010376,58.7890625
1147,11.47,1536,1531,2405,2402,1,0,1,40.97419435122675,40.84081481232302,58.7158203125
1148,11.48,1536,1534,2406,2402,1,0,1,40.97419435122675,40.92084253566525,58.740234375
1149,11.49,1536,1532,2403,2402,1,0,1,40.97419435122675,40.86749072010376,58.6669921875
1150,11.5,1536,1532,2405,2402,1,0,1,40.97419435122675,40.86749072010376,58.7158203125
1151,11.51,1536,1530,2405,2402,1,0,1,40.97419435122675,40.81413890454227,58.7158203125
1152,11.52,1536,1532,2407,2402,1,0,1,40.97419435122675,40.86749072010376,58.7646484375
1153,11.53,1536,1532,2405,2402,1,0,1,40.97419435122675,40.86749072010376,58.7158203125
1154,11.54,1536,1537,2405,2402,1,0,1,40.97419435122675,41.00087025900749,58.7158203125
1155,11.55,1536,1532,2400,2401,1,0,1,40.97419435122675,40.86749072010376,58.59375
1156,11.56,1536,1531,2404,2401,1,0,1,40.97419435122675,40.84081481232302,58.69140625
1157,11.57,1536,1536,2405,2401,1,0,1,40.97419435122675,40.97419435122675,58.7158203125
1158,11.58,1536,1531,2401,2401,1,0,1,40.97419435122675,40.84081481232302,58.6181640625
1159,11.59,1536,1534,2405,2401,1,0,1,40.97419435122675,40.92084253566525,58.7158203125
1160,11.6,1536,1532,2402,2401,1,0,1,40.97419435122675,40.86749072010376,58.642578125
1161,11.61,1536,1536,2404,2401,1,0,1,40.97419435122675,40.97419435122675,58.69140625
1162,11.62,1536,1534,2401,2401,1,0,1,40.97419435122675,40.92084253566525,58.6181640625
1163,11.63,1536,1533,2402,2401,1,0,1,40.97419435122675,40.89416662788451,58.642578125
1164,11.64,1536,1534,2403,2401,1,0,1,40.97419435122675,40.92084253566525,58.6669921875
1165,11.65,1536,1532,2402,2401,1,0,1,40.97419435122675,40.86749072010376,58.642578125
1166,11.66,1536,1533,2404,2401,1,0,1,40.97419435122675,40.89416662788451,58.69140625
1167,11.67,1536,1537,2403,2401,1,0,1,40.97419435122675,41.00087025900749,58.6669921875
1168,11.68,1536,1533,2399,2400,1,0,1,40.97419435122675,40.89416662788451,58.5693359375
1169,11.69,1536,1530,2402,2400,1,0,1,40.97419435122675,40.81413890454227,58.642578125
1170,11.7,1536,1535,2405,2400,1,0,1,40.97419435122675,40.947518443446,58.7158203125
1171,11.71,1536,1532,2400,2400,1,0,1,40.97419435122675,40.86749072010376,58.59375
1172,11.72,1536,1537,2403,2400,1,0,1,40.97419435122675,41.00087025900749,58.6669921875
1173,11.73,1536,1531,2398,2399,1,0,1,40.97419435122675,40.84081481232302,58.544921875
1174,11.74,1536,1534,2403,2399,1,0,1,40.97419435122675,40.92084253566525,58.6669921875
1175,11.75,1536,1534,2400,2399,1,0,1,40.97419435122675,40.92084253566525,58.59375
1176,11.76,1536,1529,2400,2399,1,0,1,40.97419435122675,40.78746299676152,58.59375
1177,11.77,1536,1530,2405,2399,1,0,1,40.97419435122675,40.81413890454227,58.7158203125
1178,11.78,1536,1530,2404,2399,1,0,1,40.97419435122675,40.81413890454227,58.69140625
1179,11.79,1536,1533,2404,2399,1,0,1,40.97419435122675,40.89416662788451,58.69140625
1180,11.8,1536,1530,2401,2399,1,0,1,40.97419435122675,40.81413890454227,58.6181640625
1181,11.81,1536,1529,2404,2399,1,0,1,40.97419435122675,40.78746299676152,58.69140625
1182,11.82,1536,1530,2405,2399,1,0,1,40.97419435122675,40.81413890454227,58.7158203125
1183,11.83,1536,1529,2404,2399,1,0,1,40.97419435122675,40.78746299676152,58.69140625
1184,11.84,1536,1529,2405,2399,1,0,1,40.97419435122675,40.78746299676152,58.7158203125
1185,11.85,1536,1534,2405,2399,1,0,1,40.97419435122675,40.92084253566525,58.7158203125
1186,11.86,1536,1529,2400,2399,1,0,1,40.97419435122675,40.78746299676152,58.59375
1187,11.87,1536,1527,2405,2399,1,0,1,40.97419435122675,40.73411118120003,58.7158203125
1188,11.88,1536,1532,2407,2399,1,0,1,40.97419435122675,40.86749072010376,58.7646484375
1189,11.89,1536,1527,2402,2399,1,0,1,40.97419435122675,40.73411118120003,58.642578125
1190,11.9,1536,1534,2407,2399,1,0,1,40.97419435122675,40.92084253566525,58.7646484375
1191,11.91,1536,1528,2400,2399,1,0,1,40.97419435122675,40.76078708898078,58.59375
1192,11.92,1536,1532,2406,2399,1,0,1,40.97419435122675,40.86749072010376,58.740234375
1193,11.93,1536,1532,2402,2399,1,0,1,40.97419435122675,40.86749072010376,58.642578125
1194,11.94,1536,1527,2402,2399,1,0,1,40.97419435122675,40.73411118120003,58.642578125
1195,11.95,1536,1529,2407,2399,1,0,1,40.97419435122675,40.78746299676152,58.7646484375
1196,11.96,1536,1528,2405,2399,1,0,1,40.97419435122675,40.76078708898078,58.7158203125
1197,11.97,1536,1531,2406,2399,1,0,1,40.97419435122675,40.84081481232302,58.740234375
1198,11.98,1536,1529,2403,2399,1,0,1,40.97419435122675,40.78746299676152,58.6669921875
1199,11.99,1536,1529,2405,2399,1,0,1,40.97419435122675,40.78746299676152,58.7158203125
1200,12.0,1536,1526,2405,2399,1,0,1,40.97419435122675,40.70743527341928,58.7158203125
1201,12.01,1536,1529,2407,2399,1,0,1,40.97419435122675,40.78746299676152,58.7646484375
1202,12.02,1536,1529,2405,2399,1,0,1,40.97419435122675,40.78746299676152,58.7158203125
1203,12.03,1536,1533,2405,2399,1,0,1,40.97419435122675,40.89416662788451,58.7158203125
1204,12.04,1536,1528,2401,2399,1,0,1,40.97419435122675,40.76078708898078,58.6181640625
1205,12.05,1536,1526,2406,2399,1,0,1,40.97419435122675,40.70743527341928,58.740234375
1206,12.06,1536,1531,2407,2399,1,0,1,40.97419435122675,40.84081481232302,58.7646484375
1207,12.07,1536,1526,2403,2399,1,0,1,40.97419435122675,40.70743527341928,58.6669921875
1208,12.08,1536,1533,2407,2399,1,0,1,40.97419435122675,40.89416662788451,58.7646484375
1209,12.09,1536,1527,2401,2399,1,0,1,40.97419435122675,40.73411118120003,58.6181640625
1210,12.1,1536,1531,2407,2399,1,0,1,40.97419435122675,40.84081481232302,58.7646484375
1211,12.11,1536,1531,2403,2399,1,0,1,40.97419435122675,40.84081481232302,58.6669921875
1212,12.12,1536,1528,2403,2399,1,0,1,40.97419435122675,40.76078708898078,58.6669921875
1213,12.13,1536,1530,2406,2399,1,0,1,40.97419435122675,40.81413890454227,58.740234375
1214,12.14,1536,1530,2404,2399,1,0,1,40.97419435122675,40.81413890454227,58.69140625
1215,12.15,1536,1531,2404,2399,1,0,1,40.97419435122675,40.84081481232302,58.69140625
1216,12.16,1536,1531,2403,2399,1,0,1,40.97419435122675,40.84081481232302,58.6669921875
1217,12.17,1536,1530,2403,2399,1,0,1,40.97419435122675,40.81413890454227,58.6669921875
1218,12.18,1536,1528,2404,2399,1,0,1,40.97419435122675,40.76078708898078,58.69140625
1219,12.19,1536,1531,2406,2399,1,0,1,40.97419435122675,40.84081481232302,58.740234375
1220,12.2,1536,1531,2403,2399,1,0,1,40.97419435122675,40.84081481232302,58.6669921875
1221,12.21,1536,1536,2403,2399,1,0,1,40.97419435122675,40.97419435122675,58.6669921875
1222,12.22,1536,1531,2399,2399,1,0,1,40.97419435122675,40.84081481232302,58.5693359375
1223,12.23,1536,1530,2403,2399,1,0,1,40.97419435122675,40.81413890454227,58.6669921875
1224,12.24,1536,1535,2404,2399,1,0,1,40.97419435122675,40.947518443446,58.69140625
1225,12.25,1536,1531,2399,2399,1,0,1,40.97419435122675,40.84081481232302,58.5693359375
1226,12.26,1536,1538,2403,2399,1,0,1,40.97419435122675,41.02754616678824,58.6669921875
1227,12.27,1536,1532,2396,2398,1,0,1,40.97419435122675,40.86749072010376,58.49609375
1228,12.28,1536,1536,2401,2398,1,0,1,40.97419435122675,40.97419435122675,58.6181640625
1229,12.29,1536,1534,2398,2398,1,0,1,40.97419435122675,40.92084253566525,58.544921875
1230,12.3,1536,1531,2399,2398,1,0,1,40.97419435122675,40.84081481232302,58.5693359375
1231,12.31,1536,1534,2402,2398,1,0,1,40.97419435122675,40.92084253566525,58.642578125
1232,12.32,1536,1533,2399,2398,1,0,1,40.97419435122675,40.89416662788451,58.5693359375
1233,12.33,1536,1533,2400,2398,1,0,1,40.97419435122675,40.89416662788451,58.59375
1234,12.34,1536,1534,2400,2398,1,0,1,40.97419435122675,40.92084253566525,58.59375
1235,12.35,1536,1534,2399,2398,1,0,1,40.97419435122675,40.92084253566525,58.5693359375
1236,12.36,1536,1531,2399,2398,1,0,1,40.97419435122675,40.84081481232302,58.5693359375
1237,12.37,1536,1536,2402,2398,1,0,1,40.97419435122675,40.97419435122675,58.642578125
1238,12.38,1536,1533,2398,2398,1,0,1,40.97419435122675,40.89416662788451,58.544921875
1239,12.39,1536,1539,2400,2398,1,0,1,40.97419435122675,41.05422207456899,58.59375
1240,12.4,1536,1532,2394,2397,1,0,1,40.97419435122675,40.86749072010376,58.447265625
1241,12.41,1536,1536,2400,2397,1,0,1,40.97419435122675,40.97419435122675,58.59375
1242,12.42,1536,1536,2397,2397,1,0,1,40.97419435122675,40.97419435122675,58.5205078125
1243,12.43,1536,1531,2397,2397,1,0,1,40.97419435122675,40.84081481232302,58.5205078125
1244,12.44,1536,1533,2401,2397,1,0,1,40.97419435122675,40.89416662788451,58.6181640625
1245,12.45,1536,1532,2399,2397,1,0,1,40.97419435122675,40.86749072010376,58.5693359375
1246,12.46,1536,1535,2400,2397,1,0,1,40.97419435122675,40.947518443446,58.59375
1247,12.47,1536,1533,2397,2397,1,0,1,40.97419435122675,40.89416662788451,58.5205078125
1248,12.48,1536,1532,2399,2397,1,0,1,40.97419435122675,40.86749072010376,58.5693359375
1249,12.49,1536,1530,2400,2397,1,0,1,40.97419435122675,40.81413890454227,58.59375
1250,12.5,1536,1531,2402,2397,1,0,1,40.97419435122675,40.84081481232302,58.642578125
1251,12.51,1536,1531,2401,2397,1,0,1,40.97419435122675,40.84081481232302,58.6181640625
1252,12.52,1536,1536,2401,2397,1,0,1,40.97419435122675,40.97419435122675,58.6181640625
1253,12.53,1536,1531,2397,2397,1,0,1,40.97419435122675,40.84081481232302,58.5205078125
1254,12.54,1536,1529,2401,2397,1,0,1,40.97419435122675,40.78746299676152,58.6181640625
1255,12.55,1536,1534,2403,2397,1,0,1,40.97419435122675,40.92084253566525,58.6669921875
1256,12.56,1536,1529,2398,2397,1,0,1,40.97419435122675,40.78746299676152,58.544921875
1257,12.57,1536,1535,2403,2397,1,0,1,40.97419435122675,40.947518443446,58.6669921875
1258,12.58,1536,1530,2397,2397,1,0,1,40.97419435122675,40.81413890454227,58.5205078125
1259,12.59,1536,1533,2402,2397,1,0,1,40.97419435122675,40.89416662788451,58.642578125
1260,12.6,1536,1531,2399,2397,1,0,1,40.97419435122675,40.84081481232302,58.5693359375
1261,12.61,1536,1529,2401,2397,1,0,1,40.97419435122675,40.78746299676152,58.6181640625
1262,12.62,1536,1531,2403,2397,1,0,1,40.97419435122675,40.84081481232302,58.6669921875
1263,12.63,1536,1530,2401,2397,1,0,1,40.97419435122675,40.81413890454227,58.6181640625
1264,12.64,1536,1533,2402,2397,1,0,1,40.97419435122675,40.89416662788451,58.642578125
1265,12.65,1536,1531,2399,2397,1,0,1,40.97419435122675,40.84081481232302,58.5693359375
1266,12.66,1536,1531,2401,2397,1,0,1,40.97419435122675,40.84081481232302,58.6181640625
1267,12.67,1536,1528,2401,2397,1,0,1,40.97419435122675,40.76078708898078,58.6181640625
1268,12.68,1536,1530,2404,2397,1,0,1,40.97419435122675,40.81413890454227,58.69140625
1269,12.69,1536,1530,2402,2397,1,0,1,40.97419435122675,40.81413890454227,58.642578125
1270,12.7,1536,1535,2402,2397,1,0,1,40.97419435122675,40.947518443446,58.642578125
1271,12.71,1536,1529,2397,2397,1,0,1,40.97419435122675,40.78746299676152,58.5205078125
1272,12.72,1536,1527,2403,2397,1,0,1,40.97419435122675,40.73411118120003,58.6669921875
1273,12.73,1536,1532,2405,2397,1,0,1,40.97419435122675,40.86749072010376,58.7158203125
1274,12.74,1536,1527,2400,2397,1,0,1,40.97419435122675,40.73411118120003,58.59375
1275,12.75,1536,1534,2405,2397,1,0,1,40.97419435122675,40.92084253566525,58.7158203125
1276,12.76,1536,1528,2398,2397,1,0,1,40.97419435122675,40.76078708898078,58.544921875
1277,12.77,1536,1531,2404,2397,1,0,1,40.97419435122675,40.84081481232302,58.69140625
1278,12.78,1536,1530,2401,2397,1,0,1,40.97419435122675,40.81413890454227,58.6181640625
1279,12.79,1536,1528,2402,2397,1,0,1,40.97419435122675,40.76078708898078,58.642578125
1280,12.8,1536,1530,2404,2397,1,0,1,40.97419435122675,40.81413890454227,58.69140625
1281,12.81,1536,1529,2402,2397,1,0,1,40.97419435122675,40.78746299676152,58.642578125
1282,12.82,1536,1529,2403,2397,1,0,1,40.97419435122675,40.78746299676152,58.6669921875
1283,12.83,1536,1530,2403,2397,1,0,1,40.97419435122675,40.81413890454227,58.6669921875
1284,12.84,1536,1529,2402,2397,1,0,1,40.97419435122675,40.78746299676152,58.642578125
1285,12.85,1536,1527,2403,2397,1,0,1,40.97419435122675,40.73411118120003,58.6669921875
1286,12.86,1536,1530,2405,2397,1,0,1,40.97419435122675,40.81413890454227,58.7158203125
1287,12.87,1536,1530,2402,2397,1,0,1,40.97419435122675,40.81413890454227,58.642578125
1288,12.88,1536,1535,2402,2397,1,0,1,40.97419435122675,40.947518443446,58.642578125
1289,12.89,1536,1529,2397,2397,1,0,1,40.97419435122675,40.78746299676152,58.5205078125
1290,12.9,1536,1528,2403,2397,1,0,1,40.97419435122675,40.76078708898078,58.6669921875
1291,12.91,1536,1533,2404,2397,1,0,1,40.97419435122675,40.89416662788451,58.69140625
1292,12.92,1536,1529,2399,2397,1,0,1,40.97419435122675,40.78746299676152,58.5693359375
1293,12.93,1536,1532,2403,2397,1,0,1,40.97419435122675,40.86749072010376,58.6669921875
1294,12.94,1536,1530,2400,2397,1,0,1,40.97419435122675,40.81413890454227,58.59375
1295,12.95,1536,1533,2402,2397,1,0,1,40.97419435122675,40.89416662788451,58.642578125
1296,12.96,1536,1532,2399,2397,1,0,1,40.97419435122675,40.86749072010376,58.5693359375
1297,12.97,1536,1532,2400,2397,1,0,1,40.97419435122675,40.86749072010376,58.59375
1298,12.98,1536,1533,2400,2397,1,0,1,40.97419435122675,40.89416662788451,58.59375
1299,12.99,1536,1531,2399,2397,1,0,1,40.97419435122675,40.84081481232302,58.5693359375
1300,13.0,1536,1532,2401,2397,1,0,1,40.97419435122675,40.86749072010376,58.6181640625
1301,13.01,1536,1533,2400,2397,1,0,1,40.97419435122675,40.89416662788451,58.59375
1302,13.02,1536,1532,2399,2397,1,0,1,40.97419435122675,40.86749072010376,58.5693359375
1303,13.03,1536,1530,2400,2397,1,0,1,40.97419435122675,40.81413890454227,58.59375
1304,13.04,1536,1534,2402,2397,1,0,1,40.97419435122675,40.92084253566525,58.642578125
1305,13.05,1536,1531,2398,2397,1,0,1,40.97419435122675,40.84081481232302,58.544921875
1306,13.06,1536,1536,2401,2397,1,0,1,40.97419435122675,40.97419435122675,58.6181640625
1307,13.07,1536,1530,2397,2397,1,0,1,40.97419435122675,40.81413890454227,58.5205078125
1308,13.08,1536,1534,2402,2397,1,0,1,40.97419435122675,40.92084253566525,58.642578125
1309,13.09,1536,1534,2398,2397,1,0,1,40.97419435122675,40.92084253566525,58.544921875
1310,13.1,1536,1530,2398,2397,1,0,1,40.97419435122675,40.81413890454227,58.544921875
1311,13.11,1536,1532,2402,2397,1,0,1,40.97419435122675,40.86749072010376,58.642578125
1312,13.12,1536,1531,2400,2397,1,0,1,40.97419435122675,40.84081481232302,58.59375
1313,13.13,1536,1533,2401,2397,1,0,1,40.97419435122675,40.89416662788451,58.6181640625
1314,13.14,1536,1531,2399,2397,1,0,1,40.97419435122675,40.84081481232302,58.5693359375
1315,13.15,1536,1530,2401,2397,1,0,1,40.97419435122675,40.81413890454227,58.6181640625
1316,13.16,1536,1531,2402,2397,1,0,1,40.97419435122675,40.84081481232302,58.642578125
1317,13.17,1536,1529,2401,2397,1,0,1,40.97419435122675,40.78746299676152,58.6181640625
1318,13.18,1536,1529,2403,2397,1,0,1,40.97419435122675,40.78746299676152,58.6669921875
1319,13.19,1536,1533,2403,2397,1,0,1,40.97419435122675,40.89416662788451,58.6669921875
1320,13.2,1536,1528,2399,2397,1,0,1,40.97419435122675,40.76078708898078,58.5693359375
1321,13.21,1536,1526,2404,2397,1,0,1,40.97419435122675,40.70743527341928,58.69140625
1322,13.22,1536,1530,2405,2397,1,0,1,40.97419435122675,40.81413890454227,58.7158203125
1323,13.23,1536,1527,2402,2397,1,0,1,40.97419435122675,40.73411118120003,58.642578125
1324,13.24,1536,1532,2405,2397,1,0,1,40.97419435122675,40.86749072010376,58.7158203125
1325,13.25,1536,1526,2400,2397,1,0,1,40.97419435122675,40.70743527341928,58.59375
1326,13.26,1536,1530,2405,2397,1,0,1,40.97419435122675,40.81413890454227,58.7158203125
1327,13.27,1536,1529,2402,2397,1,0,1,40.97419435122675,40.78746299676152,58.642578125
1328,13.28,1536,1525,2403,2397,1,0,1,40.97419435122675,40.68075936563854,58.6669921875
1329,13.29,1536,1528,2406,2397,1,0,1,40.97419435122675,40.76078708898078,58.740234375
1330,13.3,1536,1525,2404,2397,1,0,1,40.97419435122675,40.68075936563854,58.69140625
1331,13.31,1536,1529,2406,2397,1,0,1,40.97419435122675,40.78746299676152,58.740234375
1332,13.32,1536,1527,2403,2397,1,0,1,40.97419435122675,40.73411118120003,58.6669921875
1333,13.33,1536,1526,2405,2397,1,0,1,40.97419435122675,40.70743527341928,58.7158203125
1334,13.34,1536,1527,2405,2397,1,0,1,40.97419435122675,40.73411118120003,58.7158203125
1335,13.35,1536,1527,2405,2397,1,0,1,40.97419435122675,40.73411118120003,58.7158203125
1336,13.36,1536,1526,2405,2397,1,0,1,40.97419435122675,40.70743527341928,58.7158203125
1337,13.37,1536,1527,2405,2397,1,0,1,40.97419435122675,40.73411118120003,58.7158203125
1338,13.38,1536,1527,2405,2397,1,0,1,40.97419435122675,40.73411118120003,58.7158203125
1339,13.39,1536,1525,2405,2397,1,0,1,40.97419435122675,40.68075936563854,58.7158203125
1340,13.4,1536,1529,2406,2397,1,0,1,40.97419435122675,40.78746299676152,58.740234375
1341,13.41,1536,1527,2403,2397,1,0,1,40.97419435122675,40.73411118120003,58.6669921875
1342,13.42,1536,1532,2405,2397,1,0,1,40.97419435122675,40.86749072010376,58.7158203125
1343,13.43,1536,1526,2400,2397,1,0,1,40.97419435122675,40.70743527341928,58.59375
1344,13.44,1536,1525,2405,2397,1,0,1,40.97419435122675,40.68075936563854,58.7158203125
1345,13.45,1536,1529,2406,2397,1,0,1,40.97419435122675,40.78746299676152,58.740234375
1346,13.46,1536,1525,2403,2397,1,0,1,40.97419435122675,40.68075936563854,58.6669921875
1347,13.47,1536,1528,2406,2397,1,0,1,40.97419435122675,40.76078708898078,58.740234375
1348,13.48,1536,1526,2404,2397,1,0,1,40.97419435122675,40.70743527341928,58.69140625
1349,13.49,1536,1530,2405,2397,1,0,1,40.97419435122675,40.81413890454227,58.7158203125
1350,13.5,1536,1528,2402,2397,1,0,1,40.97419435122675,40.76078708898078,58.642578125
1351,13.51,1536,1525,2404,2397,1,0,1,40.97419435122675,40.68075936563854,58.69140625
1352,13.52,1536,1528,2406,2397,1,0,1,40.97419435122675,40.76078708898078,58.740234375
1353,13.53,1536,1527,2404,2397,1,0,1,40.97419435122675,40.73411118120003,58.69140625
1354,13.54,1536,1528,2405,2397,1,0,1,40.97419435122675,40.76078708898078,58.7158203125
1355,13.55,1536,1529,2404,2397,1,0,1,40.97419435122675,40.78746299676152,58.69140625
1356,13.56,1536,1528,2403,2397,1,0,1,40.97419435122675,40.76078708898078,58.6669921875
1357,13.57,1536,1526,2404,2397,1,0,1,40.97419435122675,40.70743527341928,58.69140625
1358,13.58,1536,1531,2405,2397,1,0,1,40.97419435122675,40.84081481232302,58.7158203125
1359,13.59,1536,1529,2401,2397,1,0,1,40.97419435122675,40.78746299676152,58.6181640625
1360,13.6,1536,1534,2403,2397,1,0,1,40.97419435122675,40.92084253566525,58.6669921875
1361,13.61,1536,1529,2398,2397,1,0,1,40.97419435122675,40.78746299676152,58.544921875
1362,13.62,1536,1528,2403,2397,1,0,1,40.97419435122675,40.76078708898078,58.6669921875
1363,13.63,1536,1534,2404,2397,1,0,1,40.97419435122675,40.92084253566525,58.69140625
1364,13.64,1536,1529,2398,2397,1,0,1,40.97419435122675,40.78746299676152,58.544921875
1365,13.65,1536,1532,2403,2397,1,0,1,40.97419435122675,40.86749072010376,58.6669921875
1366,13.66,1536,1531,2400,2397,1,0,1,40.97419435122675,40.84081481232302,58.59375
1367,13.67,1536,1534,2401,2397,1,0,1,40.97419435122675,40.92084253566525,58.6181640625
1368,13.68,1536,1533,2398,2397,1,0,1,40.97419435122675,40.89416662788451,58.544921875
1369,13.69,1536,1532,2399,2397,1,0,1,40.97419435122675,40.86749072010376,58.5693359375
1370,13.7,1536,1532,2400,2397,1,0,1,40.97419435122675,40.86749072010376,58.59375
1371,13.71,1536,1532,2400,2397,1,0,1,40.97419435122675,40.86749072010376,58.59375
1372,13.72,1536,1533,2400,2397,1,0,1,40.97419435122675,40.89416662788451,58.59375
1373,13.73,1536,1538,2399,2397,1,0,1,40.97419435122675,41.02754616678824,58.5693359375
1374,13.74,1536,1533,2394,2396,1,0,1,40.97419435122675,40.89416662788451,58.447265625
1375,13.75,1536,1531,2398,2396,1,0,1,40.97419435122675,40.84081481232302,58.544921875
1376,13.76,1536,1536,2400,2396,1,0,1,40.97419435122675,40.97419435122675,58.59375
1377,13.77,1536,1532,2396,2396,1,0,1,40.97419435122675,40.86749072010376,58.49609375
1378,13.78,1536,1538,2399,2396,1,0,1,40.97419435122675,41.02754616678824,58.5693359375
1379,13.79,1536,1532,2393,2395,1,0,1,40.97419435122675,40.86749072010376,58.4228515625
1380,13.8,1536,1535,2398,2395,1,0,1,40.97419435122675,40.947518443446,58.544921875
1381,13.81,1536,1536,2395,2395,1,0,1,40.97419435122675,40.97419435122675,58.4716796875
1382,13.82,1536,1531,2395,2395,1,0,1,40.97419435122675,40.84081481232302,58.4716796875
1383,13.83,1536,1534,2399,2395,1,0,1,40.97419435122675,40.92084253566525,58.5693359375
1384,13.84,1536,1533,2396,2395,1,0,1,40.97419435122675,40.89416662788451,58.49609375
1385,13.85,1536,1536,2397,2395,1,0,1,40.97419435122675,40.97419435122675,58.5205078125
1386,13.86,1536,1534,2395,2395,1,0,1,40.97419435122675,40.92084253566525,58.4716796875
1387,13.87,1536,1533,2396,2395,1,0,1,40.97419435122675,40.89416662788451,58.49609375
1388,13.88,1536,1531,2397,2395,1,0,1,40.97419435122675,40.84081481232302,58.5205078125
1389,13.89,1536,1533,2399,2395,1,0,1,40.97419435122675,40.89416662788451,58.5693359375
1390,13.9,1536,1533,2397,2395,1,0,1,40.97419435122675,40.89416662788451,58.5205078125
1391,13.91,1536,1538,2397,2395,1,0,1,40.97419435122675,41.02754616678824,58.5205078125
1392,13.92,1536,1531,2392,2394,1,0,1,40.97419435122675,40.84081481232302,58.3984375
1393,13.93,1536,1530,2398,2394,1,0,1,40.97419435122675,40.81413890454227,58.544921875
1394,13.94,1536,1534,2399,2394,1,0,1,40.97419435122675,40.92084253566525,58.5693359375
1395,13.95,1536,1529,2395,2394,1,0,1,40.97419435122675,40.78746299676152,58.4716796875
1396,13.96,1536,1531,2400,2394,1,0,1,40.97419435122675,40.84081481232302,58.59375
1397,13.97,1536,1528,2398,2394,1,0,1,40.97419435122675,40.76078708898078,58.544921875
1398,13.98,1536,1530,2401,2394,1,0,1,40.97419435122675,40.81413890454227,58.6181640625
1399,13.99,1536,1528,2399,2394,1,0,1,40.97419435122675,40.76078708898078,58.5693359375
1400,14.0,1536,1526,2401,2394,1,0,1,40.97419435122675,40.70743527341928,58.6181640625
1401,14.01,1536,1528,2402,2394,1,0,1,40.97419435122675,40.76078708898078,58.642578125
1402,14.02,1536,1526,2401,2394,1,0,1,40.97419435122675,40.70743527341928,58.6181640625
1403,14.03,1536,1526,2402,2394,1,0,1,40.97419435122675,40.70743527341928,58.642578125
1404,14.04,1536,1526,2402,2394,1,0,1,40.97419435122675,40.70743527341928,58.642578125
1405,14.05,1536,1526,2402,2394,1,0,1,40.97419435122675,40.70743527341928,58.642578125
1406,14.06,1536,1523,2402,2394,1,0,1,40.97419435122675,40.627407550077045,58.642578125
1407,14.07,1536,1525,2405,2394,1,0,1,40.97419435122675,40.68075936563854,58.7158203125
1408,14.08,1536,1525,2403,2394,1,0,1,40.97419435122675,40.68075936563854,58.6669921875
1409,14.09,1536,1530,2403,2394,1,0,1,40.97419435122675,40.81413890454227,58.6669921875
1410,14.1,1536,1523,2399,2394,1,0,1,40.97419435122675,40.627407550077045,58.5693359375
1411,14.11,1536,1522,2405,2394,1,0,1,40.97419435122675,40.600731642296296,58.7158203125
1412,14.12,1536,1527,2406,2394,1,0,1,40.97419435122675,40.73411118120003,58.740234375
1413,14.13,1536,1523,2402,2394,1,0,1,40.97419435122675,40.627407550077045,58.642578125
1414,14.14,1536,1529,2405,2394,1,0,1,40.97419435122675,40.78746299676152,58.7158203125
1415,14.15,1536,1523,2400,2394,1,0,1,40.97419435122675,40.627407550077045,58.59375
1416,14.16,1536,1526,2405,2394,1,0,1,40.97419435122675,40.70743527341928,58.7158203125
1417,14.17,1536,1527,2402,2394,1,0,1,40.97419435122675,40.73411118120003,58.642578125
1418,14.18,1536,1522,2402,2394,1,0,1,40.97419435122675,40.600731642296296,58.642578125
1419,14.19,1536,1524,2406,2394,1,0,1,40.97419435122675,40.65408345785779,58.740234375
1420,14.2,1536,1524,2404,2394,1,0,1,40.97419435122675,40.65408345785779,58.69140625
1421,14.21,1536,1527,2404,2394,1,0,1,40.97419435122675,40.73411118120003,58.69140625
1422,14.22,1536,1526,2402,2394,1,0,1,40.97419435122675,40.70743527341928,58.642578125
1423,14.23,1536,1525,2402,2394,1,0,1,40.97419435122675,40.68075936563854,58.642578125
1424,14.24,1536,1526,2403,2394,1,0,1,40.97419435122675,40.70743527341928,58.6669921875
1425,14.25,1536,1525,2402,2394,1,0,1,40.97419435122675,40.68075936563854,58.642578125
1426,14.26,1536,1526,2403,2394,1,0,1,40.97419435122675,40.70743527341928,58.6669921875
1427,14.27,1536,1526,2402,2394,1,0,1,40.97419435122675,40.70743527341928,58.642578125
1428,14.28,1536,1526,2402,2394,1,0,1,40.97419435122675,40.70743527341928,58.642578125
1429,14.29,1536,1524,2402,2394,1,0,1,40.97419435122675,40.65408345785779,58.642578125
1430,14.3,1536,1529,2404,2394,1,0,1,40.97419435122675,40.78746299676152,58.69140625
1431,14.31,1536,1527,2400,2394,1,0,1,40.97419435122675,40.73411118120003,58.59375
1432,14.32,1536,1533,2402,2394,1,0,1,40.97419435122675,40.89416662788451,58.642578125
1433,14.33,1536,1528,2396,2394,1,0,1,40.97419435122675,40.76078708898078,58.49609375
1434,14.34,1536,1530,2401,2394,1,0,1,40.97419435122675,40.81413890454227,58.6181640625
1435,14.35,1536,1531,2399,2394,1,0,1,40.97419435122675,40.84081481232302,58.5693359375
1436,14.36,1536,1527,2398,2394,1,0,1,40.97419435122675,40.73411118120003,58.544921875
1437,14.37,1536,1530,2402,2394,1,0,1,40.97419435122675,40.81413890454227,58.642578125
1438,14.38,1536,1528,2399,2394,1,0,1,40.97419435122675,40.76078708898078,58.5693359375
1439,14.39,1536,1532,2401,2394,1,0,1,40.97419435122675,40.86749072010376,58.6181640625
1440,14.4,1536,1530,2397,2394,1,0,1,40.97419435122675,40.81413890454227,58.5205078125
1441,14.41,1536,1530,2399,2394,1,0,1,40.97419435122675,40.81413890454227,58.5693359375
1442,14.42,1536,1531,2399,2394,1,0,1,40.97419435122675,40.84081481232302,58.5693359375
1443,14.43,1536,1531,2398,2394,1,0,1,40.97419435122675,40.84081481232302,58.544921875
1444,14.44,1536,1531,2398,2394,1,0,1,40.97419435122675,40.84081481232302,58.544921875
1445,14.45,1536,1536,2398,2394,1,0,1,40.97419435122675,40.97419435122675,58.544921875
1446,14.46,1536,1531,2394,2394,1,0,1,40.97419435122675,40.84081481232302,58.447265625
1447,14.47,1536,1529,2398,2394,1,0,1,40.97419435122675,40.78746299676152,58.544921875
1448,14.48,1536,1534,2400,2394,1,0,1,40.97419435122675,40.92084253566525,58.59375
1449,14.49,1536,1531,2395,2394,1,0,1,40.97419435122675,40.84081481232302,58.4716796875
1450,14.5,1536,1537,2398,2394,1,0,1,40.97419435122675,41.00087025900749,58.544921875
1451,14.51,1536,1531,2392,2393,1,0,1,40.97419435122675,40.84081481232302,58.3984375
1452,14.52,1536,1535,2397,2393,1,0,1,40.97419435122675,40.947518443446,58.5205078125
1453,14.53,1536,1535,2393,2393,1,0,1,40.97419435122675,40.947518443446,58.4228515625
1454,14.54,1536,1530,2393,2393,1,0,1,40.97419435122675,40.81413890454227,58.4228515625
1455,14.55,1536,1533,2398,2393,1,0,1,40.97419435122675,40.89416662788451,58.544921875
1456,14.56,1536,1532,2395,2393,1,0,1,40.97419435122675,40.86749072010376,58.4716796875
1457,14.57,1536,1535,2396,2393,1,0,1,40.97419435122675,40.947518443446,58.49609375
1458,14.58,1536,1533,2393,2393,1,0,1,40.97419435122675,40.89416662788451,58.4228515625
1459,14.59,1536,1532,2395,2393,1,0,1,40.97419435122675,40.86749072010376,58.4716796875
1460,14.6,1536,1530,2396,2393,1,0,1,40.97419435122675,40.81413890454227,58.49609375
1461,14.61,1536,1532,2398,2393,1,0,1,40.97419435122675,40.86749072010376,58.544921875
1462,14.62,1536,1531,2396,2393,1,0,1,40.97419435122675,40.84081481232302,58.49609375
1463,14.63,1536,1536,2397,2393,1,0,1,40.97419435122675,40.97419435122675,58.5205078125
1464,14.64,1536,1531,2393,2393,1,0,1,40.97419435122675,40.84081481232302,58.4228515625
1465,14.65,1536,1528,2397,2393,1,0,1,40.97419435122675,40.76078708898078,58.5205078125
1466,14.66,1536,1533,2400,2393,1,0,1,40.97419435122675,40.89416662788451,58.59375
1467,14.67,1536,1529,2395,2393,1,0,1,40.97419435122675,40.78746299676152,58.4716796875
1468,14.68,1536,1535,2399,2393,1,0,1,40.97419435122675,40.947518443446,58.5693359375
1469,14.69,1536,1529,2393,2393,1,0,1,40.97419435122675,40.78746299676152,58.4228515625
1470,14.7,1536,1532,2399,2393,1,0,1,40.97419435122675,40.86749072010376,58.5693359375
1471,14.71,1536,1530,2396,2393,1,0,1,40.97419435122675,40.81413890454227,58.49609375
1472,14.72,1536,1527,2398,2393,1,0,1,40.97419435122675,40.73411118120003,58.544921875
1473,14.73,1536,1529,2401,2393,1,0,1,40.97419435122675,40.78746299676152,58.6181640625
1474,14.74,1536,1528,2399,2393,1,0,1,40.97419435122675,40.76078708898078,58.5693359375
1475,14.75,1536,1531,2400,2393,1,0,1,40.97419435122675,40.84081481232302,58.59375
1476,14.76,1536,1528,2397,2393,1,0,1,40.97419435122675,40.76078708898078,58.5205078125
1477,14.77,1536,1527,2400,2393,1,0,1,40.97419435122675,40.73411118120003,58.59375
1478,14.78,1536,1525,2401,2393,1,0,1,40.97419435122675,40.68075936563854,58.6181640625
1479,14.79,1536,1527,2402,2393,1,0,1,40.97419435122675,40.73411118120003,58.642578125
1480,14.8,1536,1527,2401,2393,1,0,1,40.97419435122675,40.73411118120003,58.6181640625
1481,14.81,1536,1532,2401,2393,1,0,1,40.97419435122675,40.86749072010376,58.6181640625
1482,14.82,1536,1527,2396,2393,1,0,1,40.97419435122675,40.73411118120003,58.49609375
1483,14.83,1536,1525,2401,2393,1,0,1,40.97419435122675,40.68075936563854,58.6181640625
1484,14.84,1536,1530,2402,2393,1,0,1,40.97419435122675,40.81413890454227,58.642578125
1485,14.85,1536,1525,2398,2393,1,0,1,40.97419435122675,40.68075936563854,58.544921875
1486,14.86,1536,1531,2402,2393,1,0,1,40.97419435122675,40.84081481232302,58.642578125
1487,14.87,1536,1525,2397,2393,1,0,1,40.97419435122675,40.68075936563854,58.5205078125
1488,14.88,1536,1529,2402,2393,1,0,1,40.97419435122675,40.78746299676152,58.642578125
1489,14.89,1536,1529,2399,2393,1,0,1,40.97419435122675,40.78746299676152,58.5693359375
1490,14.9,1536,1525,2399,2393,1,0,1,40.97419435122675,40.68075936563854,58.5693359375
1491,14.91,1536,1528,2402,2393,1,0,1,40.97419435122675,40.76078708898078,58.642578125
1492,14.92,1536,1527,2400,2393,1,0,1,40.97419435122675,40.73411118120003,58.59375
1493,14.93,1536,1530,2401,2393,1,0,1,40.97419435122675,40.81413890454227,58.6181640625
1494,14.94,1536,1528,2398,2393,1,0,1,40.97419435122675,40.76078708898078,58.544921875
1495,14.95,1536,1527,2400,2393,1,0,1,40.97419435122675,40.73411118120003,58.59375
1496,14.96,1536,1528,2401,2393,1,0,1,40.97419435122675,40.76078708898078,58.6181640625
1497,14.97,1536,1527,2400,2393,1,0,1,40.97419435122675,40.73411118120003,58.59375
1498,14.98,1536,1528,2401,2393,1,0,1,40.97419435122675,40.76078708898078,58.6181640625
1499,14.99,1536,1533,2400,2393,1,0,1,40.97419435122675,40.89416662788451,58.59375
1500,15.0,1536,1528,2395,2393,1,0,1,40.97419435122675,40.76078708898078,58.4716796875
1501,15.01,1536,1526,2400,2393,1,0,1,40.97419435122675,40.70743527341928,58.59375
1502,15.02,1536,1532,2401,2393,1,0,1,40.97419435122675,40.86749072010376,58.6181640625
1503,15.03,1536,1527,2396,2393,1,0,1,40.97419435122675,40.73411118120003,58.49609375
1504,15.04,1536,1533,2401,2393,1,0,1,40.97419435122675,40.89416662788451,58.6181640625
1505,15.05,1536,1528,2395,2393,1,0,1,40.97419435122675,40.76078708898078,58.4716796875
1506,15.06,1536,1532,2400,2393,1,0,1,40.97419435122675,40.86749072010376,58.59375
1507,15.07,1536,1533,2396,2393,1,0,1,40.97419435122675,40.89416662788451,58.49609375
1508,15.08,1536,1529,2395,2393,1,0,1,40.97419435122675,40.78746299676152,58.4716796875
1509,15.09,1536,1531,2399,2393,1,0,1,40.97419435122675,40.84081481232302,58.5693359375
1510,15.1,1536,1530,2397,2393,1,0,1,40.97419435122675,40.81413890454227,58.5205078125
1511,15.11,1536,1533,2398,2393,1,0,1,40.97419435122675,40.89416662788451,58.544921875
1512,15.12,1536,1531,2395,2393,1,0,1,40.97419435122675,40.84081481232302,58.4716796875
1513,15.13,1536,1531,2397,2393,1,0,1,40.97419435122675,40.84081481232302,58.5205078125
1514,15.14,1536,1529,2397,2393,1,0,1,40.97419435122675,40.78746299676152,58.5205078125
1515,15.15,1536,1532,2399,2393,1,0,1,40.97419435122675,40.86749072010376,58.5693359375
1516,15.16,1536,1532,2396,2393,1,0,1,40.97419435122675,40.86749072010376,58.49609375
1517,15.17,1536,1536,2396,2393,1,0,1,40.97419435122675,40.97419435122675,58.49609375
1518,15.18,1536,1532,2393,2393,1,0,1,40.97419435122675,40.86749072010376,58.4228515625
1519,15.19,1536,1530,2396,2393,1,0,1,40.97419435122675,40.81413890454227,58.49609375
1520,15.2,1536,1535,2398,2393,1,0,1,40.97419435122675,40.947518443446,58.544921875
1521,15.21,1536,1531,2393,2393,1,0,1,40.97419435122675,40.84081481232302,58.4228515625
1522,15.22,1536,1538,2397,2393,1,0,1,40.97419435122675,41.02754616678824,58.5205078125
1523,15.23,1536,1532,2390,2392,1,0,1,40.97419435122675,40.86749072010376,58.349609375
1524,15.24,1536,1535,2395,2392,1,0,1,40.97419435122675,40.947518443446,58.4716796875
1525,15.25,1536,1534,2392,2392,1,0,1,40.97419435122675,40.92084253566525,58.3984375
1526,15.26,1536,1532,2393,2392,1,0,1,40.97419435122675,40.86749072010376,58.4228515625
1527,15.27,1536,1533,2395,2392,1,0,1,40.97419435122675,40.89416662788451,58.4716796875
1528,15.28,1536,1533,2394,2392,1,0,1,40.97419435122675,40.89416662788451,58.447265625
1529,15.29,1536,1532,2394,2392,1,0,1,40.97419435122675,40.86749072010376,58.447265625
1530,15.3,1536,1533,2395,2392,1,0,1,40.97419435122675,40.89416662788451,58.4716796875
1531,15.31,1536,1533,2394,2392,1,0,1,40.97419435122675,40.89416662788451,58.447265625
1532,15.32,1536,1531,2394,2392,1,0,1,40.97419435122675,40.84081481232302,58.447265625
1533,15.33,1536,1536,2396,2392,1,0,1,40.97419435122675,40.97419435122675,58.49609375
1534,15.34,1536,1533,2392,2392,1,0,1,40.97419435122675,40.89416662788451,58.3984375
1535,15.35,1536,1537,2394,2392,1,0,1,40.97419435122675,41.00087025900749,58.447265625
1536,15.36,1536,1531,2390,2391,1,0,1,40.97419435122675,40.84081481232302,58.349609375
1537,15.37,1536,1535,2395,2391,1,0,1,40.97419435122675,40.947518443446,58.4716796875
1538,15.38,1536,1535,2391,2391,1,0,1,40.97419435122675,40.947518443446,58.3740234375
1539,15.39,1536,1530,2391,2391,1,0,1,40.97419435122675,40.81413890454227,58.3740234375
1540,15.4,1536,1532,2396,2391,1,0,1,40.97419435122675,40.86749072010376,58.49609375
1541,15.41,1536,1530,2394,2391,1,0,1,40.97419435122675,40.81413890454227,58.447265625
1542,15.42,1536,1534,2396,2391,1,0,1,40.97419435122675,40.92084253566525,58.49609375
1543,15.43,1536,1531,2392,2391,1,0,1,40.97419435122675,40.84081481232302,58.3984375
1544,15.44,1536,1531,2395,2391,1,0,1,40.97419435122675,40.84081481232302,58.4716796875
1545,15.45,1536,1531,2395,2391,1,0,1,40.97419435122675,40.84081481232302,58.4716796875
1546,15.46,1536,1530,2395,2391,1,0,1,40.97419435122675,40.81413890454227,58.4716796875
1547,15.47,1536,1529,2396,2391,1,0,1,40.97419435122675,40.78746299676152,58.49609375
1548,15.48,1536,1535,2397,2391,1,0,1,40.97419435122675,40.947518443446,58.5205078125
1549,15.49,1536,1530,2391,2391,1,0,1,40.97419435122675,40.81413890454227,58.3740234375
1550,15.5,1536,1527,2396,2391,1,0,1,40.97419435122675,40.73411118120003,58.49609375
1551,15.51,1536,1533,2399,2391,1,0,1,40.97419435122675,40.89416662788451,58.5693359375
1552,15.52,1536,1530,2393,2391,1,0,1,40.97419435122675,40.81413890454227,58.4228515625
1553,15.53,1536,1534,2396,2391,1,0,1,40.97419435122675,40.92084253566525,58.49609375
1554,15.54,1536,1528,2392,2391,1,0,1,40.97419435122675,40.76078708898078,58.3984375
1555,15.55,1536,1531,2398,2391,1,0,1,40.97419435122675,40.84081481232302,58.544921875
1556,15.56,1536,1532,2395,2391,1,0,1,40.97419435122675,40.86749072010376,58.4716796875
1557,15.57,1536,1527,2394,2391,1,0,1,40.97419435122675,40.73411118120003,58.447265625
1558,15.58,1536,1529,2399,2391,1,0,1,40.97419435122675,40.78746299676152,58.5693359375
1559,15.59,1536,1529,2397,2391,1,0,1,40.97419435122675,40.78746299676152,58.5205078125
1560,15.6,1536,1532,2397,2391,1,0,1,40.97419435122675,40.86749072010376,58.5205078125
1561,15.61,1536,1530,2394,2391,1,0,1,40.97419435122675,40.81413890454227,58.447265625
1562,15.62,1536,1529,2396,2391,1,0,1,40.97419435122675,40.78746299676152,58.49609375
1563,15.63,1536,1530,2397,2391,1,0,1,40.97419435122675,40.81413890454227,58.5205078125
1564,15.64,1536,1529,2396,2391,1,0,1,40.97419435122675,40.78746299676152,58.49609375
1565,15.65,1536,1529,2397,2391,1,0,1,40.97419435122675,40.78746299676152,58.5205078125
1566,15.66,1536,1534,2397,2391,1,0,1,40.97419435122675,40.92084253566525,58.5205078125
1567,15.67,1536,1530,2392,2391,1,0,1,40.97419435122675,40.81413890454227,58.3984375
1568,15.68,1536,1527,2396,2391,1,0,1,40.97419435122675,40.73411118120003,58.49609375
1569,15.69,1536,1532,2399,2391,1,0,1,40.97419435122675,40.86749072010376,58.5693359375
1570,15.7,1536,1528,2394,2391,1,0,1,40.97419435122675,40.76078708898078,58.447265625
1571,15.71,1536,1534,2398,2391,1,0,1,40.97419435122675,40.92084253566525,58.544921875
1572,15.72,1536,1529,2392,2391,1,0,1,40.97419435122675,40.78746299676152,58.3984375
1573,15.73,1536,1533,2397,2391,1,0,1,40.97419435122675,40.89416662788451,58.5205078125
1574,15.74,1536,1533,2393,2391,1,0,1,40.97419435122675,40.89416662788451,58.4228515625
1575,15.75,1536,1529,2393,2391,1,0,1,40.97419435122675,40.78746299676152,58.4228515625
1576,15.76,1536,1531,2397,2391,1,0,1,40.97419435122675,40.84081481232302,58.5205078125
1577,15.77,1536,1531,2395,2391,1,0,1,40.97419435122675,40.84081481232302,58.4716796875
1578,15.78,1536,1534,2395,2391,1,0,1,40.97419435122675,40.92084253566525,58.4716796875
1579,15.79,1536,1531,2392,2391,1,0,1,40.97419435122675,40.84081481232302,58.3984375
1580,15.8,1536,1532,2395,2391,1,0,1,40.97419435122675,40.86749072010376,58.4716796875
1581,15.81,1536,1530,2394,2391,1,0,1,40.97419435122675,40.81413890454227,58.447265625
1582,15.82,1536,1531,2396,2391,1,0,1,40.97419435122675,40.84081481232302,58.49609375
1583,15.83,1536,1531,2395,2391,1,0,1,40.97419435122675,40.84081481232302,58.4716796875
1584,15.84,1536,1537,2395,2391,1,0,1,40.97419435122675,41.00087025900749,58.4716796875
1585,15.85,1536,1532,2389,2390,1,0,1,40.97419435122675,40.86749072010376,58.3251953125
1586,15.86,1536,1530,2393,2390,1,0,1,40.97419435122675,40.81413890454227,58.4228515625
1587,15.87,1536,1535,2395,2390,1,0,1,40.97419435122675,40.947518443446,58.4716796875
1588,15.88,1536,1531,2390,2390,1,0,1,40.97419435122675,40.84081481232302,58.349609375
1589,15.89,1536,1537,2394,2390,1,0,1,40.97419435122675,41.00087025900749,58.447265625
1590,15.9,1536,1532,2388,2389,1,0,1,40.97419435122675,40.86749072010376,58.30078125
1591,15.91,1536,1535,2392,2389,1,0,1,40.97419435122675,40.947518443446,58.3984375
1592,15.92,1536,1533,2389,2389,1,0,1,40.97419435122675,40.89416662788451,58.3251953125
1593,15.93,1536,1531,2391,2389,1,0,1,40.97419435122675,40.84081481232302,58.3740234375
1594,15.94,1536,1534,2393,2389,1,0,1,40.97419435122675,40.92084253566525,58.4228515625
1595,15.95,1536,1533,2390,2389,1,0,1,40.97419435122675,40.89416662788451,58.349609375
1596,15.96,1536,1532,2391,2389,1,0,1,40.97419435122675,40.86749072010376,58.3740234375
1597,15.97,1536,1534,2392,2389,1,0,1,40.97419435122675,40.92084253566525,58.3984375
1598,15.98,1536,1533,2390,2389,1,0,1,40.97419435122675,40.89416662788451,58.349609375
1599,15.99,1536,1531,2391,2389,1,0,1,40.97419435122675,40.84081481232302,58.3740234375
1600,16.0,1536,1536,2393,2389,1,0,1,40.97419435122675,40.97419435122675,58.4228515625
1601,16.01,1536,1533,2389,2389,1,0,1,40.97419435122675,40.89416662788451,58.3251953125
1602,16.02,1536,1538,2391,2389,1,0,1,40.97419435122675,41.02754616678824,58.3740234375
1603,16.03,1536,1532,2386,2388,1,0,1,40.97419435122675,40.86749072010376,58.251953125
1604,16.04,1536,1536,2391,2388,1,0,1,40.97419435122675,40.97419435122675,58.3740234375
1605,16.05,1536,1536,2388,2388,1,0,1,40.97419435122675,40.97419435122675,58.30078125
1606,16.06,1536,1530,2388,2388,1,0,1,40.97419435122675,40.81413890454227,58.30078125
1607,16.07,1536,1533,2393,2388,1,0,1,40.97419435122675,40.89416662788451,58.4228515625
1608,16.08,1536,1532,2390,2388,1,0,1,40.97419435122675,40.86749072010376,58.349609375
1609,16.09,1536,1534,2391,2388,1,0,1,40.97419435122675,40.92084253566525,58.3740234375
1610,16.1,1536,1532,2389,2388,1,0,1,40.97419435122675,40.86749072010376,58.3251953125
1611,16.11,1536,1530,2391,2388,1,0,1,40.97419435122675,40.81413890454227,58.3740234375
1612,16.12,1536,1531,2393,2388,1,0,1,40.97419435122675,40.84081481232302,58.4228515625
1613,16.13,1536,1530,2392,2388,1,0,1,40.97419435122675,40.81413890454227,58.3984375
1614,16.14,1536,1530,2393,2388,1,0,1,40.97419435122675,40.81413890454227,58.4228515625
1615,16.15,1536,1534,2393,2388,1,0,1,40.97419435122675,40.92084253566525,58.4228515625
1616,16.16,1536,1529,2389,2388,1,0,1,40.97419435122675,40.78746299676152,58.3251953125
1617,16.17,1536,1527,2394,2388,1,0,1,40.97419435122675,40.73411118120003,58.447265625
1618,16.18,1536,1531,2396,2388,1,0,1,40.97419435122675,40.84081481232302,58.49609375
1619,16.19,1536,1527,2392,2388,1,0,1,40.97419435122675,40.73411118120003,58.3984375
1620,16.2,1536,1532,2396,2388,1,0,1,40.97419435122675,40.86749072010376,58.49609375
1621,16.21,1536,1526,2391,2388,1,0,1,40.97419435122675,40.70743527341928,58.3740234375
1622,16.22,1536,1529,2396,2388,1,0,1,40.97419435122675,40.78746299676152,58.49609375
1623,16.23,1536,1529,2394,2388,1,0,1,40.97419435122675,40.78746299676152,58.447265625
1624,16.24,1536,1525,2394,2388,1,0,1,40.97419435122675,40.68075936563854,58.447265625
1625,16.25,1536,1526,2397,2388,1,0,1,40.97419435122675,40.70743527341928,58.5205078125
1626,16.26,1536,1524,2396,2388,1,0,1,40.97419435122675,40.65408345785779,58.49609375
1627,16.27,1536,1528,2398,2388,1,0,1,40.97419435122675,40.76078708898078,58.544921875
1628,16.28,1536,1526,2395,2388,1,0,1,40.97419435122675,40.70743527341928,58.4716796875
1629,16.29,1536,1525,2396,2388,1,0,1,40.97419435122675,40.68075936563854,58.49609375
1630,16.3,1536,1526,2397,2388,1,0,1,40.97419435122675,40.70743527341928,58.5205078125
1631,16.31,1536,1525,2396,2388,1,0,1,40.97419435122675,40.68075936563854,58.49609375
1632,16.32,1536,1526,2397,2388,1,0,1,40.97419435122675,40.70743527341928,58.5205078125
1633,16.33,1536,1526,2396,2388,1,0,1,40.97419435122675,40.70743527341928,58.49609375
1634,16.34,1536,1526,2396,2388,1,0,1,40.97419435122675,40.70743527341928,58.49609375
1635,16.35,1536,1524,2396,2388,1,0,1,40.97419435122675,40.65408345785779,58.49609375
1636,16.36,1536,1529,2398,2388,1,0,1,40.97419435122675,40.78746299676152,58.544921875
1637,16.37,1536,1526,2394,2388,1,0,1,40.97419435122675,40.70743527341928,58.447265625
1638,16.38,1536,1531,2396,2388,1,0,1,40.97419435122675,40.84081481232302,58.49609375
1639,16.39,1536,1526,2392,2388,1,0,1,40.97419435122675,40.70743527341928,58.3984375
1640,16.4,1536,1524,2396,2388,1,0,1,40.97419435122675,40.65408345785779,58.49609375
1641,16.41,1536,1530,2398,2388,1,0,1,40.97419435122675,40.81413890454227,58.544921875
1642,16.42,1536,1525,2393,2388,1,0,1,40.97419435122675,40.68075936563854,58.4228515625
1643,16.43,1536,1528,2397,2388,1,0,1,40.97419435122675,40.76078708898078,58.5205078125
1644,16.44,1536,1526,2395,2388,1,0,1,40.97419435122675,40.70743527341928,58.4716796875
1645,16.45,1536,1529,2396,2388,1,0,1,40.97419435122675,40.78746299676152,58.49609375
1646,16.46,1536,1528,2394,2388,1,0,1,40.97419435122675,40.76078708898078,58.447265625
1647,16.47,1536,1526,2395,2388,1,0,1,40.97419435122675,40.70743527341928,58.4716796875
1648,16.48,1536,1529,2396,2388,1,0,1,40.97419435122675,40.78746299676152,58.49609375
1649,16.49,1536,1528,2394,2388,1,0,1,40.97419435122675,40.76078708898078,58.447265625
1650,16.5,1536,1528,2395,2388,1,0,1,40.97419435122675,40.76078708898078,58.4716796875
1651,16.51,1536,1529,2395,2388,1,0,1,40.97419435122675,40.78746299676152,58.4716796875
1652,16.52,1536,1528,2394,2388,1,0,1,40.97419435122675,40.76078708898078,58.447265625
1653,16.53,1536,1526,2395,2388,1,0,1,40.97419435122675,40.70743527341928,58.4716796875
1654,16.54,1536,1528,2396,2388,1,0,1,40.97419435122675,40.76078708898078,58.49609375
1655,16.55,1536,1529,2395,2388,1,0,1,40.97419435122675,40.78746299676152,58.4716796875
1656,16.56,1536,1534,2394,2388,1,0,1,40.97419435122675,40.92084253566525,58.447265625
1657,16.57,1536,1528,2389,2388,1,0,1,40.97419435122675,40.76078708898078,58.3251953125
1658,16.58,1536,1527,2395,2388,1,0,1,40.97419435122675,40.73411118120003,58.4716796875
1659,16.59,1536,1532,2396,2388,1,0,1,40.97419435122675,40.86749072010376,58.49609375
1660,16.6,1536,1528,2391,2388,1,0,1,40.97419435122675,40.76078708898078,58.3740234375
1661,16.61,1536,1530,2395,2388,1,0,1,40.97419435122675,40.81413890454227,58.4716796875
1662,16.62,1536,1529,2393,2388,1,0,1,40.97419435122675,40.78746299676152,58.4228515625
1663,16.63,1536,1532,2394,2388,1,0,1,40.97419435122675,40.86749072010376,58.447265625
1664,16.64,1536,1531,2391,2388,1,0,1,40.97419435122675,40.84081481232302,58.3740234375
1665,16.65,1536,1529,2392,2388,1,0,1,40.97419435122675,40.78746299676152,58.3984375
1666,16.66,1536,1531,2394,2388,1,0,1,40.97419435122675,40.84081481232302,58.447265625
1667,16.67,1536,1530,2392,2388,1,0,1,40.97419435122675,40.81413890454227,58.3984375
1668,16.68,1536,1529,2393,2388,1,0,1,40.97419435122675,40.78746299676152,58.4228515625
1669,16.69,1536,1530,2394,2388,1,0,1,40.97419435122675,40.81413890454227,58.447265625
1670,16.7,1536,1530,2393,2388,1,0,1,40.97419435122675,40.81413890454227,58.4228515625
1671,16.71,1536,1528,2393,2388,1,0,1,40.97419435122675,40.76078708898078,58.4228515625
1672,16.72,1536,1533,2395,2388,1,0,1,40.97419435122675,40.89416662788451,58.4716796875
1673,16.73,1536,1529,2390,2388,1,0,1,40.97419435122675,40.78746299676152,58.349609375
1674,16.74,1536,1534,2394,2388,1,0,1,40.97419435122675,40.92084253566525,58.447265625
1675,16.75,1536,1529,2389,2388,1,0,1,40.97419435122675,40.78746299676152,58.3251953125
1676,16.76,1536,1528,2394,2388,1,0,1,40.97419435122675,40.76078708898078,58.447265625
1677,16.77,1536,1533,2395,2388,1,0,1,40.97419435122675,40.89416662788451,58.4716796875
1678,16.78,1536,1528,2390,2388,1,0,1,40.97419435122675,40.76078708898078,58.349609375
1679,16.79,1536,1531,2395,2388,1,0,1,40.97419435122675,40.84081481232302,58.4716796875
1680,16.8,1536,1529,2392,2388,1,0,1,40.97419435122675,40.78746299676152,58.3984375
1681,16.81,1536,1532,2394,2388,1,0,1,40.97419435122675,40.86749072010376,58.447265625
1682,16.82,1536,1530,2391,2388,1,0,1,40.97419435122675,40.81413890454227,58.3740234375
1683,16.83,1536,1528,2393,2388,1,0,1,40.97419435122675,40.76078708898078,58.4228515625
1684,16.84,1536,1529,2395,2388,1,0,1,40.97419435122675,40.78746299676152,58.4716796875
1685,16.85,1536,1528,2394,2388,1,0,1,40.97419435122675,40.76078708898078,58.447265625
1686,16.86,1536,1528,2395,2388,1,0,1,40.97419435122675,40.76078708898078,58.4716796875
1687,16.87,1536,1530,2395,2388,1,0,1,40.97419435122675,40.81413890454227,58.4716796875
1688,16.88,1536,1529,2393,2388,1,0,1,40.97419435122675,40.78746299676152,58.4228515625
1689,16.89,1536,1526,2394,2388,1,0,1,40.97419435122675,40.70743527341928,58.447265625
1690,16.9,1536,1531,2396,2388,1,0,1,40.97419435122675,40.84081481232302,58.49609375
1691,16.91,1536,1528,2392,2388,1,0,1,40.97419435122675,40.76078708898078,58.3984375
1692,16.92,1536,1533,2395,2388,1,0,1,40.97419435122675,40.89416662788451,58.4716796875
1693,16.93,1536,1527,2390,2388,1,0,1,40.97419435122675,40.73411118120003,58.349609375
1694,16.94,1536,1526,2396,2388,1,0,1,40.97419435122675,40.70743527341928,58.49609375
1695,16.95,1536,1531,2396,2388,1,0,1,40.97419435122675,40.84081481232302,58.49609375
1696,16.96,1536,1527,2392,2388,1,0,1,40.97419435122675,40.73411118120003,58.3984375
1697,16.97,1536,1529,2396,2388,1,0,1,40.97419435122675,40.78746299676152,58.49609375
1698,16.98,1536,1527,2394,2388,1,0,1,40.97419435122675,40.73411118120003,58.447265625
1699,16.99,1536,1530,2396,2388,1,0,1,40.97419435122675,40.81413890454227,58.49609375
1700,17.0,1536,1528,2393,2388,1,0,1,40.97419435122675,40.76078708898078,58.4228515625
1701,17.01,1536,1527,2395,2388,1,0,1,40.97419435122675,40.73411118120003,58.4716796875
1702,17.02,1536,1528,2396,2388,1,0,1,40.97419435122675,40.76078708898078,58.49609375
1703,17.03,1536,1528,2395,2388,1,0,1,40.97419435122675,40.76078708898078,58.4716796875
1704,17.04,1536,1528,2395,2388,1,0,1,40.97419435122675,40.76078708898078,58.4716796875
1705,17.05,1536,1528,2395,2388,1,0,1,40.97419435122675,40.76078708898078,58.4716796875
1706,17.06,1536,1528,2395,2388,1,0,1,40.97419435122675,40.76078708898078,58.4716796875
1707,17.07,1536,1526,2395,2388,1,0,1,40.97419435122675,40.70743527341928,58.4716796875
1708,17.08,1536,1531,2396,2388,1,0,1,40.97419435122675,40.84081481232302,58.49609375
1709,17.09,1536,1528,2392,2388,1,0,1,40.97419435122675,40.76078708898078,58.3984375
1710,17.1,1536,1533,2395,2388,1,0,1,40.97419435122675,40.89416662788451,58.4716796875
1711,17.11,1536,1527,2390,2388,1,0,1,40.97419435122675,40.73411118120003,58.349609375
1712,17.12,1536,1526,2396,2388,1,0,1,40.97419435122675,40.70743527341928,58.49609375
1713,17.13,1536,1531,2396,2388,1,0,1,40.97419435122675,40.84081481232302,58.49609375
1714,17.14,1536,1527,2392,2388,1,0,1,40.97419435122675,40.73411118120003,58.3984375
1715,17.15,1536,1530,2396,2388,1,0,1,40.97419435122675,40.81413890454227,58.49609375
1716,17.16,1536,1528,2393,2388,1,0,1,40.97419435122675,40.76078708898078,58.4228515625
1717,17.17,1536,1531,2395,2388,1,0,1,40.97419435122675,40.84081481232302,58.4716796875
1718,17.18,1536,1529,2392,2388,1,0,1,40.97419435122675,40.78746299676152,58.3984375
1719,17.19,1536,1528,2394,2388,1,0,1,40.97419435122675,40.76078708898078,58.447265625
1720,17.2,1536,1529,2395,2388,1,0,1,40.97419435122675,40.78746299676152,58.4716796875
1721,17.21,1536,1528,2394,2388,1,0,1,40.97419435122675,40.76078708898078,58.447265625
1722,17.22,1536,1528,2395,2388,1,0,1,40.97419435122675,40.76078708898078,58.4716796875
1723,17.23,1536,1529,2395,2388,1,0,1,40.97419435122675,40.78746299676152,58.4716796875
1724,17.24,1536,1528,2394,2388,1,0,1,40.97419435122675,40.76078708898078,58.447265625
1725,17.25,1536,1527,2395,2388,1,0,1,40.97419435122675,40.73411118120003,58.4716796875
1726,17.26,1536,1532,2396,2388,1,0,1,40.97419435122675,40.86749072010376,58.49609375
1727,17.27,1536,1529,2391,2388,1,0,1,40.97419435122675,40.78746299676152,58.3740234375
1728,17.28,1536,1534,2394,2388,1,0,1,40.97419435122675,40.92084253566525,58.447265625
1729,17.29,1536,1528,2389,2388,1,0,1,40.97419435122675,40.76078708898078,58.3251953125
1730,17.3,1536,1527,2395,2388,1,0,1,40.97419435122675,40.73411118120003,58.4716796875
1731,17.31,1536,1532,2396,2388,1,0,1,40.97419435122675,40.86749072010376,58.49609375
1732,17.32,1536,1528,2391,2388,1,0,1,40.97419435122675,40.76078708898078,58.3740234375
1733,17.33,1536,1530,2395,2388,1,0,1,40.97419435122675,40.81413890454227,58.4716796875
1734,17.34,1536,1529,2393,2388,1,0,1,40.97419435122675,40.78746299676152,58.4228515625
1735,17.35,1536,1532,2394,2388,1,0,1,40.97419435122675,40.86749072010376,58.447265625
1736,17.36,1536,1531,2391,2388,1,0,1,40.97419435122675,40.84081481232302,58.3740234375
1737,17.37,1536,1530,2392,2388,1,0,1,40.97419435122675,40.81413890454227,58.3984375
1738,17.38,1536,1531,2393,2388,1,0,1,40.97419435122675,40.84081481232302,58.4228515625
1739,17.39,1536,1531,2392,2388,1,0,1,40.97419435122675,40.84081481232302,58.3984375
1740,17.4,1536,1530,2392,2388,1,0,1,40.97419435122675,40.81413890454227,58.3984375
1741,17.41,1536,1531,2393,2388,1,0,1,40.97419435122675,40.84081481232302,58.4228515625
1742,17.42,1536,1530,2392,2388,1,0,1,40.97419435122675,40.81413890454227,58.3984375
1743,17.43,1536,1528,2393,2388,1,0,1,40.97419435122675,40.76078708898078,58.4228515625
1744,17.44,1536,1533,2395,2388,1,0,1,40.97419435122675,40.89416662788451,58.4716796875
1745,17.45,1536,1530,2390,2388,1,0,1,40.97419435122675,40.81413890454227,58.349609375
1746,17.46,1536,1534,2393,2388,1,0,1,40.97419435122675,40.92084253566525,58.4228515625
1747,17.47,1536,1528,2389,2388,1,0,1,40.97419435122675,40.76078708898078,58.3251953125
1748,17.48,1536,1532,2395,2388,1,0,1,40.97419435122675,40.86749072010376,58.4716796875
1749,17.49,1536,1533,2391,2388,1,0,1,40.97419435122675,40.89416662788451,58.3740234375
1750,17.5,1536,1527,2390,2388,1,0,1,40.97419435122675,40.73411118120003,58.349609375
1751,17.51,1536,1530,2396,2388,1,0,1,40.97419435122675,40.81413890454227,58.49609375
1752,17.52,1536,1528,2393,2388,1,0,1,40.97419435122675,40.76078708898078,58.4228515625
1753,17.53,1536,1531,2395,2388,1,0,1,40.97419435122675,40.84081481232302,58.4716796875
1754,17.54,1536,1529,2392,2388,1,0,1,40.97419435122675,40.78746299676152,58.3984375
1755,17.55,1536,1528,2394,2388,1,0,1,40.97419435122675,40.76078708898078,58.447265625
1756,17.56,1536,1529,2395,2388,1,0,1,40.97419435122675,40.78746299676152,58.4716796875
1757,17.57,1536,1528,2394,2388,1,0,1,40.97419435122675,40.76078708898078,58.447265625
1758,17.58,1536,1527,2395,2388,1,0,1,40.97419435122675,40.73411118120003,58.4716796875
1759,17.59,1536,1532,2396,2388,1,0,1,40.97419435122675,40.86749072010376,58.49609375
1760,17.6,1536,1527,2391,2388,1,0,1,40.97419435122675,40.73411118120003,58.3740234375
1761,17.61,1536,1525,2396,2388,1,0,1,40.97419435122675,40.68075936563854,58.49609375
1762,17.62,1536,1530,2397,2388,1,0,1,40.97419435122675,40.81413890454227,58.5205078125
1763,17.63,1536,1527,2393,2388,1,0,1,40.97419435122675,40.73411118120003,58.4228515625
1764,17.64,1536,1532,2396,2388,1,0,1,40.97419435122675,40.86749072010376,58.49609375
1765,17.65,1536,1526,2391,2388,1,0,1,40.97419435122675,40.70743527341928,58.3740234375
1766,17.66,1536,1530,2396,2388,1,0,1,40.97419435122675,40.81413890454227,58.49609375
1767,17.67,1536,1530,2393,2388,1,0,1,40.97419435122675,40.81413890454227,58.4228515625
1768,17.68,1536,1526,2393,2388,1,0,1,40.97419435122675,40.70743527341928,58.4228515625
1769,17.69,1536,1528,2396,2388,1,0,1,40.97419435122675,40.76078708898078,58.49609375
1770,17.7,1536,1526,2395,2388,1,0,1,40.97419435122675,40.70743527341928,58.4716796875
1771,17.71,1536,1530,2396,2388,1,0,1,40.97419435122675,40.81413890454227,58.49609375
1772,17.72,1536,1528,2393,2388,1,0,1,40.97419435122675,40.76078708898078,58.4228515625
1773,17.73,1536,1527,2395,2388,1,0,1,40.97419435122675,40.73411118120003,58.4716796875
1774,17.74,1536,1528,2396,2388,1,0,1,40.97419435122675,40.76078708898078,58.49609375
1775,17.75,1536,1527,2395,2388,1,0,1,40.97419435122675,40.73411118120003,58.4716796875
1776,17.76,1536,1527,2396,2388,1,0,1,40.97419435122675,40.73411118120003,58.49609375
1777,17.77,1536,1528,2396,2388,1,0,1,40.97419435122675,40.76078708898078,58.49609375
1778,17.78,1536,1528,2395,2388,1,0,1,40.97419435122675,40.76078708898078,58.4716796875
1779,17.79,1536,1525,2395,2388,1,0,1,40.97419435122675,40.68075936563854,58.4716796875
1780,17.8,1536,1531,2397,2388,1,0,1,40.97419435122675,40.84081481232302,58.5205078125
1781,17.81,1536,1528,2392,2388,1,0,1,40.97419435122675,40.76078708898078,58.3984375
1782,17.82,1536,1533,2395,2388,1,0,1,40.97419435122675,40.89416662788451,58.4716796875
1783,17.83,1536,1527,2390,2388,1,0,1,40.97419435122675,40.73411118120003,58.349609375
1784,17.84,1536,1526,2396,2388,1,0,1,40.97419435122675,40.70743527341928,58.49609375
1785,17.85,1536,1532,2396,2388,1,0,1,40.97419435122675,40.86749072010376,58.49609375
1786,17.86,1536,1528,2391,2388,1,0,1,40.97419435122675,40.76078708898078,58.3740234375
1787,17.87,1536,1531,2395,2388,1,0,1,40.97419435122675,40.84081481232302,58.4716796875
1788,17.88,1536,1529,2392,2388,1,0,1,40.97419435122675,40.78746299676152,58.3984375
1789,17.89,1536,1532,2394,2388,1,0,1,40.97419435122675,40.86749072010376,58.447265625
1790,17.9,1536,1531,2391,2388,1,0,1,40.97419435122675,40.84081481232302,58.3740234375
1791,17.91,1536,1530,2392,2388,1,0,1,40.97419435122675,40.81413890454227,58.3984375
1792,17.92,1536,1531,2393,2388,1,0,1,40.97419435122675,40.84081481232302,58.4228515625
1793,17.93,1536,1531,2392,2388,1,0,1,40.97419435122675,40.84081481232302,58.3984375
1794,17.94,1536,1531,2392,2388,1,0,1,40.97419435122675,40.84081481232302,58.3984375
1795,17.95,1536,1532,2392,2388,1,0,1,40.97419435122675,40.86749072010376,58.3984375
1796,17.96,1536,1531,2391,2388,1,0,1,40.97419435122675,40.84081481232302,58.3740234375
1797,17.97,1536,1529,2392,2388,1,0,1,40.97419435122675,40.78746299676152,58.3984375
1798,17.98,1536,1534,2394,2388,1,0,1,40.97419435122675,40.92084253566525,58.447265625
1799,17.99,1536,1531,2389,2388,1,0,1,40.97419435122675,40.84081481232302,58.3251953125
1800,18.0,1536,1536,2392,2388,1,0,1,40.97419435122675,40.97419435122675,58.3984375
1801,18.01,1536,1530,2388,2388,1,0,1,40.97419435122675,40.81413890454227,58.30078125
1802,18.02,1536,1534,2393,2388,1,0,1,40.97419435122675,40.92084253566525,58.4228515625
1803,18.03,1536,1534,2389,2388,1,0,1,40.97419435122675,40.92084253566525,58.3251953125
1804,18.04,1536,1530,2389,2388,1,0,1,40.97419435122675,40.81413890454227,58.3251953125
1805,18.05,1536,1533,2393,2388,1,0,1,40.97419435122675,40.89416662788451,58.4228515625
1806,18.06,1536,1532,2390,2388,1,0,1,40.97419435122675,40.86749072010376,58.349609375
1807,18.07,1536,1534,2391,2388,1,0,1,40.97419435122675,40.92084253566525,58.3740234375
1808,18.08,1536,1533,2389,2388,1,0,1,40.97419435122675,40.89416662788451,58.3251953125
1809,18.09,1536,1532,2390,2388,1,0,1,40.97419435122675,40.86749072010376,58.349609375
1810,18.1,1536,1530,2391,2388,1,0,1,40.97419435122675,40.81413890454227,58.3740234375
1811,18.11,1536,1532,2393,2388,1,0,1,40.97419435122675,40.86749072010376,58.4228515625
1812,18.12,1536,1532,2391,2388,1,0,1,40.97419435122675,40.86749072010376,58.3740234375
1813,18.13,1536,1537,2391,2388,1,0,1,40.97419435122675,41.00087025900749,58.3740234375
1814,18.14,1536,1532,2386,2387,1,0,1,40.97419435122675,40.86749072010376,58.251953125
1815,18.15,1536,1530,2390,2387,1,0,1,40.97419435122675,40.81413890454227,58.349609375
1816,18.16,1536,1535,2392,2387,1,0,1,40.97419435122675,40.947518443446,58.3984375
1817,18.17,1536,1530,2387,2387,1,0,1,40.97419435122675,40.81413890454227,58.2763671875
1818,18.18,1536,1537,2392,2387,1,0,1,40.97419435122675,41.00087025900749,58.3984375
1819,18.19,1536,1531,2385,2386,1,0,1,40.97419435122675,40.84081481232302,58.2275390625
1820,18.2,1536,1535,2390,2386,1,0,1,40.97419435122675,40.947518443446,58.349609375
1821,18.21,1536,1533,2386,2386,1,0,1,40.97419435122675,40.89416662788451,58.251953125
1822,18.22,1536,1530,2388,2386,1,0,1,40.97419435122675,40.81413890454227,58.30078125
1823,18.23,1536,1533,2391,2386,1,0,1,40.97419435122675,40.89416662788451,58.3740234375
1824,18.24,1536,1531,2388,2386,1,0,1,40.97419435122675,40.84081481232302,58.30078125
1825,18.25,1536,1531,2390,2386,1,0,1,40.97419435122675,40.84081481232302,58.349609375
1826,18.26,1536,1532,2390,2386,1,0,1,40.97419435122675,40.86749072010376,58.349609375
1827,18.27,1536,1531,2389,2386,1,0,1,40.97419435122675,40.84081481232302,58.3251953125
1828,18.28,1536,1529,2390,2386,1,0,1,40.97419435122675,40.78746299676152,58.349609375
1829,18.29,1536,1530,2392,2386,1,0,1,40.97419435122675,40.81413890454227,58.3984375
1830,18.3,1536,1530,2391,2386,1,0,1,40.97419435122675,40.81413890454227,58.3740234375
1831,18.31,1536,1534,2391,2386,1,0,1,40.97419435122675,40.92084253566525,58.3740234375
1832,18.32,1536,1529,2387,2386,1,0,1,40.97419435122675,40.78746299676152,58.2763671875
1833,18.33,1536,1527,2392,2386,1,0,1,40.97419435122675,40.73411118120003,58.3984375
1834,18.34,1536,1533,2394,2386,1,0,1,40.97419435122675,40.89416662788451,58.447265625
1835,18.35,1536,1528,2388,2386,1,0,1,40.97419435122675,40.76078708898078,58.30078125
1836,18.36,1536,1531,2393,2386,1,0,1,40.97419435122675,40.84081481232302,58.4228515625
1837,18.37,1536,1529,2390,2386,1,0,1,40.97419435122675,40.78746299676152,58.349609375
1838,18.38,1536,1532,2392,2386,1,0,1,40.97419435122675,40.86749072010376,58.3984375
1839,18.39,1536,1530,2389,2386,1,0,1,40.97419435122675,40.81413890454227,58.3251953125
1840,18.4,1536,1528,2391,2386,1,0,1,40.97419435122675,40.76078708898078,58.3740234375
1841,18.41,1536,1530,2393,2386,1,0,1,40.97419435122675,40.81413890454227,58.4228515625
1842,18.42,1536,1530,2391,2386,1,0,1,40.97419435122675,40.81413890454227,58.3740234375
1843,18.43,1536,1530,2391,2386,1,0,1,40.97419435122675,40.81413890454227,58.3740234375
1844,18.44,1536,1531,2391,2386,1,0,1,40.97419435122675,40.84081481232302,58.3740234375
1845,18.45,1536,1530,2390,2386,1,0,1,40.97419435122675,40.81413890454227,58.349609375
1846,18.46,1536,1529,2391,2386,1,0,1,40.97419435122675,40.78746299676152,58.3740234375
1847,18.47,1536,1534,2392,2386,1,0,1,40.97419435122675,40.92084253566525,58.3984375
1848,18.48,1536,1530,2387,2386,1,0,1,40.97419435122675,40.81413890454227,58.2763671875
1849,18.49,1536,1536,2391,2386,1,0,1,40.97419435122675,40.97419435122675,58.3740234375
1850,18.5,1536,1530,2386,2386,1,0,1,40.97419435122675,40.81413890454227,58.251953125
1851,18.51,1536,1534,2391,2386,1,0,1,40.97419435122675,40.92084253566525,58.3740234375
1852,18.52,1536,1534,2387,2386,1,0,1,40.97419435122675,40.92084253566525,58.2763671875
1853,18.53,1536,1530,2387,2386,1,0,1,40.97419435122675,40.81413890454227,58.2763671875
1854,18.54,1536,1532,2391,2386,1,0,1,40.97419435122675,40.86749072010376,58.3740234375
1855,18.55,1536,1530,2389,2386,1,0,1,40.97419435122675,40.81413890454227,58.3251953125
1856,18.56,1536,1534,2391,2386,1,0,1,40.97419435122675,40.92084253566525,58.3740234375
1857,18.57,1536,1532,2387,2386,1,0,1,40.97419435122675,40.86749072010376,58.2763671875
1858,18.58,1536,1532,2389,2386,1,0,1,40.97419435122675,40.86749072010376,58.3251953125
1859,18.59,1536,1532,2389,2386,1,0,1,40.97419435122675,40.86749072010376,58.3251953125
1860,18.6,1536,1531,2389,2386,1,0,1,40.97419435122675,40.84081481232302,58.3251953125
1861,18.61,1536,1531,2390,2386,1,0,1,40.97419435122675,40.84081481232302,58.349609375
1862,18.62,1536,1536,2390,2386,1,0,1,40.97419435122675,40.97419435122675,58.349609375
1863,18.63,1536,1531,2386,2386,1,0,1,40.97419435122675,40.84081481232302,58.251953125
1864,18.64,1536,1529,2390,2386,1,0,1,40.97419435122675,40.78746299676152,58.349609375
1865,18.65,1536,1534,2392,2386,1,0,1,40.97419435122675,40.92084253566525,58.3984375
1866,18.66,1536,1530,2387,2386,1,0,1,40.97419435122675,40.81413890454227,58.2763671875
1867,18.67,1536,1537,2391,2386,1,0,1,40.97419435122675,41.00087025900749,58.3740234375
1868,18.68,1536,1531,2384,2385,1,0,1,40.97419435122675,40.84081481232302,58.203125
1869,18.69,1536,1534,2389,2385,1,0,1,40.97419435122675,40.92084253566525,58.3251953125
1870,18.7,1536,1535,2386,2385,1,0,1,40.97419435122675,40.947518443446,58.251953125
1871,18.71,1536,1530,2385,2385,1,0,1,40.97419435122675,40.81413890454227,58.2275390625
1872,18.72,1536,1533,2390,2385,1,0,1,40.97419435122675,40.89416662788451,58.349609375
1873,18.73,1536,1532,2387,2385,1,0,1,40.97419435122675,40.86749072010376,58.2763671875
1874,18.74,1536,1535,2388,2385,1,0,1,40.97419435122675,40.947518443446,58.30078125
1875,18.75,1536,1533,2385,2385,1,0,1,40.97419435122675,40.89416662788451,58.2275390625
1876,18.76,1536,1532,2387,2385,1,0,1,40.97419435122675,40.86749072010376,58.2763671875
1877,18.77,1536,1530,2388,2385,1,0,1,40.97419435122675,40.81413890454227,58.30078125
1878,18.78,1536,1532,2390,2385,1,0,1,40.97419435122675,40.86749072010376,58.349609375
1879,18.79,1536,1532,2388,2385,1,0,1,40.97419435122675,40.86749072010376,58.30078125
1880,18.8,1536,1537,2388,2385,1,0,1,40.97419435122675,41.00087025900749,58.30078125
1881,18.81,1536,1531,2383,2384,1,0,1,40.97419435122675,40.84081481232302,58.1787109375
1882,18.82,1536,1531,2388,2384,1,0,1,40.97419435122675,40.84081481232302,58.30078125
1883,18.83,1536,1536,2388,2384,1,0,1,40.97419435122675,40.97419435122675,58.30078125
1884,18.84,1536,1532,2384,2384,1,0,1,40.97419435122675,40.86749072010376,58.203125
1885,18.85,1536,1533,2387,2384,1,0,1,40.97419435122675,40.89416662788451,58.2763671875
1886,18.86,1536,1532,2386,2384,1,0,1,40.97419435122675,40.86749072010376,58.251953125
1887,18.87,1536,1535,2387,2384,1,0,1,40.97419435122675,40.947518443446,58.2763671875
1888,18.88,1536,1533,2384,2384,1,0,1,40.97419435122675,40.89416662788451,58.203125
1889,18.89,1536,1532,2386,2384,1,0,1,40.97419435122675,40.86749072010376,58.251953125
1890,18.9,1536,1533,2387,2384,1,0,1,40.97419435122675,40.89416662788451,58.2763671875
1891,18.91,1536,1532,2386,2384,1,0,1,40.97419435122675,40.86749072010376,58.251953125
1892,18.92,1536,1532,2387,2384,1,0,1,40.97419435122675,40.86749072010376,58.2763671875
1893,18.93,1536,1532,2387,2384,1,0,1,40.97419435122675,40.86749072010376,58.2763671875
1894,18.94,1536,1531,2387,2384,1,0,1,40.97419435122675,40.84081481232302,58.2763671875
1895,18.95,1536,1529,2388,2384,1,0,1,40.97419435122675,40.78746299676152,58.30078125
1896,18.96,1536,1534,2390,2384,1,0,1,40.97419435122675,40.92084253566525,58.349609375
1897,18.97,1536,1531,2385,2384,1,0,1,40.97419435122675,40.84081481232302,58.2275390625
1898,18.98,1536,1535,2388,2384,1,0,1,40.97419435122675,40.947518443446,58.30078125
1899,18.99,1536,1529,2384,2384,1,0,1,40.97419435122675,40.78746299676152,58.203125
1900,19.0,1536,1533,2390,2384,1,0,1,40.97419435122675,40.89416662788451,58.349609375
1901,19.01,1536,1533,2386,2384,1,0,1,40.97419435122675,40.89416662788451,58.251953125
1902,19.02,1536,1529,2386,2384,1,0,1,40.97419435122675,40.78746299676152,58.251953125
1903,19.03,1536,1531,2390,2384,1,0,1,40.97419435122675,40.84081481232302,58.349609375
1904,19.04,1536,1528,2388,2384,1,0,1,40.97419435122675,40.76078708898078,58.30078125
1905,19.05,1536,1531,2391,2384,1,0,1,40.97419435122675,40.84081481232302,58.3740234375
1906,19.06,1536,1530,2388,2384,1,0,1,40.97419435122675,40.81413890454227,58.30078125
1907,19.07,1536,1529,2389,2384,1,0,1,40.97419435122675,40.78746299676152,58.3251953125
1908,19.08,1536,1530,2390,2384,1,0,1,40.97419435122675,40.81413890454227,58.349609375
1909,19.09,1536,1529,2389,2384,1,0,1,40.97419435122675,40.78746299676152,58.3251953125
1910,19.1,1536,1528,2390,2384,1,0,1,40.97419435122675,40.76078708898078,58.349609375
1911,19.11,1536,1534,2391,2384,1,0,1,40.97419435122675,40.92084253566525,58.3740234375
1912,19.12,1536,1529,2385,2384,1,0,1,40.97419435122675,40.78746299676152,58.2275390625
1913,19.13,1536,1527,2390,2384,1,0,1,40.97419435122675,40.73411118120003,58.349609375
1914,19.14,1536,1531,2392,2384,1,0,1,40.97419435122675,40.84081481232302,58.3984375
1915,19.15,1536,1529,2388,2384,1,0,1,40.97419435122675,40.78746299676152,58.30078125
1916,19.16,1536,1534,2390,2384,1,0,1,40.97419435122675,40.92084253566525,58.349609375
1917,19.17,1536,1529,2385,2384,1,0,1,40.97419435122675,40.78746299676152,58.2275390625
1918,19.18,1536,1533,2390,2384,1,0,1,40.97419435122675,40.89416662788451,58.349609375
1919,19.19,1536,1533,2386,2384,1,0,1,40.97419435122675,40.89416662788451,58.251953125
1920,19.2,1536,1528,2386,2384,1,0,1,40.97419435122675,40.76078708898078,58.251953125
1921,19.21,1536,1531,2391,2384,1,0,1,40.97419435122675,40.84081481232302,58.3740234375
1922,19.22,1536,1530,2388,2384,1,0,1,40.97419435122675,40.81413890454227,58.30078125
1923,19.23,1536,1533,2389,2384,1,0,1,40.97419435122675,40.89416662788451,58.3251953125
1924,19.24,1536,1532,2386,2384,1,0,1,40.97419435122675,40.86749072010376,58.251953125
1925,19.25,1536,1531,2387,2384,1,0,1,40.97419435122675,40.84081481232302,58.2763671875
1926,19.26,1536,1532,2388,2384,1,0,1,40.97419435122675,40.86749072010376,58.30078125
1927,19.27,1536,1531,2387,2384,1,0,1,40.97419435122675,40.84081481232302,58.2763671875
1928,19.28,1536,1531,2388,2384,1,0,1,40.97419435122675,40.84081481232302,58.30078125
1929,19.29,1536,1536,2388,2384,1,0,1,40.97419435122675,40.97419435122675,58.30078125
1930,19.3,1536,1532,2384,2384,1,0,1,40.97419435122675,40.86749072010376,58.203125
1931,19.31,1536,1530,2387,2384,1,0,1,40.97419435122675,40.81413890454227,58.2763671875
1932,19.32,1536,1535,2389,2384,1,0,1,40.97419435122675,40.947518443446,58.3251953125
1933,19.33,1536,1530,2384,2384,1,0,1,40.97419435122675,40.81413890454227,58.203125
1934,19.34,1536,1536,2389,2384,1,0,1,40.97419435122675,40.97419435122675,58.3251953125
1935,19.35,1536,1531,2384,2384,1,0,1,40.97419435122675,40.84081481232302,58.203125
1936,19.36,1536,1535,2388,2384,1,0,1,40.97419435122675,40.947518443446,58.30078125
1937,19.37,1536,1533,2384,2384,1,0,1,40.97419435122675,40.89416662788451,58.203125
1938,19.38,1536,1531,2386,2384,1,0,1,40.97419435122675,40.84081481232302,58.251953125
1939,19.39,1536,1533,2388,2384,1,0,1,40.97419435122675,40.89416662788451,58.30078125
1940,19.4,1536,1532,2386,2384,1,0,1,40.97419435122675,40.86749072010376,58.251953125
1941,19.41,1536,1532,2387,2384,1,0,1,40.97419435122675,40.86749072010376,58.2763671875
1942,19.42,1536,1533,2387,2384,1,0,1,40.97419435122675,40.89416662788451,58.2763671875
1943,19.43,1536,1533,2386,2384,1,0,1,40.97419435122675,40.89416662788451,58.251953125
1944,19.44,1536,1531,2386,2384,1,0,1,40.97419435122675,40.84081481232302,58.251953125
1945,19.45,1536,1533,2388,2384,1,0,1,40.97419435122675,40.89416662788451,58.30078125
1946,19.46,1536,1532,2386,2384,1,0,1,40.97419435122675,40.86749072010376,58.251953125
1947,19.47,1536,1537,2387,2384,1,0,1,40.97419435122675,41.00087025900749,58.2763671875
1948,19.48,1536,1532,2382,2383,1,0,1,40.97419435122675,40.86749072010376,58.154296875
1949,19.49,1536,1530,2386,2383,1,0,1,40.97419435122675,40.81413890454227,58.251953125
1950,19.5,1536,1535,2388,2383,1,0,1,40.97419435122675,40.947518443446,58.30078125
1951,19.51,1536,1530,2383,2383,1,0,1,40.97419435122675,40.81413890454227,58.1787109375
1952,19.52,1536,1533,2388,2383,1,0,1,40.97419435122675,40.89416662788451,58.30078125
1953,19.53,1536,1531,2385,2383,1,0,1,40.97419435122675,40.84081481232302,58.2275390625
1954,19.54,1536,1535,2387,2383,1,0,1,40.97419435122675,40.947518443446,58.2763671875
1955,19.55,1536,1533,2383,2383,1,0,1,40.97419435122675,40.89416662788451,58.1787109375
1956,19.56,1536,1532,2385,2383,1,0,1,40.97419435122675,40.86749072010376,58.2275390625
1957,19.57,1536,1533,2386,2383,1,0,1,40.97419435122675,40.89416662788451,58.251953125
1958,19.58,1536,1532,2385,2383,1,0,1,40.97419435122675,40.86749072010376,58.2275390625
1959,19.59,1536,1532,2386,2383,1,0,1,40.97419435122675,40.86749072010376,58.251953125
1960,19.6,1536,1537,2386,2383,1,0,1,40.97419435122675,41.00087025900749,58.251953125
1961,19.61,1536,1532,2381,2382,1,0,1,40.97419435122675,40.86749072010376,58.1298828125
1962,19.62,1536,1529,2385,2382,1,0,1,40.97419435122675,40.78746299676152,58.2275390625
1963,19.63,1536,1534,2388,2382,1,0,1,40.97419435122675,40.92084253566525,58.30078125
1964,19.64,1536,1530,2383,2382,1,0,1,40.97419435122675,40.81413890454227,58.1787109375
1965,19.65,1536,1536,2387,2382,1,0,1,40.97419435122675,40.97419435122675,58.2763671875
1966,19.66,1536,1530,2382,2382,1,0,1,40.97419435122675,40.81413890454227,58.154296875
1967,19.67,1536,1533,2387,2382,1,0,1,40.97419435122675,40.89416662788451,58.2763671875
1968,19.68,1536,1533,2384,2382,1,0,1,40.97419435122675,40.89416662788451,58.203125
1969,19.69,1536,1529,2384,2382,1,0,1,40.97419435122675,40.78746299676152,58.203125
1970,19.7,1536,1531,2388,2382,1,0,1,40.97419435122675,40.84081481232302,58.30078125
1971,19.71,1536,1529,2386,2382,1,0,1,40.97419435122675,40.78746299676152,58.251953125
1972,19.72,1536,1532,2388,2382,1,0,1,40.97419435122675,40.86749072010376,58.30078125
1973,19.73,1536,1530,2385,2382,1,0,1,40.97419435122675,40.81413890454227,58.2275390625
1974,19.74,1536,1529,2387,2382,1,0,1,40.97419435122675,40.78746299676152,58.2763671875
1975,19.75,1536,1527,2388,2382,1,0,1,40.97419435122675,40.73411118120003,58.30078125
1976,19.76,1536,1529,2390,2382,1,0,1,40.97419435122675,40.78746299676152,58.349609375
1977,19.77,1536,1528,2388,2382,1,0,1,40.97419435122675,40.76078708898078,58.30078125
1978,19.78,1536,1534,2389,2382,1,0,1,40.97419435122675,40.92084253566525,58.3251953125
1979,19.79,1536,1528,2383,2382,1,0,1,40.97419435122675,40.76078708898078,58.1787109375
1980,19.8,1536,1526,2389,2382,1,0,1,40.97419435122675,40.70743527341928,58.3251953125
1981,19.81,1536,1531,2390,2382,1,0,1,40.97419435122675,40.84081481232302,58.349609375
1982,19.82,1536,1526,2386,2382,1,0,1,40.97419435122675,40.70743527341928,58.251953125
1983,19.83,1536,1533,2390,2382,1,0,1,40.97419435122675,40.89416662788451,58.349609375
1984,19.84,1536,1527,2384,2382,1,0,1,40.97419435122675,40.73411118120003,58.203125
1985,19.85,1536,1531,2390,2382,1,0,1,40.97419435122675,40.84081481232302,58.349609375
1986,19.86,1536,1531,2386,2382,1,0,1,40.97419435122675,40.84081481232302,58.251953125
1987,19.87,1536,1526,2386,2382,1,0,1,40.97419435122675,40.70743527341928,58.251953125
1988,19.88,1536,1529,2390,2382,1,0,1,40.97419435122675,40.78746299676152,58.349609375
1989,19.89,1536,1528,2388,2382,1,0,1,40.97419435122675,40.76078708898078,58.30078125
1990,19.9,1536,1531,2389,2382,1,0,1,40.97419435122675,40.84081481232302,58.3251953125
1991,19.91,1536,1529,2386,2382,1,0,1,40.97419435122675,40.78746299676152,58.251953125
1992,19.92,1536,1529,2388,2382,1,0,1,40.97419435122675,40.78746299676152,58.30078125
1993,19.93,1536,1529,2388,2382,1,0,1,40.97419435122675,40.78746299676152,58.30078125
1994,19.94,1536,1529,2388,2382,1,0,1,40.97419435122675,40.78746299676152,58.30078125
1995,19.95,1536,1530,2388,2382,1,0,1,40.97419435122675,40.81413890454227,58.30078125
1996,19.96,1536,1534,2387,2382,1,0,1,40.97419435122675,40.92084253566525,58.2763671875
1997,19.97,1536,1529,2383,2382,1,0,1,40.97419435122675,40.78746299676152,58.1787109375
1998,19.98,1536,1528,2388,2382,1,0,1,40.97419435122675,40.76078708898078,58.30078125
1999,19.99,1536,1533,2389,2382,1,0,1,40.97419435122675,40.89416662788451,58.3251953125
2000,20.0,1536,1529,2384,2382,1,0,1,40.97419435122675,40.78746299676152,58.203125
2001,20.01,1536,1534,2388,2382,1,0,1,40.97419435122675,40.92084253566525,58.30078125
2002,20.02,1536,1529,2383,2382,1,0,1,40.97419435122675,40.78746299676152,58.1787109375
2003,20.03,1536,1532,2388,2382,1,0,1,40.97419435122675,40.86749072010376,58.30078125
2004,20.04,1536,1533,2385,2382,1,0,1,40.97419435122675,40.89416662788451,58.2275390625
2005,20.05,1536,1529,2384,2382,1,0,1,40.97419435122675,40.78746299676152,58.203125
2006,20.06,1536,1531,2388,2382,1,0,1,40.97419435122675,40.84081481232302,58.30078125
2007,20.07,1536,1531,2386,2382,1,0,1,40.97419435122675,40.84081481232302,58.251953125
2008,20.08,1536,1534,2386,2382,1,0,1,40.97419435122675,40.92084253566525,58.251953125
2009,20.09,1536,1532,2383,2382,1,0,1,40.97419435122675,40.86749072010376,58.1787109375
2010,20.1,1536,1530,2385,2382,1,0,1,40.97419435122675,40.81413890454227,58.2275390625
2011,20.11,1536,1528,2387,2382,1,0,1,40.97419435122675,40.76078708898078,58.2763671875
2012,20.12,1536,1531,2389,2382,1,0,1,40.97419435122675,40.84081481232302,58.3251953125
2013,20.13,1536,1531,2386,2382,1,0,1,40.97419435122675,40.84081481232302,58.251953125
2014,20.14,1536,1536,2386,2382,1,0,1,40.97419435122675,40.97419435122675,58.251953125
2015,20.15,1536,1530,2382,2382,1,0,1,40.97419435122675,40.81413890454227,58.154296875
2016,20.16,1536,1529,2387,2382,1,0,1,40.97419435122675,40.78746299676152,58.2763671875
2017,20.17,1536,1534,2388,2382,1,0,1,40.97419435122675,40.92084253566525,58.30078125
2018,20.18,1536,1530,2383,2382,1,0,1,40.97419435122675,40.81413890454227,58.1787109375
2019,20.19,1536,1536,2387,2382,1,0,1,40.97419435122675,40.97419435122675,58.2763671875
2020,20.2,1536,1531,2382,2382,1,0,1,40.97419435122675,40.84081481232302,58.154296875
2021,20.21,1536,1534,2386,2382,1,0,1,40.97419435122675,40.92084253566525,58.251953125
2022,20.22,1536,1532,2383,2382,1,0,1,40.97419435122675,40.86749072010376,58.1787109375
2023,20.23,1536,1530,2385,2382,1,0,1,40.97419435122675,40.81413890454227,58.2275390625
2024,20.24,1536,1532,2387,2382,1,0,1,40.97419435122675,40.86749072010376,58.2763671875
2025,20.25,1536,1532,2385,2382,1,0,1,40.97419435122675,40.86749072010376,58.2275390625
2026,20.26,1536,1531,2385,2382,1,0,1,40.97419435122675,40.84081481232302,58.2275390625
2027,20.27,1536,1532,2386,2382,1,0,1,40.97419435122675,40.86749072010376,58.251953125
2028,20.28,1536,1531,2385,2382,1,0,1,40.97419435122675,40.84081481232302,58.2275390625
2029,20.29,1536,1529,2386,2382,1,0,1,40.97419435122675,40.78746299676152,58.251953125
2030,20.3,1536,1534,2388,2382,1,0,1,40.97419435122675,40.92084253566525,58.30078125
2031,20.31,1536,1532,2383,2382,1,0,1,40.97419435122675,40.86749072010376,58.1787109375
2032,20.32,1536,1537,2385,2382,1,0,1,40.97419435122675,41.00087025900749,58.2275390625
2033,20.33,1536,1531,2380,2381,1,0,1,40.97419435122675,40.84081481232302,58.10546875
2034,20.34,1536,1530,2385,2381,1,0,1,40.97419435122675,40.81413890454227,58.2275390625
2035,20.35,1536,1534,2386,2381,1,0,1,40.97419435122675,40.92084253566525,58.251953125
2036,20.36,1536,1530,2382,2381,1,0,1,40.97419435122675,40.81413890454227,58.154296875
2037,20.37,1536,1532,2386,2381,1,0,1,40.97419435122675,40.86749072010376,58.251953125
2038,20.38,1536,1530,2384,2381,1,0,1,40.97419435122675,40.81413890454227,58.203125
2039,20.39,1536,1534,2386,2381,1,0,1,40.97419435122675,40.92084253566525,58.251953125
2040,20.4,1536,1532,2382,2381,1,0,1,40.97419435122675,40.86749072010376,58.154296875
2041,20.41,1536,1530,2384,2381,1,0,1,40.97419435122675,40.81413890454227,58.203125
2042,20.42,1536,1531,2386,2381,1,0,1,40.97419435122675,40.84081481232302,58.251953125
2043,20.43,1536,1529,2385,2381,1,0,1,40.97419435122675,40.78746299676152,58.2275390625
2044,20.44,1536,1529,2387,2381,1,0,1,40.97419435122675,40.78746299676152,58.2763671875
2045,20.45,1536,1534,2387,2381,1,0,1,40.97419435122675,40.92084253566525,58.2763671875
2046,20.46,1536,1529,2382,2381,1,0,1,40.97419435122675,40.78746299676152,58.154296875
2047,20.47,1536,1527,2387,2381,1,0,1,40.97419435122675,40.73411118120003,58.2763671875
2048,20.48,1536,1531,2389,2381,1,0,1,40.97419435122675,40.84081481232302,58.3251953125
2049,20.49,1536,1528,2385,2381,1,0,1,40.97419435122675,40.76078708898078,58.2275390625
2050,20.5,1536,1533,2388,2381,1,0,1,40.97419435122675,40.89416662788451,58.30078125
2051,20.51,1536,1527,2383,2381,1,0,1,40.97419435122675,40.73411118120003,58.1787109375
2052,20.52,1536,1530,2389,2381,1,0,1,40.97419435122675,40.81413890454227,58.3251953125
2053,20.53,1536,1530,2386,2381,1,0,1,40.97419435122675,40.81413890454227,58.251953125
2054,20.54,1536,1526,2386,2381,1,0,1,40.97419435122675,40.70743527341928,58.251953125
2055,20.55,1536,1529,2389,2381,1,0,1,40.97419435122675,40.78746299676152,58.3251953125
2056,20.56,1536,1526,2387,2381,1,0,1,40.97419435122675,40.70743527341928,58.2763671875
2057,20.57,1536,1530,2389,2381,1,0,1,40.97419435122675,40.81413890454227,58.3251953125
2058,20.58,1536,1528,2386,2381,1,0,1,40.97419435122675,40.76078708898078,58.251953125
2059,20.59,1536,1527,2388,2381,1,0,1,40.97419435122675,40.73411118120003,58.30078125
2060,20.6,1536,1528,2389,2381,1,0,1,40.97419435122675,40.76078708898078,58.3251953125
2061,20.61,1536,1527,2388,2381,1,0,1,40.97419435122675,40.73411118120003,58.30078125
2062,20.62,1536,1528,2389,2381,1,0,1,40.97419435122675,40.76078708898078,58.3251953125
2063,20.63,1536,1529,2388,2381,1,0,1,40.97419435122675,40.78746299676152,58.30078125
2064,20.64,1536,1528,2387,2381,1,0,1,40.97419435122675,40.76078708898078,58.2763671875
2065,20.65,1536,1526,2388,2381,1,0,1,40.97419435122675,40.70743527341928,58.30078125
2066,20.66,1536,1531,2389,2381,1,0,1,40.97419435122675,40.84081481232302,58.3251953125
2067,20.67,1536,1528,2385,2381,1,0,1,40.97419435122675,40.76078708898078,58.2275390625
2068,20.68,1536,1534,2388,2381,1,0,1,40.97419435122675,40.92084253566525,58.30078125
2069,20.69,1536,1528,2382,2381,1,0,1,40.97419435122675,40.76078708898078,58.154296875
2070,20.7,1536,1532,2388,2381,1,0,1,40.97419435122675,40.86749072010376,58.30078125
2071,20.71,1536,1532,2384,2381,1,0,1,40.97419435122675,40.86749072010376,58.203125
2072,20.72,1536,1527,2384,2381,1,0,1,40.97419435122675,40.73411118120003,58.203125
2073,20.73,1536,1530,2389,2381,1,0,1,40.97419435122675,40.81413890454227,58.3251953125
2074,20.74,1536,1528,2386,2381,1,0,1,40.97419435122675,40.76078708898078,58.251953125
2075,20.75,1536,1532,2388,2381,1,0,1,40.97419435122675,40.86749072010376,58.30078125
2076,20.76,1536,1530,2384,2381,1,0,1,40.97419435122675,40.81413890454227,58.203125
2077,20.77,1536,1529,2386,2381,1,0,1,40.97419435122675,40.78746299676152,58.251953125
2078,20.78,1536,1530,2387,2381,1,0,1,40.97419435122675,40.81413890454227,58.2763671875
2079,20.79,1536,1529,2386,2381,1,0,1,40.97419435122675,40.78746299676152,58.251953125
2080,20.8,1536,1529,2387,2381,1,0,1,40.97419435122675,40.78746299676152,58.2763671875
2081,20.81,1536,1533,2387,2381,1,0,1,40.97419435122675,40.89416662788451,58.2763671875
2082,20.82,1536,1529,2383,2381,1,0,1,40.97419435122675,40.78746299676152,58.1787109375
2083,20.83,1536,1526,2387,2381,1,0,1,40.97419435122675,40.70743527341928,58.2763671875
2084,20.84,1536,1531,2389,2381,1,0,1,40.97419435122675,40.84081481232302,58.3251953125
2085,20.85,1536,1528,2385,2381,1,0,1,40.97419435122675,40.76078708898078,58.2275390625
2086,20.86,1536,1533,2388,2381,1,0,1,40.97419435122675,40.89416662788451,58.30078125
2087,20.87,1536,1527,2383,2381,1,0,1,40.97419435122675,40.73411118120003,58.1787109375
2088,20.88,1536,1531,2389,2381,1,0,1,40.97419435122675,40.84081481232302,58.3251953125
2089,20.89,1536,1531,2385,2381,1,0,1,40.97419435122675,40.84081481232302,58.2275390625
2090,20.9,1536,1527,2385,2381,1,0,1,40.97419435122675,40.73411118120003,58.2275390625
2091,20.91,1536,1529,2389,2381,1,0,1,40.97419435122675,40.78746299676152,58.3251953125
2092,20.92,1536,1527,2387,2381,1,0,1,40.97419435122675,40.73411118120003,58.2763671875
2093,20.93,1536,1531,2389,2381,1,0,1,40.97419435122675,40.84081481232302,58.3251953125
2094,20.94,1536,1528,2385,2381,1,0,1,40.97419435122675,40.76078708898078,58.2275390625
2095,20.95,1536,1527,2388,2381,1,0,1,40.97419435122675,40.73411118120003,58.30078125
2096,20.96,1536,1528,2389,2381,1,0,1,40.97419435122675,40.76078708898078,58.3251953125
2097,20.97,1536,1527,2388,2381,1,0,1,40.97419435122675,40.73411118120003,58.30078125
2098,20.98,1536,1527,2389,2381,1,0,1,40.97419435122675,40.73411118120003,58.3251953125
2099,20.99,1536,1528,2389,2381,1,0,1,40.97419435122675,40.76078708898078,58.3251953125
2100,21.0,1536,1526,2388,2381,1,0,1,40.97419435122675,40.70743527341928,58.30078125
2101,21.01,1536,1524,2389,2381,1,0,1,40.97419435122675,40.65408345785779,58.3251953125
2102,21.02,1536,1529,2391,2381,1,0,1,40.97419435122675,40.78746299676152,58.3740234375
2103,21.03,1536,1526,2387,2381,1,0,1,40.97419435122675,40.70743527341928,58.2763671875
2104,21.04,1536,1530,2389,2381,1,0,1,40.97419435122675,40.81413890454227,58.3251953125
2105,21.05,1536,1524,2386,2381,1,0,1,40.97419435122675,40.65408345785779,58.251953125
2106,21.06,1536,1523,2391,2381,1,0,1,40.97419435122675,40.627407550077045,58.3740234375
2107,21.07,1536,1527,2392,2381,1,0,1,40.97419435122675,40.73411118120003,58.3984375
2108,21.08,1536,1522,2389,2381,1,0,1,40.97419435122675,40.600731642296296,58.3251953125
2109,21.09,1536,1525,2393,2381,1,0,1,40.97419435122675,40.68075936563854,58.4228515625
2110,21.1,1536,1522,2390,2381,1,0,1,40.97419435122675,40.600731642296296,58.349609375
2111,21.11,1536,1526,2393,2381,1,0,1,40.97419435122675,40.70743527341928,58.4228515625
2112,21.12,1536,1524,2389,2381,1,0,1,40.97419435122675,40.65408345785779,58.3251953125
2113,21.13,1536,1521,2391,2381,1,0,1,40.97419435122675,40.57405573451555,58.3740234375
2114,21.14,1536,1523,2394,2381,1,0,1,40.97419435122675,40.627407550077045,58.447265625
2115,21.15,1536,1523,2392,2381,1,0,1,40.97419435122675,40.627407550077045,58.3984375
2116,21.16,1536,1526,2392,2381,1,0,1,40.97419435122675,40.70743527341928,58.3984375
2117,21.17,1536,1523,2389,2381,1,0,1,40.97419435122675,40.627407550077045,58.3251953125
2118,21.18,1536,1522,2392,2381,1,0,1,40.97419435122675,40.600731642296296,58.3984375
2119,21.19,1536,1522,2393,2381,1,0,1,40.97419435122675,40.600731642296296,58.4228515625
2120,21.2,1536,1521,2393,2381,1,0,1,40.97419435122675,40.57405573451555,58.4228515625
2121,21.21,1536,1520,2394,2381,1,0,1,40.97419435122675,40.547379826734804,58.447265625
2122,21.22,1536,1524,2395,2381,1,0,1,40.97419435122675,40.65408345785779,58.4716796875
2123,21.23,1536,1519,2391,2381,1,0,1,40.97419435122675,40.520703918954055,58.3740234375
2124,21.24,1536,1517,2397,2382,1,0,1,40.97419435122675,40.467352103392564,58.5205078125
2125,21.25,1536,1520,2400,2383,1,0,1,40.97419435122675,40.547379826734804,58.59375
2126,21.26,1536,1518,2397,2383,1,0,1,40.97419435122675,40.494028011173306,58.5205078125
2127,21.27,1536,1522,2400,2384,1,0,1,40.97419435122675,40.600731642296296,58.59375
2128,21.28,1536,1517,2396,2384,1,0,1,40.97419435122675,40.467352103392564,58.49609375
2129,21.29,1536,1516,2402,2385,1,0,1,40.97419435122675,40.440676195611815,58.642578125
2130,21.3,1536,1521,2403,2386,1,0,1,40.97419435122675,40.57405573451555,58.6669921875
2131,21.31,1536,1517,2399,2386,1,0,1,40.97419435122675,40.467352103392564,58.5693359375
2132,21.32,1536,1523,2404,2387,1,0,1,40.97419435122675,40.627407550077045,58.69140625
2133,21.33,1536,1517,2398,2387,1,0,1,40.97419435122675,40.467352103392564,58.544921875
2134,21.34,1536,1522,2405,2388,1,0,1,40.97419435122675,40.600731642296296,58.7158203125
2135,21.35,1536,1522,2400,2388,1,0,1,40.97419435122675,40.600731642296296,58.59375
2136,21.36,1536,1518,2400,2388,1,0,1,40.97419435122675,40.494028011173306,58.59375
2137,21.37,1536,1521,2405,2389,1,0,1,40.97419435122675,40.57405573451555,58.7158203125
2138,21.38,1536,1520,2402,2389,1,0,1,40.97419435122675,40.547379826734804,58.642578125
2139,21.39,1536,1523,2403,2389,1,0,1,40.97419435122675,40.627407550077045,58.6669921875
2140,21.4,1536,1522,2400,2389,1,0,1,40.97419435122675,40.600731642296296,58.59375
2141,21.41,1536,1520,2401,2389,1,0,1,40.97419435122675,40.547379826734804,58.6181640625
2142,21.42,1536,1523,2403,2389,1,0,1,40.97419435122675,40.627407550077045,58.6669921875
2143,21.43,1536,1523,2400,2389,1,0,1,40.97419435122675,40.627407550077045,58.59375
2144,21.44,1536,1523,2400,2389,1,0,1,40.97419435122675,40.627407550077045,58.59375
2145,21.45,1536,1524,2400,2389,1,0,1,40.97419435122675,40.65408345785779,58.59375
2146,21.46,1536,1524,2399,2389,1,0,1,40.97419435122675,40.65408345785779,58.5693359375
2147,21.47,1536,1522,2399,2389,1,0,1,40.97419435122675,40.600731642296296,58.5693359375
2148,21.48,1536,1525,2401,2389,1,0,1,40.97419435122675,40.68075936563854,58.6181640625
2149,21.49,1536,1525,2398,2389,1,0,1,40.97419435122675,40.68075936563854,58.544921875
2150,21.5,1536,1530,2398,2389,1,0,1,40.97419435122675,40.81413890454227,58.544921875
2151,21.51,1536,1525,2394,2389,1,0,1,40.97419435122675,40.68075936563854,58.447265625
2152,21.52,1536,1524,2398,2389,1,0,1,40.97419435122675,40.65408345785779,58.544921875
2153,21.53,1536,1530,2399,2389,1,0,1,40.97419435122675,40.81413890454227,58.5693359375
2154,21.54,1536,1525,2394,2389,1,0,1,40.97419435122675,40.68075936563854,58.447265625
2155,21.55,1536,1532,2398,2389,1,0,1,40.97419435122675,40.86749072010376,58.544921875
2156,21.56,1536,1526,2392,2389,1,0,1,40.97419435122675,40.70743527341928,58.3984375
2157,21.57,1536,1530,2397,2389,1,0,1,40.97419435122675,40.81413890454227,58.5205078125
2158,21.58,1536,1528,2394,2389,1,0,1,40.97419435122675,40.76078708898078,58.447265625
2159,21.59,1536,1526,2396,2389,1,0,1,40.97419435122675,40.70743527341928,58.49609375
2160,21.6,1536,1529,2397,2389,1,0,1,40.97419435122675,40.78746299676152,58.5205078125
2161,21.61,1536,1528,2395,2389,1,0,1,40.97419435122675,40.76078708898078,58.4716796875
2162,21.62,1536,1531,2396,2389,1,0,1,40.97419435122675,40.84081481232302,58.49609375
2163,21.63,1536,1529,2393,2389,1,0,1,40.97419435122675,40.78746299676152,58.4228515625
2164,21.64,1536,1528,2395,2389,1,0,1,40.97419435122675,40.76078708898078,58.4716796875
2165,21.65,1536,1526,2396,2389,1,0,1,40.97419435122675,40.70743527341928,58.49609375
2166,21.66,1536,1528,2397,2389,1,0,1,40.97419435122675,40.76078708898078,58.5205078125
2167,21.67,1536,1527,2396,2389,1,0,1,40.97419435122675,40.73411118120003,58.49609375
2168,21.68,1536,1533,2397,2389,1,0,1,40.97419435122675,40.89416662788451,58.5205078125
2169,21.69,1536,1527,2391,2389,1,0,1,40.97419435122675,40.73411118120003,58.3740234375
2170,21.7,1536,1525,2397,2389,1,0,1,40.97419435122675,40.68075936563854,58.5205078125
2171,21.71,1536,1531,2398,2389,1,0,1,40.97419435122675,40.84081481232302,58.544921875
2172,21.72,1536,1526,2393,2389,1,0,1,40.97419435122675,40.70743527341928,58.4228515625
2173,21.73,1536,1532,2397,2389,1,0,1,40.97419435122675,40.86749072010376,58.5205078125
2174,21.74,1536,1526,2392,2389,1,0,1,40.97419435122675,40.70743527341928,58.3984375
2175,21.75,1536,1530,2397,2389,1,0,1,40.97419435122675,40.81413890454227,58.5205078125
2176,21.76,1536,1530,2394,2389,1,0,1,40.97419435122675,40.81413890454227,58.447265625
2177,21.77,1536,1525,2394,2389,1,0,1,40.97419435122675,40.68075936563854,58.447265625
2178,21.78,1536,1527,2398,2389,1,0,1,40.97419435122675,40.73411118120003,58.544921875
2179,21.79,1536,1526,2397,2389,1,0,1,40.97419435122675,40.70743527341928,58.5205078125
2180,21.8,1536,1529,2397,2389,1,0,1,40.97419435122675,40.78746299676152,58.5205078125
2181,21.81,1536,1527,2395,2389,1,0,1,40.97419435122675,40.73411118120003,58.4716796875
2182,21.82,1536,1526,2397,2389,1,0,1,40.97419435122675,40.70743527341928,58.5205078125
2183,21.83,1536,1526,2397,2389,1,0,1,40.97419435122675,40.70743527341928,58.5205078125
2184,21.84,1536,1525,2397,2389,1,0,1,40.97419435122675,40.68075936563854,58.5205078125
2185,21.85,1536,1525,2398,2389,1,0,1,40.97419435122675,40.68075936563854,58.544921875
2186,21.86,1536,1530,2398,2389,1,0,1,40.97419435122675,40.81413890454227,58.544921875
2187,21.87,1536,1524,2394,2389,1,0,1,40.97419435122675,40.65408345785779,58.447265625
2188,21.88,1536,1522,2399,2389,1,0,1,40.97419435122675,40.600731642296296,58.5693359375
2189,21.89,1536,1528,2401,2389,1,0,1,40.97419435122675,40.76078708898078,58.6181640625
2190,21.9,1536,1524,2396,2389,1,0,1,40.97419435122675,40.65408345785779,58.49609375
2191,21.91,1536,1529,2399,2389,1,0,1,40.97419435122675,40.78746299676152,58.5693359375
2192,21.92,1536,1524,2395,2389,1,0,1,40.97419435122675,40.65408345785779,58.4716796875
2193,21.93,1536,1523,2399,2389,1,0,1,40.97419435122675,40.627407550077045,58.5693359375
2194,21.94,1536,1527,2400,2389,1,0,1,40.97419435122675,40.73411118120003,58.59375
2195,21.95,1536,1523,2397,2389,1,0,1,40.97419435122675,40.627407550077045,58.5205078125
2196,21.96,1536,1525,2400,2389,1,0,1,40.97419435122675,40.68075936563854,58.59375
2197,21.97,1536,1523,2398,2389,1,0,1,40.97419435122675,40.627407550077045,58.544921875
2198,21.98,1536,1527,2400,2389,1,0,1,40.97419435122675,40.73411118120003,58.59375
2199,21.99,1536,1525,2397,2389,1,0,1,40.97419435122675,40.68075936563854,58.5205078125
2200,22.0,1536,1523,2398,2389,1,0,1,40.97419435122675,40.627407550077045,58.544921875
2201,22.01,1536,1525,2400,2389,1,0,1,40.97419435122675,40.68075936563854,58.59375
2202,22.02,1536,1524,2398,2389,1,0,1,40.97419435122675,40.65408345785779,58.544921875
2203,22.03,1536,1523,2399,2389,1,0,1,40.97419435122675,40.627407550077045,58.5693359375
2204,22.04,1536,1525,2400,2389,1,0,1,40.97419435122675,40.68075936563854,58.59375
2205,22.05,1536,1524,2398,2389,1,0,1,40.97419435122675,40.65408345785779,58.544921875
2206,22.06,1536,1522,2399,2389,1,0,1,40.97419435122675,40.600731642296296,58.5693359375
2207,22.07,1536,1524,2401,2389,1,0,1,40.97419435122675,40.65408345785779,58.6181640625
2208,22.08,1536,1524,2399,2389,1,0,1,40.97419435122675,40.65408345785779,58.5693359375
2209,22.09,1536,1530,2399,2389,1,0,1,40.97419435122675,40.81413890454227,58.5693359375
2210,22.1,1536,1526,2394,2389,1,0,1,40.97419435122675,40.70743527341928,58.447265625
2211,22.11,1536,1524,2397,2389,1,0,1,40.97419435122675,40.65408345785779,58.5205078125
2212,22.12,1536,1529,2399,2389,1,0,1,40.97419435122675,40.78746299676152,58.5693359375
2213,22.13,1536,1525,2395,2389,1,0,1,40.97419435122675,40.68075936563854,58.4716796875
2214,22.14,1536,1531,2398,2389,1,0,1,40.97419435122675,40.84081481232302,58.544921875
2215,22.15,1536,1526,2393,2389,1,0,1,40.97419435122675,40.70743527341928,58.4228515625
2216,22.16,1536,1530,2397,2389,1,0,1,40.97419435122675,40.81413890454227,58.5205078125
2217,22.17,1536,1530,2394,2389,1,0,1,40.97419435122675,40.81413890454227,58.447265625
2218,22.18,1536,1527,2394,2389,1,0,1,40.97419435122675,40.73411118120003,58.447265625
2219,22.19,1536,1529,2397,2389,1,0,1,40.97419435122675,40.78746299676152,58.5205078125
2220,22.2,1536,1529,2395,2389,1,0,1,40.97419435122675,40.78746299676152,58.4716796875
2221,22.21,1536,1532,2395,2389,1,0,1,40.97419435122675,40.86749072010376,58.4716796875
2222,22.22,1536,1530,2392,2389,1,0,1,40.97419435122675,40.81413890454227,58.3984375
2223,22.23,1536,1530,2394,2389,1,0,1,40.97419435122675,40.81413890454227,58.447265625
2224,22.24,1536,1530,2394,2389,1,0,1,40.97419435122675,40.81413890454227,58.447265625
2225,22.25,1536,1530,2394,2389,1,0,1,40.97419435122675,40.81413890454227,58.447265625
2226,22.26,1536,1530,2394,2389,1,0,1,40.97419435122675,40.81413890454227,58.447265625
2227,22.27,1536,1536,2394,2389,1,0,1,40.97419435122675,40.97419435122675,58.447265625
2228,22.28,1536,1531,2389,2389,1,0,1,40.97419435122675,40.84081481232302,58.3251953125
2229,22.29,1536,1529,2393,2389,1,0,1,40.97419435122675,40.78746299676152,58.4228515625
2230,22.3,1536,1534,2395,2389,1,0,1,40.97419435122675,40.92084253566525,58.4716796875
2231,22.31,1536,1529,2390,2389,1,0,1,40.97419435122675,40.78746299676152,58.349609375
2232,22.32,1536,1535,2395,2389,1,0,1,40.97419435122675,40.947518443446,58.4716796875
2233,22.33,1536,1529,2389,2389,1,0,1,40.97419435122675,40.78746299676152,58.3251953125
2234,22.34,1536,1532,2395,2389,1,0,1,40.97419435122675,40.86749072010376,58.4716796875
2235,22.35,1536,1530,2392,2389,1,0,1,40.97419435122675,40.81413890454227,58.3984375
2236,22.36,1536,1528,2394,2389,1,0,1,40.97419435122675,40.76078708898078,58.447265625
2237,22.37,1536,1530,2396,2389,1,0,1,40.97419435122675,40.81413890454227,58.49609375
2238,22.38,1536,1529,2394,2389,1,0,1,40.97419435122675,40.78746299676152,58.447265625
2239,22.39,1536,1531,2395,2389,1,0,1,40.97419435122675,40.84081481232302,58.4716796875
2240,22.4,1536,1529,2393,2389,1,0,1,40.97419435122675,40.78746299676152,58.4228515625
2241,22.41,1536,1528,2395,2389,1,0,1,40.97419435122675,40.76078708898078,58.4716796875
2242,22.42,1536,1526,2396,2389,1,0,1,40.97419435122675,40.70743527341928,58.49609375
2243,22.43,1536,1528,2397,2389,1,0,1,40.97419435122675,40.76078708898078,58.5205078125
2244,22.44,1536,1527,2396,2389,1,0,1,40.97419435122675,40.73411118120003,58.49609375
2245,22.45,1536,1533,2397,2389,1,0,1,40.97419435122675,40.89416662788451,58.5205078125
2246,22.46,1536,1528,2391,2389,1,0,1,40.97419435122675,40.76078708898078,58.3740234375
2247,22.47,1536,1526,2396,2389,1,0,1,40.97419435122675,40.70743527341928,58.49609375
2248,22.48,1536,1531,2397,2389,1,0,1,40.97419435122675,40.84081481232302,58.5205078125
2249,22.49,1536,1526,2393,2389,1,0,1,40.97419435122675,40.70743527341928,58.4228515625
2250,22.5,1536,1533,2397,2389,1,0,1,40.97419435122675,40.89416662788451,58.5205078125
2251,22.51,1536,1527,2391,2389,1,0,1,40.97419435122675,40.73411118120003,58.3740234375
2252,22.52,1536,1531,2397,2389,1,0,1,40.97419435122675,40.84081481232302,58.5205078125
2253,22.53,1536,1531,2393,2389,1,0,1,40.97419435122675,40.84081481232302,58.4228515625
2254,22.54,1536,1527,2393,2389,1,0,1,40.97419435122675,40.73411118120003,58.4228515625
2255,22.55,1536,1529,2397,2389,1,0,1,40.97419435122675,40.78746299676152,58.5205078125
2256,22.56,1536,1528,2395,2389,1,0,1,40.97419435122675,40.76078708898078,58.4716796875
2257,22.57,1536,1531,2396,2389,1,0,1,40.97419435122675,40.84081481232302,58.49609375
2258,22.58,1536,1528,2393,2389,1,0,1,40.97419435122675,40.76078708898078,58.4228515625
2259,22.59,1536,1528,2396,2389,1,0,1,40.97419435122675,40.76078708898078,58.49609375
2260,22.6,1536,1526,2396,2389,1,0,1,40.97419435122675,40.70743527341928,58.49609375
2261,22.61,1536,1528,2397,2389,1,0,1,40.97419435122675,40.76078708898078,58.5205078125
2262,22.62,1536,1528,2396,2389,1,0,1,40.97419435122675,40.76078708898078,58.49609375
2263,22.63,1536,1533,2396,2389,1,0,1,40.97419435122675,40.89416662788451,58.49609375
2264,22.64,1536,1528,2391,2389,1,0,1,40.97419435122675,40.76078708898078,58.3740234375
2265,22.65,1536,1526,2396,2389,1,0,1,40.97419435122675,40.70743527341928,58.49609375
2266,22.66,1536,1531,2397,2389,1,0,1,40.97419435122675,40.84081481232302,58.5205078125
2267,22.67,1536,1527,2393,2389,1,0,1,40.97419435122675,40.73411118120003,58.4228515625
2268,22.68,1536,1533,2397,2389,1,0,1,40.97419435122675,40.89416662788451,58.5205078125
2269,22.69,1536,1528,2391,2389,1,0,1,40.97419435122675,40.76078708898078,58.3740234375
2270,22.7,1536,1531,2396,2389,1,0,1,40.97419435122675,40.84081481232302,58.49609375
2271,22.71,1536,1531,2393,2389,1,0,1,40.97419435122675,40.84081481232302,58.4228515625
2272,22.72,1536,1528,2393,2389,1,0,1,40.97419435122675,40.76078708898078,58.4228515625
2273,22.73,1536,1530,2396,2389,1,0,1,40.97419435122675,40.81413890454227,58.49609375
2274,22.74,1536,1528,2394,2389,1,0,1,40.97419435122675,40.76078708898078,58.447265625
2275,22.75,1536,1531,2396,2389,1,0,1,40.97419435122675,40.84081481232302,58.49609375
2276,22.76,1536,1530,2393,2389,1,0,1,40.97419435122675,40.81413890454227,58.4228515625
2277,22.77,1536,1529,2394,2389,1,0,1,40.97419435122675,40.78746299676152,58.447265625
2278,22.78,1536,1527,2395,2389,1,0,1,40.97419435122675,40.73411118120003,58.4716796875
2279,22.79,1536,1529,2397,2389,1,0,1,40.97419435122675,40.78746299676152,58.5205078125
2280,22.8,1536,1530,2395,2389,1,0,1,40.97419435122675,40.81413890454227,58.4716796875
2281,22.81,1536,1535,2394,2389,1,0,1,40.97419435122675,40.947518443446,58.447265625
2282,22.82,1536,1530,2389,2389,1,0,1,40.97419435122675,40.81413890454227,58.3251953125
2283,22.83,1536,1528,2394,2389,1,0,1,40.97419435122675,40.76078708898078,58.447265625
2284,22.84,1536,1533,2396,2389,1,0,1,40.97419435122675,40.89416662788451,58.49609375
2285,22.85,1536,1529,2391,2389,1,0,1,40.97419435122675,40.78746299676152,58.3740234375
2286,22.86,1536,1535,2395,2389,1,0,1,40.97419435122675,40.947518443446,58.4716796875
2287,22.87,1536,1530,2389,2389,1,0,1,40.97419435122675,40.81413890454227,58.3251953125
2288,22.88,1536,1533,2394,2389,1,0,1,40.97419435122675,40.89416662788451,58.447265625
2289,22.89,1536,1532,2391,2389,1,0,1,40.97419435122675,40.86749072010376,58.3740234375
2290,22.9,1536,1530,2392,2389,1,0,1,40.97419435122675,40.81413890454227,58.3984375
2291,22.91,1536,1532,2394,2389,1,0,1,40.97419435122675,40.86749072010376,58.447265625
2292,22.92,1536,1532,2392,2389,1,0,1,40.97419435122675,40.86749072010376,58.3984375
2293,22.93,1536,1531,2392,2389,1,0,1,40.97419435122675,40.84081481232302,58.3984375
2294,22.94,1536,1532,2393,2389,1,0,1,40.97419435122675,40.86749072010376,58.4228515625
2295,22.95,1536,1532,2392,2389,1,0,1,40.97419435122675,40.86749072010376,58.3984375
2296,22.96,1536,1530,2392,2389,1,0,1,40.97419435122675,40.81413890454227,58.3984375
2297,22.97,1536,1531,2394,2389,1,0,1,40.97419435122675,40.84081481232302,58.447265625
2298,22.98,1536,1531,2393,2389,1,0,1,40.97419435122675,40.84081481232302,58.4228515625
2299,22.99,1536,1537,2393,2389,1,0,1,40.97419435122675,41.00087025900749,58.4228515625
2300,23.0,1536,1531,2387,2388,1,0,1,40.97419435122675,40.84081481232302,58.2763671875
2301,23.01,1536,1530,2392,2388,1,0,1,40.97419435122675,40.81413890454227,58.3984375
2302,23.02,1536,1534,2393,2388,1,0,1,40.97419435122675,40.92084253566525,58.4228515625
2303,23.03,1536,1530,2389,2388,1,0,1,40.97419435122675,40.81413890454227,58.3251953125
2304,23.04,1536,1533,2393,2388,1,0,1,40.97419435122675,40.89416662788451,58.4228515625
2305,23.05,1536,1531,2390,2388,1,0,1,40.97419435122675,40.84081481232302,58.349609375
2306,23.06,1536,1534,2392,2388,1,0,1,40.97419435122675,40.92084253566525,58.3984375
2307,23.07,1536,1532,2389,2388,1,0,1,40.97419435122675,40.86749072010376,58.3251953125
2308,23.08,1536,1531,2391,2388,1,0,1,40.97419435122675,40.84081481232302,58.3740234375
2309,23.09,1536,1531,2392,2388,1,0,1,40.97419435122675,40.84081481232302,58.3984375
2310,23.1,1536,1531,2392,2388,1,0,1,40.97419435122675,40.84081481232302,58.3984375
2311,23.11,1536,1530,2392,2388,1,0,1,40.97419435122675,40.81413890454227,58.3984375
2312,23.12,1536,1531,2393,2388,1,0,1,40.97419435122675,40.84081481232302,58.4228515625
2313,23.13,1536,1530,2392,2388,1,0,1,40.97419435122675,40.81413890454227,58.3984375
2314,23.14,1536,1528,2393,2388,1,0,1,40.97419435122675,40.76078708898078,58.4228515625
2315,23.15,1536,1532,2395,2388,1,0,1,40.97419435122675,40.86749072010376,58.4716796875
2316,23.16,1536,1529,2391,2388,1,0,1,40.97419435122675,40.78746299676152,58.3740234375
2317,23.17,1536,1533,2394,2388,1,0,1,40.97419435122675,40.89416662788451,58.447265625
2318,23.18,1536,1527,2390,2388,1,0,1,40.97419435122675,40.73411118120003,58.349609375
2319,23.19,1536,1531,2396,2388,1,0,1,40.97419435122675,40.84081481232302,58.49609375
2320,23.2,1536,1531,2392,2388,1,0,1,40.97419435122675,40.84081481232302,58.3984375
2321,23.21,1536,1526,2392,2388,1,0,1,40.97419435122675,40.70743527341928,58.3984375
2322,23.22,1536,1529,2396,2388,1,0,1,40.97419435122675,40.78746299676152,58.49609375
2323,23.23,1536,1526,2394,2388,1,0,1,40.97419435122675,40.70743527341928,58.447265625
2324,23.24,1536,1530,2396,2388,1,0,1,40.97419435122675,40.81413890454227,58.49609375
2325,23.25,1536,1528,2393,2388,1,0,1,40.97419435122675,40.76078708898078,58.4228515625
2326,23.26,1536,1527,2395,2388,1,0,1,40.97419435122675,40.73411118120003,58.4716796875
2327,23.27,1536,1528,2396,2388,1,0,1,40.97419435122675,40.76078708898078,58.49609375
2328,23.28,1536,1527,2395,2388,1,0,1,40.97419435122675,40.73411118120003,58.4716796875
2329,23.29,1536,1527,2396,2388,1,0,1,40.97419435122675,40.73411118120003,58.49609375
2330,23.3,1536,1528,2396,2388,1,0,1,40.97419435122675,40.76078708898078,58.49609375
2331,23.31,1536,1527,2395,2388,1,0,1,40.97419435122675,40.73411118120003,58.4716796875
2332,23.32,1536,1525,2396,2388,1,0,1,40.97419435122675,40.68075936563854,58.49609375
2333,23.33,1536,1530,2397,2388,1,0,1,40.97419435122675,40.81413890454227,58.5205078125
2334,23.34,1536,1527,2393,2388,1,0,1,40.97419435122675,40.73411118120003,58.4228515625
2335,23.35,1536,1532,2396,2388,1,0,1,40.97419435122675,40.86749072010376,58.49609375
2336,23.36,1536,1526,2391,2388,1,0,1,40.97419435122675,40.70743527341928,58.3740234375
2337,23.37,1536,1525,2396,2388,1,0,1,40.97419435122675,40.68075936563854,58.49609375
2338,23.38,1536,1529,2397,2388,1,0,1,40.97419435122675,40.78746299676152,58.5205078125
2339,23.39,1536,1525,2394,2388,1,0,1,40.97419435122675,40.68075936563854,58.447265625
2340,23.4,1536,1528,2397,2388,1,0,1,40.97419435122675,40.76078708898078,58.5205078125
2341,23.41,1536,1526,2395,2388,1,0,1,40.97419435122675,40.70743527341928,58.4716796875
2342,23.42,1536,1529,2396,2388,1,0,1,40.97419435122675,40.78746299676152,58.49609375
2343,23.43,1536,1528,2394,2388,1,0,1,40.97419435122675,40.76078708898078,58.447265625
2344,23.44,1536,1526,2395,2388,1,0,1,40.97419435122675,40.70743527341928,58.4716796875
2345,23.45,1536,1528,2396,2388,1,0,1,40.97419435122675,40.76078708898078,58.49609375
2346,23.46,1536,1527,2395,2388,1,0,1,40.97419435122675,40.73411118120003,58.4716796875
2347,23.47,1536,1527,2396,2388,1,0,1,40.97419435122675,40.73411118120003,58.49609375
2348,23.48,1536,1528,2396,2388,1,0,1,40.97419435122675,40.76078708898078,58.49609375
2349,23.49,1536,1527,2395,2388,1,0,1,40.97419435122675,40.73411118120003,58.4716796875
2350,23.5,1536,1525,2396,2388,1,0,1,40.97419435122675,40.68075936563854,58.49609375
2351,23.51,1536,1527,2397,2388,1,0,1,40.97419435122675,40.73411118120003,58.5205078125
2352,23.52,1536,1528,2396,2388,1,0,1,40.97419435122675,40.76078708898078,58.49609375
2353,23.53,1536,1533,2395,2388,1,0,1,40.97419435122675,40.89416662788451,58.4716796875
2354,23.54,1536,1528,2390,2388,1,0,1,40.97419435122675,40.76078708898078,58.349609375
2355,23.55,1536,1527,2395,2388,1,0,1,40.97419435122675,40.73411118120003,58.4716796875
2356,23.56,1536,1532,2396,2388,1,0,1,40.97419435122675,40.86749072010376,58.49609375
2357,23.57,1536,1528,2391,2388,1,0,1,40.97419435122675,40.76078708898078,58.3740234375
2358,23.58,1536,1531,2395,2388,1,0,1,40.97419435122675,40.84081481232302,58.4716796875
2359,23.59,1536,1530,2392,2388,1,0,1,40.97419435122675,40.81413890454227,58.3984375
2360,23.6,1536,1534,2393,2388,1,0,1,40.97419435122675,40.92084253566525,58.4228515625
2361,23.61,1536,1532,2389,2388,1,0,1,40.97419435122675,40.86749072010376,58.3251953125
2362,23.62,1536,1530,2391,2388,1,0,1,40.97419435122675,40.81413890454227,58.3740234375
2363,23.63,1536,1533,2393,2388,1,0,1,40.97419435122675,40.89416662788451,58.4228515625
2364,23.64,1536,1532,2390,2388,1,0,1,40.97419435122675,40.86749072010376,58.349609375
2365,23.65,1536,1532,2391,2388,1,0,1,40.97419435122675,40.86749072010376,58.3740234375
2366,23.66,1536,1534,2391,2388,1,0,1,40.97419435122675,40.92084253566525,58.3740234375
2367,23.67,1536,1533,2389,2388,1,0,1,40.97419435122675,40.89416662788451,58.3251953125
2368,23.68,1536,1530,2390,2388,1,0,1,40.97419435122675,40.81413890454227,58.349609375
2369,23.69,1536,1536,2393,2388,1,0,1,40.97419435122675,40.97419435122675,58.4228515625
2370,23.7,1536,1533,2388,2388,1,0,1,40.97419435122675,40.89416662788451,58.30078125
2371,23.71,1536,1538,2390,2388,1,0,1,40.97419435122675,41.02754616678824,58.349609375
2372,23.72,1536,1532,2385,2387,1,0,1,40.97419435122675,40.86749072010376,58.2275390625
2373,23.73,1536,1536,2390,2387,1,0,1,40.97419435122675,40.97419435122675,58.349609375
2374,23.74,1536,1536,2387,2387,1,0,1,40.97419435122675,40.97419435122675,58.2763671875
2375,23.75,1536,1532,2387,2387,1,0,1,40.97419435122675,40.86749072010376,58.2763671875
2376,23.76,1536,1535,2390,2387,1,0,1,40.97419435122675,40.947518443446,58.349609375
2377,23.77,1536,1533,2387,2387,1,0,1,40.97419435122675,40.89416662788451,58.2763671875
2378,23.78,1536,1535,2389,2387,1,0,1,40.97419435122675,40.947518443446,58.3251953125
2379,23.79,1536,1533,2387,2387,1,0,1,40.97419435122675,40.89416662788451,58.2763671875
2380,23.8,1536,1533,2389,2387,1,0,1,40.97419435122675,40.89416662788451,58.3251953125
2381,23.81,1536,1530,2389,2387,1,0,1,40.97419435122675,40.81413890454227,58.3251953125
2382,23.82,1536,1532,2392,2387,1,0,1,40.97419435122675,40.86749072010376,58.3984375
2383,23.83,1536,1531,2390,2387,1,0,1,40.97419435122675,40.84081481232302,58.349609375
2384,23.84,1536,1536,2391,2387,1,0,1,40.97419435122675,40.97419435122675,58.3740234375
2385,23.85,1536,1531,2387,2387,1,0,1,40.97419435122675,40.84081481232302,58.2763671875
2386,23.86,1536,1529,2391,2387,1,0,1,40.97419435122675,40.78746299676152,58.3740234375
2387,23.87,1536,1533,2393,2387,1,0,1,40.97419435122675,40.89416662788451,58.4228515625
2388,23.88,1536,1528,2389,2387,1,0,1,40.97419435122675,40.76078708898078,58.3251953125
2389,23.89,1536,1535,2394,2387,1,0,1,40.97419435122675,40.947518443446,58.447265625
2390,23.9,1536,1528,2387,2387,1,0,1,40.97419435122675,40.76078708898078,58.2763671875
2391,23.91,1536,1531,2394,2387,1,0,1,40.97419435122675,40.84081481232302,58.447265625
2392,23.92,1536,1530,2391,2387,1,0,1,40.97419435122675,40.81413890454227,58.3740234375
2393,23.93,1536,1527,2392,2387,1,0,1,40.97419435122675,40.73411118120003,58.3984375
2394,23.94,1536,1529,2395,2387,1,0,1,40.97419435122675,40.78746299676152,58.4716796875
2395,23.95,1536,1528,2393,2387,1,0,1,40.97419435122675,40.76078708898078,58.4228515625
2396,23.96,1536,1528,2394,2387,1,0,1,40.97419435122675,40.76078708898078,58.447265625
2397,23.97,1536,1529,2394,2387,1,0,1,40.97419435122675,40.78746299676152,58.447265625
2398,23.98,1536,1528,2393,2387,1,0,1,40.97419435122675,40.76078708898078,58.4228515625
2399,23.99,1536,1526,2394,2387,1,0,1,40.97419435122675,40.70743527341928,58.447265625
2400,24.0,1536,1528,2395,2387,1,0,1,40.97419435122675,40.76078708898078,58.4716796875
2401,24.01,1536,1528,2394,2387,1,0,1,40.97419435122675,40.76078708898078,58.447265625
2402,24.02,1536,1533,2394,2387,1,0,1,40.97419435122675,40.89416662788451,58.447265625
2403,24.03,1536,1527,2389,2387,1,0,1,40.97419435122675,40.73411118120003,58.3251953125
2404,24.04,1536,1526,2395,2387,1,0,1,40.97419435122675,40.70743527341928,58.4716796875
2405,24.05,1536,1530,2395,2387,1,0,1,40.97419435122675,40.81413890454227,58.4716796875
2406,24.06,1536,1526,2392,2387,1,0,1,40.97419435122675,40.70743527341928,58.3984375
2407,24.07,1536,1533,2395,2387,1,0,1,40.97419435122675,40.89416662788451,58.4716796875
2408,24.08,1536,1527,2389,2387,1,0,1,40.97419435122675,40.73411118120003,58.3251953125
2409,24.09,1536,1531,2395,2387,1,0,1,40.97419435122675,40.84081481232302,58.4716796875
2410,24.1,1536,1529,2391,2387,1,0,1,40.97419435122675,40.78746299676152,58.3740234375
2411,24.11,1536,1526,2393,2387,1,0,1,40.97419435122675,40.70743527341928,58.4228515625
2412,24.12,1536,1529,2395,2387,1,0,1,40.97419435122675,40.78746299676152,58.4716796875
2413,24.13,1536,1528,2393,2387,1,0,1,40.97419435122675,40.76078708898078,58.4228515625
2414,24.14,1536,1531,2394,2387,1,0,1,40.97419435122675,40.84081481232302,58.447265625
2415,24.15,1536,1529,2391,2387,1,0,1,40.97419435122675,40.78746299676152,58.3740234375
2416,24.16,1536,1528,2393,2387,1,0,1,40.97419435122675,40.76078708898078,58.4228515625
2417,24.17,1536,1526,2394,2387,1,0,1,40.97419435122675,40.70743527341928,58.447265625
2418,24.18,1536,1528,2395,2387,1,0,1,40.97419435122675,40.76078708898078,58.4716796875
2419,24.19,1536,1529,2394,2387,1,0,1,40.97419435122675,40.78746299676152,58.447265625
2420,24.2,1536,1533,2393,2387,1,0,1,40.97419435122675,40.89416662788451,58.4228515625
2421,24.21,1536,1528,2389,2387,1,0,1,40.97419435122675,40.76078708898078,58.3251953125
2422,24.22,1536,1527,2394,2387,1,0,1,40.97419435122675,40.73411118120003,58.447265625
2423,24.23,1536,1532,2395,2387,1,0,1,40.97419435122675,40.86749072010376,58.4716796875
2424,24.24,1536,1528,2390,2387,1,0,1,40.97419435122675,40.76078708898078,58.349609375
2425,24.25,1536,1534,2394,2387,1,0,1,40.97419435122675,40.92084253566525,58.447265625
2426,24.26,1536,1529,2388,2387,1,0,1,40.97419435122675,40.78746299676152,58.30078125
2427,24.27,1536,1533,2393,2387,1,0,1,40.97419435122675,40.89416662788451,58.4228515625
2428,24.28,1536,1531,2389,2387,1,0,1,40.97419435122675,40.84081481232302,58.3251953125
2429,24.29,1536,1529,2391,2387,1,0,1,40.97419435122675,40.78746299676152,58.3740234375
2430,24.3,1536,1531,2393,2387,1,0,1,40.97419435122675,40.84081481232302,58.4228515625
2431,24.31,1536,1531,2391,2387,1,0,1,40.97419435122675,40.84081481232302,58.3740234375
2432,24.32,1536,1531,2391,2387,1,0,1,40.97419435122675,40.84081481232302,58.3740234375
2433,24.33,1536,1532,2391,2387,1,0,1,40.97419435122675,40.86749072010376,58.3740234375
2434,24.34,1536,1531,2390,2387,1,0,1,40.97419435122675,40.84081481232302,58.349609375
2435,24.35,1536,1529,2391,2387,1,0,1,40.97419435122675,40.78746299676152,58.3740234375
2436,24.36,1536,1532,2393,2387,1,0,1,40.97419435122675,40.86749072010376,58.4228515625
2437,24.37,1536,1531,2390,2387,1,0,1,40.97419435122675,40.84081481232302,58.349609375
2438,24.38,1536,1537,2391,2387,1,0,1,40.97419435122675,41.00087025900749,58.3740234375
2439,24.39,1536,1531,2385,2386,1,0,1,40.97419435122675,40.84081481232302,58.2275390625
2440,24.4,1536,1530,2390,2386,1,0,1,40.97419435122675,40.81413890454227,58.349609375
2441,24.41,1536,1535,2391,2386,1,0,1,40.97419435122675,40.947518443446,58.3740234375
2442,24.42,1536,1531,2386,2386,1,0,1,40.97419435122675,40.84081481232302,58.251953125
2443,24.43,1536,1533,2390,2386,1,0,1,40.97419435122675,40.89416662788451,58.349609375
2444,24.44,1536,1531,2388,2386,1,0,1,40.97419435122675,40.84081481232302,58.30078125
2445,24.45,1536,1535,2390,2386,1,0,1,40.97419435122675,40.947518443446,58.349609375
2446,24.46,1536,1533,2386,2386,1,0,1,40.97419435122675,40.89416662788451,58.251953125
2447,24.47,1536,1532,2388,2386,1,0,1,40.97419435122675,40.86749072010376,58.30078125
2448,24.48,1536,1533,2389,2386,1,0,1,40.97419435122675,40.89416662788451,58.3251953125
2449,24.49,1536,1532,2388,2386,1,0,1,40.97419435122675,40.86749072010376,58.30078125
2450,24.5,1536,1532,2389,2386,1,0,1,40.97419435122675,40.86749072010376,58.3251953125
2451,24.51,1536,1537,2389,2386,1,0,1,40.97419435122675,41.00087025900749,58.3251953125
2452,24.52,1536,1532,2384,2385,1,0,1,40.97419435122675,40.86749072010376,58.203125
2453,24.53,1536,1530,2388,2385,1,0,1,40.97419435122675,40.81413890454227,58.30078125
2454,24.54,1536,1535,2390,2385,1,0,1,40.97419435122675,40.947518443446,58.349609375
2455,24.55,1536,1532,2385,2385,1,0,1,40.97419435122675,40.86749072010376,58.2275390625
2456,24.56,1536,1537,2388,2385,1,0,1,40.97419435122675,41.00087025900749,58.30078125
2457,24.57,1536,1530,2383,2384,1,0,1,40.97419435122675,40.81413890454227,58.1787109375
2458,24.58,1536,1534,2389,2384,1,0,1,40.97419435122675,40.92084253566525,58.3251953125
2459,24.59,1536,1534,2385,2384,1,0,1,40.97419435122675,40.92084253566525,58.2275390625
2460,24.6,1536,1529,2385,2384,1,0,1,40.97419435122675,40.78746299676152,58.2275390625
2461,24.61,1536,1530,2390,2384,1,0,1,40.97419435122675,40.81413890454227,58.349609375
2462,24.62,1536,1528,2389,2384,1,0,1,40.97419435122675,40.76078708898078,58.3251953125
2463,24.63,1536,1531,2391,2384,1,0,1,40.97419435122675,40.84081481232302,58.3740234375
2464,24.64,1536,1529,2388,2384,1,0,1,40.97419435122675,40.78746299676152,58.30078125
2465,24.65,1536,1527,2390,2384,1,0,1,40.97419435122675,40.73411118120003,58.349609375
2466,24.66,1536,1528,2392,2384,1,0,1,40.97419435122675,40.76078708898078,58.3984375
2467,24.67,1536,1526,2391,2384,1,0,1,40.97419435122675,40.70743527341928,58.3740234375
2468,24.68,1536,1526,2392,2384,1,0,1,40.97419435122675,40.70743527341928,58.3984375
2469,24.69,1536,1531,2392,2384,1,0,1,40.97419435122675,40.84081481232302,58.3984375
2470,24.7,1536,1526,2388,2384,1,0,1,40.97419435122675,40.70743527341928,58.30078125
2471,24.71,1536,1524,2392,2384,1,0,1,40.97419435122675,40.65408345785779,58.3984375
2472,24.72,1536,1529,2394,2384,1,0,1,40.97419435122675,40.78746299676152,58.447265625
2473,24.73,1536,1526,2390,2384,1,0,1,40.97419435122675,40.70743527341928,58.349609375
2474,24.74,1536,1530,2392,2384,1,0,1,40.97419435122675,40.81413890454227,58.3984375
2475,24.75,1536,1524,2389,2384,1,0,1,40.97419435122675,40.65408345785779,58.3251953125
2476,24.76,1536,1527,2394,2384,1,0,1,40.97419435122675,40.73411118120003,58.447265625
2477,24.77,1536,1528,2392,2384,1,0,1,40.97419435122675,40.76078708898078,58.3984375
2478,24.78,1536,1523,2391,2384,1,0,1,40.97419435122675,40.627407550077045,58.3740234375
2479,24.79,1536,1525,2395,2384,1,0,1,40.97419435122675,40.68075936563854,58.4716796875
2480,24.8,1536,1523,2393,2384,1,0,1,40.97419435122675,40.627407550077045,58.4228515625
2481,24.81,1536,1527,2395,2384,1,0,1,40.97419435122675,40.73411118120003,58.4716796875
2482,24.82,1536,1525,2392,2384,1,0,1,40.97419435122675,40.68075936563854,58.3984375
2483,24.83,1536,1524,2393,2384,1,0,1,40.97419435122675,40.65408345785779,58.4228515625
2484,24.84,1536,1525,2394,2384,1,0,1,40.97419435122675,40.68075936563854,58.447265625
2485,24.85,1536,1524,2393,2384,1,0,1,40.97419435122675,40.65408345785779,58.4228515625
2486,24.86,1536,1525,2394,2384,1,0,1,40.97419435122675,40.68075936563854,58.447265625
2487,24.87,1536,1526,2393,2384,1,0,1,40.97419435122675,40.70743527341928,58.4228515625
2488,24.88,1536,1525,2392,2384,1,0,1,40.97419435122675,40.68075936563854,58.3984375
2489,24.89,1536,1523,2393,2384,1,0,1,40.97419435122675,40.627407550077045,58.4228515625
2490,24.9,1536,1525,2395,2384,1,0,1,40.97419435122675,40.68075936563854,58.4716796875
2491,24.91,1536,1524,2393,2384,1,0,1,40.97419435122675,40.65408345785779,58.4228515625
2492,24.92,1536,1530,2394,2384,1,0,1,40.97419435122675,40.81413890454227,58.447265625
2493,24.93,1536,1525,2389,2384,1,0,1,40.97419435122675,40.68075936563854,58.3251953125
2494,24.94,1536,1523,2393,2384,1,0,1,40.97419435122675,40.627407550077045,58.4228515625
2495,24.95,1536,1528,2395,2384,1,0,1,40.97419435122675,40.76078708898078,58.4716796875
2496,24.96,1536,1524,2391,2384,1,0,1,40.97419435122675,40.65408345785779,58.3740234375
2497,24.97,1536,1531,2394,2384,1,0,1,40.97419435122675,40.84081481232302,58.447265625
2498,24.98,1536,1526,2388,2384,1,0,1,40.97419435122675,40.70743527341928,58.30078125
2499,24.99,1536,1529,2392,2384,1,0,1,40.97419435122675,40.78746299676152,58.3984375
2500,25.0,1536,1528,2390,2384,1,0,1,40.97419435122675,40.76078708898078,58.349609375
2501,25.01,1536,1525,2391,2384,1,0,1,40.97419435122675,40.68075936563854,58.3740234375
2502,25.02,1536,1527,2393,2384,1,0,1,40.97419435122675,40.73411118120003,58.4228515625
2503,25.03,1536,1527,2392,2384,1,0,1,40.97419435122675,40.73411118120003,58.3984375
2504,25.04,1536,1530,2392,2384,1,0,1,40.97419435122675,40.81413890454227,58.3984375
2505,25.05,1536,1528,2389,2384,1,0,1,40.97419435122675,40.76078708898078,58.3251953125
2506,25.06,1536,1528,2391,2384,1,0,1,40.97419435122675,40.76078708898078,58.3740234375
2507,25.07,1536,1526,2391,2384,1,0,1,40.97419435122675,40.70743527341928,58.3740234375
2508,25.08,1536,1528,2392,2384,1,0,1,40.97419435122675,40.76078708898078,58.3984375
2509,25.09,1536,1529,2391,2384,1,0,1,40.97419435122675,40.78746299676152,58.3740234375
2510,25.1,1536,1534,2390,2384,1,0,1,40.97419435122675,40.92084253566525,58.349609375
2511,25.11,1536,1529,2385,2384,1,0,1,40.97419435122675,40.78746299676152,58.2275390625
2512,25.12,1536,1527,2390,2384,1,0,1,40.97419435122675,40.73411118120003,58.349609375
2513,25.13,1536,1532,2392,2384,1,0,1,40.97419435122675,40.86749072010376,58.3984375
2514,25.14,1536,1528,2387,2384,1,0,1,40.97419435122675,40.76078708898078,58.2763671875
2515,25.15,1536,1534,2391,2384,1,0,1,40.97419435122675,40.92084253566525,58.3740234375
2516,25.16,1536,1529,2385,2384,1,0,1,40.97419435122675,40.78746299676152,58.2275390625
2517,25.17,1536,1532,2390,2384,1,0,1,40.97419435122675,40.86749072010376,58.349609375
2518,25.18,1536,1531,2387,2384,1,0,1,40.97419435122675,40.84081481232302,58.2763671875
2519,25.19,1536,1529,2388,2384,1,0,1,40.97419435122675,40.78746299676152,58.30078125
2520,25.2,1536,1531,2390,2384,1,0,1,40.97419435122675,40.84081481232302,58.349609375
2521,25.21,1536,1531,2388,2384,1,0,1,40.97419435122675,40.84081481232302,58.30078125
2522,25.22,1536,1533,2388,2384,1,0,1,40.97419435122675,40.89416662788451,58.30078125
2523,25.23,1536,1531,2386,2384,1,0,1,40.97419435122675,40.84081481232302,58.251953125
2524,25.24,1536,1530,2388,2384,1,0,1,40.97419435122675,40.81413890454227,58.30078125
2525,25.25,1536,1528,2389,2384,1,0,1,40.97419435122675,40.76078708898078,58.3251953125
2526,25.26,1536,1530,2391,2384,1,0,1,40.97419435122675,40.81413890454227,58.3740234375
2527,25.27,1536,1530,2389,2384,1,0,1,40.97419435122675,40.81413890454227,58.3251953125
2528,25.28,1536,1534,2389,2384,1,0,1,40.97419435122675,40.92084253566525,58.3251953125
2529,25.29,1536,1529,2385,2384,1,0,1,40.97419435122675,40.78746299676152,58.2275390625
2530,25.3,1536,1528,2390,2384,1,0,1,40.97419435122675,40.76078708898078,58.349609375
2531,25.31,1536,1533,2391,2384,1,0,1,40.97419435122675,40.89416662788451,58.3740234375
2532,25.32,1536,1528,2386,2384,1,0,1,40.97419435122675,40.76078708898078,58.251953125
2533,25.33,1536,1534,2391,2384,1,0,1,40.97419435122675,40.92084253566525,58.3740234375
2534,25.34,1536,1528,2385,2384,1,0,1,40.97419435122675,40.76078708898078,58.2275390625
2535,25.35,1536,1530,2391,2384,1,0,1,40.97419435122675,40.81413890454227,58.3740234375
2536,25.36,1536,1528,2389,2384,1,0,1,40.97419435122675,40.76078708898078,58.3251953125
2537,25.37,1536,1526,2391,2384,1,0,1,40.97419435122675,40.70743527341928,58.3740234375
2538,25.38,1536,1528,2392,2384,1,0,1,40.97419435122675,40.76078708898078,58.3984375
2539,25.39,1536,1528,2391,2384,1,0,1,40.97419435122675,40.76078708898078,58.3740234375
2540,25.4,1536,1527,2391,2384,1,0,1,40.97419435122675,40.73411118120003,58.3740234375
2541,25.41,1536,1528,2392,2384,1,0,1,40.97419435122675,40.76078708898078,58.3984375
2542,25.42,1536,1527,2391,2384,1,0,1,40.97419435122675,40.73411118120003,58.3740234375
2543,25.43,1536,1525,2392,2384,1,0,1,40.97419435122675,40.68075936563854,58.3984375
2544,25.44,1536,1528,2393,2384,1,0,1,40.97419435122675,40.76078708898078,58.4228515625
2545,25.45,1536,1528,2391,2384,1,0,1,40.97419435122675,40.76078708898078,58.3740234375
2546,25.46,1536,1532,2391,2384,1,0,1,40.97419435122675,40.86749072010376,58.3740234375
2547,25.47,1536,1527,2387,2384,1,0,1,40.97419435122675,40.73411118120003,58.2763671875
2548,25.48,1536,1526,2392,2384,1,0,1,40.97419435122675,40.70743527341928,58.3984375
2549,25.49,1536,1530,2392,2384,1,0,1,40.97419435122675,40.81413890454227,58.3984375
2550,25.5,1536,1526,2389,2384,1,0,1,40.97419435122675,40.70743527341928,58.3251953125
2551,25.51,1536,1532,2392,2384,1,0,1,40.97419435122675,40.86749072010376,58.3984375
2552,25.52,1536,1526,2387,2384,1,0,1,40.97419435122675,40.70743527341928,58.2763671875
2553,25.53,1536,1530,2392,2384,1,0,1,40.97419435122675,40.81413890454227,58.3984375
2554,25.54,1536,1528,2389,2384,1,0,1,40.97419435122675,40.76078708898078,58.3251953125
2555,25.55,1536,1526,2391,2384,1,0,1,40.97419435122675,40.70743527341928,58.3740234375
2556,25.56,1536,1528,2392,2384,1,0,1,40.97419435122675,40.76078708898078,58.3984375
2557,25.57,1536,1527,2391,2384,1,0,1,40.97419435122675,40.73411118120003,58.3740234375
2558,25.58,1536,1530,2392,2384,1,0,1,40.97419435122675,40.81413890454227,58.3984375
2559,25.59,1536,1528,2389,2384,1,0,1,40.97419435122675,40.76078708898078,58.3251953125
2560,25.6,1536,1527,2391,2384,1,0,1,40.97419435122675,40.73411118120003,58.3740234375
2561,25.61,1536,1526,2392,2384,1,0,1,40.97419435122675,40.70743527341928,58.3984375
2562,25.62,1536,1528,2392,2384,1,0,1,40.97419435122675,40.76078708898078,58.3984375
2563,25.63,1536,1528,2391,2384,1,0,1,40.97419435122675,40.76078708898078,58.3740234375
2564,25.64,1536,1533,2391,2384,1,0,1,40.97419435122675,40.89416662788451,58.3740234375
2565,25.65,1536,1528,2386,2384,1,0,1,40.97419435122675,40.76078708898078,58.251953125
2566,25.66,1536,1526,2391,2384,1,0,1,40.97419435122675,40.70743527341928,58.3740234375
2567,25.67,1536,1532,2392,2384,1,0,1,40.97419435122675,40.86749072010376,58.3984375
2568,25.68,1536,1528,2387,2384,1,0,1,40.97419435122675,40.76078708898078,58.2763671875
2569,25.69,1536,1534,2391,2384,1,0,1,40.97419435122675,40.92084253566525,58.3740234375
2570,25.7,1536,1528,2385,2384,1,0,1,40.97419435122675,40.76078708898078,58.2275390625
2571,25.71,1536,1531,2391,2384,1,0,1,40.97419435122675,40.84081481232302,58.3740234375
2572,25.72,1536,1530,2388,2384,1,0,1,40.97419435122675,40.81413890454227,58.30078125
2573,25.73,1536,1527,2389,2384,1,0,1,40.97419435122675,40.73411118120003,58.3251953125
2574,25.74,1536,1530,2392,2384,1,0,1,40.97419435122675,40.81413890454227,58.3984375
2575,25.75,1536,1530,2389,2384,1,0,1,40.97419435122675,40.81413890454227,58.3251953125
2576,25.76,1536,1533,2389,2384,1,0,1,40.97419435122675,40.89416662788451,58.3251953125
2577,25.77,1536,1531,2386,2384,1,0,1,40.97419435122675,40.84081481232302,58.251953125
2578,25.78,1536,1530,2388,2384,1,0,1,40.97419435122675,40.81413890454227,58.30078125
2579,25.79,1536,1528,2389,2384,1,0,1,40.97419435122675,40.76078708898078,58.3251953125
2580,25.8,1536,1531,2391,2384,1,0,1,40.97419435122675,40.84081481232302,58.3740234375
2581,25.81,1536,1531,2388,2384,1,0,1,40.97419435122675,40.84081481232302,58.30078125
2582,25.82,1536,1537,2388,2384,1,0,1,40.97419435122675,41.00087025900749,58.30078125
2583,25.83,1536,1531,2382,2383,1,0,1,40.97419435122675,40.84081481232302,58.154296875
2584,25.84,1536,1530,2387,2383,1,0,1,40.97419435122675,40.81413890454227,58.2763671875
2585,25.85,1536,1535,2388,2383,1,0,1,40.97419435122675,40.947518443446,58.30078125
2586,25.86,1536,1531,2383,2383,1,0,1,40.97419435122675,40.84081481232302,58.1787109375
2587,25.87,1536,1533,2387,2383,1,0,1,40.97419435122675,40.89416662788451,58.2763671875
2588,25.88,1536,1532,2385,2383,1,0,1,40.97419435122675,40.86749072010376,58.2275390625
2589,25.89,1536,1535,2386,2383,1,0,1,40.97419435122675,40.947518443446,58.251953125
2590,25.9,1536,1534,2383,2383,1,0,1,40.97419435122675,40.92084253566525,58.1787109375
2591,25.91,1536,1531,2384,2383,1,0,1,40.97419435122675,40.84081481232302,58.203125
2592,25.92,1536,1534,2387,2383,1,0,1,40.97419435122675,40.92084253566525,58.2763671875
2593,25.93,1536,1533,2384,2383,1,0,1,40.97419435122675,40.89416662788451,58.203125
2594,25.94,1536,1534,2385,2383,1,0,1,40.97419435122675,40.92084253566525,58.2275390625
2595,25.95,1536,1535,2384,2383,1,0,1,40.97419435122675,40.947518443446,58.203125
2596,25.96,1536,1534,2383,2383,1,0,1,40.97419435122675,40.92084253566525,58.1787109375
2597,25.97,1536,1532,2384,2383,1,0,1,40.97419435122675,40.86749072010376,58.203125
2598,25.98,1536,1537,2386,2383,1,0,1,40.97419435122675,41.00087025900749,58.251953125
2599,25.99,1536,1534,2381,2382,1,0,1,40.97419435122675,40.92084253566525,58.1298828125
2600,26.0,1536,1538,2383,2382,1,0,1,40.97419435122675,41.02754616678824,58.1787109375
2601,26.01,1536,1532,2379,2381,1,0,1,40.97419435122675,40.86749072010376,58.0810546875
2602,26.02,1536,1535,2384,2381,1,0,1,40.97419435122675,40.947518443446,58.203125
2603,26.03,1536,1535,2381,2381,1,0,1,40.97419435122675,40.947518443446,58.1298828125
2604,26.04,1536,1530,2381,2381,1,0,1,40.97419435122675,40.81413890454227,58.1298828125
2605,26.05,1536,1533,2386,2381,1,0,1,40.97419435122675,40.89416662788451,58.251953125
2606,26.06,1536,1531,2383,2381,1,0,1,40.97419435122675,40.84081481232302,58.1787109375
2607,26.07,1536,1533,2385,2381,1,0,1,40.97419435122675,40.89416662788451,58.2275390625
2608,26.08,1536,1532,2383,2381,1,0,1,40.97419435122675,40.86749072010376,58.1787109375
2609,26.09,1536,1530,2384,2381,1,0,1,40.97419435122675,40.81413890454227,58.203125
2610,26.1,1536,1528,2386,2381,1,0,1,40.97419435122675,40.76078708898078,58.251953125
2611,26.11,1536,1530,2388,2381,1,0,1,40.97419435122675,40.81413890454227,58.30078125
2612,26.12,1536,1530,2386,2381,1,0,1,40.97419435122675,40.81413890454227,58.251953125
2613,26.13,1536,1536,2386,2381,1,0,1,40.97419435122675,40.97419435122675,58.251953125
2614,26.14,1536,1530,2381,2381,1,0,1,40.97419435122675,40.81413890454227,58.1298828125
2615,26.15,1536,1527,2386,2381,1,0,1,40.97419435122675,40.73411118120003,58.251953125
2616,26.16,1536,1533,2389,2381,1,0,1,40.97419435122675,40.89416662788451,58.3251953125
2617,26.17,1536,1528,2383,2381,1,0,1,40.97419435122675,40.76078708898078,58.1787109375
2618,26.18,1536,1535,2388,2381,1,0,1,40.97419435122675,40.947518443446,58.30078125
2619,26.19,1536,1529,2381,2381,1,0,1,40.97419435122675,40.78746299676152,58.1298828125
2620,26.2,1536,1533,2387,2381,1,0,1,40.97419435122675,40.89416662788451,58.2763671875
2621,26.21,1536,1531,2383,2381,1,0,1,40.97419435122675,40.84081481232302,58.1787109375
2622,26.22,1536,1528,2385,2381,1,0,1,40.97419435122675,40.76078708898078,58.2275390625
2623,26.23,1536,1531,2388,2381,1,0,1,40.97419435122675,40.84081481232302,58.30078125
2624,26.24,1536,1530,2385,2381,1,0,1,40.97419435122675,40.81413890454227,58.2275390625
2625,26.25,1536,1531,2386,2381,1,0,1,40.97419435122675,40.84081481232302,58.251953125
2626,26.26,1536,1530,2385,2381,1,0,1,40.97419435122675,40.81413890454227,58.2275390625
2627,26.27,1536,1529,2386,2381,1,0,1,40.97419435122675,40.78746299676152,58.251953125
2628,26.28,1536,1527,2387,2381,1,0,1,40.97419435122675,40.73411118120003,58.2763671875
2629,26.29,1536,1529,2389,2381,1,0,1,40.97419435122675,40.78746299676152,58.3251953125
2630,26.3,1536,1529,2387,2381,1,0,1,40.97419435122675,40.78746299676152,58.2763671875
2631,26.31,1536,1534,2387,2381,1,0,1,40.97419435122675,40.92084253566525,58.2763671875
2632,26.32,1536,1528,2382,2381,1,0,1,40.97419435122675,40.76078708898078,58.154296875
2633,26.33,1536,1527,2388,2381,1,0,1,40.97419435122675,40.73411118120003,58.30078125
2634,26.34,1536,1532,2389,2381,1,0,1,40.97419435122675,40.86749072010376,58.3251953125
2635,26.35,1536,1528,2384,2381,1,0,1,40.97419435122675,40.76078708898078,58.203125
2636,26.36,1536,1534,2388,2381,1,0,1,40.97419435122675,40.92084253566525,58.30078125
2637,26.37,1536,1528,2382,2381,1,0,1,40.97419435122675,40.76078708898078,58.154296875
2638,26.38,1536,1531,2388,2381,1,0,1,40.97419435122675,40.84081481232302,58.30078125
2639,26.39,1536,1530,2385,2381,1,0,1,40.97419435122675,40.81413890454227,58.2275390625
2640,26.4,1536,1527,2386,2381,1,0,1,40.97419435122675,40.73411118120003,58.251953125
2641,26.41,1536,1530,2389,2381,1,0,1,40.97419435122675,40.81413890454227,58.3251953125
2642,26.42,1536,1529,2386,2381,1,0,1,40.97419435122675,40.78746299676152,58.251953125
2643,26.43,1536,1529,2387,2381,1,0,1,40.97419435122675,40.78746299676152,58.2763671875
2644,26.44,1536,1529,2387,2381,1,0,1,40.97419435122675,40.78746299676152,58.2763671875
2645,26.45,1536,1528,2387,2381,1,0,1,40.97419435122675,40.76078708898078,58.2763671875
2646,26.46,1536,1527,2388,2381,1,0,1,40.97419435122675,40.73411118120003,58.30078125
2647,26.47,1536,1528,2389,2381,1,0,1,40.97419435122675,40.76078708898078,58.3251953125
2648,26.48,1536,1528,2388,2381,1,0,1,40.97419435122675,40.76078708898078,58.30078125
2649,26.49,1536,1534,2388,2381,1,0,1,40.97419435122675,40.92084253566525,58.30078125
2650,26.5,1536,1527,2382,2381,1,0,1,40.97419435122675,40.73411118120003,58.154296875
2651,26.51,1536,1527,2389,2381,1,0,1,40.97419435122675,40.73411118120003,58.3251953125
2652,26.52,1536,1531,2389,2381,1,0,1,40.97419435122675,40.84081481232302,58.3251953125
2653,26.53,1536,1527,2385,2381,1,0,1,40.97419435122675,40.73411118120003,58.2275390625
2654,26.54,1536,1533,2389,2381,1,0,1,40.97419435122675,40.89416662788451,58.3251953125
2655,26.55,1536,1527,2383,2381,1,0,1,40.97419435122675,40.73411118120003,58.1787109375
2656,26.56,1536,1531,2389,2381,1,0,1,40.97419435122675,40.84081481232302,58.3251953125
2657,26.57,1536,1529,2385,2381,1,0,1,40.97419435122675,40.78746299676152,58.2275390625
2658,26.58,1536,1527,2387,2381,1,0,1,40.97419435122675,40.73411118120003,58.2763671875
2659,26.59,1536,1529,2389,2381,1,0,1,40.97419435122675,40.78746299676152,58.3251953125
2660,26.6,1536,1528,2387,2381,1,0,1,40.97419435122675,40.76078708898078,58.2763671875
2661,26.61,1536,1528,2388,2381,1,0,1,40.97419435122675,40.76078708898078,58.30078125
2662,26.62,1536,1529,2388,2381,1,0,1,40.97419435122675,40.78746299676152,58.30078125
2663,26.63,1536,1528,2387,2381,1,0,1,40.97419435122675,40.76078708898078,58.2763671875
2664,26.64,1536,1526,2388,2381,1,0,1,40.97419435122675,40.70743527341928,58.30078125
2665,26.65,1536,1528,2389,2381,1,0,1,40.97419435122675,40.76078708898078,58.3251953125
2666,26.66,1536,1528,2388,2381,1,0,1,40.97419435122675,40.76078708898078,58.30078125
2667,26.67,1536,1533,2388,2381,1,0,1,40.97419435122675,40.89416662788451,58.30078125
2668,26.68,1536,1527,2383,2381,1,0,1,40.97419435122675,40.73411118120003,58.1787109375
2669,26.69,1536,1526,2389,2381,1,0,1,40.97419435122675,40.70743527341928,58.3251953125
2670,26.7,1536,1530,2389,2381,1,0,1,40.97419435122675,40.81413890454227,58.3251953125
2671,26.71,1536,1526,2386,2381,1,0,1,40.97419435122675,40.70743527341928,58.251953125
2672,26.72,1536,1533,2389,2381,1,0,1,40.97419435122675,40.89416662788451,58.3251953125
2673,26.73,1536,1527,2383,2381,1,0,1,40.97419435122675,40.73411118120003,58.1787109375
2674,26.74,1536,1530,2389,2381,1,0,1,40.97419435122675,40.81413890454227,58.3251953125
2675,26.75,1536,1529,2386,2381,1,0,1,40.97419435122675,40.78746299676152,58.251953125
2676,26.76,1536,1527,2387,2381,1,0,1,40.97419435122675,40.73411118120003,58.2763671875
2677,26.77,1536,1528,2389,2381,1,0,1,40.97419435122675,40.76078708898078,58.3251953125
2678,26.78,1536,1527,2388,2381,1,0,1,40.97419435122675,40.73411118120003,58.30078125
2679,26.79,1536,1530,2389,2381,1,0,1,40.97419435122675,40.81413890454227,58.3251953125
2680,26.8,1536,1529,2386,2381,1,0,1,40.97419435122675,40.78746299676152,58.251953125
2681,26.81,1536,1528,2387,2381,1,0,1,40.97419435122675,40.76078708898078,58.2763671875
2682,26.82,1536,1526,2388,2381,1,0,1,40.97419435122675,40.70743527341928,58.30078125
2683,26.83,1536,1527,2389,2381,1,0,1,40.97419435122675,40.73411118120003,58.3251953125
2684,26.84,1536,1527,2389,2381,1,0,1,40.97419435122675,40.73411118120003,58.3251953125
2685,26.85,1536,1533,2389,2381,1,0,1,40.97419435122675,40.89416662788451,58.3251953125
2686,26.86,1536,1527,2383,2381,1,0,1,40.97419435122675,40.73411118120003,58.1787109375
2687,26.87,1536,1526,2389,2381,1,0,1,40.97419435122675,40.70743527341928,58.3251953125
2688,26.88,1536,1531,2389,2381,1,0,1,40.97419435122675,40.84081481232302,58.3251953125
2689,26.89,1536,1526,2385,2381,1,0,1,40.97419435122675,40.70743527341928,58.2275390625
2690,26.9,1536,1533,2389,2381,1,0,1,40.97419435122675,40.89416662788451,58.3251953125
2691,26.91,1536,1527,2383,2381,1,0,1,40.97419435122675,40.73411118120003,58.1787109375
2692,26.92,1536,1531,2389,2381,1,0,1,40.97419435122675,40.84081481232302,58.3251953125
2693,26.93,1536,1529,2385,2381,1,0,1,40.97419435122675,40.78746299676152,58.2275390625
2694,26.94,1536,1527,2387,2381,1,0,1,40.97419435122675,40.73411118120003,58.2763671875
2695,26.95,1536,1529,2389,2381,1,0,1,40.97419435122675,40.78746299676152,58.3251953125
2696,26.96,1536,1529,2387,2381,1,0,1,40.97419435122675,40.78746299676152,58.2763671875
2697,26.97,1536,1532,2387,2381,1,0,1,40.97419435122675,40.86749072010376,58.2763671875
2698,26.98,1536,1529,2384,2381,1,0,1,40.97419435122675,40.78746299676152,58.203125
2699,26.99,1536,1528,2387,2381,1,0,1,40.97419435122675,40.76078708898078,58.2763671875
2700,27.0,1536,1526,2388,2381,1,0,1,40.97419435122675,40.70743527341928,58.30078125
2701,27.01,1536,1529,2389,2381,1,0,1,40.97419435122675,40.78746299676152,58.3251953125
2702,27.02,1536,1529,2387,2381,1,0,1,40.97419435122675,40.78746299676152,58.2763671875
2703,27.03,1536,1534,2387,2381,1,0,1,40.97419435122675,40.92084253566525,58.2763671875
2704,27.04,1536,1528,2382,2381,1,0,1,40.97419435122675,40.76078708898078,58.154296875
2705,27.05,1536,1527,2388,2381,1,0,1,40.97419435122675,40.73411118120003,58.30078125
2706,27.06,1536,1532,2389,2381,1,0,1,40.97419435122675,40.86749072010376,58.3251953125
2707,27.07,1536,1528,2384,2381,1,0,1,40.97419435122675,40.76078708898078,58.203125
2708,27.08,1536,1534,2388,2381,1,0,1,40.97419435122675,40.92084253566525,58.30078125
2709,27.09,1536,1529,2382,2381,1,0,1,40.97419435122675,40.78746299676152,58.154296875
2710,27.1,1536,1532,2387,2381,1,0,1,40.97419435122675,40.86749072010376,58.2763671875
2711,27.11,1536,1531,2384,2381,1,0,1,40.97419435122675,40.84081481232302,58.203125
2712,27.12,1536,1529,2385,2381,1,0,1,40.97419435122675,40.78746299676152,58.2275390625
2713,27.13,1536,1530,2387,2381,1,0,1,40.97419435122675,40.81413890454227,58.2763671875
2714,27.14,1536,1530,2386,2381,1,0,1,40.97419435122675,40.81413890454227,58.251953125
2715,27.15,1536,1530,2386,2381,1,0,1,40.97419435122675,40.81413890454227,58.251953125
2716,27.16,1536,1531,2386,2381,1,0,1,40.97419435122675,40.84081481232302,58.251953125
2717,27.17,1536,1531,2385,2381,1,0,1,40.97419435122675,40.84081481232302,58.2275390625
2718,27.18,1536,1529,2385,2381,1,0,1,40.97419435122675,40.78746299676152,58.2275390625
2719,27.19,1536,1531,2387,2381,1,0,1,40.97419435122675,40.84081481232302,58.2763671875
2720,27.2,1536,1531,2385,2381,1,0,1,40.97419435122675,40.84081481232302,58.2275390625
2721,27.21,1536,1536,2385,2381,1,0,1,40.97419435122675,40.97419435122675,58.2275390625
2722,27.22,1536,1531,2381,2381,1,0,1,40.97419435122675,40.84081481232302,58.1298828125
2723,27.23,1536,1530,2385,2381,1,0,1,40.97419435122675,40.81413890454227,58.2275390625
2724,27.24,1536,1534,2386,2381,1,0,1,40.97419435122675,40.92084253566525,58.251953125
2725,27.25,1536,1530,2382,2381,1,0,1,40.97419435122675,40.81413890454227,58.154296875
2726,27.26,1536,1532,2386,2381,1,0,1,40.97419435122675,40.86749072010376,58.251953125
2727,27.27,1536,1531,2384,2381,1,0,1,40.97419435122675,40.84081481232302,58.203125
2728,27.28,1536,1534,2385,2381,1,0,1,40.97419435122675,40.92084253566525,58.2275390625
2729,27.29,1536,1532,2382,2381,1,0,1,40.97419435122675,40.86749072010376,58.154296875
2730,27.3,1536,1532,2384,2381,1,0,1,40.97419435122675,40.86749072010376,58.203125
2731,27.31,1536,1533,2384,2381,1,0,1,40.97419435122675,40.89416662788451,58.203125
2732,27.32,1536,1532,2383,2381,1,0,1,40.97419435122675,40.86749072010376,58.1787109375
2733,27.33,1536,1532,2384,2381,1,0,1,40.97419435122675,40.86749072010376,58.203125
2734,27.34,1536,1533,2384,2381,1,0,1,40.97419435122675,40.89416662788451,58.203125
2735,27.35,1536,1532,2383,2381,1,0,1,40.97419435122675,40.86749072010376,58.1787109375
2736,27.36,1536,1530,2384,2381,1,0,1,40.97419435122675,40.81413890454227,58.203125
2737,27.37,1536,1535,2386,2381,1,0,1,40.97419435122675,40.947518443446,58.251953125
2738,27.38,1536,1532,2381,2381,1,0,1,40.97419435122675,40.86749072010376,58.1298828125
2739,27.39,1536,1537,2384,2381,1,0,1,40.97419435122675,41.00087025900749,58.203125
2740,27.4,1536,1531,2379,2380,1,0,1,40.97419435122675,40.84081481232302,58.0810546875
2741,27.41,1536,1535,2384,2380,1,0,1,40.97419435122675,40.947518443446,58.203125
2742,27.42,1536,1535,2380,2380,1,0,1,40.97419435122675,40.947518443446,58.10546875
2743,27.43,1536,1530,2380,2380,1,0,1,40.97419435122675,40.81413890454227,58.10546875
2744,27.44,1536,1533,2385,2380,1,0,1,40.97419435122675,40.89416662788451,58.2275390625
2745,27.45,1536,1532,2382,2380,1,0,1,40.97419435122675,40.86749072010376,58.154296875
2746,27.46,1536,1534,2383,2380,1,0,1,40.97419435122675,40.92084253566525,58.1787109375
2747,27.47,1536,1533,2381,2380,1,0,1,40.97419435122675,40.89416662788451,58.1298828125
2748,27.48,1536,1532,2382,2380,1,0,1,40.97419435122675,40.86749072010376,58.154296875
2749,27.49,1536,1529,2383,2380,1,0,1,40.97419435122675,40.78746299676152,58.1787109375
2750,27.5,1536,1531,2386,2380,1,0,1,40.97419435122675,40.84081481232302,58.251953125
2751,27.51,1536,1531,2384,2380,1,0,1,40.97419435122675,40.84081481232302,58.203125
2752,27.52,1536,1535,2384,2380,1,0,1,40.97419435122675,40.947518443446,58.203125
2753,27.53,1536,1530,2380,2380,1,0,1,40.97419435122675,40.81413890454227,58.10546875
2754,27.54,1536,1528,2385,2380,1,0,1,40.97419435122675,40.76078708898078,58.2275390625
2755,27.55,1536,1533,2387,2380,1,0,1,40.97419435122675,40.89416662788451,58.2763671875
2756,27.56,1536,1528,2382,2380,1,0,1,40.97419435122675,40.76078708898078,58.154296875
2757,27.57,1536,1534,2387,2380,1,0,1,40.97419435122675,40.92084253566525,58.2763671875
2758,27.58,1536,1529,2381,2380,1,0,1,40.97419435122675,40.78746299676152,58.1298828125
2759,27.59,1536,1533,2386,2380,1,0,1,40.97419435122675,40.89416662788451,58.251953125
2760,27.6,1536,1530,2382,2380,1,0,1,40.97419435122675,40.81413890454227,58.154296875
2761,27.61,1536,1528,2385,2380,1,0,1,40.97419435122675,40.76078708898078,58.2275390625
2762,27.62,1536,1530,2387,2380,1,0,1,40.97419435122675,40.81413890454227,58.2763671875
2763,27.63,1536,1529,2385,2380,1,0,1,40.97419435122675,40.78746299676152,58.2275390625
2764,27.64,1536,1532,2386,2380,1,0,1,40.97419435122675,40.86749072010376,58.251953125
2765,27.65,1536,1530,2383,2380,1,0,1,40.97419435122675,40.81413890454227,58.1787109375
2766,27.66,1536,1529,2385,2380,1,0,1,40.97419435122675,40.78746299676152,58.2275390625
2767,27.67,1536,1528,2386,2380,1,0,1,40.97419435122675,40.76078708898078,58.251953125
2768,27.68,1536,1529,2387,2380,1,0,1,40.97419435122675,40.78746299676152,58.2763671875
2769,27.69,1536,1529,2386,2380,1,0,1,40.97419435122675,40.78746299676152,58.251953125
2770,27.7,1536,1534,2386,2380,1,0,1,40.97419435122675,40.92084253566525,58.251953125
2771,27.71,1536,1529,2381,2380,1,0,1,40.97419435122675,40.78746299676152,58.1298828125
2772,27.72,1536,1527,2386,2380,1,0,1,40.97419435122675,40.73411118120003,58.251953125
2773,27.73,1536,1532,2388,2380,1,0,1,40.97419435122675,40.86749072010376,58.30078125
2774,27.74,1536,1528,2383,2380,1,0,1,40.97419435122675,40.76078708898078,58.1787109375
2775,27.75,1536,1535,2387,2380,1,0,1,40.97419435122675,40.947518443446,58.2763671875
2776,27.76,1536,1529,2380,2380,1,0,1,40.97419435122675,40.78746299676152,58.10546875
2777,27.77,1536,1532,2386,2380,1,0,1,40.97419435122675,40.86749072010376,58.251953125
2778,27.78,1536,1530,2383,2380,1,0,1,40.97419435122675,40.81413890454227,58.1787109375
2779,27.79,1536,1528,2385,2380,1,0,1,40.97419435122675,40.76078708898078,58.2275390625
2780,27.8,1536,1529,2387,2380,1,0,1,40.97419435122675,40.78746299676152,58.2763671875
2781,27.81,1536,1528,2386,2380,1,0,1,40.97419435122675,40.76078708898078,58.251953125
2782,27.82,1536,1528,2387,2380,1,0,1,40.97419435122675,40.76078708898078,58.2763671875
2783,27.83,1536,1529,2387,2380,1,0,1,40.97419435122675,40.78746299676152,58.2763671875
2784,27.84,1536,1528,2386,2380,1,0,1,40.97419435122675,40.76078708898078,58.251953125
2785,27.85,1536,1526,2387,2380,1,0,1,40.97419435122675,40.70743527341928,58.2763671875
2786,27.86,1536,1528,2388,2380,1,0,1,40.97419435122675,40.76078708898078,58.30078125
2787,27.87,1536,1528,2387,2380,1,0,1,40.97419435122675,40.76078708898078,58.2763671875
2788,27.88,1536,1533,2387,2380,1,0,1,40.97419435122675,40.89416662788451,58.2763671875
2789,27.89,1536,1527,2382,2380,1,0,1,40.97419435122675,40.73411118120003,58.154296875
2790,27.9,1536,1526,2388,2380,1,0,1,40.97419435122675,40.70743527341928,58.30078125
2791,27.91,1536,1531,2388,2380,1,0,1,40.97419435122675,40.84081481232302,58.30078125
2792,27.92,1536,1526,2384,2380,1,0,1,40.97419435122675,40.70743527341928,58.203125
2793,27.93,1536,1532,2388,2380,1,0,1,40.97419435122675,40.86749072010376,58.30078125
2794,27.94,1536,1526,2383,2380,1,0,1,40.97419435122675,40.70743527341928,58.1787109375
2795,27.95,1536,1529,2388,2380,1,0,1,40.97419435122675,40.78746299676152,58.30078125
2796,27.96,1536,1527,2386,2380,1,0,1,40.97419435122675,40.73411118120003,58.251953125
2797,27.97,1536,1524,2388,2380,1,0,1,40.97419435122675,40.65408345785779,58.30078125
2798,27.98,1536,1527,2390,2380,1,0,1,40.97419435122675,40.73411118120003,58.349609375
2799,27.99,1536,1526,2388,2380,1,0,1,40.97419435122675,40.70743527341928,58.30078125
2800,28.0,1536,1529,2388,2380,1,0,1,40.97419435122675,40.78746299676152,58.30078125
2801,28.01,1536,1527,2386,2380,1,0,1,40.97419435122675,40.73411118120003,58.251953125
2802,28.02,1536,1526,2388,2380,1,0,1,40.97419435122675,40.70743527341928,58.30078125
2803,28.03,1536,1524,2388,2380,1,0,1,40.97419435122675,40.65408345785779,58.30078125
2804,28.04,1536,1526,2390,2380,1,0,1,40.97419435122675,40.70743527341928,58.349609375
2805,28.05,1536,1527,2388,2380,1,0,1,40.97419435122675,40.73411118120003,58.30078125
2806,28.06,1536,1532,2388,2380,1,0,1,40.97419435122675,40.86749072010376,58.30078125
2807,28.07,1536,1527,2383,2380,1,0,1,40.97419435122675,40.73411118120003,58.1787109375
2808,28.08,1536,1525,2388,2380,1,0,1,40.97419435122675,40.68075936563854,58.30078125
2809,28.09,1536,1530,2389,2380,1,0,1,40.97419435122675,40.81413890454227,58.3251953125
2810,28.1,1536,1525,2385,2380,1,0,1,40.97419435122675,40.68075936563854,58.2275390625
2811,28.11,1536,1533,2389,2380,1,0,1,40.97419435122675,40.89416662788451,58.3251953125
2812,28.12,1536,1527,2382,2380,1,0,1,40.97419435122675,40.73411118120003,58.154296875
2813,28.13,1536,1530,2388,2380,1,0,1,40.97419435122675,40.81413890454227,58.30078125
2814,28.14,1536,1530,2385,2380,1,0,1,40.97419435122675,40.81413890454227,58.2275390625
2815,28.15,1536,1526,2385,2380,1,0,1,40.97419435122675,40.70743527341928,58.2275390625
2816,28.16,1536,1528,2388,2380,1,0,1,40.97419435122675,40.76078708898078,58.30078125
2817,28.17,1536,1528,2387,2380,1,0,1,40.97419435122675,40.76078708898078,58.2763671875
2818,28.18,1536,1530,2387,2380,1,0,1,40.97419435122675,40.81413890454227,58.2763671875
2819,28.19,1536,1529,2385,2380,1,0,1,40.97419435122675,40.78746299676152,58.2275390625
2820,28.2,1536,1527,2386,2380,1,0,1,40.97419435122675,40.73411118120003,58.251953125
2821,28.21,1536,1528,2388,2380,1,0,1,40.97419435122675,40.76078708898078,58.30078125
2822,28.22,1536,1527,2387,2380,1,0,1,40.97419435122675,40.73411118120003,58.2763671875
2823,28.23,1536,1527,2388,2380,1,0,1,40.97419435122675,40.73411118120003,58.30078125
2824,28.24,1536,1532,2388,2380,1,0,1,40.97419435122675,40.86749072010376,58.30078125
2825,28.25,1536,1527,2383,2380,1,0,1,40.97419435122675,40.73411118120003,58.1787109375
2826,28.26,1536,1525,2388,2380,1,0,1,40.97419435122675,40.68075936563854,58.30078125
2827,28.27,1536,1530,2389,2380,1,0,1,40.97419435122675,40.81413890454227,58.3251953125
2828,28.28,1536,1527,2385,2380,1,0,1,40.97419435122675,40.73411118120003,58.2275390625
2829,28.29,1536,1532,2388,2380,1,0,1,40.97419435122675,40.86749072010376,58.30078125
2830,28.3,1536,1526,2383,2380,1,0,1,40.97419435122675,40.70743527341928,58.1787109375
2831,28.31,1536,1529,2388,2380,1,0,1,40.97419435122675,40.78746299676152,58.30078125
2832,28.32,1536,1529,2386,2380,1,0,1,40.97419435122675,40.78746299676152,58.251953125
2833,28.33,1536,1525,2386,2380,1,0,1,40.97419435122675,40.68075936563854,58.251953125
2834,28.34,1536,1527,2389,2380,1,0,1,40.97419435122675,40.73411118120003,58.3251953125
2835,28.35,1536,1526,2388,2380,1,0,1,40.97419435122675,40.70743527341928,58.30078125
2836,28.36,1536,1530,2388,2380,1,0,1,40.97419435122675,40.81413890454227,58.30078125
2837,28.37,1536,1528,2385,2380,1,0,1,40.97419435122675,40.76078708898078,58.2275390625
2838,28.38,1536,1527,2387,2380,1,0,1,40.97419435122675,40.73411118120003,58.2763671875
2839,28.39,1536,1528,2388,2380,1,0,1,40.97419435122675,40.76078708898078,58.30078125
2840,28.4,1536,1527,2387,2380,1,0,1,40.97419435122675,40.73411118120003,58.2763671875
2841,28.41,1536,1527,2388,2380,1,0,1,40.97419435122675,40.73411118120003,58.30078125
2842,28.42,1536,1528,2388,2380,1,0,1,40.97419435122675,40.76078708898078,58.30078125
2843,28.43,1536,1527,2387,2380,1,0,1,40.97419435122675,40.73411118120003,58.2763671875
2844,28.44,1536,1525,2388,2380,1,0,1,40.97419435122675,40.68075936563854,58.30078125
2845,28.45,1536,1530,2389,2380,1,0,1,40.97419435122675,40.81413890454227,58.3251953125
2846,28.46,1536,1527,2385,2380,1,0,1,40.97419435122675,40.73411118120003,58.2275390625
2847,28.47,1536,1532,2388,2380,1,0,1,40.97419435122675,40.86749072010376,58.30078125
2848,28.48,1536,1526,2383,2380,1,0,1,40.97419435122675,40.70743527341928,58.1787109375
2849,28.49,1536,1524,2388,2380,1,0,1,40.97419435122675,40.65408345785779,58.30078125
2850,28.5,1536,1530,2390,2380,1,0,1,40.97419435122675,40.81413890454227,58.349609375
2851,28.51,1536,1526,2385,2380,1,0,1,40.97419435122675,40.70743527341928,58.2275390625
2852,28.52,1536,1528,2388,2380,1,0,1,40.97419435122675,40.76078708898078,58.30078125
2853,28.53,1536,1526,2387,2380,1,0,1,40.97419435122675,40.70743527341928,58.2763671875
2854,28.54,1536,1530,2388,2380,1,0,1,40.97419435122675,40.81413890454227,58.30078125
2855,28.55,1536,1528,2385,2380,1,0,1,40.97419435122675,40.76078708898078,58.2275390625
2856,28.56,1536,1525,2387,2380,1,0,1,40.97419435122675,40.68075936563854,58.2763671875
2857,28.57,1536,1528,2389,2380,1,0,1,40.97419435122675,40.76078708898078,58.3251953125
2858,28.58,1536,1527,2387,2380,1,0,1,40.97419435122675,40.73411118120003,58.2763671875
2859,28.59,1536,1527,2388,2380,1,0,1,40.97419435122675,40.73411118120003,58.30078125
2860,28.6,1536,1529,2388,2380,1,0,1,40.97419435122675,40.78746299676152,58.30078125
2861,28.61,1536,1528,2386,2380,1,0,1,40.97419435122675,40.76078708898078,58.251953125
2862,28.62,1536,1526,2387,2380,1,0,1,40.97419435122675,40.70743527341928,58.2763671875
2863,28.63,1536,1531,2388,2380,1,0,1,40.97419435122675,40.84081481232302,58.30078125
2864,28.64,1536,1529,2384,2380,1,0,1,40.97419435122675,40.78746299676152,58.203125
2865,28.65,1536,1534,2386,2380,1,0,1,40.97419435122675,40.92084253566525,58.251953125
2866,28.66,1536,1528,2381,2380,1,0,1,40.97419435122675,40.76078708898078,58.1298828125
2867,28.67,1536,1527,2387,2380,1,0,1,40.97419435122675,40.73411118120003,58.2763671875
2868,28.68,1536,1532,2388,2380,1,0,1,40.97419435122675,40.86749072010376,58.30078125
2869,28.69,1536,1528,2383,2380,1,0,1,40.97419435122675,40.76078708898078,58.1787109375
2870,28.7,1536,1530,2387,2380,1,0,1,40.97419435122675,40.81413890454227,58.2763671875
2871,28.71,1536,1528,2385,2380,1,0,1,40.97419435122675,40.76078708898078,58.2275390625
2872,28.72,1536,1532,2387,2380,1,0,1,40.97419435122675,40.86749072010376,58.2763671875
2873,28.73,1536,1531,2383,2380,1,0,1,40.97419435122675,40.84081481232302,58.1787109375
2874,28.74,1536,1530,2384,2380,1,0,1,40.97419435122675,40.81413890454227,58.203125
2875,28.75,1536,1530,2385,2380,1,0,1,40.97419435122675,40.81413890454227,58.2275390625
2876,28.76,1536,1530,2385,2380,1,0,1,40.97419435122675,40.81413890454227,58.2275390625
2877,28.77,1536,1530,2385,2380,1,0,1,40.97419435122675,40.81413890454227,58.2275390625
2878,28.78,1536,1531,2385,2380,1,0,1,40.97419435122675,40.84081481232302,58.2275390625
2879,28.79,1536,1530,2384,2380,1,0,1,40.97419435122675,40.81413890454227,58.203125
2880,28.8,1536,1528,2385,2380,1,0,1,40.97419435122675,40.76078708898078,58.2275390625
2881,28.81,1536,1534,2387,2380,1,0,1,40.97419435122675,40.92084253566525,58.2763671875
2882,28.82,1536,1530,2381,2380,1,0,1,40.97419435122675,40.81413890454227,58.1298828125
2883,28.83,1536,1536,2385,2380,1,0,1,40.97419435122675,40.97419435122675,58.2275390625
2884,28.84,1536,1530,2380,2380,1,0,1,40.97419435122675,40.81413890454227,58.10546875
2885,28.85,1536,1533,2385,2380,1,0,1,40.97419435122675,40.89416662788451,58.2275390625
2886,28.86,1536,1533,2382,2380,1,0,1,40.97419435122675,40.89416662788451,58.154296875
2887,28.87,1536,1529,2382,2380,1,0,1,40.97419435122675,40.78746299676152,58.154296875
2888,28.88,1536,1531,2386,2380,1,0,1,40.97419435122675,40.84081481232302,58.251953125
2889,28.89,1536,1529,2384,2380,1,0,1,40.97419435122675,40.78746299676152,58.203125
2890,28.9,1536,1532,2386,2380,1,0,1,40.97419435122675,40.86749072010376,58.251953125
2891,28.91,1536,1531,2383,2380,1,0,1,40.97419435122675,40.84081481232302,58.1787109375
2892,28.92,1536,1529,2384,2380,1,0,1,40.97419435122675,40.78746299676152,58.203125
2893,28.93,1536,1530,2386,2380,1,0,1,40.97419435122675,40.81413890454227,58.251953125
2894,28.94,1536,1529,2385,2380,1,0,1,40.97419435122675,40.78746299676152,58.2275390625
2895,28.95,1536,1528,2386,2380,1,0,1,40.97419435122675,40.76078708898078,58.251953125
2896,28.96,1536,1534,2387,2380,1,0,1,40.97419435122675,40.92084253566525,58.2763671875
2897,28.97,1536,1529,2381,2380,1,0,1,40.97419435122675,40.78746299676152,58.1298828125
2898,28.98,1536,1527,2386,2380,1,0,1,40.97419435122675,40.73411118120003,58.251953125
2899,28.99,1536,1531,2388,2380,1,0,1,40.97419435122675,40.84081481232302,58.30078125
2900,29.0,1536,1529,2384,2380,1,0,1,40.97419435122675,40.78746299676152,58.203125
2901,29.01,1536,1533,2386,2380,1,0,1,40.97419435122675,40.89416662788451,58.251953125
2902,29.02,1536,1527,2382,2380,1,0,1,40.97419435122675,40.73411118120003,58.154296875
2903,29.03,1536,1530,2388,2380,1,0,1,40.97419435122675,40.81413890454227,58.30078125
2904,29.04,1536,1531,2385,2380,1,0,1,40.97419435122675,40.84081481232302,58.2275390625
2905,29.05,1536,1526,2384,2380,1,0,1,40.97419435122675,40.70743527341928,58.203125
2906,29.06,1536,1529,2388,2380,1,0,1,40.97419435122675,40.78746299676152,58.30078125
2907,29.07,1536,1527,2386,2380,1,0,1,40.97419435122675,40.73411118120003,58.251953125
2908,29.08,1536,1530,2388,2380,1,0,1,40.97419435122675,40.81413890454227,58.30078125
2909,29.09,1536,1529,2385,2380,1,0,1,40.97419435122675,40.78746299676152,58.2275390625
2910,29.1,1536,1528,2386,2380,1,0,1,40.97419435122675,40.76078708898078,58.251953125
2911,29.11,1536,1528,2387,2380,1,0,1,40.97419435122675,40.76078708898078,58.2763671875
2912,29.12,1536,1527,2387,2380,1,0,1,40.97419435122675,40.73411118120003,58.2763671875
2913,29.13,1536,1528,2388,2380,1,0,1,40.97419435122675,40.76078708898078,58.30078125
2914,29.14,1536,1533,2387,2380,1,0,1,40.97419435122675,40.89416662788451,58.2763671875
2915,29.15,1536,1528,2382,2380,1,0,1,40.97419435122675,40.76078708898078,58.154296875
2916,29.16,1536,1526,2387,2380,1,0,1,40.97419435122675,40.70743527341928,58.2763671875
2917,29.17,1536,1530,2388,2380,1,0,1,40.97419435122675,40.81413890454227,58.30078125
2918,29.18,1536,1528,2385,2380,1,0,1,40.97419435122675,40.76078708898078,58.2275390625
2919,29.19,1536,1533,2387,2380,1,0,1,40.97419435122675,40.89416662788451,58.2763671875
2920,29.2,1536,1527,2382,2380,1,0,1,40.97419435122675,40.73411118120003,58.154296875
2921,29.21,1536,1531,2388,2380,1,0,1,40.97419435122675,40.84081481232302,58.30078125
2922,29.22,1536,1531,2384,2380,1,0,1,40.97419435122675,40.84081481232302,58.203125
2923,29.23,1536,1527,2384,2380,1,0,1,40.97419435122675,40.73411118120003,58.203125
2924,29.24,1536,1530,2388,2380,1,0,1,40.97419435122675,40.81413890454227,58.30078125
2925,29.25,1536,1528,2385,2380,1,0,1,40.97419435122675,40.76078708898078,58.2275390625
2926,29.26,1536,1532,2387,2380,1,0,1,40.97419435122675,40.86749072010376,58.2763671875
2927,29.27,1536,1530,2383,2380,1,0,1,40.97419435122675,40.81413890454227,58.1787109375
2928,29.28,1536,1529,2385,2380,1,0,1,40.97419435122675,40.78746299676152,58.2275390625
2929,29.29,1536,1530,2386,2380,1,0,1,40.97419435122675,40.81413890454227,58.251953125
2930,29.3,1536,1529,2385,2380,1,0,1,40.97419435122675,40.78746299676152,58.2275390625
2931,29.31,1536,1529,2386,2380,1,0,1,40.97419435122675,40.78746299676152,58.251953125
2932,29.32,1536,1534,2386,2380,1,0,1,40.97419435122675,40.92084253566525,58.251953125
2933,29.33,1536,1529,2381,2380,1,0,1,40.97419435122675,40.78746299676152,58.1298828125
2934,29.34,1536,1527,2386,2380,1,0,1,40.97419435122675,40.73411118120003,58.251953125
2935,29.35,1536,1533,2388,2380,1,0,1,40.97419435122675,40.89416662788451,58.30078125
2936,29.36,1536,1529,2382,2380,1,0,1,40.97419435122675,40.78746299676152,58.154296875
2937,29.37,1536,1534,2386,2380,1,0,1,40.97419435122675,40.92084253566525,58.251953125
2938,29.38,1536,1529,2381,2380,1,0,1,40.97419435122675,40.78746299676152,58.1298828125
2939,29.39,1536,1532,2386,2380,1,0,1,40.97419435122675,40.86749072010376,58.251953125
2940,29.4,1536,1532,2383,2380,1,0,1,40.97419435122675,40.86749072010376,58.1787109375
2941,29.41,1536,1527,2383,2380,1,0,1,40.97419435122675,40.73411118120003,58.1787109375
2942,29.42,1536,1530,2388,2380,1,0,1,40.97419435122675,40.81413890454227,58.30078125
2943,29.43,1536,1528,2385,2380,1,0,1,40.97419435122675,40.76078708898078,58.2275390625
2944,29.44,1536,1532,2387,2380,1,0,1,40.97419435122675,40.86749072010376,58.2763671875
2945,29.45,1536,1529,2383,2380,1,0,1,40.97419435122675,40.78746299676152,58.1787109375
2946,29.46,1536,1529,2386,2380,1,0,1,40.97419435122675,40.78746299676152,58.251953125
2947,29.47,1536,1530,2386,2380,1,0,1,40.97419435122675,40.81413890454227,58.251953125
2948,29.48,1536,1529,2385,2380,1,0,1,40.97419435122675,40.78746299676152,58.2275390625
2949,29.49,1536,1529,2386,2380,1,0,1,40.97419435122675,40.78746299676152,58.251953125
2950,29.5,1536,1534,2386,2380,1,0,1,40.97419435122675,40.92084253566525,58.251953125
2951,29.51,1536,1529,2381,2380,1,0,1,40.97419435122675,40.78746299676152,58.1298828125
2952,29.52,1536,1526,2386,2380,1,0,1,40.97419435122675,40.70743527341928,58.251953125
2953,29.53,1536,1531,2388,2380,1,0,1,40.97419435122675,40.84081481232302,58.30078125
2954,29.54,1536,1528,2384,2380,1,0,1,40.97419435122675,40.76078708898078,58.203125
2955,29.55,1536,1534,2387,2380,1,0,1,40.97419435122675,40.92084253566525,58.2763671875
2956,29.56,1536,1528,2381,2380,1,0,1,40.97419435122675,40.76078708898078,58.1298828125
2957,29.57,1536,1531,2387,2380,1,0,1,40.97419435122675,40.84081481232302,58.2763671875
2958,29.58,1536,1531,2384,2380,1,0,1,40.97419435122675,40.84081481232302,58.203125
2959,29.59,1536,1527,2384,2380,1,0,1,40.97419435122675,40.73411118120003,58.203125
2960,29.6,1536,1530,2388,2380,1,0,1,40.97419435122675,40.81413890454227,58.30078125
2961,29.61,1536,1528,2385,2380,1,0,1,40.97419435122675,40.76078708898078,58.2275390625
2962,29.62,1536,1530,2387,2380,1,0,1,40.97419435122675,40.81413890454227,58.2763671875
2963,29.63,1536,1529,2385,2380,1,0,1,40.97419435122675,40.78746299676152,58.2275390625
2964,29.64,1536,1528,2386,2380,1,0,1,40.97419435122675,40.76078708898078,58.251953125
2965,29.65,1536,1529,2387,2380,1,0,1,40.97419435122675,40.78746299676152,58.2763671875
2966,29.66,1536,1527,2386,2380,1,0,1,40.97419435122675,40.73411118120003,58.251953125
2967,29.67,1536,1527,2388,2380,1,0,1,40.97419435122675,40.73411118120003,58.30078125
2968,29.68,1536,1533,2388,2380,1,0,1,40.97419435122675,40.89416662788451,58.30078125
2969,29.69,1536,1527,2382,2380,1,0,1,40.97419435122675,40.73411118120003,58.154296875
2970,29.7,1536,1525,2388,2380,1,0,1,40.97419435122675,40.68075936563854,58.30078125
2971,29.71,1536,1529,2389,2380,1,0,1,40.97419435122675,40.78746299676152,58.3251953125
2972,29.72,1536,1526,2386,2380,1,0,1,40.97419435122675,40.70743527341928,58.251953125
2973,29.73,1536,1531,2388,2380,1,0,1,40.97419435122675,40.84081481232302,58.30078125
2974,29.74,1536,1525,2384,2380,1,0,1,40.97419435122675,40.68075936563854,58.203125
2975,29.75,1536,1528,2389,2380,1,0,1,40.97419435122675,40.76078708898078,58.3251953125
2976,29.76,1536,1528,2387,2380,1,0,1,40.97419435122675,40.76078708898078,58.2763671875
2977,29.77,1536,1524,2387,2380,1,0,1,40.97419435122675,40.65408345785779,58.2763671875
2978,29.78,1536,1526,2390,2380,1,0,1,40.97419435122675,40.70743527341928,58.349609375
2979,29.79,1536,1524,2388,2380,1,0,1,40.97419435122675,40.65408345785779,58.30078125
2980,29.8,1536,1527,2390,2380,1,0,1,40.97419435122675,40.73411118120003,58.349609375
2981,29.81,1536,1526,2388,2380,1,0,1,40.97419435122675,40.70743527341928,58.30078125
2982,29.82,1536,1523,2388,2380,1,0,1,40.97419435122675,40.627407550077045,58.30078125
2983,29.83,1536,1526,2391,2380,1,0,1,40.97419435122675,40.70743527341928,58.3740234375
2984,29.84,1536,1525,2388,2380,1,0,1,40.97419435122675,40.68075936563854,58.30078125
2985,29.85,1536,1524,2389,2380,1,0,1,40.97419435122675,40.65408345785779,58.3251953125
2986,29.86,1536,1525,2390,2380,1,0,1,40.97419435122675,40.68075936563854,58.349609375
2987,29.87,1536,1525,2389,2380,1,0,1,40.97419435122675,40.68075936563854,58.3251953125
2988,29.88,1536,1523,2389,2380,1,0,1,40.97419435122675,40.627407550077045,58.3251953125
2989,29.89,1536,1525,2391,2380,1,0,1,40.97419435122675,40.68075936563854,58.3740234375
2990,29.9,1536,1526,2389,2380,1,0,1,40.97419435122675,40.70743527341928,58.3251953125
2991,29.91,1536,1530,2388,2380,1,0,1,40.97419435122675,40.81413890454227,58.30078125
2992,29.92,1536,1524,2385,2380,1,0,1,40.97419435122675,40.65408345785779,58.2275390625
2993,29.93,1536,1523,2390,2380,1,0,1,40.97419435122675,40.627407550077045,58.349609375
2994,29.94,1536,1528,2391,2380,1,0,1,40.97419435122675,40.76078708898078,58.3740234375
2995,29.95,1536,1524,2387,2380,1,0,1,40.97419435122675,40.65408345785779,58.2763671875
2996,29.96,1536,1530,2390,2380,1,0,1,40.97419435122675,40.81413890454227,58.349609375
2997,29.97,1536,1524,2385,2380,1,0,1,40.97419435122675,40.65408345785779,58.2275390625
2998,29.98,1536,1528,2390,2380,1,0,1,40.97419435122675,40.76078708898078,58.349609375
2999,29.99,1536,1528,2387,2380,1,0,1,40.97419435122675,40.76078708898078,58.2763671875
3000,30.0,1536,1523,2387,2380,1,0,1,40.97419435122675,40.627407550077045,58.2763671875
3001,30.01,1536,1526,2391,2380,1,0,1,40.97419435122675,40.70743527341928,58.3740234375
3002,30.02,1536,1525,2388,2380,1,0,1,40.97419435122675,40.68075936563854,58.30078125
