sample,time_s,reference_q12,measured_q12,duty_q12,integral_q12,armed,fault,enabled,target_rpm,measured_rpm,duty_percent
0,0.0,1024,1010,2027,2014,1,0,1,27.3161295674845,26.942666858554045,49.4873046875
1,0.01,1024,1009,2026,2014,1,0,1,27.3161295674845,26.9159909507733,49.462890625
2,0.02,1024,1009,2027,2014,1,0,1,27.3161295674845,26.9159909507733,49.4873046875
3,0.03,1024,1009,2027,2014,1,0,1,27.3161295674845,26.9159909507733,49.4873046875
4,0.04,1024,1009,2027,2014,1,0,1,27.3161295674845,26.9159909507733,49.4873046875
5,0.05,1024,1011,2027,2014,1,0,1,27.3161295674845,26.969342766334794,49.4873046875
6,0.06,1024,1010,2025,2014,1,0,1,27.3161295674845,26.942666858554045,49.4384765625
7,0.07,1024,1010,2026,2014,1,0,1,27.3161295674845,26.942666858554045,49.462890625
8,0.08,1024,1009,2026,2014,1,0,1,27.3161295674845,26.9159909507733,49.462890625
9,0.09,1024,1010,2027,2014,1,0,1,27.3161295674845,26.942666858554045,49.4873046875
10,0.1,1024,1010,2026,2014,1,0,1,27.3161295674845,26.942666858554045,49.462890625
11,0.11,1024,1011,2026,2014,1,0,1,27.3161295674845,26.969342766334794,49.462890625
12,0.12,1024,1011,2025,2014,1,0,1,27.3161295674845,26.969342766334794,49.4384765625
13,0.13,1024,1010,2025,2014,1,0,1,27.3161295674845,26.942666858554045,49.4384765625
14,0.14,1024,1011,2026,2014,1,0,1,27.3161295674845,26.969342766334794,49.462890625
15,0.15,1024,1011,2025,2014,1,0,1,27.3161295674845,26.969342766334794,49.4384765625
16,0.16,1024,1011,2025,2014,1,0,1,27.3161295674845,26.969342766334794,49.4384765625
17,0.17,1024,1010,2025,2014,1,0,1,27.3161295674845,26.942666858554045,49.4384765625
18,0.18,1024,1011,2026,2014,1,0,1,27.3161295674845,26.969342766334794,49.462890625
19,0.19,1024,1015,2025,2014,1,0,1,27.3161295674845,27.07604639745778,49.4384765625
20,0.2,1024,1011,2022,2014,1,0,1,27.3161295674845,26.969342766334794,49.365234375
21,0.21,1024,1014,2025,2014,1,0,1,27.3161295674845,27.04937048967703,49.4384765625
22,0.22,1024,1011,2022,2014,1,0,1,27.3161295674845,26.969342766334794,49.365234375
23,0.23,1024,1013,2025,2014,1,0,1,27.3161295674845,27.022694581896285,49.4384765625
24,0.24,1024,1016,2023,2014,1,0,1,27.3161295674845,27.102722305238526,49.3896484375
25,0.25,1024,1012,2021,2014,1,0,1,27.3161295674845,26.99601867411554,49.3408203125
26,0.26,1024,1015,2024,2014,1,0,1,27.3161295674845,27.07604639745778,49.4140625
27,0.27,1024,1011,2022,2014,1,0,1,27.3161295674845,26.969342766334794,49.365234375
28,0.28,1024,1012,2025,2014,1,0,1,27.3161295674845,26.99601867411554,49.4384765625
29,0.29,1024,1017,2024,2014,1,0,1,27.3161295674845,27.12939821301927,49.4140625
30,0.3,1024,1013,2020,2014,1,0,1,27.3161295674845,27.022694581896285,49.31640625
31,0.31,1024,1017,2023,2014,1,0,1,27.3161295674845,27.12939821301927,49.3896484375
32,0.32,1024,1016,2020,2014,1,0,1,27.3161295674845,27.102722305238526,49.31640625
33,0.33,1024,1014,2021,2014,1,0,1,27.3161295674845,27.04937048967703,49.3408203125
34,0.34,1024,1015,2022,2014,1,0,1,27.3161295674845,27.07604639745778,49.365234375
35,0.35,1024,1013,2022,2014,1,0,1,27.3161295674845,27.022694581896285,49.365234375
36,0.36,1024,1017,2023,2014,1,0,1,27.3161295674845,27.12939821301927,49.3896484375
37,0.37,1024,1017,2020,2014,1,0,1,27.3161295674845,27.12939821301927,49.31640625
38,0.38,1024,1015,2020,2014,1,0,1,27.3161295674845,27.07604639745778,49.31640625
39,0.39,1024,1016,2022,2014,1,0,1,27.3161295674845,27.102722305238526,49.365234375
40,0.4,1024,1014,2021,2014,1,0,1,27.3161295674845,27.04937048967703,49.3408203125
41,0.41,1024,1016,2022,2014,1,0,1,27.3161295674845,27.102722305238526,49.365234375
42,0.42,1024,1017,2021,2014,1,0,1,27.3161295674845,27.12939821301927,49.3408203125
43,0.43,1024,1016,2020,2014,1,0,1,27.3161295674845,27.102722305238526,49.31640625
44,0.44,1024,1016,2021,2014,1,0,1,27.3161295674845,27.102722305238526,49.3408203125
45,0.45,1024,1016,2021,2014,1,0,1,27.3161295674845,27.102722305238526,49.3408203125
46,0.46,1024,1017,2021,2014,1,0,1,27.3161295674845,27.12939821301927,49.3408203125
47,0.47,1024,1016,2020,2014,1,0,1,27.3161295674845,27.102722305238526,49.31640625
48,0.48,1024,1017,2021,2014,1,0,1,27.3161295674845,27.12939821301927,49.3408203125
49,0.49,1024,1015,2020,2014,1,0,1,27.3161295674845,27.07604639745778,49.31640625
50,0.5,1024,1016,2022,2014,1,0,1,27.3161295674845,27.102722305238526,49.365234375
51,0.51,1024,1020,2021,2014,1,0,1,27.3161295674845,27.209425936361512,49.3408203125
52,0.52,1024,1017,2017,2014,1,0,1,27.3161295674845,27.12939821301927,49.2431640625
53,0.53,1024,1018,2020,2014,1,0,1,27.3161295674845,27.156074120800017,49.31640625
54,0.54,1024,1016,2019,2014,1,0,1,27.3161295674845,27.102722305238526,49.2919921875
55,0.55,1024,1017,2021,2014,1,0,1,27.3161295674845,27.12939821301927,49.3408203125
56,0.56,1024,1020,2020,2014,1,0,1,27.3161295674845,27.209425936361512,49.31640625
57,0.57,1024,1017,2017,2014,1,0,1,27.3161295674845,27.12939821301927,49.2431640625
58,0.58,1024,1019,2020,2014,1,0,1,27.3161295674845,27.182750028580767,49.31640625
59,0.59,1024,1016,2018,2014,1,0,1,27.3161295674845,27.102722305238526,49.267578125
60,0.6,1024,1017,2021,2014,1,0,1,27.3161295674845,27.12939821301927,49.3408203125
61,0.61,1024,1021,2020,2014,1,0,1,27.3161295674845,27.236101844142258,49.31640625
62,0.62,1024,1016,2016,2014,1,0,1,27.3161295674845,27.102722305238526,49.21875
63,0.63,1024,1019,2021,2014,1,0,1,27.3161295674845,27.182750028580767,49.3408203125
64,0.64,1024,1019,2018,2014,1,0,1,27.3161295674845,27.182750028580767,49.267578125
65,0.65,1024,1017,2018,2014,1,0,1,27.3161295674845,27.12939821301927,49.267578125
66,0.66,1024,1018,2020,2014,1,0,1,27.3161295674845,27.156074120800017,49.31640625
67,0.67,1024,1017,2019,2014,1,0,1,27.3161295674845,27.12939821301927,49.2919921875
68,0.68,1024,1018,2020,2014,1,0,1,27.3161295674845,27.156074120800017,49.31640625
69,0.69,1024,1019,2019,2014,1,0,1,27.3161295674845,27.182750028580767,49.2919921875
70,0.7,1024,1019,2018,2014,1,0,1,27.3161295674845,27.182750028580767,49.267578125
71,0.71,1024,1019,2018,2014,1,0,1,27.3161295674845,27.182750028580767,49.267578125
72,0.72,1024,1018,2018,2014,1,0,1,27.3161295674845,27.156074120800017,49.267578125
73,0.73,1024,1019,2019,2014,1,0,1,27.3161295674845,27.182750028580767,49.2919921875
74,0.74,1024,1018,2018,2014,1,0,1,27.3161295674845,27.156074120800017,49.267578125
75,0.75,1024,1019,2019,2014,1,0,1,27.3161295674845,27.182750028580767,49.2919921875
76,0.76,1024,1019,2018,2014,1,0,1,27.3161295674845,27.182750028580767,49.267578125
77,0.77,1024,1019,2018,2014,1,0,1,27.3161295674845,27.182750028580767,49.267578125
78,0.78,1024,1019,2018,2014,1,0,1,27.3161295674845,27.182750028580767,49.267578125
79,0.79,1024,1019,2018,2014,1,0,1,27.3161295674845,27.182750028580767,49.267578125
80,0.8,1024,1020,2018,2014,1,0,1,27.3161295674845,27.209425936361512,49.267578125
81,0.81,1024,1018,2017,2014,1,0,1,27.3161295674845,27.156074120800017,49.2431640625
82,0.82,1024,1019,2019,2014,1,0,1,27.3161295674845,27.182750028580767,49.2919921875
83,0.83,1024,1023,2018,2014,1,0,1,27.3161295674845,27.289453659703753,49.267578125
84,0.84,1024,1019,2014,2014,1,0,1,27.3161295674845,27.182750028580767,49.169921875
85,0.85,1024,1022,2018,2014,1,0,1,27.3161295674845,27.262777751923004,49.267578125
86,0.86,1024,1018,2015,2014,1,0,1,27.3161295674845,27.156074120800017,49.1943359375
87,0.87,1024,1019,2019,2014,1,0,1,27.3161295674845,27.182750028580767,49.2919921875
88,0.88,1024,1023,2018,2014,1,0,1,27.3161295674845,27.289453659703753,49.267578125
89,0.89,1024,1018,2014,2014,1,0,1,27.3161295674845,27.156074120800017,49.169921875
90,0.9,1024,1022,2019,2014,1,0,1,27.3161295674845,27.262777751923004,49.2919921875
91,0.91,1024,1021,2015,2014,1,0,1,27.3161295674845,27.236101844142258,49.1943359375
92,0.92,1024,1020,2016,2014,1,0,1,27.3161295674845,27.209425936361512,49.21875
93,0.93,1024,1020,2017,2014,1,0,1,27.3161295674845,27.209425936361512,49.2431640625
94,0.94,1024,1018,2017,2014,1,0,1,27.3161295674845,27.156074120800017,49.2431640625
95,0.95,1024,1020,2019,2014,1,0,1,27.3161295674845,27.209425936361512,49.2919921875
96,0.96,1024,1021,2017,2014,1,0,1,27.3161295674845,27.236101844142258,49.2431640625
97,0.97,1024,1020,2016,2014,1,0,1,27.3161295674845,27.209425936361512,49.21875
98,0.98,1024,1020,2017,2014,1,0,1,27.3161295674845,27.209425936361512,49.2431640625
99,0.99,1024,1019,2017,2014,1,0,1,27.3161295674845,27.182750028580767,49.2431640625
100,1.0,1024,1020,2018,2014,1,0,1,27.3161295674845,27.209425936361512,49.267578125
101,1.01,1024,1019,2017,2014,1,0,1,27.3161295674845,27.182750028580767,49.2431640625
102,1.02,1024,1020,2018,2014,1,0,1,27.3161295674845,27.209425936361512,49.267578125
103,1.03,1024,1018,2017,2014,1,0,1,27.3161295674845,27.156074120800017,49.2431640625
104,1.04,1024,1019,2019,2014,1,0,1,27.3161295674845,27.182750028580767,49.2919921875
105,1.05,1024,1023,2018,2014,1,0,1,27.3161295674845,27.289453659703753,49.267578125
106,1.06,1024,1019,2014,2014,1,0,1,27.3161295674845,27.182750028580767,49.169921875
107,1.07,1024,1021,2018,2014,1,0,1,27.3161295674845,27.236101844142258,49.267578125
108,1.08,1024,1018,2016,2014,1,0,1,27.3161295674845,27.156074120800017,49.21875
109,1.09,1024,1019,2019,2014,1,0,1,27.3161295674845,27.182750028580767,49.2919921875
110,1.1,1024,1023,2018,2014,1,0,1,27.3161295674845,27.289453659703753,49.267578125
111,1.11,1024,1018,2014,2014,1,0,1,27.3161295674845,27.156074120800017,49.169921875
112,1.12,1024,1021,2019,2014,1,0,1,27.3161295674845,27.236101844142258,49.2919921875
113,1.13,1024,1017,2016,2014,1,0,1,27.3161295674845,27.12939821301927,49.21875
114,1.14,1024,1019,2020,2014,1,0,1,27.3161295674845,27.182750028580767,49.31640625
115,1.15,1024,1022,2018,2014,1,0,1,27.3161295674845,27.262777751923004,49.267578125
116,1.16,1024,1018,2015,2014,1,0,1,27.3161295674845,27.156074120800017,49.1943359375
117,1.17,1024,1022,2019,2014,1,0,1,27.3161295674845,27.262777751923004,49.2919921875
118,1.18,1024,1021,2015,2014,1,0,1,27.3161295674845,27.236101844142258,49.1943359375
119,1.19,1024,1019,2016,2014,1,0,1,27.3161295674845,27.182750028580767,49.21875
120,1.2,1024,1019,2018,2014,1,0,1,27.3161295674845,27.182750028580767,49.267578125
121,1.21,1024,1018,2018,2014,1,0,1,27.3161295674845,27.156074120800017,49.267578125
122,1.22,1024,1019,2019,2014,1,0,1,27.3161295674845,27.182750028580767,49.2919921875
123,1.23,1024,1020,2018,2014,1,0,1,27.3161295674845,27.209425936361512,49.267578125
124,1.24,1024,1019,2017,2014,1,0,1,27.3161295674845,27.182750028580767,49.2431640625
125,1.25,1024,1019,2018,2014,1,0,1,27.3161295674845,27.182750028580767,49.267578125
126,1.26,1024,1019,2018,2014,1,0,1,27.3161295674845,27.182750028580767,49.267578125
127,1.27,1024,1019,2018,2014,1,0,1,27.3161295674845,27.182750028580767,49.267578125
128,1.28,1024,1019,2018,2014,1,0,1,27.3161295674845,27.182750028580767,49.267578125
129,1.29,1024,1020,2018,2014,1,0,1,27.3161295674845,27.209425936361512,49.267578125
130,1.3,1024,1018,2017,2014,1,0,1,27.3161295674845,27.156074120800017,49.2431640625
131,1.31,1024,1019,2019,2014,1,0,1,27.3161295674845,27.182750028580767,49.2919921875
132,1.32,1024,1022,2018,2014,1,0,1,27.3161295674845,27.262777751923004,49.267578125
133,1.33,1024,1020,2015,2014,1,0,1,27.3161295674845,27.209425936361512,49.1943359375
134,1.34,1024,1022,2017,2014,1,0,1,27.3161295674845,27.262777751923004,49.2431640625
135,1.35,1024,1018,2015,2014,1,0,1,27.3161295674845,27.156074120800017,49.1943359375
136,1.36,1024,1019,2019,2014,1,0,1,27.3161295674845,27.182750028580767,49.2919921875
137,1.37,1024,1023,2018,2014,1,0,1,27.3161295674845,27.289453659703753,49.267578125
138,1.38,1024,1019,2014,2014,1,0,1,27.3161295674845,27.182750028580767,49.169921875
139,1.39,1024,1023,2018,2014,1,0,1,27.3161295674845,27.289453659703753,49.267578125
140,1.4,1024,1022,2014,2014,1,0,1,27.3161295674845,27.262777751923004,49.169921875
141,1.41,1024,1020,2015,2014,1,0,1,27.3161295674845,27.209425936361512,49.1943359375
142,1.42,1024,1021,2017,2014,1,0,1,27.3161295674845,27.236101844142258,49.2431640625
143,1.43,1024,1019,2016,2014,1,0,1,27.3161295674845,27.182750028580767,49.21875
144,1.44,1024,1021,2018,2014,1,0,1,27.3161295674845,27.236101844142258,49.267578125
145,1.45,1024,1022,2016,2014,1,0,1,27.3161295674845,27.262777751923004,49.21875
146,1.46,1024,1021,2015,2014,1,0,1,27.3161295674845,27.236101844142258,49.1943359375
147,1.47,1024,1021,2016,2014,1,0,1,27.3161295674845,27.236101844142258,49.21875
148,1.48,1024,1020,2016,2014,1,0,1,27.3161295674845,27.209425936361512,49.21875
149,1.49,1024,1021,2017,2014,1,0,1,27.3161295674845,27.236101844142258,49.2431640625
150,1.5,1024,1022,2016,2014,1,0,1,27.3161295674845,27.262777751923004,49.21875
151,1.51,1024,1020,2015,2014,1,0,1,27.3161295674845,27.209425936361512,49.1943359375
152,1.52,1024,1021,2017,2014,1,0,1,27.3161295674845,27.236101844142258,49.2431640625
153,1.53,1024,1020,2016,2014,1,0,1,27.3161295674845,27.209425936361512,49.21875
154,1.54,1024,1020,2017,2014,1,0,1,27.3161295674845,27.209425936361512,49.2431640625
155,1.55,1024,1019,2017,2014,1,0,1,27.3161295674845,27.182750028580767,49.2431640625
156,1.56,1024,1020,2018,2014,1,0,1,27.3161295674845,27.209425936361512,49.267578125
157,1.57,1024,1018,2017,2014,1,0,1,27.3161295674845,27.156074120800017,49.2431640625
158,1.58,1024,1019,2019,2014,1,0,1,27.3161295674845,27.182750028580767,49.2919921875
159,1.59,1024,1023,2018,2014,1,0,1,27.3161295674845,27.289453659703753,49.267578125
160,1.6,1024,1019,2014,2014,1,0,1,27.3161295674845,27.182750028580767,49.169921875
161,1.61,1024,1021,2018,2014,1,0,1,27.3161295674845,27.236101844142258,49.267578125
162,1.62,1024,1018,2016,2014,1,0,1,27.3161295674845,27.156074120800017,49.21875
163,1.63,1024,1019,2019,2014,1,0,1,27.3161295674845,27.182750028580767,49.2919921875
164,1.64,1024,1023,2018,2014,1,0,1,27.3161295674845,27.289453659703753,49.267578125
165,1.65,1024,1018,2014,2014,1,0,1,27.3161295674845,27.156074120800017,49.169921875
166,1.66,1024,1022,2019,2014,1,0,1,27.3161295674845,27.262777751923004,49.2919921875
167,1.67,1024,1021,2015,2014,1,0,1,27.3161295674845,27.236101844142258,49.1943359375
168,1.68,1024,1019,2016,2014,1,0,1,27.3161295674845,27.182750028580767,49.21875
169,1.69,1024,1020,2018,2014,1,0,1,27.3161295674845,27.209425936361512,49.267578125
170,1.7,1024,1019,2017,2014,1,0,1,27.3161295674845,27.182750028580767,49.2431640625
171,1.71,1024,1020,2018,2014,1,0,1,27.3161295674845,27.209425936361512,49.267578125
172,1.72,1024,1021,2017,2014,1,0,1,27.3161295674845,27.236101844142258,49.2431640625
173,1.73,1024,1020,2016,2014,1,0,1,27.3161295674845,27.209425936361512,49.21875
174,1.74,1024,1020,2017,2014,1,0,1,27.3161295674845,27.209425936361512,49.2431640625
175,1.75,1024,1019,2017,2014,1,0,1,27.3161295674845,27.182750028580767,49.2431640625
176,1.76,1024,1020,2018,2014,1,0,1,27.3161295674845,27.209425936361512,49.267578125
177,1.77,1024,1020,2017,2014,1,0,1,27.3161295674845,27.209425936361512,49.2431640625
178,1.78,1024,1020,2017,2014,1,0,1,27.3161295674845,27.209425936361512,49.2431640625
179,1.79,1024,1018,2017,2014,1,0,1,27.3161295674845,27.156074120800017,49.2431640625
180,1.8,1024,1020,2019,2014,1,0,1,27.3161295674845,27.209425936361512,49.2919921875
181,1.81,1024,1024,2017,2014,1,0,1,27.3161295674845,27.3161295674845,49.2431640625
182,1.82,1024,1020,2014,2014,1,0,1,27.3161295674845,27.209425936361512,49.169921875
183,1.83,1024,1023,2017,2014,1,0,1,27.3161295674845,27.289453659703753,49.2431640625
184,1.84,1024,1019,2014,2014,1,0,1,27.3161295674845,27.182750028580767,49.169921875
185,1.85,1024,1021,2018,2014,1,0,1,27.3161295674845,27.236101844142258,49.267578125
186,1.86,1024,1024,2016,2014,1,0,1,27.3161295674845,27.3161295674845,49.21875
187,1.87,1024,1020,2014,2014,1,0,1,27.3161295674845,27.209425936361512,49.169921875
188,1.88,1024,1024,2017,2014,1,0,1,27.3161295674845,27.3161295674845,49.2431640625
189,1.89,1024,1023,2014,2014,1,0,1,27.3161295674845,27.289453659703753,49.169921875
190,1.9,1024,1021,2014,2014,1,0,1,27.3161295674845,27.236101844142258,49.169921875
191,1.91,1024,1022,2016,2014,1,0,1,27.3161295674845,27.262777751923004,49.21875
192,1.92,1024,1020,2015,2014,1,0,1,27.3161295674845,27.209425936361512,49.1943359375
193,1.93,1024,1021,2017,2014,1,0,1,27.3161295674845,27.236101844142258,49.2431640625
194,1.94,1024,1022,2016,2014,1,0,1,27.3161295674845,27.262777751923004,49.21875
195,1.95,1024,1020,2015,2014,1,0,1,27.3161295674845,27.209425936361512,49.1943359375
196,1.96,1024,1020,2017,2014,1,0,1,27.3161295674845,27.209425936361512,49.2431640625
197,1.97,1024,1018,2017,2014,1,0,1,27.3161295674845,27.156074120800017,49.2431640625
198,1.98,1024,1019,2019,2014,1,0,1,27.3161295674845,27.182750028580767,49.2919921875
199,1.99,1024,1020,2018,2014,1,0,1,27.3161295674845,27.209425936361512,49.267578125
200,2.0,1024,1019,2017,2014,1,0,1,27.3161295674845,27.182750028580767,49.2431640625
201,2.01,1024,1019,2018,2014,1,0,1,27.3161295674845,27.182750028580767,49.267578125
202,2.02,1024,1018,2018,2014,1,0,1,27.3161295674845,27.156074120800017,49.267578125
203,2.03,1024,1019,2019,2014,1,0,1,27.3161295674845,27.182750028580767,49.2919921875
204,2.04,1024,1018,2018,2014,1,0,1,27.3161295674845,27.156074120800017,49.267578125
205,2.05,1024,1019,2019,2014,1,0,1,27.3161295674845,27.182750028580767,49.2919921875
206,2.06,1024,1017,2018,2014,1,0,1,27.3161295674845,27.12939821301927,49.267578125
207,2.07,1024,1018,2020,2014,1,0,1,27.3161295674845,27.156074120800017,49.31640625
208,2.08,1024,1022,2019,2014,1,0,1,27.3161295674845,27.262777751923004,49.2919921875
209,2.09,1024,1018,2015,2014,1,0,1,27.3161295674845,27.156074120800017,49.1943359375
210,2.1,1024,1020,2019,2014,1,0,1,27.3161295674845,27.209425936361512,49.2919921875
211,2.11,1024,1016,2017,2014,1,0,1,27.3161295674845,27.102722305238526,49.2431640625
212,2.12,1024,1018,2021,2014,1,0,1,27.3161295674845,27.156074120800017,49.3408203125
213,2.13,1024,1021,2019,2014,1,0,1,27.3161295674845,27.236101844142258,49.2919921875
214,2.14,1024,1017,2016,2014,1,0,1,27.3161295674845,27.12939821301927,49.21875
215,2.15,1024,1020,2020,2014,1,0,1,27.3161295674845,27.209425936361512,49.31640625
216,2.16,1024,1019,2017,2014,1,0,1,27.3161295674845,27.182750028580767,49.2431640625
217,2.17,1024,1017,2018,2014,1,0,1,27.3161295674845,27.12939821301927,49.267578125
218,2.18,1024,1017,2020,2014,1,0,1,27.3161295674845,27.12939821301927,49.31640625
219,2.19,1024,1015,2020,2014,1,0,1,27.3161295674845,27.07604639745778,49.31640625
220,2.2,1024,1018,2022,2014,1,0,1,27.3161295674845,27.156074120800017,49.365234375
221,2.21,1024,1017,2019,2014,1,0,1,27.3161295674845,27.12939821301927,49.2919921875
222,2.22,1024,1015,2020,2014,1,0,1,27.3161295674845,27.07604639745778,49.31640625
223,2.23,1024,1015,2022,2014,1,0,1,27.3161295674845,27.07604639745778,49.365234375
224,2.24,1024,1013,2022,2014,1,0,1,27.3161295674845,27.022694581896285,49.365234375
225,2.25,1024,1015,2023,2014,1,0,1,27.3161295674845,27.07604639745778,49.3896484375
226,2.26,1024,1016,2022,2014,1,0,1,27.3161295674845,27.102722305238526,49.365234375
227,2.27,1024,1015,2021,2014,1,0,1,27.3161295674845,27.07604639745778,49.3408203125
228,2.28,1024,1015,2022,2014,1,0,1,27.3161295674845,27.07604639745778,49.365234375
229,2.29,1024,1014,2022,2014,1,0,1,27.3161295674845,27.04937048967703,49.365234375
230,2.3,1024,1014,2022,2014,1,0,1,27.3161295674845,27.04937048967703,49.365234375
231,2.31,1024,1013,2022,2014,1,0,1,27.3161295674845,27.022694581896285,49.365234375
232,2.32,1024,1014,2023,2014,1,0,1,27.3161295674845,27.04937048967703,49.3896484375
233,2.33,1024,1012,2022,2014,1,0,1,27.3161295674845,26.99601867411554,49.365234375
234,2.34,1024,1013,2024,2014,1,0,1,27.3161295674845,27.022694581896285,49.4140625
235,2.35,1024,1014,2023,2014,1,0,1,27.3161295674845,27.04937048967703,49.3896484375
236,2.36,1024,1013,2022,2014,1,0,1,27.3161295674845,27.022694581896285,49.365234375
237,2.37,1024,1014,2023,2014,1,0,1,27.3161295674845,27.04937048967703,49.3896484375
238,2.38,1024,1012,2022,2014,1,0,1,27.3161295674845,26.99601867411554,49.365234375
239,2.39,1024,1013,2024,2014,1,0,1,27.3161295674845,27.022694581896285,49.4140625
240,2.4,1024,1017,2023,2014,1,0,1,27.3161295674845,27.12939821301927,49.3896484375
241,2.41,1024,1013,2020,2014,1,0,1,27.3161295674845,27.022694581896285,49.31640625
242,2.42,1024,1014,2023,2014,1,0,1,27.3161295674845,27.04937048967703,49.3896484375
243,2.43,1024,1010,2022,2014,1,0,1,27.3161295674845,26.942666858554045,49.365234375
244,2.44,1024,1011,2026,2014,1,0,1,27.3161295674845,26.969342766334794,49.462890625
245,2.45,1024,1015,2025,2014,1,0,1,27.3161295674845,27.07604639745778,49.4384765625
246,2.46,1024,1011,2022,2014,1,0,1,27.3161295674845,26.969342766334794,49.365234375
247,2.47,1024,1013,2025,2014,1,0,1,27.3161295674845,27.022694581896285,49.4384765625
248,2.48,1024,1009,2023,2014,1,0,1,27.3161295674845,26.9159909507733,49.3896484375
249,2.49,1024,1010,2027,2014,1,0,1,27.3161295674845,26.942666858554045,49.4873046875
250,2.5,1024,1013,2026,2014,1,0,1,27.3161295674845,27.022694581896285,49.462890625
251,2.51,1024,1009,2023,2014,1,0,1,27.3161295674845,26.9159909507733,49.3896484375
252,2.52,1024,1012,2027,2014,1,0,1,27.3161295674845,26.99601867411554,49.4873046875
253,2.53,1024,1011,2024,2014,1,0,1,27.3161295674845,26.969342766334794,49.4140625
254,2.54,1024,1008,2025,2014,1,0,1,27.3161295674845,26.889315042992553,49.4384765625
255,2.55,1024,1012,2028,2014,1,0,1,27.3161295674845,26.99601867411554,49.51171875
256,2.56,1024,1007,2024,2014,1,0,1,27.3161295674845,26.862639135211808,49.4140625
257,2.57,1024,1010,2030,2015,1,0,1,27.3161295674845,26.942666858554045,49.560546875
258,2.58,1024,1009,2027,2015,1,0,1,27.3161295674845,26.9159909507733,49.4873046875
259,2.59,1024,1007,2028,2015,1,0,1,27.3161295674845,26.862639135211808,49.51171875
260,2.6,1024,1008,2031,2016,1,0,1,27.3161295674845,26.889315042992553,49.5849609375
261,2.61,1024,1006,2030,2016,1,0,1,27.3161295674845,26.83596322743106,49.560546875
262,2.62,1024,1010,2033,2017,1,0,1,27.3161295674845,26.942666858554045,49.6337890625
263,2.63,1024,1009,2029,2017,1,0,1,27.3161295674845,26.9159909507733,49.5361328125
264,2.64,1024,1007,2030,2017,1,0,1,27.3161295674845,26.862639135211808,49.560546875
265,2.65,1024,1008,2033,2018,1,0,1,27.3161295674845,26.889315042992553,49.6337890625
266,2.66,1024,1006,2032,2018,1,0,1,27.3161295674845,26.83596322743106,49.609375
267,2.67,1024,1008,2035,2019,1,0,1,27.3161295674845,26.889315042992553,49.6826171875
268,2.68,1024,1009,2033,2019,1,0,1,27.3161295674845,26.9159909507733,49.6337890625
269,2.69,1024,1009,2032,2019,1,0,1,27.3161295674845,26.9159909507733,49.609375
270,2.7,1024,1009,2032,2019,1,0,1,27.3161295674845,26.9159909507733,49.609375
271,2.71,1024,1007,2032,2019,1,0,1,27.3161295674845,26.862639135211808,49.609375
272,2.72,1024,1009,2035,2020,1,0,1,27.3161295674845,26.9159909507733,49.6826171875
273,2.73,1024,1010,2033,2020,1,0,1,27.3161295674845,26.942666858554045,49.6337890625
274,2.74,1024,1009,2032,2020,1,0,1,27.3161295674845,26.9159909507733,49.609375
275,2.75,1024,1010,2033,2020,1,0,1,27.3161295674845,26.942666858554045,49.6337890625
276,2.76,1024,1009,2032,2020,1,0,1,27.3161295674845,26.9159909507733,49.609375
277,2.77,1024,1010,2033,2020,1,0,1,27.3161295674845,26.942666858554045,49.6337890625
278,2.78,1024,1011,2032,2020,1,0,1,27.3161295674845,26.969342766334794,49.609375
279,2.79,1024,1011,2031,2020,1,0,1,27.3161295674845,26.969342766334794,49.5849609375
280,2.8,1024,1011,2031,2020,1,0,1,27.3161295674845,26.969342766334794,49.5849609375
281,2.81,1024,1010,2031,2020,1,0,1,27.3161295674845,26.942666858554045,49.5849609375
282,2.82,1024,1011,2032,2020,1,0,1,27.3161295674845,26.969342766334794,49.609375
283,2.83,1024,1011,2031,2020,1,0,1,27.3161295674845,26.969342766334794,49.5849609375
284,2.84,1024,1011,2031,2020,1,0,1,27.3161295674845,26.969342766334794,49.5849609375
285,2.85,1024,1010,2031,2020,1,0,1,27.3161295674845,26.942666858554045,49.5849609375
286,2.86,1024,1011,2032,2020,1,0,1,27.3161295674845,26.969342766334794,49.609375
287,2.87,1024,1015,2031,2020,1,0,1,27.3161295674845,27.07604639745778,49.5849609375
288,2.88,1024,1012,2028,2020,1,0,1,27.3161295674845,26.99601867411554,49.51171875
289,2.89,1024,1013,2030,2020,1,0,1,27.3161295674845,27.022694581896285,49.560546875
290,2.9,1024,1011,2029,2020,1,0,1,27.3161295674845,26.969342766334794,49.5361328125
291,2.91,1024,1013,2031,2020,1,0,1,27.3161295674845,27.022694581896285,49.5849609375
292,2.92,1024,1017,2029,2020,1,0,1,27.3161295674845,27.12939821301927,49.5361328125
293,2.93,1024,1014,2026,2020,1,0,1,27.3161295674845,27.04937048967703,49.462890625
294,2.94,1024,1017,2028,2020,1,0,1,27.3161295674845,27.12939821301927,49.51171875
295,2.95,1024,1013,2026,2020,1,0,1,27.3161295674845,27.022694581896285,49.462890625
296,2.96,1024,1014,2029,2020,1,0,1,27.3161295674845,27.04937048967703,49.5361328125
297,2.97,1024,1018,2028,2020,1,0,1,27.3161295674845,27.156074120800017,49.51171875
298,2.98,1024,1014,2025,2020,1,0,1,27.3161295674845,27.04937048967703,49.4384765625
299,2.99,1024,1018,2028,2020,1,0,1,27.3161295674845,27.156074120800017,49.51171875
300,3.0,1024,1017,2025,2020,1,0,1,27.3161295674845,27.12939821301927,49.4384765625
301,3.01,1024,1016,2026,2020,1,0,1,27.3161295674845,27.102722305238526,49.462890625
302,3.02,1024,1019,2027,2020,1,0,1,27.3161295674845,27.182750028580767,49.4873046875
303,3.03,1024,1015,2024,2020,1,0,1,27.3161295674845,27.07604639745778,49.4140625
304,3.04,1024,1018,2028,2020,1,0,1,27.3161295674845,27.156074120800017,49.51171875
305,3.05,1024,1018,2025,2020,1,0,1,27.3161295674845,27.156074120800017,49.4384765625
306,3.06,1024,1016,2025,2020,1,0,1,27.3161295674845,27.102722305238526,49.4384765625
307,3.07,1024,1017,2027,2020,1,0,1,27.3161295674845,27.12939821301927,49.4873046875
308,3.08,1024,1016,2026,2020,1,0,1,27.3161295674845,27.102722305238526,49.462890625
309,3.09,1024,1017,2027,2020,1,0,1,27.3161295674845,27.12939821301927,49.4873046875
310,3.1,1024,1019,2026,2020,1,0,1,27.3161295674845,27.182750028580767,49.462890625
311,3.11,1024,1018,2024,2020,1,0,1,27.3161295674845,27.156074120800017,49.4140625
312,3.12,1024,1018,2025,2020,1,0,1,27.3161295674845,27.156074120800017,49.4384765625
313,3.13,1024,1017,2025,2020,1,0,1,27.3161295674845,27.12939821301927,49.4384765625
314,3.14,1024,1018,2026,2020,1,0,1,27.3161295674845,27.156074120800017,49.462890625
315,3.15,1024,1017,2025,2020,1,0,1,27.3161295674845,27.12939821301927,49.4384765625
316,3.16,1024,1018,2026,2020,1,0,1,27.3161295674845,27.156074120800017,49.462890625
317,3.17,1024,1016,2025,2020,1,0,1,27.3161295674845,27.102722305238526,49.4384765625
318,3.18,1024,1017,2027,2020,1,0,1,27.3161295674845,27.12939821301927,49.4873046875
319,3.19,1024,1021,2026,2020,1,0,1,27.3161295674845,27.236101844142258,49.462890625
320,3.2,1024,1017,2022,2020,1,0,1,27.3161295674845,27.12939821301927,49.365234375
321,3.21,1024,1020,2026,2020,1,0,1,27.3161295674845,27.209425936361512,49.462890625
322,3.22,1024,1016,2023,2020,1,0,1,27.3161295674845,27.102722305238526,49.3896484375
323,3.23,1024,1018,2027,2020,1,0,1,27.3161295674845,27.156074120800017,49.4873046875
324,3.24,1024,1021,2025,2020,1,0,1,27.3161295674845,27.236101844142258,49.4384765625
325,3.25,1024,1018,2022,2020,1,0,1,27.3161295674845,27.156074120800017,49.365234375
326,3.26,1024,1020,2025,2020,1,0,1,27.3161295674845,27.209425936361512,49.4384765625
327,3.27,1024,1016,2023,2020,1,0,1,27.3161295674845,27.102722305238526,49.3896484375
328,3.28,1024,1017,2027,2020,1,0,1,27.3161295674845,27.12939821301927,49.4873046875
329,3.29,1024,1021,2026,2020,1,0,1,27.3161295674845,27.236101844142258,49.462890625
330,3.3,1024,1017,2022,2020,1,0,1,27.3161295674845,27.12939821301927,49.365234375
331,3.31,1024,1020,2026,2020,1,0,1,27.3161295674845,27.209425936361512,49.462890625
332,3.32,1024,1019,2023,2020,1,0,1,27.3161295674845,27.182750028580767,49.3896484375
333,3.33,1024,1018,2024,2020,1,0,1,27.3161295674845,27.156074120800017,49.4140625
334,3.34,1024,1018,2025,2020,1,0,1,27.3161295674845,27.156074120800017,49.4384765625
335,3.35,1024,1017,2025,2020,1,0,1,27.3161295674845,27.12939821301927,49.4384765625
336,3.36,1024,1019,2026,2020,1,0,1,27.3161295674845,27.182750028580767,49.462890625
337,3.37,1024,1020,2024,2020,1,0,1,27.3161295674845,27.209425936361512,49.4140625
338,3.38,1024,1019,2023,2020,1,0,1,27.3161295674845,27.182750028580767,49.3896484375
339,3.39,1024,1019,2024,2020,1,0,1,27.3161295674845,27.182750028580767,49.4140625
340,3.4,1024,1018,2024,2020,1,0,1,27.3161295674845,27.156074120800017,49.4140625
341,3.41,1024,1019,2025,2020,1,0,1,27.3161295674845,27.182750028580767,49.4384765625
342,3.42,1024,1019,2024,2020,1,0,1,27.3161295674845,27.182750028580767,49.4140625
343,3.43,1024,1019,2024,2020,1,0,1,27.3161295674845,27.182750028580767,49.4140625
344,3.44,1024,1017,2024,2020,1,0,1,27.3161295674845,27.12939821301927,49.4140625
345,3.45,1024,1018,2026,2020,1,0,1,27.3161295674845,27.156074120800017,49.462890625
346,3.46,1024,1022,2025,2020,1,0,1,27.3161295674845,27.262777751923004,49.4384765625
347,3.47,1024,1019,2021,2020,1,0,1,27.3161295674845,27.182750028580767,49.3408203125
348,3.48,1024,1020,2024,2020,1,0,1,27.3161295674845,27.209425936361512,49.4140625
349,3.49,1024,1018,2023,2020,1,0,1,27.3161295674845,27.156074120800017,49.3896484375
350,3.5,1024,1019,2025,2020,1,0,1,27.3161295674845,27.182750028580767,49.4384765625
351,3.51,1024,1023,2024,2020,1,0,1,27.3161295674845,27.289453659703753,49.4140625
352,3.52,1024,1019,2020,2020,1,0,1,27.3161295674845,27.182750028580767,49.31640625
353,3.53,1024,1022,2024,2020,1,0,1,27.3161295674845,27.262777751923004,49.4140625
354,3.54,1024,1018,2021,2020,1,0,1,27.3161295674845,27.156074120800017,49.3408203125
355,3.55,1024,1020,2025,2020,1,0,1,27.3161295674845,27.209425936361512,49.4384765625
356,3.56,1024,1023,2023,2020,1,0,1,27.3161295674845,27.289453659703753,49.3896484375
357,3.57,1024,1018,2020,2020,1,0,1,27.3161295674845,27.156074120800017,49.31640625
358,3.58,1024,1022,2025,2020,1,0,1,27.3161295674845,27.262777751923004,49.4384765625
359,3.59,1024,1021,2021,2020,1,0,1,27.3161295674845,27.236101844142258,49.3408203125
360,3.6,1024,1020,2022,2020,1,0,1,27.3161295674845,27.209425936361512,49.365234375
361,3.61,1024,1020,2023,2020,1,0,1,27.3161295674845,27.209425936361512,49.3896484375
362,3.62,1024,1019,2023,2020,1,0,1,27.3161295674845,27.182750028580767,49.3896484375
363,3.63,1024,1020,2024,2020,1,0,1,27.3161295674845,27.209425936361512,49.4140625
364,3.64,1024,1021,2023,2020,1,0,1,27.3161295674845,27.236101844142258,49.3896484375
365,3.65,1024,1020,2022,2020,1,0,1,27.3161295674845,27.209425936361512,49.365234375
366,3.66,1024,1020,2023,2020,1,0,1,27.3161295674845,27.209425936361512,49.3896484375
367,3.67,1024,1020,2023,2020,1,0,1,27.3161295674845,27.209425936361512,49.3896484375
368,3.68,1024,1020,2023,2020,1,0,1,27.3161295674845,27.209425936361512,49.3896484375
369,3.69,1024,1019,2023,2020,1,0,1,27.3161295674845,27.182750028580767,49.3896484375
370,3.7,1024,1020,2024,2020,1,0,1,27.3161295674845,27.209425936361512,49.4140625
371,3.71,1024,1018,2023,2020,1,0,1,27.3161295674845,27.156074120800017,49.3896484375
372,3.72,1024,1019,2025,2020,1,0,1,27.3161295674845,27.182750028580767,49.4384765625
373,3.73,1024,1023,2024,2020,1,0,1,27.3161295674845,27.289453659703753,49.4140625
374,3.74,1024,1020,2020,2020,1,0,1,27.3161295674845,27.209425936361512,49.31640625
375,3.75,1024,1022,2023,2020,1,0,1,27.3161295674845,27.262777751923004,49.3896484375
376,3.76,1024,1018,2021,2020,1,0,1,27.3161295674845,27.156074120800017,49.3408203125
377,3.77,1024,1019,2025,2020,1,0,1,27.3161295674845,27.182750028580767,49.4384765625
378,3.78,1024,1023,2024,2020,1,0,1,27.3161295674845,27.289453659703753,49.4140625
379,3.79,1024,1018,2020,2020,1,0,1,27.3161295674845,27.156074120800017,49.31640625
380,3.8,1024,1022,2025,2020,1,0,1,27.3161295674845,27.262777751923004,49.4384765625
381,3.81,1024,1021,2021,2020,1,0,1,27.3161295674845,27.236101844142258,49.3408203125
382,3.82,1024,1019,2022,2020,1,0,1,27.3161295674845,27.182750028580767,49.365234375
383,3.83,1024,1020,2024,2020,1,0,1,27.3161295674845,27.209425936361512,49.4140625
384,3.84,1024,1018,2023,2020,1,0,1,27.3161295674845,27.156074120800017,49.3896484375
385,3.85,1024,1020,2025,2020,1,0,1,27.3161295674845,27.209425936361512,49.4384765625
386,3.86,1024,1021,2023,2020,1,0,1,27.3161295674845,27.236101844142258,49.3896484375
387,3.87,1024,1019,2022,2020,1,0,1,27.3161295674845,27.182750028580767,49.365234375
388,3.88,1024,1020,2024,2020,1,0,1,27.3161295674845,27.209425936361512,49.4140625
389,3.89,1024,1018,2023,2020,1,0,1,27.3161295674845,27.156074120800017,49.3896484375
390,3.9,1024,1020,2025,2020,1,0,1,27.3161295674845,27.209425936361512,49.4384765625
391,3.91,1024,1021,2023,2020,1,0,1,27.3161295674845,27.236101844142258,49.3896484375
392,3.92,1024,1020,2022,2020,1,0,1,27.3161295674845,27.209425936361512,49.365234375
393,3.93,1024,1020,2023,2020,1,0,1,27.3161295674845,27.209425936361512,49.3896484375
394,3.94,1024,1019,2023,2020,1,0,1,27.3161295674845,27.182750028580767,49.3896484375
395,3.95,1024,1019,2024,2020,1,0,1,27.3161295674845,27.182750028580767,49.4140625
396,3.96,1024,1019,2024,2020,1,0,1,27.3161295674845,27.182750028580767,49.4140625
397,3.97,1024,1019,2024,2020,1,0,1,27.3161295674845,27.182750028580767,49.4140625
398,3.98,1024,1018,2024,2020,1,0,1,27.3161295674845,27.156074120800017,49.4140625
399,3.99,1024,1019,2025,2020,1,0,1,27.3161295674845,27.182750028580767,49.4384765625
400,4.0,1024,1023,2024,2020,1,0,1,27.3161295674845,27.289453659703753,49.4140625
401,4.01,1024,1019,2020,2020,1,0,1,27.3161295674845,27.182750028580767,49.31640625
402,4.02,1024,1022,2024,2020,1,0,1,27.3161295674845,27.262777751923004,49.4140625
403,4.03,1024,1018,2021,2020,1,0,1,27.3161295674845,27.156074120800017,49.3408203125
404,4.04,1024,1019,2025,2020,1,0,1,27.3161295674845,27.182750028580767,49.4384765625
405,4.05,1024,1023,2024,2020,1,0,1,27.3161295674845,27.289453659703753,49.4140625
406,4.06,1024,1018,2020,2020,1,0,1,27.3161295674845,27.156074120800017,49.31640625
407,4.07,1024,1022,2025,2020,1,0,1,27.3161295674845,27.262777751923004,49.4384765625
408,4.08,1024,1022,2021,2020,1,0,1,27.3161295674845,27.262777751923004,49.3408203125
409,4.09,1024,1020,2021,2020,1,0,1,27.3161295674845,27.209425936361512,49.3408203125
410,4.1,1024,1021,2023,2020,1,0,1,27.3161295674845,27.236101844142258,49.3896484375
411,4.11,1024,1019,2022,2020,1,0,1,27.3161295674845,27.182750028580767,49.365234375
412,4.12,1024,1021,2024,2020,1,0,1,27.3161295674845,27.236101844142258,49.4140625
413,4.13,1024,1022,2022,2020,1,0,1,27.3161295674845,27.262777751923004,49.365234375
414,4.14,1024,1021,2021,2020,1,0,1,27.3161295674845,27.236101844142258,49.3408203125
415,4.15,1024,1021,2022,2020,1,0,1,27.3161295674845,27.236101844142258,49.365234375
416,4.16,1024,1021,2022,2020,1,0,1,27.3161295674845,27.236101844142258,49.365234375
417,4.17,1024,1022,2022,2020,1,0,1,27.3161295674845,27.262777751923004,49.365234375
418,4.18,1024,1021,2021,2020,1,0,1,27.3161295674845,27.236101844142258,49.3408203125
419,4.19,1024,1022,2022,2020,1,0,1,27.3161295674845,27.262777751923004,49.365234375
420,4.2,1024,1020,2021,2020,1,0,1,27.3161295674845,27.209425936361512,49.3408203125
421,4.21,1024,1021,2023,2020,1,0,1,27.3161295674845,27.236101844142258,49.3896484375
422,4.22,1024,1025,2022,2020,1,0,1,27.3161295674845,27.342805475265244,49.365234375
423,4.23,1024,1021,2018,2019,1,0,1,27.3161295674845,27.236101844142258,49.267578125
424,4.24,1024,1023,2021,2019,1,0,1,27.3161295674845,27.289453659703753,49.3408203125
425,4.25,1024,1020,2019,2019,1,0,1,27.3161295674845,27.209425936361512,49.2919921875
426,4.26,1024,1021,2022,2019,1,0,1,27.3161295674845,27.236101844142258,49.365234375
427,4.27,1024,1025,2021,2019,1,0,1,27.3161295674845,27.342805475265244,49.3408203125
428,4.28,1024,1021,2017,2018,1,0,1,27.3161295674845,27.236101844142258,49.2431640625
429,4.29,1024,1024,2020,2018,1,0,1,27.3161295674845,27.3161295674845,49.31640625
430,4.3,1024,1023,2018,2018,1,0,1,27.3161295674845,27.289453659703753,49.267578125
431,4.31,1024,1021,2018,2018,1,0,1,27.3161295674845,27.236101844142258,49.267578125
432,4.32,1024,1022,2020,2018,1,0,1,27.3161295674845,27.262777751923004,49.31640625
433,4.33,1024,1020,2019,2018,1,0,1,27.3161295674845,27.209425936361512,49.2919921875
434,4.34,1024,1022,2021,2018,1,0,1,27.3161295674845,27.262777751923004,49.3408203125
435,4.35,1024,1023,2019,2018,1,0,1,27.3161295674845,27.289453659703753,49.2919921875
436,4.36,1024,1022,2018,2018,1,0,1,27.3161295674845,27.262777751923004,49.267578125
437,4.37,1024,1022,2019,2018,1,0,1,27.3161295674845,27.262777751923004,49.2919921875
438,4.38,1024,1021,2019,2018,1,0,1,27.3161295674845,27.236101844142258,49.2919921875
439,4.39,1024,1022,2020,2018,1,0,1,27.3161295674845,27.262777751923004,49.31640625
440,4.4,1024,1023,2019,2018,1,0,1,27.3161295674845,27.289453659703753,49.2919921875
441,4.41,1024,1021,2018,2018,1,0,1,27.3161295674845,27.236101844142258,49.267578125
442,4.42,1024,1021,2020,2018,1,0,1,27.3161295674845,27.236101844142258,49.31640625
443,4.43,1024,1020,2020,2018,1,0,1,27.3161295674845,27.209425936361512,49.31640625
444,4.44,1024,1021,2021,2018,1,0,1,27.3161295674845,27.236101844142258,49.3408203125
445,4.45,1024,1020,2020,2018,1,0,1,27.3161295674845,27.209425936361512,49.31640625
446,4.46,1024,1021,2021,2018,1,0,1,27.3161295674845,27.236101844142258,49.3408203125
447,4.47,1024,1019,2020,2018,1,0,1,27.3161295674845,27.182750028580767,49.31640625
448,4.48,1024,1020,2022,2018,1,0,1,27.3161295674845,27.209425936361512,49.365234375
449,4.49,1024,1023,2021,2018,1,0,1,27.3161295674845,27.289453659703753,49.3408203125
450,4.5,1024,1019,2018,2018,1,0,1,27.3161295674845,27.182750028580767,49.267578125
451,4.51,1024,1021,2022,2018,1,0,1,27.3161295674845,27.236101844142258,49.365234375
452,4.52,1024,1018,2020,2018,1,0,1,27.3161295674845,27.156074120800017,49.31640625
453,4.53,1024,1019,2023,2018,1,0,1,27.3161295674845,27.182750028580767,49.3896484375
454,4.54,1024,1022,2022,2018,1,0,1,27.3161295674845,27.262777751923004,49.365234375
455,4.55,1024,1018,2019,2018,1,0,1,27.3161295674845,27.156074120800017,49.2919921875
456,4.56,1024,1021,2023,2018,1,0,1,27.3161295674845,27.236101844142258,49.3896484375
457,4.57,1024,1020,2020,2018,1,0,1,27.3161295674845,27.209425936361512,49.31640625
458,4.58,1024,1018,2021,2018,1,0,1,27.3161295674845,27.156074120800017,49.3408203125
459,4.59,1024,1019,2023,2018,1,0,1,27.3161295674845,27.182750028580767,49.3896484375
460,4.6,1024,1018,2022,2018,1,0,1,27.3161295674845,27.156074120800017,49.365234375
461,4.61,1024,1019,2023,2018,1,0,1,27.3161295674845,27.182750028580767,49.3896484375
462,4.62,1024,1020,2022,2018,1,0,1,27.3161295674845,27.209425936361512,49.365234375
463,4.63,1024,1019,2021,2018,1,0,1,27.3161295674845,27.182750028580767,49.3408203125
464,4.64,1024,1020,2022,2018,1,0,1,27.3161295674845,27.209425936361512,49.365234375
465,4.65,1024,1019,2021,2018,1,0,1,27.3161295674845,27.182750028580767,49.3408203125
466,4.66,1024,1020,2022,2018,1,0,1,27.3161295674845,27.209425936361512,49.365234375
467,4.67,1024,1019,2021,2018,1,0,1,27.3161295674845,27.182750028580767,49.3408203125
468,4.68,1024,1020,2022,2018,1,0,1,27.3161295674845,27.209425936361512,49.365234375
469,4.69,1024,1018,2021,2018,1,0,1,27.3161295674845,27.156074120800017,49.3408203125
470,4.7,1024,1020,2023,2018,1,0,1,27.3161295674845,27.209425936361512,49.3896484375
471,4.71,1024,1023,2021,2018,1,0,1,27.3161295674845,27.289453659703753,49.3408203125
472,4.72,1024,1020,2018,2018,1,0,1,27.3161295674845,27.209425936361512,49.267578125
473,4.73,1024,1022,2021,2018,1,0,1,27.3161295674845,27.262777751923004,49.3408203125
474,4.74,1024,1019,2019,2018,1,0,1,27.3161295674845,27.182750028580767,49.2919921875
475,4.75,1024,1020,2022,2018,1,0,1,27.3161295674845,27.209425936361512,49.365234375
476,4.76,1024,1024,2021,2018,1,0,1,27.3161295674845,27.3161295674845,49.3408203125
477,4.77,1024,1019,2018,2018,1,0,1,27.3161295674845,27.182750028580767,49.267578125
478,4.78,1024,1023,2022,2018,1,0,1,27.3161295674845,27.289453659703753,49.365234375
479,4.79,1024,1019,2018,2018,1,0,1,27.3161295674845,27.182750028580767,49.267578125
480,4.8,1024,1020,2022,2018,1,0,1,27.3161295674845,27.209425936361512,49.365234375
481,4.81,1024,1024,2021,2018,1,0,1,27.3161295674845,27.3161295674845,49.3408203125
482,4.82,1024,1019,2018,2018,1,0,1,27.3161295674845,27.182750028580767,49.267578125
483,4.83,1024,1022,2022,2018,1,0,1,27.3161295674845,27.262777751923004,49.365234375
484,4.84,1024,1022,2019,2018,1,0,1,27.3161295674845,27.262777751923004,49.2919921875
485,4.85,1024,1020,2019,2018,1,0,1,27.3161295674845,27.209425936361512,49.2919921875
486,4.86,1024,1021,2021,2018,1,0,1,27.3161295674845,27.236101844142258,49.3408203125
487,4.87,1024,1019,2020,2018,1,0,1,27.3161295674845,27.182750028580767,49.31640625
488,4.88,1024,1020,2022,2018,1,0,1,27.3161295674845,27.209425936361512,49.365234375
489,4.89,1024,1021,2021,2018,1,0,1,27.3161295674845,27.236101844142258,49.3408203125
490,4.9,1024,1020,2020,2018,1,0,1,27.3161295674845,27.209425936361512,49.31640625
491,4.91,1024,1020,2021,2018,1,0,1,27.3161295674845,27.209425936361512,49.3408203125
492,4.92,1024,1020,2021,2018,1,0,1,27.3161295674845,27.209425936361512,49.3408203125
493,4.93,1024,1020,2021,2018,1,0,1,27.3161295674845,27.209425936361512,49.3408203125
494,4.94,1024,1020,2021,2018,1,0,1,27.3161295674845,27.209425936361512,49.3408203125
495,4.95,1024,1021,2021,2018,1,0,1,27.3161295674845,27.236101844142258,49.3408203125
496,4.96,1024,1019,2020,2018,1,0,1,27.3161295674845,27.182750028580767,49.31640625
497,4.97,1024,1020,2022,2018,1,0,1,27.3161295674845,27.209425936361512,49.365234375
498,4.98,1024,1024,2021,2018,1,0,1,27.3161295674845,27.3161295674845,49.3408203125
499,4.99,1024,1020,2018,2018,1,0,1,27.3161295674845,27.209425936361512,49.267578125
500,5.0,1024,1023,2021,2018,1,0,1,27.3161295674845,27.289453659703753,49.3408203125
501,5.01,1024,1019,2018,2018,1,0,1,27.3161295674845,27.182750028580767,49.267578125
502,5.02,1024,1020,2022,2018,1,0,1,27.3161295674845,27.209425936361512,49.365234375
503,5.03,1024,1024,2021,2018,1,0,1,27.3161295674845,27.3161295674845,49.3408203125
504,5.04,1024,1020,2018,2018,1,0,1,27.3161295674845,27.209425936361512,49.267578125
505,5.05,1024,1023,2021,2018,1,0,1,27.3161295674845,27.289453659703753,49.3408203125
506,5.06,1024,1022,2018,2018,1,0,1,27.3161295674845,27.262777751923004,49.267578125
507,5.07,1024,1021,2019,2018,1,0,1,27.3161295674845,27.236101844142258,49.2919921875
508,5.08,1024,1022,2020,2018,1,0,1,27.3161295674845,27.262777751923004,49.31640625
509,5.09,1024,1021,2019,2018,1,0,1,27.3161295674845,27.236101844142258,49.2919921875
510,5.1,1024,1022,2020,2018,1,0,1,27.3161295674845,27.262777751923004,49.31640625
511,5.11,1024,1023,2019,2018,1,0,1,27.3161295674845,27.289453659703753,49.2919921875
512,5.12,1024,1022,2018,2018,1,0,1,27.3161295674845,27.262777751923004,49.267578125
513,5.13,1024,1022,2019,2018,1,0,1,27.3161295674845,27.262777751923004,49.2919921875
514,5.14,1024,1022,2019,2018,1,0,1,27.3161295674845,27.262777751923004,49.2919921875
515,5.15,1024,1023,2019,2018,1,0,1,27.3161295674845,27.289453659703753,49.2919921875
516,5.16,1024,1022,2018,2018,1,0,1,27.3161295674845,27.262777751923004,49.267578125
517,5.17,1024,1023,2019,2018,1,0,1,27.3161295674845,27.289453659703753,49.2919921875
518,5.18,1024,1021,2018,2018,1,0,1,27.3161295674845,27.236101844142258,49.267578125
519,5.19,1024,1022,2020,2018,1,0,1,27.3161295674845,27.262777751923004,49.31640625
520,5.2,1024,1026,2019,2018,1,0,1,27.3161295674845,27.369481383045994,49.2919921875
521,5.21,1024,1023,2015,2017,1,0,1,27.3161295674845,27.289453659703753,49.1943359375
522,5.22,1024,1026,2017,2017,1,0,1,27.3161295674845,27.369481383045994,49.2431640625
523,5.23,1024,1022,2014,2016,1,0,1,27.3161295674845,27.262777751923004,49.169921875
524,5.24,1024,1023,2017,2016,1,0,1,27.3161295674845,27.289453659703753,49.2431640625
525,5.25,1024,1028,2016,2016,1,0,1,27.3161295674845,27.422833198607485,49.21875
526,5.26,1024,1023,2011,2015,1,0,1,27.3161295674845,27.289453659703753,49.0966796875
527,5.27,1024,1027,2015,2015,1,0,1,27.3161295674845,27.39615729082674,49.1943359375
528,5.28,1024,1026,2011,2014,1,0,1,27.3161295674845,27.369481383045994,49.0966796875
529,5.29,1024,1024,2011,2013,1,0,1,27.3161295674845,27.3161295674845,49.0966796875
530,5.3,1024,1025,2013,2013,1,0,1,27.3161295674845,27.342805475265244,49.1455078125
531,5.31,1024,1023,2011,2012,1,0,1,27.3161295674845,27.289453659703753,49.0966796875
532,5.32,1024,1024,2012,2012,1,0,1,27.3161295674845,27.3161295674845,49.12109375
533,5.33,1024,1026,2012,2012,1,0,1,27.3161295674845,27.369481383045994,49.12109375
534,5.34,1024,1025,2009,2011,1,0,1,27.3161295674845,27.342805475265244,49.0478515625
535,5.35,1024,1025,2009,2010,1,0,1,27.3161295674845,27.342805475265244,49.0478515625
536,5.36,1024,1024,2008,2009,1,0,1,27.3161295674845,27.3161295674845,49.0234375
537,5.37,1024,1024,2009,2009,1,0,1,27.3161295674845,27.3161295674845,49.0478515625
538,5.38,1024,1023,2009,2009,1,0,1,27.3161295674845,27.289453659703753,49.0478515625
539,5.39,1024,1023,2009,2009,1,0,1,27.3161295674845,27.289453659703753,49.0478515625
540,5.4,1024,1021,2009,2009,1,0,1,27.3161295674845,27.236101844142258,49.0478515625
541,5.41,1024,1022,2011,2009,1,0,1,27.3161295674845,27.262777751923004,49.0966796875
542,5.42,1024,1025,2010,2009,1,0,1,27.3161295674845,27.342805475265244,49.072265625
543,5.43,1024,1021,2007,2008,1,0,1,27.3161295674845,27.236101844142258,48.9990234375
544,5.44,1024,1023,2010,2008,1,0,1,27.3161295674845,27.289453659703753,49.072265625
545,5.45,1024,1019,2008,2008,1,0,1,27.3161295674845,27.182750028580767,49.0234375
546,5.46,1024,1020,2012,2008,1,0,1,27.3161295674845,27.209425936361512,49.12109375
547,5.47,1024,1023,2011,2008,1,0,1,27.3161295674845,27.289453659703753,49.0966796875
548,5.48,1024,1018,2008,2008,1,0,1,27.3161295674845,27.156074120800017,49.0234375
549,5.49,1024,1021,2013,2008,1,0,1,27.3161295674845,27.236101844142258,49.1455078125
550,5.5,1024,1020,2010,2008,1,0,1,27.3161295674845,27.209425936361512,49.072265625
551,5.51,1024,1019,2011,2008,1,0,1,27.3161295674845,27.182750028580767,49.0966796875
552,5.52,1024,1019,2012,2008,1,0,1,27.3161295674845,27.182750028580767,49.12109375
553,5.53,1024,1017,2012,2008,1,0,1,27.3161295674845,27.12939821301927,49.12109375
554,5.54,1024,1019,2014,2008,1,0,1,27.3161295674845,27.182750028580767,49.169921875
555,5.55,1024,1020,2012,2008,1,0,1,27.3161295674845,27.209425936361512,49.12109375
556,5.56,1024,1019,2011,2008,1,0,1,27.3161295674845,27.182750028580767,49.0966796875
557,5.57,1024,1019,2012,2008,1,0,1,27.3161295674845,27.182750028580767,49.12109375
558,5.58,1024,1018,2012,2008,1,0,1,27.3161295674845,27.156074120800017,49.12109375
559,5.59,1024,1018,2013,2008,1,0,1,27.3161295674845,27.156074120800017,49.1455078125
560,5.6,1024,1020,2013,2008,1,0,1,27.3161295674845,27.209425936361512,49.1455078125
561,5.61,1024,1018,2011,2008,1,0,1,27.3161295674845,27.156074120800017,49.0966796875
562,5.62,1024,1019,2013,2008,1,0,1,27.3161295674845,27.182750028580767,49.1455078125
563,5.63,1024,1018,2012,2008,1,0,1,27.3161295674845,27.156074120800017,49.12109375
564,5.64,1024,1019,2013,2008,1,0,1,27.3161295674845,27.182750028580767,49.1455078125
565,5.65,1024,1018,2012,2008,1,0,1,27.3161295674845,27.156074120800017,49.12109375
566,5.66,1024,1018,2013,2008,1,0,1,27.3161295674845,27.156074120800017,49.1455078125
567,5.67,1024,1016,2013,2008,1,0,1,27.3161295674845,27.102722305238526,49.1455078125
568,5.68,1024,1017,2015,2008,1,0,1,27.3161295674845,27.12939821301927,49.1943359375
569,5.69,1024,1021,2014,2008,1,0,1,27.3161295674845,27.236101844142258,49.169921875
570,5.7,1024,1017,2010,2008,1,0,1,27.3161295674845,27.12939821301927,49.072265625
571,5.71,1024,1020,2014,2008,1,0,1,27.3161295674845,27.209425936361512,49.169921875
572,5.72,1024,1016,2011,2008,1,0,1,27.3161295674845,27.102722305238526,49.0966796875
573,5.73,1024,1017,2015,2008,1,0,1,27.3161295674845,27.12939821301927,49.1943359375
574,5.74,1024,1021,2014,2008,1,0,1,27.3161295674845,27.236101844142258,49.169921875
575,5.75,1024,1017,2010,2008,1,0,1,27.3161295674845,27.12939821301927,49.072265625
576,5.76,1024,1020,2014,2008,1,0,1,27.3161295674845,27.209425936361512,49.169921875
577,5.77,1024,1019,2011,2008,1,0,1,27.3161295674845,27.182750028580767,49.0966796875
578,5.78,1024,1017,2012,2008,1,0,1,27.3161295674845,27.12939821301927,49.12109375
579,5.79,1024,1017,2014,2008,1,0,1,27.3161295674845,27.12939821301927,49.169921875
580,5.8,1024,1016,2014,2008,1,0,1,27.3161295674845,27.102722305238526,49.169921875
581,5.81,1024,1017,2015,2008,1,0,1,27.3161295674845,27.12939821301927,49.1943359375
582,5.82,1024,1018,2014,2008,1,0,1,27.3161295674845,27.156074120800017,49.169921875
583,5.83,1024,1016,2013,2008,1,0,1,27.3161295674845,27.102722305238526,49.1455078125
584,5.84,1024,1016,2015,2008,1,0,1,27.3161295674845,27.102722305238526,49.1943359375
585,5.85,1024,1014,2015,2008,1,0,1,27.3161295674845,27.04937048967703,49.1943359375
586,5.86,1024,1016,2016,2008,1,0,1,27.3161295674845,27.102722305238526,49.21875
587,5.87,1024,1017,2015,2008,1,0,1,27.3161295674845,27.12939821301927,49.1943359375
588,5.88,1024,1015,2014,2008,1,0,1,27.3161295674845,27.07604639745778,49.169921875
589,5.89,1024,1015,2016,2008,1,0,1,27.3161295674845,27.07604639745778,49.21875
590,5.9,1024,1014,2016,2008,1,0,1,27.3161295674845,27.04937048967703,49.21875
591,5.91,1024,1015,2016,2008,1,0,1,27.3161295674845,27.07604639745778,49.21875
592,5.92,1024,1014,2016,2008,1,0,1,27.3161295674845,27.04937048967703,49.21875
593,5.93,1024,1015,2016,2008,1,0,1,27.3161295674845,27.07604639745778,49.21875
594,5.94,1024,1013,2016,2008,1,0,1,27.3161295674845,27.022694581896285,49.21875
595,5.95,1024,1014,2017,2008,1,0,1,27.3161295674845,27.04937048967703,49.2431640625
596,5.96,1024,1018,2016,2008,1,0,1,27.3161295674845,27.156074120800017,49.21875
597,5.97,1024,1014,2013,2008,1,0,1,27.3161295674845,27.04937048967703,49.1455078125
598,5.98,1024,1014,2016,2008,1,0,1,27.3161295674845,27.04937048967703,49.21875
599,5.99,1024,1013,2016,2008,1,0,1,27.3161295674845,27.022694581896285,49.21875
600,6.0,1024,1014,2017,2008,1,0,1,27.3161295674845,27.04937048967703,49.2431640625
601,6.01,1024,1018,2016,2008,1,0,1,27.3161295674845,27.156074120800017,49.21875
602,6.02,1024,1014,2013,2008,1,0,1,27.3161295674845,27.04937048967703,49.1455078125
603,6.03,1024,1017,2016,2008,1,0,1,27.3161295674845,27.12939821301927,49.21875
604,6.04,1024,1013,2014,2008,1,0,1,27.3161295674845,27.022694581896285,49.169921875
605,6.05,1024,1014,2017,2008,1,0,1,27.3161295674845,27.04937048967703,49.2431640625
606,6.06,1024,1017,2016,2008,1,0,1,27.3161295674845,27.12939821301927,49.21875
607,6.07,1024,1013,2014,2008,1,0,1,27.3161295674845,27.022694581896285,49.169921875
608,6.08,1024,1016,2017,2008,1,0,1,27.3161295674845,27.102722305238526,49.2431640625
609,6.09,1024,1016,2015,2008,1,0,1,27.3161295674845,27.102722305238526,49.1943359375
610,6.1,1024,1014,2015,2008,1,0,1,27.3161295674845,27.04937048967703,49.1943359375
611,6.11,1024,1018,2016,2008,1,0,1,27.3161295674845,27.156074120800017,49.21875
612,6.12,1024,1014,2013,2008,1,0,1,27.3161295674845,27.04937048967703,49.1455078125
613,6.13,1024,1017,2016,2008,1,0,1,27.3161295674845,27.12939821301927,49.21875
614,6.14,1024,1017,2014,2008,1,0,1,27.3161295674845,27.12939821301927,49.169921875
615,6.15,1024,1015,2014,2008,1,0,1,27.3161295674845,27.07604639745778,49.169921875
616,6.16,1024,1016,2016,2008,1,0,1,27.3161295674845,27.102722305238526,49.21875
617,6.17,1024,1014,2015,2008,1,0,1,27.3161295674845,27.04937048967703,49.1943359375
618,6.18,1024,1016,2016,2008,1,0,1,27.3161295674845,27.102722305238526,49.21875
619,6.19,1024,1018,2015,2008,1,0,1,27.3161295674845,27.156074120800017,49.1943359375
620,6.2,1024,1016,2013,2008,1,0,1,27.3161295674845,27.102722305238526,49.1455078125
621,6.21,1024,1017,2015,2008,1,0,1,27.3161295674845,27.12939821301927,49.1943359375
622,6.22,1024,1016,2014,2008,1,0,1,27.3161295674845,27.102722305238526,49.169921875
623,6.23,1024,1017,2015,2008,1,0,1,27.3161295674845,27.12939821301927,49.1943359375
624,6.24,1024,1017,2014,2008,1,0,1,27.3161295674845,27.12939821301927,49.169921875
625,6.25,1024,1018,2014,2008,1,0,1,27.3161295674845,27.156074120800017,49.169921875
626,6.26,1024,1016,2013,2008,1,0,1,27.3161295674845,27.102722305238526,49.1455078125
627,6.27,1024,1017,2015,2008,1,0,1,27.3161295674845,27.12939821301927,49.1943359375
628,6.28,1024,1021,2014,2008,1,0,1,27.3161295674845,27.236101844142258,49.169921875
629,6.29,1024,1018,2010,2008,1,0,1,27.3161295674845,27.156074120800017,49.072265625
630,6.3,1024,1018,2013,2008,1,0,1,27.3161295674845,27.156074120800017,49.1455078125
631,6.31,1024,1017,2013,2008,1,0,1,27.3161295674845,27.12939821301927,49.1455078125
632,6.32,1024,1018,2014,2008,1,0,1,27.3161295674845,27.156074120800017,49.169921875
633,6.33,1024,1022,2013,2008,1,0,1,27.3161295674845,27.262777751923004,49.1455078125
634,6.34,1024,1018,2009,2008,1,0,1,27.3161295674845,27.156074120800017,49.0478515625
635,6.35,1024,1021,2013,2008,1,0,1,27.3161295674845,27.236101844142258,49.1455078125
636,6.36,1024,1017,2010,2008,1,0,1,27.3161295674845,27.12939821301927,49.072265625
637,6.37,1024,1018,2014,2008,1,0,1,27.3161295674845,27.156074120800017,49.169921875
638,6.38,1024,1022,2013,2008,1,0,1,27.3161295674845,27.262777751923004,49.1455078125
639,6.39,1024,1018,2009,2008,1,0,1,27.3161295674845,27.156074120800017,49.0478515625
640,6.4,1024,1021,2013,2008,1,0,1,27.3161295674845,27.236101844142258,49.1455078125
641,6.41,1024,1021,2010,2008,1,0,1,27.3161295674845,27.236101844142258,49.072265625
642,6.42,1024,1019,2010,2008,1,0,1,27.3161295674845,27.182750028580767,49.072265625
643,6.43,1024,1020,2012,2008,1,0,1,27.3161295674845,27.209425936361512,49.12109375
644,6.44,1024,1018,2011,2008,1,0,1,27.3161295674845,27.156074120800017,49.0966796875
645,6.45,1024,1020,2013,2008,1,0,1,27.3161295674845,27.209425936361512,49.1455078125
646,6.46,1024,1021,2011,2008,1,0,1,27.3161295674845,27.236101844142258,49.0966796875
647,6.47,1024,1020,2010,2008,1,0,1,27.3161295674845,27.209425936361512,49.072265625
648,6.48,1024,1020,2011,2008,1,0,1,27.3161295674845,27.209425936361512,49.0966796875
649,6.49,1024,1019,2011,2008,1,0,1,27.3161295674845,27.182750028580767,49.0966796875
650,6.5,1024,1020,2012,2008,1,0,1,27.3161295674845,27.209425936361512,49.12109375
651,6.51,1024,1020,2011,2008,1,0,1,27.3161295674845,27.209425936361512,49.0966796875
652,6.52,1024,1020,2011,2008,1,0,1,27.3161295674845,27.209425936361512,49.0966796875
653,6.53,1024,1018,2011,2008,1,0,1,27.3161295674845,27.156074120800017,49.0966796875
654,6.54,1024,1019,2013,2008,1,0,1,27.3161295674845,27.182750028580767,49.1455078125
655,6.55,1024,1023,2012,2008,1,0,1,27.3161295674845,27.289453659703753,49.12109375
656,6.56,1024,1020,2008,2008,1,0,1,27.3161295674845,27.209425936361512,49.0234375
657,6.57,1024,1022,2011,2008,1,0,1,27.3161295674845,27.262777751923004,49.0966796875
658,6.58,1024,1018,2009,2008,1,0,1,27.3161295674845,27.156074120800017,49.0478515625
659,6.59,1024,1019,2013,2008,1,0,1,27.3161295674845,27.182750028580767,49.1455078125
660,6.6,1024,1023,2012,2008,1,0,1,27.3161295674845,27.289453659703753,49.12109375
661,6.61,1024,1018,2008,2008,1,0,1,27.3161295674845,27.156074120800017,49.0234375
662,6.62,1024,1022,2013,2008,1,0,1,27.3161295674845,27.262777751923004,49.1455078125
663,6.63,1024,1018,2009,2008,1,0,1,27.3161295674845,27.156074120800017,49.0478515625
664,6.64,1024,1019,2013,2008,1,0,1,27.3161295674845,27.182750028580767,49.1455078125
665,6.65,1024,1023,2012,2008,1,0,1,27.3161295674845,27.289453659703753,49.12109375
666,6.66,1024,1018,2008,2008,1,0,1,27.3161295674845,27.156074120800017,49.0234375
667,6.67,1024,1021,2013,2008,1,0,1,27.3161295674845,27.236101844142258,49.1455078125
668,6.68,1024,1020,2010,2008,1,0,1,27.3161295674845,27.209425936361512,49.072265625
669,6.69,1024,1018,2011,2008,1,0,1,27.3161295674845,27.156074120800017,49.0966796875
670,6.7,1024,1019,2013,2008,1,0,1,27.3161295674845,27.182750028580767,49.1455078125
671,6.71,1024,1017,2012,2008,1,0,1,27.3161295674845,27.12939821301927,49.12109375
672,6.72,1024,1018,2014,2008,1,0,1,27.3161295674845,27.156074120800017,49.169921875
673,6.73,1024,1019,2013,2008,1,0,1,27.3161295674845,27.182750028580767,49.1455078125
674,6.74,1024,1019,2012,2008,1,0,1,27.3161295674845,27.182750028580767,49.12109375
675,6.75,1024,1019,2012,2008,1,0,1,27.3161295674845,27.182750028580767,49.12109375
676,6.76,1024,1018,2012,2008,1,0,1,27.3161295674845,27.156074120800017,49.12109375
677,6.77,1024,1018,2013,2008,1,0,1,27.3161295674845,27.156074120800017,49.1455078125
678,6.78,1024,1017,2013,2008,1,0,1,27.3161295674845,27.12939821301927,49.1455078125
679,6.79,1024,1018,2014,2008,1,0,1,27.3161295674845,27.156074120800017,49.169921875
680,6.8,1024,1017,2013,2008,1,0,1,27.3161295674845,27.12939821301927,49.1455078125
681,6.81,1024,1018,2014,2008,1,0,1,27.3161295674845,27.156074120800017,49.169921875
682,6.82,1024,1022,2013,2008,1,0,1,27.3161295674845,27.262777751923004,49.1455078125
683,6.83,1024,1018,2009,2008,1,0,1,27.3161295674845,27.156074120800017,49.0478515625
684,6.84,1024,1020,2013,2008,1,0,1,27.3161295674845,27.209425936361512,49.1455078125
685,6.85,1024,1016,2011,2008,1,0,1,27.3161295674845,27.102722305238526,49.0966796875
686,6.86,1024,1017,2015,2008,1,0,1,27.3161295674845,27.12939821301927,49.1943359375
687,6.87,1024,1021,2014,2008,1,0,1,27.3161295674845,27.236101844142258,49.169921875
688,6.88,1024,1016,2010,2008,1,0,1,27.3161295674845,27.102722305238526,49.072265625
689,6.89,1024,1019,2015,2008,1,0,1,27.3161295674845,27.182750028580767,49.1943359375
690,6.9,1024,1015,2012,2008,1,0,1,27.3161295674845,27.07604639745778,49.12109375
691,6.91,1024,1017,2016,2008,1,0,1,27.3161295674845,27.12939821301927,49.21875
692,6.92,1024,1020,2014,2008,1,0,1,27.3161295674845,27.209425936361512,49.169921875
693,6.93,1024,1016,2011,2008,1,0,1,27.3161295674845,27.102722305238526,49.0966796875
694,6.94,1024,1020,2015,2008,1,0,1,27.3161295674845,27.209425936361512,49.1943359375
695,6.95,1024,1019,2011,2008,1,0,1,27.3161295674845,27.182750028580767,49.0966796875
696,6.96,1024,1016,2012,2008,1,0,1,27.3161295674845,27.102722305238526,49.12109375
697,6.97,1024,1017,2015,2008,1,0,1,27.3161295674845,27.12939821301927,49.1943359375
698,6.98,1024,1015,2014,2008,1,0,1,27.3161295674845,27.07604639745778,49.169921875
699,6.99,1024,1017,2016,2008,1,0,1,27.3161295674845,27.12939821301927,49.21875
700,7.0,1024,1018,2014,2008,1,0,1,27.3161295674845,27.156074120800017,49.169921875
701,7.01,1024,1016,2013,2008,1,0,1,27.3161295674845,27.102722305238526,49.1455078125
702,7.02,1024,1017,2015,2008,1,0,1,27.3161295674845,27.12939821301927,49.1943359375
703,7.03,1024,1016,2014,2008,1,0,1,27.3161295674845,27.102722305238526,49.169921875
704,7.04,1024,1016,2015,2008,1,0,1,27.3161295674845,27.102722305238526,49.1943359375
705,7.05,1024,1016,2015,2008,1,0,1,27.3161295674845,27.102722305238526,49.1943359375
706,7.06,1024,1016,2015,2008,1,0,1,27.3161295674845,27.102722305238526,49.1943359375
707,7.07,1024,1014,2015,2008,1,0,1,27.3161295674845,27.04937048967703,49.1943359375
708,7.08,1024,1015,2016,2008,1,0,1,27.3161295674845,27.07604639745778,49.21875
709,7.09,1024,1016,2016,2008,1,0,1,27.3161295674845,27.102722305238526,49.21875
710,7.1,1024,1016,2015,2008,1,0,1,27.3161295674845,27.102722305238526,49.1943359375
711,7.11,1024,1017,2015,2008,1,0,1,27.3161295674845,27.12939821301927,49.1943359375
712,7.12,1024,1015,2014,2008,1,0,1,27.3161295674845,27.07604639745778,49.169921875
713,7.13,1024,1016,2016,2008,1,0,1,27.3161295674845,27.102722305238526,49.21875
714,7.14,1024,1019,2015,2008,1,0,1,27.3161295674845,27.182750028580767,49.1943359375
715,7.15,1024,1016,2012,2008,1,0,1,27.3161295674845,27.102722305238526,49.12109375
716,7.16,1024,1019,2015,2008,1,0,1,27.3161295674845,27.182750028580767,49.1943359375
717,7.17,1024,1015,2012,2008,1,0,1,27.3161295674845,27.07604639745778,49.12109375
718,7.18,1024,1016,2016,2008,1,0,1,27.3161295674845,27.102722305238526,49.21875
719,7.19,1024,1020,2015,2008,1,0,1,27.3161295674845,27.209425936361512,49.1943359375
720,7.2,1024,1015,2011,2008,1,0,1,27.3161295674845,27.07604639745778,49.0966796875
721,7.21,1024,1019,2016,2008,1,0,1,27.3161295674845,27.182750028580767,49.21875
722,7.22,1024,1018,2012,2008,1,0,1,27.3161295674845,27.156074120800017,49.12109375
723,7.23,1024,1017,2013,2008,1,0,1,27.3161295674845,27.12939821301927,49.1455078125
724,7.24,1024,1018,2014,2008,1,0,1,27.3161295674845,27.156074120800017,49.169921875
725,7.25,1024,1016,2013,2008,1,0,1,27.3161295674845,27.102722305238526,49.1455078125
726,7.26,1024,1019,2015,2008,1,0,1,27.3161295674845,27.182750028580767,49.1943359375
727,7.27,1024,1018,2012,2008,1,0,1,27.3161295674845,27.156074120800017,49.12109375
728,7.28,1024,1017,2013,2008,1,0,1,27.3161295674845,27.12939821301927,49.1455078125
729,7.29,1024,1018,2014,2008,1,0,1,27.3161295674845,27.156074120800017,49.169921875
730,7.3,1024,1016,2013,2008,1,0,1,27.3161295674845,27.102722305238526,49.1455078125
731,7.31,1024,1018,2015,2008,1,0,1,27.3161295674845,27.156074120800017,49.1943359375
732,7.32,1024,1019,2013,2008,1,0,1,27.3161295674845,27.182750028580767,49.1455078125
733,7.33,1024,1019,2012,2008,1,0,1,27.3161295674845,27.182750028580767,49.12109375
734,7.34,1024,1019,2012,2008,1,0,1,27.3161295674845,27.182750028580767,49.12109375
735,7.35,1024,1019,2012,2008,1,0,1,27.3161295674845,27.182750028580767,49.12109375
736,7.36,1024,1019,2012,2008,1,0,1,27.3161295674845,27.182750028580767,49.12109375
737,7.37,1024,1019,2012,2008,1,0,1,27.3161295674845,27.182750028580767,49.12109375
738,7.38,1024,1020,2012,2008,1,0,1,27.3161295674845,27.209425936361512,49.12109375
739,7.39,1024,1018,2011,2008,1,0,1,27.3161295674845,27.156074120800017,49.0966796875
740,7.4,1024,1019,2013,2008,1,0,1,27.3161295674845,27.182750028580767,49.1455078125
741,7.41,1024,1023,2012,2008,1,0,1,27.3161295674845,27.289453659703753,49.12109375
742,7.42,1024,1020,2008,2008,1,0,1,27.3161295674845,27.209425936361512,49.0234375
743,7.43,1024,1023,2011,2008,1,0,1,27.3161295674845,27.289453659703753,49.0966796875
744,7.44,1024,1019,2008,2008,1,0,1,27.3161295674845,27.182750028580767,49.0234375
745,7.45,1024,1020,2012,2008,1,0,1,27.3161295674845,27.209425936361512,49.12109375
746,7.46,1024,1024,2011,2008,1,0,1,27.3161295674845,27.3161295674845,49.0966796875
747,7.47,1024,1020,2008,2008,1,0,1,27.3161295674845,27.209425936361512,49.0234375
748,7.48,1024,1023,2011,2008,1,0,1,27.3161295674845,27.289453659703753,49.0966796875
749,7.49,1024,1022,2008,2008,1,0,1,27.3161295674845,27.262777751923004,49.0234375
750,7.5,1024,1020,2009,2008,1,0,1,27.3161295674845,27.209425936361512,49.0478515625
751,7.51,1024,1021,2011,2008,1,0,1,27.3161295674845,27.236101844142258,49.0966796875
752,7.52,1024,1019,2010,2008,1,0,1,27.3161295674845,27.182750028580767,49.072265625
753,7.53,1024,1021,2012,2008,1,0,1,27.3161295674845,27.236101844142258,49.12109375
754,7.54,1024,1022,2010,2008,1,0,1,27.3161295674845,27.262777751923004,49.072265625
755,7.55,1024,1021,2009,2008,1,0,1,27.3161295674845,27.236101844142258,49.0478515625
756,7.56,1024,1021,2010,2008,1,0,1,27.3161295674845,27.236101844142258,49.072265625
757,7.57,1024,1020,2010,2008,1,0,1,27.3161295674845,27.209425936361512,49.072265625
758,7.58,1024,1020,2011,2008,1,0,1,27.3161295674845,27.209425936361512,49.0966796875
759,7.59,1024,1019,2011,2008,1,0,1,27.3161295674845,27.182750028580767,49.0966796875
760,7.6,1024,1020,2012,2008,1,0,1,27.3161295674845,27.209425936361512,49.12109375
761,7.61,1024,1018,2011,2008,1,0,1,27.3161295674845,27.156074120800017,49.0966796875
762,7.62,1024,1019,2013,2008,1,0,1,27.3161295674845,27.182750028580767,49.1455078125
763,7.63,1024,1023,2012,2008,1,0,1,27.3161295674845,27.289453659703753,49.12109375
764,7.64,1024,1019,2008,2008,1,0,1,27.3161295674845,27.182750028580767,49.0234375
765,7.65,1024,1020,2012,2008,1,0,1,27.3161295674845,27.209425936361512,49.12109375
766,7.66,1024,1018,2011,2008,1,0,1,27.3161295674845,27.156074120800017,49.0966796875
767,7.67,1024,1019,2013,2008,1,0,1,27.3161295674845,27.182750028580767,49.1455078125
768,7.68,1024,1022,2012,2008,1,0,1,27.3161295674845,27.262777751923004,49.12109375
769,7.69,1024,1018,2009,2008,1,0,1,27.3161295674845,27.156074120800017,49.0478515625
770,7.7,1024,1021,2013,2008,1,0,1,27.3161295674845,27.236101844142258,49.1455078125
771,7.71,1024,1017,2010,2008,1,0,1,27.3161295674845,27.12939821301927,49.072265625
772,7.72,1024,1018,2014,2008,1,0,1,27.3161295674845,27.156074120800017,49.169921875
773,7.73,1024,1021,2013,2008,1,0,1,27.3161295674845,27.236101844142258,49.1455078125
774,7.74,1024,1016,2010,2008,1,0,1,27.3161295674845,27.102722305238526,49.072265625
775,7.75,1024,1019,2015,2008,1,0,1,27.3161295674845,27.182750028580767,49.1943359375
776,7.76,1024,1018,2012,2008,1,0,1,27.3161295674845,27.156074120800017,49.12109375
777,7.77,1024,1017,2013,2008,1,0,1,27.3161295674845,27.12939821301927,49.1455078125
778,7.78,1024,1017,2014,2008,1,0,1,27.3161295674845,27.12939821301927,49.169921875
779,7.79,1024,1015,2014,2008,1,0,1,27.3161295674845,27.07604639745778,49.169921875
780,7.8,1024,1017,2016,2008,1,0,1,27.3161295674845,27.12939821301927,49.21875
781,7.81,1024,1018,2014,2008,1,0,1,27.3161295674845,27.156074120800017,49.169921875
782,7.82,1024,1017,2013,2008,1,0,1,27.3161295674845,27.12939821301927,49.1455078125
783,7.83,1024,1017,2014,2008,1,0,1,27.3161295674845,27.12939821301927,49.169921875
784,7.84,1024,1016,2014,2008,1,0,1,27.3161295674845,27.102722305238526,49.169921875
785,7.85,1024,1016,2015,2008,1,0,1,27.3161295674845,27.102722305238526,49.1943359375
786,7.86,1024,1017,2015,2008,1,0,1,27.3161295674845,27.12939821301927,49.1943359375
787,7.87,1024,1016,2014,2008,1,0,1,27.3161295674845,27.102722305238526,49.169921875
788,7.88,1024,1016,2015,2008,1,0,1,27.3161295674845,27.102722305238526,49.1943359375
789,7.89,1024,1015,2015,2008,1,0,1,27.3161295674845,27.07604639745778,49.1943359375
790,7.9,1024,1016,2016,2008,1,0,1,27.3161295674845,27.102722305238526,49.21875
791,7.91,1024,1016,2015,2008,1,0,1,27.3161295674845,27.102722305238526,49.1943359375
792,7.92,1024,1016,2015,2008,1,0,1,27.3161295674845,27.102722305238526,49.1943359375
793,7.93,1024,1014,2015,2008,1,0,1,27.3161295674845,27.04937048967703,49.1943359375
794,7.94,1024,1015,2016,2008,1,0,1,27.3161295674845,27.07604639745778,49.21875
795,7.95,1024,1019,2016,2008,1,0,1,27.3161295674845,27.182750028580767,49.21875
796,7.96,1536,1016,2504,2039,1,0,1,40.97419435122675,27.102722305238526,61.1328125
797,7.97,1536,1026,2537,2070,1,0,1,40.97419435122675,27.369481383045994,61.9384765625
798,7.98,1536,1036,2558,2100,1,0,1,40.97419435122675,27.636240460853458,62.451171875
799,7.99,1536,1058,2578,2129,1,0,1,40.97419435122675,28.223110432029884,62.939453125
800,8.0,1536,1080,2587,2157,1,0,1,40.97419435122675,28.809980403206307,63.1591796875
801,8.01,1536,1100,2594,2184,1,0,1,40.97419435122675,29.34349855882124,63.330078125
802,8.02,1536,1125,2602,2210,1,0,1,40.97419435122675,30.010396253339902,63.525390625
803,8.03,1536,1140,2603,2234,1,0,1,40.97419435122675,30.4105348700511,63.5498046875
804,8.04,1536,1160,2613,2257,1,0,1,40.97419435122675,30.944053025666033,63.7939453125
805,8.05,1536,1178,2617,2279,1,0,1,40.97419435122675,31.424219365719473,63.8916015625
806,8.06,1536,1197,2622,2300,1,0,1,40.97419435122675,31.931061613553656,64.013671875
807,8.07,1536,1213,2625,2320,1,0,1,40.97419435122675,32.357876138045604,64.0869140625
808,8.08,1536,1231,2629,2339,1,0,1,40.97419435122675,32.83804247809904,64.1845703125
809,8.09,1536,1246,2631,2357,1,0,1,40.97419435122675,33.23818109481024,64.2333984375
810,8.1,1536,1263,2634,2374,1,0,1,40.97419435122675,33.69167152708293,64.306640625
811,8.11,1536,1277,2635,2390,1,0,1,40.97419435122675,34.065134236013385,64.3310546875
812,8.12,1536,1293,2638,2405,1,0,1,40.97419435122675,34.49194876050533,64.404296875
813,8.13,1536,1306,2637,2419,1,0,1,40.97419435122675,34.838735561655035,64.3798828125
814,8.14,1536,1321,2638,2432,1,0,1,40.97419435122675,35.23887417836623,64.404296875
815,8.15,1536,1332,2637,2444,1,0,1,40.97419435122675,35.532309163954444,64.3798828125
816,8.16,1536,1352,2639,2456,1,0,1,40.97419435122675,36.06582731956938,64.4287109375
817,8.17,1536,1359,2632,2467,1,0,1,40.97419435122675,36.2525586740346,64.2578125
818,8.18,1536,1372,2636,2477,1,0,1,40.97419435122675,36.59934547518431,64.35546875
819,8.19,1536,1382,2633,2486,1,0,1,40.97419435122675,36.86610455299177,64.2822265625
820,8.2,1536,1391,2633,2495,1,0,1,40.97419435122675,37.10618772301849,64.2822265625
821,8.21,1536,1404,2633,2503,1,0,1,40.97419435122675,37.4529745241682,64.2822265625
822,8.22,1536,1417,2628,2510,1,0,1,40.97419435122675,37.7997613253179,64.16015625
823,8.23,1536,1427,2624,2517,1,0,1,40.97419435122675,38.066520403125374,64.0625
824,8.24,1536,1434,2621,2523,1,0,1,40.97419435122675,38.2532517575906,63.9892578125
825,8.25,1536,1449,2620,2529,1,0,1,40.97419435122675,38.65339037430179,63.96484375
826,8.26,1536,1454,2612,2534,1,0,1,40.97419435122675,38.786769913205525,63.76953125
827,8.27,1536,1460,2611,2538,1,0,1,40.97419435122675,38.946825359890006,63.7451171875
828,8.28,1536,1474,2610,2542,1,0,1,40.97419435122675,39.32028806882046,63.720703125
829,8.29,1536,1477,2600,2545,1,0,1,40.97419435122675,39.4003157921627,63.4765625
830,8.3,1536,1489,2601,2548,1,0,1,40.97419435122675,39.720426685531656,63.5009765625
831,8.31,1536,1490,2592,2550,1,0,1,40.97419435122675,39.747102593312405,63.28125
832,8.32,1536,1494,2593,2552,1,0,1,40.97419435122675,39.85380622443539,63.3056640625
833,8.33,1536,1502,2591,2554,1,0,1,40.97419435122675,40.06721348668136,63.2568359375
834,8.34,1536,1508,2586,2556,1,0,1,40.97419435122675,40.22726893336584,63.134765625
835,8.35,1536,1519,2582,2557,1,0,1,40.97419435122675,40.520703918954055,63.037109375
836,8.36,1536,1518,2573,2558,1,0,1,40.97419435122675,40.494028011173306,62.8173828125
837,8.37,1536,1522,2575,2559,1,0,1,40.97419435122675,40.600731642296296,62.8662109375
838,8.38,1536,1531,2571,2559,1,0,1,40.97419435122675,40.84081481232302,62.7685546875
839,8.39,1536,1531,2563,2559,1,0,1,40.97419435122675,40.84081481232302,62.5732421875
840,8.4,1536,1542,2563,2559,1,0,1,40.97419435122675,41.13424979791123,62.5732421875
841,8.41,1536,1540,2552,2558,1,0,1,40.97419435122675,41.08089798234973,62.3046875
842,8.42,1536,1546,2553,2557,1,0,1,40.97419435122675,41.240953429034214,62.3291015625
843,8.43,1536,1548,2547,2556,1,0,1,40.97419435122675,41.294305244595705,62.1826171875
844,8.44,1536,1549,2544,2555,1,0,1,40.97419435122675,41.320981152376454,62.109375
845,8.45,1536,1554,2542,2554,1,0,1,40.97419435122675,41.454360691280186,62.060546875
846,8.46,1536,1557,2535,2552,1,0,1,40.97419435122675,41.53438841462243,61.8896484375
847,8.47,1536,1559,2531,2550,1,0,1,40.97419435122675,41.58774023018392,61.7919921875
848,8.48,1536,1567,2527,2548,1,0,1,40.97419435122675,41.80114749242989,61.6943359375
849,8.49,1536,1563,2518,2546,1,0,1,40.97419435122675,41.69444386130691,61.474609375
850,8.5,1536,1568,2519,2544,1,0,1,40.97419435122675,41.82782340021064,61.4990234375
851,8.51,1536,1567,2513,2542,1,0,1,40.97419435122675,41.80114749242989,61.3525390625
852,8.52,1536,1566,2512,2540,1,0,1,40.97419435122675,41.77447158464915,61.328125
853,8.53,1536,1569,2511,2538,1,0,1,40.97419435122675,41.85449930799138,61.3037109375
854,8.54,1536,1570,2506,2536,1,0,1,40.97419435122675,41.88117521577213,61.181640625
855,8.55,1536,1570,2502,2533,1,0,1,40.97419435122675,41.88117521577213,61.083984375
856,8.56,1536,1577,2499,2530,1,0,1,40.97419435122675,42.067906570237355,61.0107421875
857,8.57,1536,1571,2490,2527,1,0,1,40.97419435122675,41.90785112355288,60.791015625
858,8.58,1536,1575,2492,2524,1,0,1,40.97419435122675,42.01455475467586,60.83984375
859,8.59,1536,1573,2485,2521,1,0,1,40.97419435122675,41.96120293911437,60.6689453125
860,8.6,1536,1572,2484,2518,1,0,1,40.97419435122675,41.93452703133362,60.64453125
861,8.61,1536,1569,2482,2515,1,0,1,40.97419435122675,41.85449930799138,60.595703125
862,8.62,1536,1574,2483,2513,1,0,1,40.97419435122675,41.98787884689512,60.6201171875
863,8.63,1536,1571,2475,2510,1,0,1,40.97419435122675,41.90785112355288,60.4248046875
864,8.64,1536,1575,2475,2507,1,0,1,40.97419435122675,42.01455475467586,60.4248046875
865,8.65,1536,1569,2468,2504,1,0,1,40.97419435122675,41.85449930799138,60.25390625
866,8.66,1536,1571,2472,2502,1,0,1,40.97419435122675,41.90785112355288,60.3515625
867,8.67,1536,1569,2467,2499,1,0,1,40.97419435122675,41.85449930799138,60.2294921875
868,8.68,1536,1567,2467,2497,1,0,1,40.97419435122675,41.80114749242989,60.2294921875
869,8.69,1536,1565,2467,2495,1,0,1,40.97419435122675,41.7477956768684,60.2294921875
870,8.7,1536,1569,2466,2493,1,0,1,40.97419435122675,41.85449930799138,60.205078125
871,8.71,1536,1563,2461,2491,1,0,1,40.97419435122675,41.69444386130691,60.0830078125
872,8.72,1536,1569,2464,2489,1,0,1,40.97419435122675,41.85449930799138,60.15625
873,8.73,1536,1563,2457,2487,1,0,1,40.97419435122675,41.69444386130691,59.9853515625
874,8.74,1536,1565,2460,2485,1,0,1,40.97419435122675,41.7477956768684,60.05859375
875,8.75,1536,1562,2456,2483,1,0,1,40.97419435122675,41.66776795352616,59.9609375
876,8.76,1536,1561,2457,2481,1,0,1,40.97419435122675,41.64109204574541,59.9853515625
877,8.77,1536,1558,2456,2479,1,0,1,40.97419435122675,41.561064322403176,59.9609375
878,8.78,1536,1562,2457,2477,1,0,1,40.97419435122675,41.66776795352616,59.9853515625
879,8.79,1536,1559,2451,2475,1,0,1,40.97419435122675,41.58774023018392,59.8388671875
880,8.8,1536,1562,2452,2473,1,0,1,40.97419435122675,41.66776795352616,59.86328125
881,8.81,1536,1556,2447,2471,1,0,1,40.97419435122675,41.50771250684168,59.7412109375
882,8.82,1536,1558,2451,2469,1,0,1,40.97419435122675,41.561064322403176,59.8388671875
883,8.83,1536,1555,2447,2467,1,0,1,40.97419435122675,41.481036599060936,59.7412109375
884,8.84,1536,1554,2447,2465,1,0,1,40.97419435122675,41.454360691280186,59.7412109375
885,8.85,1536,1550,2446,2463,1,0,1,40.97419435122675,41.3476570601572,59.716796875
886,8.86,1536,1552,2449,2462,1,0,1,40.97419435122675,41.401008875718695,59.7900390625
887,8.87,1536,1551,2446,2461,1,0,1,40.97419435122675,41.374332967937946,59.716796875
888,8.88,1536,1555,2446,2460,1,0,1,40.97419435122675,41.481036599060936,59.716796875
889,8.89,1536,1548,2440,2458,1,0,1,40.97419435122675,41.294305244595705,59.5703125
890,8.9,1536,1551,2446,2457,1,0,1,40.97419435122675,41.374332967937946,59.716796875
891,8.91,1536,1551,2442,2456,1,0,1,40.97419435122675,41.374332967937946,59.619140625
892,8.92,1536,1545,2441,2455,1,0,1,40.97419435122675,41.214277521253464,59.5947265625
893,8.93,1536,1547,2445,2454,1,0,1,40.97419435122675,41.26762933681496,59.6923828125
894,8.94,1536,1546,2443,2453,1,0,1,40.97419435122675,41.240953429034214,59.6435546875
895,8.95,1536,1545,2443,2452,1,0,1,40.97419435122675,41.214277521253464,59.6435546875
896,8.96,1536,1546,2442,2451,1,0,1,40.97419435122675,41.240953429034214,59.619140625
897,8.97,1536,1544,2441,2450,1,0,1,40.97419435122675,41.18760161347272,59.5947265625
898,8.98,1536,1541,2441,2449,1,0,1,40.97419435122675,41.10757389013048,59.5947265625
899,8.99,1536,1546,2443,2448,1,0,1,40.97419435122675,41.240953429034214,59.6435546875
900,9.0,1536,1541,2438,2447,1,0,1,40.97419435122675,41.10757389013048,59.521484375
901,9.01,1536,1547,2441,2446,1,0,1,40.97419435122675,41.26762933681496,59.5947265625
902,9.02,1536,1541,2435,2445,1,0,1,40.97419435122675,41.10757389013048,59.4482421875
903,9.03,1536,1545,2439,2444,1,0,1,40.97419435122675,41.214277521253464,59.5458984375
904,9.04,1536,1542,2434,2443,1,0,1,40.97419435122675,41.13424979791123,59.423828125
905,9.05,1536,1538,2436,2442,1,0,1,40.97419435122675,41.02754616678824,59.47265625
906,9.06,1536,1541,2439,2441,1,0,1,40.97419435122675,41.10757389013048,59.5458984375
907,9.07,1536,1539,2435,2440,1,0,1,40.97419435122675,41.05422207456899,59.4482421875
908,9.08,1536,1538,2436,2439,1,0,1,40.97419435122675,41.02754616678824,59.47265625
909,9.09,1536,1542,2436,2438,1,0,1,40.97419435122675,41.13424979791123,59.47265625
910,9.1,1536,1537,2431,2437,1,0,1,40.97419435122675,41.00087025900749,59.3505859375
911,9.11,1536,1535,2435,2436,1,0,1,40.97419435122675,40.947518443446,59.4482421875
912,9.12,1536,1540,2436,2436,1,0,1,40.97419435122675,41.08089798234973,59.47265625
913,9.13,1536,1534,2431,2435,1,0,1,40.97419435122675,40.92084253566525,59.3505859375
914,9.14,1536,1541,2436,2435,1,0,1,40.97419435122675,41.10757389013048,59.47265625
915,9.15,1536,1535,2429,2434,1,0,1,40.97419435122675,40.947518443446,59.3017578125
916,9.16,1536,1538,2434,2434,1,0,1,40.97419435122675,41.02754616678824,59.423828125
917,9.17,1536,1536,2431,2433,1,0,1,40.97419435122675,40.97419435122675,59.3505859375
918,9.18,1536,1533,2433,2433,1,0,1,40.97419435122675,40.89416662788451,59.3994140625
919,9.19,1536,1536,2435,2433,1,0,1,40.97419435122675,40.97419435122675,59.4482421875
920,9.2,1536,1534,2433,2433,1,0,1,40.97419435122675,40.92084253566525,59.3994140625
921,9.21,1536,1534,2434,2433,1,0,1,40.97419435122675,40.92084253566525,59.423828125
922,9.22,1536,1534,2434,2433,1,0,1,40.97419435122675,40.92084253566525,59.423828125
923,9.23,1536,1533,2434,2433,1,0,1,40.97419435122675,40.89416662788451,59.423828125
924,9.24,1536,1531,2435,2433,1,0,1,40.97419435122675,40.84081481232302,59.4482421875
925,9.25,1536,1535,2437,2433,1,0,1,40.97419435122675,40.947518443446,59.4970703125
926,9.26,1536,1532,2433,2433,1,0,1,40.97419435122675,40.86749072010376,59.3994140625
927,9.27,1536,1537,2436,2433,1,0,1,40.97419435122675,41.00087025900749,59.47265625
928,9.28,1536,1531,2431,2432,1,0,1,40.97419435122675,40.84081481232302,59.3505859375
929,9.29,1536,1530,2436,2432,1,0,1,40.97419435122675,40.81413890454227,59.47265625
930,9.3,1536,1534,2437,2432,1,0,1,40.97419435122675,40.92084253566525,59.4970703125
931,9.31,1536,1529,2433,2432,1,0,1,40.97419435122675,40.78746299676152,59.3994140625
932,9.32,1536,1531,2438,2432,1,0,1,40.97419435122675,40.84081481232302,59.521484375
933,9.33,1536,1530,2436,2432,1,0,1,40.97419435122675,40.81413890454227,59.47265625
934,9.34,1536,1533,2437,2432,1,0,1,40.97419435122675,40.89416662788451,59.4970703125
935,9.35,1536,1531,2434,2432,1,0,1,40.97419435122675,40.84081481232302,59.423828125
936,9.36,1536,1530,2436,2432,1,0,1,40.97419435122675,40.81413890454227,59.47265625
937,9.37,1536,1530,2437,2432,1,0,1,40.97419435122675,40.81413890454227,59.4970703125
938,9.38,1536,1530,2437,2432,1,0,1,40.97419435122675,40.81413890454227,59.4970703125
939,9.39,1536,1529,2437,2432,1,0,1,40.97419435122675,40.78746299676152,59.4970703125
940,9.4,1536,1529,2438,2432,1,0,1,40.97419435122675,40.78746299676152,59.521484375
941,9.41,1536,1528,2438,2432,1,0,1,40.97419435122675,40.76078708898078,59.521484375
942,9.42,1536,1526,2439,2432,1,0,1,40.97419435122675,40.70743527341928,59.5458984375
943,9.43,1536,1531,2440,2432,1,0,1,40.97419435122675,40.84081481232302,59.5703125
944,9.44,1536,1528,2436,2432,1,0,1,40.97419435122675,40.76078708898078,59.47265625
945,9.45,1536,1532,2439,2432,1,0,1,40.97419435122675,40.86749072010376,59.5458984375
946,9.46,1536,1526,2435,2432,1,0,1,40.97419435122675,40.70743527341928,59.4482421875
947,9.47,1536,1530,2440,2432,1,0,1,40.97419435122675,40.81413890454227,59.5703125
948,9.48,1536,1530,2437,2432,1,0,1,40.97419435122675,40.81413890454227,59.4970703125
949,9.49,1536,1525,2437,2432,1,0,1,40.97419435122675,40.68075936563854,59.4970703125
950,9.5,1536,1527,2441,2432,1,0,1,40.97419435122675,40.73411118120003,59.5947265625
951,9.51,1536,1526,2440,2432,1,0,1,40.97419435122675,40.70743527341928,59.5703125
952,9.52,1536,1530,2440,2432,1,0,1,40.97419435122675,40.81413890454227,59.5703125
953,9.53,1536,1528,2437,2432,1,0,1,40.97419435122675,40.76078708898078,59.4970703125
954,9.54,1536,1527,2439,2432,1,0,1,40.97419435122675,40.73411118120003,59.5458984375
955,9.55,1536,1527,2440,2432,1,0,1,40.97419435122675,40.73411118120003,59.5703125
956,9.56,1536,1526,2440,2432,1,0,1,40.97419435122675,40.70743527341928,59.5703125
957,9.57,1536,1526,2440,2432,1,0,1,40.97419435122675,40.70743527341928,59.5703125
958,9.58,1536,1527,2440,2432,1,0,1,40.97419435122675,40.73411118120003,59.5703125
959,9.59,1536,1526,2440,2432,1,0,1,40.97419435122675,40.70743527341928,59.5703125
960,9.6,1536,1525,2440,2432,1,0,1,40.97419435122675,40.68075936563854,59.5703125
961,9.61,1536,1529,2441,2432,1,0,1,40.97419435122675,40.78746299676152,59.5947265625
962,9.62,1536,1526,2438,2432,1,0,1,40.97419435122675,40.70743527341928,59.521484375
963,9.63,1536,1532,2440,2432,1,0,1,40.97419435122675,40.86749072010376,59.5703125
964,9.64,1536,1526,2435,2432,1,0,1,40.97419435122675,40.70743527341928,59.4482421875
965,9.65,1536,1525,2440,2432,1,0,1,40.97419435122675,40.68075936563854,59.5703125
966,9.66,1536,1530,2441,2432,1,0,1,40.97419435122675,40.81413890454227,59.5947265625
967,9.67,1536,1525,2437,2432,1,0,1,40.97419435122675,40.68075936563854,59.4970703125
968,9.68,1536,1528,2441,2432,1,0,1,40.97419435122675,40.76078708898078,59.5947265625
969,9.69,1536,1527,2439,2432,1,0,1,40.97419435122675,40.73411118120003,59.5458984375
970,9.7,1536,1530,2440,2432,1,0,1,40.97419435122675,40.81413890454227,59.5703125
971,9.71,1536,1528,2437,2432,1,0,1,40.97419435122675,40.76078708898078,59.4970703125
972,9.72,1536,1526,2439,2432,1,0,1,40.97419435122675,40.70743527341928,59.5458984375
973,9.73,1536,1529,2440,2432,1,0,1,40.97419435122675,40.78746299676152,59.5703125
974,9.74,1536,1528,2438,2432,1,0,1,40.97419435122675,40.76078708898078,59.521484375
975,9.75,1536,1529,2439,2432,1,0,1,40.97419435122675,40.78746299676152,59.5458984375
976,9.76,1536,1531,2438,2432,1,0,1,40.97419435122675,40.84081481232302,59.521484375
977,9.77,1536,1530,2436,2432,1,0,1,40.97419435122675,40.81413890454227,59.47265625
978,9.78,1536,1528,2437,2432,1,0,1,40.97419435122675,40.76078708898078,59.4970703125
979,9.79,1536,1530,2439,2432,1,0,1,40.97419435122675,40.81413890454227,59.5458984375
980,9.8,1536,1531,2437,2432,1,0,1,40.97419435122675,40.84081481232302,59.4970703125
981,9.81,1536,1536,2436,2432,1,0,1,40.97419435122675,40.97419435122675,59.47265625
982,9.82,1536,1530,2432,2432,1,0,1,40.97419435122675,40.81413890454227,59.375
983,9.83,1536,1530,2437,2432,1,0,1,40.97419435122675,40.81413890454227,59.4970703125
984,9.84,1536,1534,2437,2432,1,0,1,40.97419435122675,40.92084253566525,59.4970703125
985,9.85,1536,1530,2433,2432,1,0,1,40.97419435122675,40.81413890454227,59.3994140625
986,9.86,1536,1533,2437,2432,1,0,1,40.97419435122675,40.89416662788451,59.4970703125
987,9.87,1536,1532,2434,2432,1,0,1,40.97419435122675,40.86749072010376,59.423828125
988,9.88,1536,1535,2435,2432,1,0,1,40.97419435122675,40.947518443446,59.4482421875
989,9.89,1536,1534,2432,2432,1,0,1,40.97419435122675,40.92084253566525,59.375
990,9.9,1536,1533,2433,2432,1,0,1,40.97419435122675,40.89416662788451,59.3994140625
991,9.91,1536,1535,2434,2432,1,0,1,40.97419435122675,40.947518443446,59.423828125
992,9.92,1536,1534,2432,2432,1,0,1,40.97419435122675,40.92084253566525,59.375
993,9.93,1536,1534,2433,2432,1,0,1,40.97419435122675,40.92084253566525,59.3994140625
994,9.94,1536,1539,2433,2432,1,0,1,40.97419435122675,41.05422207456899,59.3994140625
995,9.95,1536,1534,2428,2431,1,0,1,40.97419435122675,40.92084253566525,59.27734375
996,9.96,1536,1532,2432,2431,1,0,1,40.97419435122675,40.86749072010376,59.375
997,9.97,1536,1538,2434,2431,1,0,1,40.97419435122675,41.02754616678824,59.423828125
998,9.98,1536,1534,2428,2430,1,0,1,40.97419435122675,40.92084253566525,59.27734375
999,9.99,1536,1539,2431,2430,1,0,1,40.97419435122675,41.05422207456899,59.3505859375
1000,10.0,1536,1534,2426,2429,1,0,1,40.97419435122675,40.92084253566525,59.228515625
1001,10.01,1536,1538,2430,2429,1,0,1,40.97419435122675,41.02754616678824,59.326171875
1002,10.02,1536,1536,2426,2428,1,0,1,40.97419435122675,40.97419435122675,59.228515625
1003,10.03,1536,1533,2428,2428,1,0,1,40.97419435122675,40.89416662788451,59.27734375
1004,10.04,1536,1535,2430,2428,1,0,1,40.97419435122675,40.947518443446,59.326171875
1005,10.05,1536,1534,2428,2428,1,0,1,40.97419435122675,40.92084253566525,59.27734375
1006,10.06,1536,1534,2429,2428,1,0,1,40.97419435122675,40.92084253566525,59.3017578125
1007,10.07,1536,1534,2429,2428,1,0,1,40.97419435122675,40.92084253566525,59.3017578125
1008,10.08,1536,1533,2429,2428,1,0,1,40.97419435122675,40.89416662788451,59.3017578125
1009,10.09,1536,1531,2430,2428,1,0,1,40.97419435122675,40.84081481232302,59.326171875
1010,10.1,1536,1536,2432,2428,1,0,1,40.97419435122675,40.97419435122675,59.375
1011,10.11,1536,1533,2428,2428,1,0,1,40.97419435122675,40.89416662788451,59.27734375
1012,10.12,1536,1538,2430,2428,1,0,1,40.97419435122675,41.02754616678824,59.326171875
1013,10.13,1536,1531,2425,2427,1,0,1,40.97419435122675,40.84081481232302,59.2041015625
1014,10.14,1536,1530,2431,2427,1,0,1,40.97419435122675,40.81413890454227,59.3505859375
1015,10.15,1536,1534,2432,2427,1,0,1,40.97419435122675,40.92084253566525,59.375
1016,10.16,1536,1529,2428,2427,1,0,1,40.97419435122675,40.78746299676152,59.27734375
1017,10.17,1536,1532,2433,2427,1,0,1,40.97419435122675,40.86749072010376,59.3994140625
1018,10.18,1536,1530,2430,2427,1,0,1,40.97419435122675,40.81413890454227,59.326171875
1019,10.19,1536,1533,2432,2427,1,0,1,40.97419435122675,40.89416662788451,59.375
1020,10.2,1536,1530,2429,2427,1,0,1,40.97419435122675,40.81413890454227,59.3017578125
1021,10.21,1536,1531,2432,2427,1,0,1,40.97419435122675,40.84081481232302,59.375
1022,10.22,1536,1531,2431,2427,1,0,1,40.97419435122675,40.84081481232302,59.3505859375
1023,10.23,1536,1530,2431,2427,1,0,1,40.97419435122675,40.81413890454227,59.3505859375
1024,10.24,1536,1529,2432,2427,1,0,1,40.97419435122675,40.78746299676152,59.375
1025,10.25,1536,1530,2433,2427,1,0,1,40.97419435122675,40.81413890454227,59.3994140625
1026,10.26,1536,1529,2432,2427,1,0,1,40.97419435122675,40.78746299676152,59.375
1027,10.27,1536,1527,2433,2427,1,0,1,40.97419435122675,40.73411118120003,59.3994140625
1028,10.28,1536,1532,2435,2427,1,0,1,40.97419435122675,40.86749072010376,59.4482421875
1029,10.29,1536,1529,2430,2427,1,0,1,40.97419435122675,40.78746299676152,59.326171875
1030,10.3,1536,1534,2433,2427,1,0,1,40.97419435122675,40.92084253566525,59.3994140625
1031,10.31,1536,1528,2428,2427,1,0,1,40.97419435122675,40.76078708898078,59.27734375
1032,10.32,1536,1531,2434,2427,1,0,1,40.97419435122675,40.84081481232302,59.423828125
1033,10.33,1536,1532,2431,2427,1,0,1,40.97419435122675,40.86749072010376,59.3505859375
1034,10.34,1536,1528,2430,2427,1,0,1,40.97419435122675,40.76078708898078,59.326171875
1035,10.35,1536,1529,2434,2427,1,0,1,40.97419435122675,40.78746299676152,59.423828125
1036,10.36,1536,1528,2433,2427,1,0,1,40.97419435122675,40.76078708898078,59.3994140625
1037,10.37,1536,1532,2434,2427,1,0,1,40.97419435122675,40.86749072010376,59.423828125
1038,10.38,1536,1530,2430,2427,1,0,1,40.97419435122675,40.81413890454227,59.326171875
1039,10.39,1536,1529,2432,2427,1,0,1,40.97419435122675,40.78746299676152,59.375
1040,10.4,1536,1529,2433,2427,1,0,1,40.97419435122675,40.78746299676152,59.3994140625
1041,10.41,1536,1528,2433,2427,1,0,1,40.97419435122675,40.76078708898078,59.3994140625
1042,10.42,1536,1528,2434,2427,1,0,1,40.97419435122675,40.76078708898078,59.423828125
1043,10.43,1536,1534,2434,2427,1,0,1,40.97419435122675,40.92084253566525,59.423828125
1044,10.44,1536,1530,2428,2427,1,0,1,40.97419435122675,40.81413890454227,59.27734375
1045,10.45,1536,1527,2432,2427,1,0,1,40.97419435122675,40.73411118120003,59.375
1046,10.46,1536,1533,2435,2427,1,0,1,40.97419435122675,40.89416662788451,59.4482421875
1047,10.47,1536,1530,2429,2427,1,0,1,40.97419435122675,40.81413890454227,59.3017578125
1048,10.48,1536,1536,2432,2427,1,0,1,40.97419435122675,40.97419435122675,59.375
1049,10.49,1536,1530,2427,2427,1,0,1,40.97419435122675,40.81413890454227,59.2529296875
1050,10.5,1536,1534,2432,2427,1,0,1,40.97419435122675,40.92084253566525,59.375
1051,10.51,1536,1534,2428,2427,1,0,1,40.97419435122675,40.92084253566525,59.27734375
1052,10.52,1536,1530,2428,2427,1,0,1,40.97419435122675,40.81413890454227,59.27734375
1053,10.53,1536,1533,2432,2427,1,0,1,40.97419435122675,40.89416662788451,59.375
1054,10.54,1536,1533,2429,2427,1,0,1,40.97419435122675,40.89416662788451,59.3017578125
1055,10.55,1536,1535,2429,2427,1,0,1,40.97419435122675,40.947518443446,59.3017578125
1056,10.56,1536,1534,2427,2427,1,0,1,40.97419435122675,40.92084253566525,59.2529296875
1057,10.57,1536,1533,2428,2427,1,0,1,40.97419435122675,40.89416662788451,59.27734375
1058,10.58,1536,1531,2429,2427,1,0,1,40.97419435122675,40.84081481232302,59.3017578125
1059,10.59,1536,1533,2431,2427,1,0,1,40.97419435122675,40.89416662788451,59.3505859375
1060,10.6,1536,1534,2429,2427,1,0,1,40.97419435122675,40.92084253566525,59.3017578125
1061,10.61,1536,1820,2428,2427,1,0,1,40.97419435122675,48.550152160958774,59.27734375
1062,10.62,1536,1534,2153,2409,1,0,1,40.97419435122675,40.92084253566525,52.5634765625
1063,10.63,1536,1529,2410,2409,1,0,1,40.97419435122675,40.78746299676152,58.837890625
1064,10.64,1536,1530,2415,2409,1,0,1,40.97419435122675,40.81413890454227,58.9599609375
1065,10.65,1536,1525,2414,2409,1,0,1,40.97419435122675,40.68075936563854,58.935546875
1066,10.66,1536,1532,2418,2409,1,0,1,40.97419435122675,40.86749072010376,59.033203125
1067,10.67,1536,1526,2412,2409,1,0,1,40.97419435122675,40.70743527341928,58.88671875
1068,10.68,1536,1529,2417,2409,1,0,1,40.97419435122675,40.78746299676152,59.0087890625
1069,10.69,1536,1527,2415,2409,1,0,1,40.97419435122675,40.73411118120003,58.9599609375
1070,10.7,1536,1525,2417,2409,1,0,1,40.97419435122675,40.68075936563854,59.0087890625
1071,10.71,1536,1528,2418,2409,1,0,1,40.97419435122675,40.76078708898078,59.033203125
1072,10.72,1536,1527,2416,2409,1,0,1,40.97419435122675,40.73411118120003,58.984375
1073,10.73,1536,1529,2417,2409,1,0,1,40.97419435122675,40.78746299676152,59.0087890625
1074,10.74,1536,1527,2415,2409,1,0,1,40.97419435122675,40.73411118120003,58.9599609375
1075,10.75,1536,1526,2417,2409,1,0,1,40.97419435122675,40.70743527341928,59.0087890625
1076,10.76,1536,1524,2417,2409,1,0,1,40.97419435122675,40.65408345785779,59.0087890625
1077,10.77,1536,1525,2419,2409,1,0,1,40.97419435122675,40.68075936563854,59.0576171875
1078,10.78,1536,1525,2418,2409,1,0,1,40.97419435122675,40.68075936563854,59.033203125
1079,10.79,1536,1530,2418,2409,1,0,1,40.97419435122675,40.81413890454227,59.033203125
1080,10.8,1536,1525,2414,2409,1,0,1,40.97419435122675,40.68075936563854,58.935546875
1081,10.81,1536,1523,2418,2409,1,0,1,40.97419435122675,40.627407550077045,59.033203125
1082,10.82,1536,1527,2420,2409,1,0,1,40.97419435122675,40.73411118120003,59.08203125
1083,10.83,1536,1523,2417,2409,1,0,1,40.97419435122675,40.627407550077045,59.0087890625
1084,10.84,1536,1528,2420,2409,1,0,1,40.97419435122675,40.76078708898078,59.08203125
1085,10.85,1536,1522,2416,2409,1,0,1,40.97419435122675,40.600731642296296,58.984375
1086,10.86,1536,1525,2421,2409,1,0,1,40.97419435122675,40.68075936563854,59.1064453125
1087,10.87,1536,1525,2418,2409,1,0,1,40.97419435122675,40.68075936563854,59.033203125
1088,10.88,1536,1521,2418,2409,1,0,1,40.97419435122675,40.57405573451555,59.033203125
1089,10.89,1536,1523,2422,2409,1,0,1,40.97419435122675,40.627407550077045,59.130859375
1090,10.9,1536,1521,2420,2409,1,0,1,40.97419435122675,40.57405573451555,59.08203125
1091,10.91,1536,1524,2422,2409,1,0,1,40.97419435122675,40.65408345785779,59.130859375
1092,10.92,1536,1523,2419,2409,1,0,1,40.97419435122675,40.627407550077045,59.0576171875
1093,10.93,1536,1521,2420,2409,1,0,1,40.97419435122675,40.57405573451555,59.08203125
1094,10.94,1536,1523,2422,2409,1,0,1,40.97419435122675,40.627407550077045,59.130859375
1095,10.95,1536,1522,2420,2409,1,0,1,40.97419435122675,40.600731642296296,59.08203125
1096,10.96,1536,1522,2421,2409,1,0,1,40.97419435122675,40.600731642296296,59.1064453125
1097,10.97,1536,1523,2421,2409,1,0,1,40.97419435122675,40.627407550077045,59.1064453125
1098,10.98,1536,1522,2420,2409,1,0,1,40.97419435122675,40.600731642296296,59.08203125
1099,10.99,1536,1520,2421,2409,1,0,1,40.97419435122675,40.547379826734804,59.1064453125
1100,11.0,1536,1522,2423,2409,1,0,1,40.97419435122675,40.600731642296296,59.1552734375
1101,11.01,1536,1522,2421,2409,1,0,1,40.97419435122675,40.600731642296296,59.1064453125
1102,11.02,1536,1527,2421,2409,1,0,1,40.97419435122675,40.73411118120003,59.1064453125
1103,11.03,1536,1522,2417,2409,1,0,1,40.97419435122675,40.600731642296296,59.0087890625
1104,11.04,1536,1520,2421,2409,1,0,1,40.97419435122675,40.547379826734804,59.1064453125
1105,11.05,1536,1525,2423,2409,1,0,1,40.97419435122675,40.68075936563854,59.1552734375
1106,11.06,1536,1522,2418,2409,1,0,1,40.97419435122675,40.600731642296296,59.033203125
1107,11.07,1536,1527,2421,2409,1,0,1,40.97419435122675,40.73411118120003,59.1064453125
1108,11.08,1536,1521,2417,2409,1,0,1,40.97419435122675,40.57405573451555,59.0087890625
1109,11.09,1536,1525,2422,2409,1,0,1,40.97419435122675,40.68075936563854,59.130859375
1110,11.1,1536,1525,2418,2409,1,0,1,40.97419435122675,40.68075936563854,59.033203125
1111,11.11,1536,1520,2418,2409,1,0,1,40.97419435122675,40.547379826734804,59.033203125
1112,11.12,1536,1523,2423,2409,1,0,1,40.97419435122675,40.627407550077045,59.1552734375
1113,11.13,1536,1521,2420,2409,1,0,1,40.97419435122675,40.57405573451555,59.08203125
1114,11.14,1536,1524,2422,2409,1,0,1,40.97419435122675,40.65408345785779,59.130859375
1115,11.15,1536,1523,2419,2409,1,0,1,40.97419435122675,40.627407550077045,59.0576171875
1116,11.16,1536,1520,2420,2409,1,0,1,40.97419435122675,40.547379826734804,59.08203125
1117,11.17,1536,1523,2423,2409,1,0,1,40.97419435122675,40.627407550077045,59.1552734375
1118,11.18,1536,1522,2420,2409,1,0,1,40.97419435122675,40.600731642296296,59.08203125
1119,11.19,1536,1525,2421,2409,1,0,1,40.97419435122675,40.68075936563854,59.1064453125
1120,11.2,1536,1524,2418,2409,1,0,1,40.97419435122675,40.65408345785779,59.033203125
1121,11.21,1536,1523,2419,2409,1,0,1,40.97419435122675,40.627407550077045,59.0576171875
1122,11.22,1536,1520,2420,2409,1,0,1,40.97419435122675,40.547379826734804,59.08203125
1123,11.23,1536,1523,2423,2409,1,0,1,40.97419435122675,40.627407550077045,59.1552734375
1124,11.24,1536,1523,2420,2409,1,0,1,40.97419435122675,40.627407550077045,59.08203125
1125,11.25,1536,1528,2420,2409,1,0,1,40.97419435122675,40.76078708898078,59.08203125
1126,11.26,1536,1523,2416,2409,1,0,1,40.97419435122675,40.627407550077045,58.984375
1127,11.27,1536,1521,2420,2409,1,0,1,40.97419435122675,40.57405573451555,59.08203125
1128,11.28,1536,1527,2422,2409,1,0,1,40.97419435122675,40.73411118120003,59.130859375
1129,11.29,1536,1524,2417,2409,1,0,1,40.97419435122675,40.65408345785779,59.0087890625
1130,11.3,1536,1529,2419,2409,1,0,1,40.97419435122675,40.78746299676152,59.0576171875
1131,11.31,1536,1523,2415,2409,1,0,1,40.97419435122675,40.627407550077045,58.9599609375
1132,11.32,1536,1527,2420,2409,1,0,1,40.97419435122675,40.73411118120003,59.08203125
1133,11.33,1536,1528,2417,2409,1,0,1,40.97419435122675,40.76078708898078,59.0087890625
1134,11.34,1536,1523,2416,2409,1,0,1,40.97419435122675,40.627407550077045,58.984375
1135,11.35,1536,1526,2420,2409,1,0,1,40.97419435122675,40.70743527341928,59.08203125
1136,11.36,1536,1525,2417,2409,1,0,1,40.97419435122675,40.68075936563854,59.0087890625
1137,11.37,1536,1529,2418,2409,1,0,1,40.97419435122675,40.78746299676152,59.033203125
1138,11.38,1536,1527,2415,2409,1,0,1,40.97419435122675,40.73411118120003,58.9599609375
1139,11.39,1536,1527,2417,2409,1,0,1,40.97419435122675,40.73411118120003,59.0087890625
1140,11.4,1536,1528,2417,2409,1,0,1,40.97419435122675,40.76078708898078,59.0087890625
1141,11.41,1536,1527,2416,2409,1,0,1,40.97419435122675,40.73411118120003,58.984375
1142,11.42,1536,1527,2417,2409,1,0,1,40.97419435122675,40.73411118120003,59.0087890625
1143,11.43,1536,1528,2417,2409,1,0,1,40.97419435122675,40.76078708898078,59.0087890625
1144,11.44,1536,1528,2416,2409,1,0,1,40.97419435122675,40.76078708898078,58.984375
1145,11.45,1536,1526,2416,2409,1,0,1,40.97419435122675,40.70743527341928,58.984375
1146,11.46,1536,1531,2417,2409,1,0,1,40.97419435122675,40.84081481232302,59.0087890625
1147,11.47,1536,1528,2413,2409,1,0,1,40.97419435122675,40.76078708898078,58.9111328125
1148,11.48,1536,1533,2416,2409,1,0,1,40.97419435122675,40.89416662788451,58.984375
1149,11.49,1536,1527,2411,2409,1,0,1,40.97419435122675,40.73411118120003,58.8623046875
1150,11.5,1536,1526,2417,2409,1,0,1,40.97419435122675,40.70743527341928,59.0087890625
1151,11.51,1536,1531,2417,2409,1,0,1,40.97419435122675,40.84081481232302,59.0087890625
1152,11.52,1536,1526,2413,2409,1,0,1,40.97419435122675,40.70743527341928,58.9111328125
1153,11.53,1536,1529,2417,2409,1,0,1,40.97419435122675,40.78746299676152,59.0087890625
1154,11.54,1536,1526,2415,2409,1,0,1,40.97419435122675,40.70743527341928,58.9599609375
1155,11.55,1536,1530,2417,2409,1,0,1,40.97419435122675,40.81413890454227,59.0087890625
1156,11.56,1536,1528,2414,2409,1,0,1,40.97419435122675,40.76078708898078,58.935546875
1157,11.57,1536,1525,2416,2409,1,0,1,40.97419435122675,40.68075936563854,58.984375
1158,11.58,1536,1527,2418,2409,1,0,1,40.97419435122675,40.73411118120003,59.033203125
1159,11.59,1536,1526,2417,2409,1,0,1,40.97419435122675,40.70743527341928,59.0087890625
1160,11.6,1536,1526,2417,2409,1,0,1,40.97419435122675,40.70743527341928,59.0087890625
1161,11.61,1536,1526,2417,2409,1,0,1,40.97419435122675,40.70743527341928,59.0087890625
1162,11.62,1536,1525,2417,2409,1,0,1,40.97419435122675,40.68075936563854,59.0087890625
1163,11.63,1536,1523,2418,2409,1,0,1,40.97419435122675,40.627407550077045,59.033203125
1164,11.64,1536,1525,2420,2409,1,0,1,40.97419435122675,40.68075936563854,59.08203125
1165,11.65,1536,1525,2418,2409,1,0,1,40.97419435122675,40.68075936563854,59.033203125
1166,11.66,1536,1530,2418,2409,1,0,1,40.97419435122675,40.81413890454227,59.033203125
1167,11.67,1536,1524,2414,2409,1,0,1,40.97419435122675,40.65408345785779,58.935546875
1168,11.68,1536,1523,2419,2409,1,0,1,40.97419435122675,40.627407550077045,59.0576171875
1169,11.69,1536,1528,2420,2409,1,0,1,40.97419435122675,40.76078708898078,59.08203125
1170,11.7,1536,1523,2416,2409,1,0,1,40.97419435122675,40.627407550077045,58.984375
1171,11.71,1536,1529,2420,2409,1,0,1,40.97419435122675,40.78746299676152,59.08203125
1172,11.72,1536,1523,2415,2409,1,0,1,40.97419435122675,40.627407550077045,58.9599609375
1173,11.73,1536,1527,2420,2409,1,0,1,40.97419435122675,40.73411118120003,59.08203125
1174,11.74,1536,1527,2417,2409,1,0,1,40.97419435122675,40.73411118120003,59.0087890625
1175,11.75,1536,1522,2417,2409,1,0,1,40.97419435122675,40.600731642296296,59.0087890625
1176,11.76,1536,1525,2421,2409,1,0,1,40.97419435122675,40.68075936563854,59.1064453125
1177,11.77,1536,1524,2418,2409,1,0,1,40.97419435122675,40.65408345785779,59.033203125
1178,11.78,1536,1527,2419,2409,1,0,1,40.97419435122675,40.73411118120003,59.0576171875
1179,11.79,1536,1525,2417,2409,1,0,1,40.97419435122675,40.68075936563854,59.0087890625
1180,11.8,1536,1524,2418,2409,1,0,1,40.97419435122675,40.65408345785779,59.033203125
1181,11.81,1536,1525,2419,2409,1,0,1,40.97419435122675,40.68075936563854,59.0576171875
1182,11.82,1536,1524,2418,2409,1,0,1,40.97419435122675,40.65408345785779,59.033203125
1183,11.83,1536,1524,2419,2409,1,0,1,40.97419435122675,40.65408345785779,59.0576171875
1184,11.84,1536,1524,2419,2409,1,0,1,40.97419435122675,40.65408345785779,59.0576171875
1185,11.85,1536,1523,2419,2409,1,0,1,40.97419435122675,40.627407550077045,59.0576171875
1186,11.86,1536,1521,2420,2409,1,0,1,40.97419435122675,40.57405573451555,59.08203125
1187,11.87,1536,1527,2422,2409,1,0,1,40.97419435122675,40.73411118120003,59.130859375
1188,11.88,1536,1524,2417,2409,1,0,1,40.97419435122675,40.65408345785779,59.0087890625
1189,11.89,1536,1528,2419,2409,1,0,1,40.97419435122675,40.76078708898078,59.0576171875
1190,11.9,1536,1523,2416,2409,1,0,1,40.97419435122675,40.627407550077045,58.984375
1191,11.91,1536,1522,2420,2409,1,0,1,40.97419435122675,40.600731642296296,59.08203125
1192,11.92,1536,1527,2421,2409,1,0,1,40.97419435122675,40.73411118120003,59.1064453125
1193,11.93,1536,1523,2417,2409,1,0,1,40.97419435122675,40.627407550077045,59.0087890625
1194,11.94,1536,1530,2420,2409,1,0,1,40.97419435122675,40.81413890454227,59.08203125
1195,11.95,1536,1524,2414,2409,1,0,1,40.97419435122675,40.65408345785779,58.935546875
1196,11.96,1536,1528,2419,2409,1,0,1,40.97419435122675,40.76078708898078,59.0576171875
1197,11.97,1536,1526,2416,2409,1,0,1,40.97419435122675,40.70743527341928,58.984375
1198,11.98,1536,1524,2417,2409,1,0,1,40.97419435122675,40.65408345785779,59.0087890625
1199,11.99,1536,1527,2419,2409,1,0,1,40.97419435122675,40.73411118120003,59.0576171875
1200,12.0,1536,1526,2417,2409,1,0,1,40.97419435122675,40.70743527341928,59.0087890625
1201,12.01,1536,1529,2417,2409,1,0,1,40.97419435122675,40.78746299676152,59.0087890625
1202,12.02,1536,1528,2415,2409,1,0,1,40.97419435122675,40.76078708898078,58.9599609375
1203,12.03,1536,1527,2416,2409,1,0,1,40.97419435122675,40.73411118120003,58.984375
1204,12.04,1536,1525,2417,2409,1,0,1,40.97419435122675,40.68075936563854,59.0087890625
1205,12.05,1536,1528,2418,2409,1,0,1,40.97419435122675,40.76078708898078,59.033203125
1206,12.06,1536,1528,2416,2409,1,0,1,40.97419435122675,40.76078708898078,58.984375
1207,12.07,1536,1533,2416,2409,1,0,1,40.97419435122675,40.89416662788451,58.984375
1208,12.08,1536,1528,2411,2409,1,0,1,40.97419435122675,40.76078708898078,58.8623046875
1209,12.09,1536,1526,2416,2409,1,0,1,40.97419435122675,40.70743527341928,58.984375
1210,12.1,1536,1532,2417,2409,1,0,1,40.97419435122675,40.86749072010376,59.0087890625
1211,12.11,1536,1528,2412,2409,1,0,1,40.97419435122675,40.76078708898078,58.88671875
1212,12.12,1536,1534,2416,2409,1,0,1,40.97419435122675,40.92084253566525,58.984375
1213,12.13,1536,1529,2410,2409,1,0,1,40.97419435122675,40.78746299676152,58.837890625
1214,12.14,1536,1533,2415,2409,1,0,1,40.97419435122675,40.89416662788451,58.9599609375
1215,12.15,1536,1531,2411,2409,1,0,1,40.97419435122675,40.84081481232302,58.8623046875
1216,12.16,1536,1528,2413,2409,1,0,1,40.97419435122675,40.76078708898078,58.9111328125
1217,12.17,1536,1531,2416,2409,1,0,1,40.97419435122675,40.84081481232302,58.984375
1218,12.18,1536,1530,2413,2409,1,0,1,40.97419435122675,40.81413890454227,58.9111328125
1219,12.19,1536,1533,2414,2409,1,0,1,40.97419435122675,40.89416662788451,58.935546875
1220,12.2,1536,1531,2411,2409,1,0,1,40.97419435122675,40.84081481232302,58.8623046875
1221,12.21,1536,1530,2413,2409,1,0,1,40.97419435122675,40.81413890454227,58.9111328125
1222,12.22,1536,1528,2414,2409,1,0,1,40.97419435122675,40.76078708898078,58.935546875
1223,12.23,1536,1529,2416,2409,1,0,1,40.97419435122675,40.78746299676152,58.984375
1224,12.24,1536,1528,2415,2409,1,0,1,40.97419435122675,40.76078708898078,58.9599609375
1225,12.25,1536,1531,2416,2409,1,0,1,40.97419435122675,40.84081481232302,58.984375
1226,12.26,1536,1525,2413,2409,1,0,1,40.97419435122675,40.68075936563854,58.9111328125
1227,12.27,1536,1523,2418,2409,1,0,1,40.97419435122675,40.627407550077045,59.033203125
1228,12.28,1536,1528,2420,2409,1,0,1,40.97419435122675,40.76078708898078,59.08203125
1229,12.29,1536,1523,2416,2409,1,0,1,40.97419435122675,40.627407550077045,58.984375
1230,12.3,1536,1529,2420,2409,1,0,1,40.97419435122675,40.78746299676152,59.08203125
1231,12.31,1536,1523,2415,2409,1,0,1,40.97419435122675,40.627407550077045,58.9599609375
1232,12.32,1536,1526,2420,2409,1,0,1,40.97419435122675,40.70743527341928,59.08203125
1233,12.33,1536,1526,2417,2409,1,0,1,40.97419435122675,40.70743527341928,59.0087890625
1234,12.34,1536,1522,2417,2409,1,0,1,40.97419435122675,40.600731642296296,59.0087890625
1235,12.35,1536,1524,2421,2409,1,0,1,40.97419435122675,40.65408345785779,59.1064453125
1236,12.36,1536,1523,2419,2409,1,0,1,40.97419435122675,40.627407550077045,59.0576171875
1237,12.37,1536,1526,2420,2409,1,0,1,40.97419435122675,40.70743527341928,59.08203125
1238,12.38,1536,1524,2417,2409,1,0,1,40.97419435122675,40.65408345785779,59.0087890625
1239,12.39,1536,1524,2419,2409,1,0,1,40.97419435122675,40.65408345785779,59.0576171875
1240,12.4,1536,1524,2419,2409,1,0,1,40.97419435122675,40.65408345785779,59.0576171875
1241,12.41,1536,1524,2419,2409,1,0,1,40.97419435122675,40.65408345785779,59.0576171875
1242,12.42,1536,1524,2419,2409,1,0,1,40.97419435122675,40.65408345785779,59.0576171875
1243,12.43,1536,1526,2419,2409,1,0,1,40.97419435122675,40.70743527341928,59.0576171875
1244,12.44,1536,1525,2417,2409,1,0,1,40.97419435122675,40.68075936563854,59.0087890625
1245,12.45,1536,1523,2418,2409,1,0,1,40.97419435122675,40.627407550077045,59.033203125
1246,12.46,1536,1529,2420,2409,1,0,1,40.97419435122675,40.78746299676152,59.08203125
1247,12.47,1536,1526,2415,2409,1,0,1,40.97419435122675,40.70743527341928,58.9599609375
1248,12.48,1536,1531,2417,2409,1,0,1,40.97419435122675,40.84081481232302,59.0087890625
1249,12.49,1536,1526,2413,2409,1,0,1,40.97419435122675,40.70743527341928,58.9111328125
1250,12.5,1536,1525,2417,2409,1,0,1,40.97419435122675,40.68075936563854,59.0087890625
1251,12.51,1536,1531,2418,2409,1,0,1,40.97419435122675,40.84081481232302,59.033203125
1252,12.52,1536,1526,2413,2409,1,0,1,40.97419435122675,40.70743527341928,58.9111328125
1253,12.53,1536,1529,2417,2409,1,0,1,40.97419435122675,40.78746299676152,59.0087890625
1254,12.54,1536,1527,2415,2409,1,0,1,40.97419435122675,40.73411118120003,58.9599609375
1255,12.55,1536,1531,2417,2409,1,0,1,40.97419435122675,40.84081481232302,59.0087890625
1256,12.56,1536,1529,2413,2409,1,0,1,40.97419435122675,40.78746299676152,58.9111328125
1257,12.57,1536,1526,2415,2409,1,0,1,40.97419435122675,40.70743527341928,58.9599609375
1258,12.58,1536,1529,2417,2409,1,0,1,40.97419435122675,40.78746299676152,59.0087890625
1259,12.59,1536,1528,2415,2409,1,0,1,40.97419435122675,40.76078708898078,58.9599609375
1260,12.6,1536,1529,2416,2409,1,0,1,40.97419435122675,40.78746299676152,58.984375
1261,12.61,1536,1530,2415,2409,1,0,1,40.97419435122675,40.81413890454227,58.9599609375
1262,12.62,1536,1529,2414,2409,1,0,1,40.97419435122675,40.78746299676152,58.935546875
1263,12.63,1536,1527,2415,2409,1,0,1,40.97419435122675,40.73411118120003,58.9599609375
1264,12.64,1536,1532,2417,2409,1,0,1,40.97419435122675,40.86749072010376,59.0087890625
1265,12.65,1536,1529,2412,2409,1,0,1,40.97419435122675,40.78746299676152,58.88671875
1266,12.66,1536,1533,2415,2409,1,0,1,40.97419435122675,40.89416662788451,58.9599609375
1267,12.67,1536,1528,2411,2409,1,0,1,40.97419435122675,40.76078708898078,58.8623046875
1268,12.68,1536,1527,2416,2409,1,0,1,40.97419435122675,40.73411118120003,58.984375
1269,12.69,1536,1531,2417,2409,1,0,1,40.97419435122675,40.84081481232302,59.0087890625
1270,12.7,1536,1527,2413,2409,1,0,1,40.97419435122675,40.73411118120003,58.9111328125
1271,12.71,1536,1529,2417,2409,1,0,1,40.97419435122675,40.78746299676152,59.0087890625
1272,12.72,1536,1528,2415,2409,1,0,1,40.97419435122675,40.76078708898078,58.9599609375
1273,12.73,1536,1531,2416,2409,1,0,1,40.97419435122675,40.84081481232302,58.984375
1274,12.74,1536,1530,2413,2409,1,0,1,40.97419435122675,40.81413890454227,58.9111328125
1275,12.75,1536,1527,2414,2409,1,0,1,40.97419435122675,40.73411118120003,58.935546875
1276,12.76,1536,1529,2417,2409,1,0,1,40.97419435122675,40.78746299676152,59.0087890625
1277,12.77,1536,1529,2415,2409,1,0,1,40.97419435122675,40.78746299676152,58.9599609375
1278,12.78,1536,1528,2415,2409,1,0,1,40.97419435122675,40.76078708898078,58.9599609375
1279,12.79,1536,1529,2416,2409,1,0,1,40.97419435122675,40.78746299676152,58.984375
1280,12.8,1536,1529,2415,2409,1,0,1,40.97419435122675,40.78746299676152,58.9599609375
1281,12.81,1536,1526,2415,2409,1,0,1,40.97419435122675,40.70743527341928,58.9599609375
1282,12.82,1536,1532,2417,2409,1,0,1,40.97419435122675,40.86749072010376,59.0087890625
1283,12.83,1536,1529,2412,2409,1,0,1,40.97419435122675,40.78746299676152,58.88671875
1284,12.84,1536,1533,2415,2409,1,0,1,40.97419435122675,40.89416662788451,58.9599609375
1285,12.85,1536,1528,2411,2409,1,0,1,40.97419435122675,40.76078708898078,58.8623046875
1286,12.86,1536,1526,2416,2409,1,0,1,40.97419435122675,40.70743527341928,58.984375
1287,12.87,1536,1532,2417,2409,1,0,1,40.97419435122675,40.86749072010376,59.0087890625
1288,12.88,1536,1528,2412,2409,1,0,1,40.97419435122675,40.76078708898078,58.88671875
1289,12.89,1536,1530,2416,2409,1,0,1,40.97419435122675,40.81413890454227,58.984375
1290,12.9,1536,1528,2414,2409,1,0,1,40.97419435122675,40.76078708898078,58.935546875
1291,12.91,1536,1531,2416,2409,1,0,1,40.97419435122675,40.84081481232302,58.984375
1292,12.92,1536,1529,2413,2409,1,0,1,40.97419435122675,40.78746299676152,58.9111328125
1293,12.93,1536,1527,2415,2409,1,0,1,40.97419435122675,40.73411118120003,58.9599609375
1294,12.94,1536,1529,2417,2409,1,0,1,40.97419435122675,40.78746299676152,59.0087890625
1295,12.95,1536,1528,2415,2409,1,0,1,40.97419435122675,40.76078708898078,58.9599609375
1296,12.96,1536,1527,2416,2409,1,0,1,40.97419435122675,40.73411118120003,58.984375
1297,12.97,1536,1528,2417,2409,1,0,1,40.97419435122675,40.76078708898078,59.0087890625
1298,12.98,1536,1527,2416,2409,1,0,1,40.97419435122675,40.73411118120003,58.984375
1299,12.99,1536,1525,2417,2409,1,0,1,40.97419435122675,40.68075936563854,59.0087890625
1300,13.0,1536,1530,2418,2409,1,0,1,40.97419435122675,40.81413890454227,59.033203125
1301,13.01,1536,1527,2414,2409,1,0,1,40.97419435122675,40.73411118120003,58.935546875
1302,13.02,1536,1532,2417,2409,1,0,1,40.97419435122675,40.86749072010376,59.0087890625
1303,13.03,1536,1526,2412,2409,1,0,1,40.97419435122675,40.70743527341928,58.88671875
1304,13.04,1536,1525,2417,2409,1,0,1,40.97419435122675,40.68075936563854,59.0087890625
1305,13.05,1536,1530,2418,2409,1,0,1,40.97419435122675,40.81413890454227,59.033203125
1306,13.06,1536,1526,2414,2409,1,0,1,40.97419435122675,40.70743527341928,58.935546875
1307,13.07,1536,1528,2417,2409,1,0,1,40.97419435122675,40.76078708898078,59.0087890625
1308,13.08,1536,1526,2416,2409,1,0,1,40.97419435122675,40.70743527341928,58.984375
1309,13.09,1536,1530,2417,2409,1,0,1,40.97419435122675,40.81413890454227,59.0087890625
1310,13.1,1536,1529,2414,2409,1,0,1,40.97419435122675,40.78746299676152,58.935546875
1311,13.11,1536,1526,2415,2409,1,0,1,40.97419435122675,40.70743527341928,58.9599609375
1312,13.12,1536,1529,2417,2409,1,0,1,40.97419435122675,40.78746299676152,59.0087890625
1313,13.13,1536,1527,2415,2409,1,0,1,40.97419435122675,40.73411118120003,58.9599609375
1314,13.14,1536,1527,2417,2409,1,0,1,40.97419435122675,40.73411118120003,59.0087890625
1315,13.15,1536,1528,2417,2409,1,0,1,40.97419435122675,40.76078708898078,59.0087890625
1316,13.16,1536,1528,2416,2409,1,0,1,40.97419435122675,40.76078708898078,58.984375
1317,13.17,1536,1525,2416,2409,1,0,1,40.97419435122675,40.68075936563854,58.984375
1318,13.18,1536,1528,2418,2409,1,0,1,40.97419435122675,40.76078708898078,59.033203125
1319,13.19,1536,1528,2416,2409,1,0,1,40.97419435122675,40.76078708898078,58.984375
1320,13.2,1536,1533,2416,2409,1,0,1,40.97419435122675,40.89416662788451,58.984375
1321,13.21,1536,1527,2411,2409,1,0,1,40.97419435122675,40.73411118120003,58.8623046875
1322,13.22,1536,1526,2417,2409,1,0,1,40.97419435122675,40.70743527341928,59.0087890625
1323,13.23,1536,1531,2417,2409,1,0,1,40.97419435122675,40.84081481232302,59.0087890625
1324,13.24,1536,1527,2413,2409,1,0,1,40.97419435122675,40.73411118120003,58.9111328125
1325,13.25,1536,1533,2417,2409,1,0,1,40.97419435122675,40.89416662788451,59.0087890625
1326,13.26,1536,1528,2411,2409,1,0,1,40.97419435122675,40.76078708898078,58.8623046875
1327,13.27,1536,1531,2416,2409,1,0,1,40.97419435122675,40.84081481232302,58.984375
1328,13.28,1536,1529,2413,2409,1,0,1,40.97419435122675,40.78746299676152,58.9111328125
1329,13.29,1536,1526,2415,2409,1,0,1,40.97419435122675,40.70743527341928,58.9599609375
1330,13.3,1536,1529,2417,2409,1,0,1,40.97419435122675,40.78746299676152,59.0087890625
1331,13.31,1536,1528,2415,2409,1,0,1,40.97419435122675,40.76078708898078,58.9599609375
1332,13.32,1536,1529,2416,2409,1,0,1,40.97419435122675,40.78746299676152,58.984375
1333,13.33,1536,1530,2415,2409,1,0,1,40.97419435122675,40.81413890454227,58.9599609375
1334,13.34,1536,1529,2414,2409,1,0,1,40.97419435122675,40.78746299676152,58.935546875
1335,13.35,1536,1526,2415,2409,1,0,1,40.97419435122675,40.70743527341928,58.9599609375
1336,13.36,1536,1528,2417,2409,1,0,1,40.97419435122675,40.76078708898078,59.0087890625
1337,13.37,1536,1529,2416,2409,1,0,1,40.97419435122675,40.78746299676152,58.984375
1338,13.38,1536,1533,2415,2409,1,0,1,40.97419435122675,40.89416662788451,58.9599609375
1339,13.39,1536,1528,2411,2409,1,0,1,40.97419435122675,40.76078708898078,58.8623046875
1340,13.4,1536,1527,2416,2409,1,0,1,40.97419435122675,40.73411118120003,58.984375
1341,13.41,1536,1532,2417,2409,1,0,1,40.97419435122675,40.86749072010376,59.0087890625
1342,13.42,1536,1528,2412,2409,1,0,1,40.97419435122675,40.76078708898078,58.88671875
1343,13.43,1536,1531,2416,2409,1,0,1,40.97419435122675,40.84081481232302,58.984375
1344,13.44,1536,1529,2413,2409,1,0,1,40.97419435122675,40.78746299676152,58.9111328125
1345,13.45,1536,1533,2415,2409,1,0,1,40.97419435122675,40.89416662788451,58.9599609375
1346,13.46,1536,1531,2411,2409,1,0,1,40.97419435122675,40.84081481232302,58.8623046875
1347,13.47,1536,1529,2413,2409,1,0,1,40.97419435122675,40.78746299676152,58.9111328125
1348,13.48,1536,1531,2415,2409,1,0,1,40.97419435122675,40.84081481232302,58.9599609375
1349,13.49,1536,1531,2413,2409,1,0,1,40.97419435122675,40.84081481232302,58.9111328125
1350,13.5,1536,1531,2413,2409,1,0,1,40.97419435122675,40.84081481232302,58.9111328125
1351,13.51,1536,1532,2413,2409,1,0,1,40.97419435122675,40.86749072010376,58.9111328125
1352,13.52,1536,1531,2412,2409,1,0,1,40.97419435122675,40.84081481232302,58.88671875
1353,13.53,1536,1529,2413,2409,1,0,1,40.97419435122675,40.78746299676152,58.9111328125
1354,13.54,1536,1535,2415,2409,1,0,1,40.97419435122675,40.947518443446,58.9599609375
1355,13.55,1536,1532,2409,2409,1,0,1,40.97419435122675,40.86749072010376,58.8134765625
1356,13.56,1536,1537,2412,2409,1,0,1,40.97419435122675,41.00087025900749,58.88671875
1357,13.57,1536,1531,2407,2408,1,0,1,40.97419435122675,40.84081481232302,58.7646484375
1358,13.58,1536,1535,2412,2408,1,0,1,40.97419435122675,40.947518443446,58.88671875
1359,13.59,1536,1535,2408,2408,1,0,1,40.97419435122675,40.947518443446,58.7890625
1360,13.6,1536,1531,2408,2408,1,0,1,40.97419435122675,40.84081481232302,58.7890625
1361,13.61,1536,1533,2412,2408,1,0,1,40.97419435122675,40.89416662788451,58.88671875
1362,13.62,1536,1532,2410,2408,1,0,1,40.97419435122675,40.86749072010376,58.837890625
1363,13.63,1536,1536,2411,2408,1,0,1,40.97419435122675,40.97419435122675,58.8623046875
1364,13.64,1536,1534,2408,2408,1,0,1,40.97419435122675,40.92084253566525,58.7890625
1365,13.65,1536,1533,2409,2408,1,0,1,40.97419435122675,40.89416662788451,58.8134765625
1366,13.66,1536,1534,2410,2408,1,0,1,40.97419435122675,40.92084253566525,58.837890625
1367,13.67,1536,1532,2409,2408,1,0,1,40.97419435122675,40.86749072010376,58.8134765625
1368,13.68,1536,1532,2411,2408,1,0,1,40.97419435122675,40.86749072010376,58.8623046875
1369,13.69,1536,1537,2411,2408,1,0,1,40.97419435122675,41.00087025900749,58.8623046875
1370,13.7,1536,1533,2406,2407,1,0,1,40.97419435122675,40.89416662788451,58.740234375
1371,13.71,1536,1530,2409,2407,1,0,1,40.97419435122675,40.81413890454227,58.8134765625
1372,13.72,1536,1535,2412,2407,1,0,1,40.97419435122675,40.947518443446,58.88671875
1373,13.73,1536,1530,2407,2407,1,0,1,40.97419435122675,40.81413890454227,58.7646484375
1374,13.74,1536,1537,2412,2407,1,0,1,40.97419435122675,41.00087025900749,58.88671875
1375,13.75,1536,1531,2405,2406,1,0,1,40.97419435122675,40.84081481232302,58.7158203125
1376,13.76,1536,1534,2410,2406,1,0,1,40.97419435122675,40.92084253566525,58.837890625
1377,13.77,1536,1532,2407,2406,1,0,1,40.97419435122675,40.86749072010376,58.7646484375
1378,13.78,1536,1529,2409,2406,1,0,1,40.97419435122675,40.78746299676152,58.8134765625
1379,13.79,1536,1532,2412,2406,1,0,1,40.97419435122675,40.86749072010376,58.88671875
1380,13.8,1536,1530,2409,2406,1,0,1,40.97419435122675,40.81413890454227,58.8134765625
1381,13.81,1536,1533,2411,2406,1,0,1,40.97419435122675,40.89416662788451,58.8623046875
1382,13.82,1536,1532,2408,2406,1,0,1,40.97419435122675,40.86749072010376,58.7890625
1383,13.83,1536,1531,2409,2406,1,0,1,40.97419435122675,40.84081481232302,58.8134765625
1384,13.84,1536,1529,2410,2406,1,0,1,40.97419435122675,40.78746299676152,58.837890625
1385,13.85,1536,1531,2412,2406,1,0,1,40.97419435122675,40.84081481232302,58.88671875
1386,13.86,1536,1531,2410,2406,1,0,1,40.97419435122675,40.84081481232302,58.837890625
1387,13.87,1536,1536,2410,2406,1,0,1,40.97419435122675,40.97419435122675,58.837890625
1388,13.88,1536,1531,2406,2406,1,0,1,40.97419435122675,40.84081481232302,58.740234375
1389,13.89,1536,1530,2410,2406,1,0,1,40.97419435122675,40.81413890454227,58.837890625
1390,13.9,1536,1535,2411,2406,1,0,1,40.97419435122675,40.947518443446,58.8623046875
1391,13.91,1536,1530,2406,2406,1,0,1,40.97419435122675,40.81413890454227,58.740234375
1392,13.92,1536,1533,2411,2406,1,0,1,40.97419435122675,40.89416662788451,58.8623046875
1393,13.93,1536,1531,2408,2406,1,0,1,40.97419435122675,40.84081481232302,58.7890625
1394,13.94,1536,1535,2410,2406,1,0,1,40.97419435122675,40.947518443446,58.837890625
1395,13.95,1536,1533,2406,2406,1,0,1,40.97419435122675,40.89416662788451,58.740234375
1396,13.96,1536,1532,2408,2406,1,0,1,40.97419435122675,40.86749072010376,58.7890625
1397,13.97,1536,1533,2409,2406,1,0,1,40.97419435122675,40.89416662788451,58.8134765625
1398,13.98,1536,1532,2408,2406,1,0,1,40.97419435122675,40.86749072010376,58.7890625
1399,13.99,1536,1532,2409,2406,1,0,1,40.97419435122675,40.86749072010376,58.8134765625
1400,14.0,1536,1533,2409,2406,1,0,1,40.97419435122675,40.89416662788451,58.8134765625
1401,14.01,1536,1533,2408,2406,1,0,1,40.97419435122675,40.89416662788451,58.7890625
1402,14.02,1536,1530,2408,2406,1,0,1,40.97419435122675,40.81413890454227,58.7890625
1403,14.03,1536,1535,2411,2406,1,0,1,40.97419435122675,40.947518443446,58.8623046875
1404,14.04,1536,1532,2406,2406,1,0,1,40.97419435122675,40.86749072010376,58.740234375
1405,14.05,1536,1537,2409,2406,1,0,1,40.97419435122675,41.00087025900749,58.8134765625
1406,14.06,1536,1531,2404,2405,1,0,1,40.97419435122675,40.84081481232302,58.69140625
1407,14.07,1536,1534,2409,2405,1,0,1,40.97419435122675,40.92084253566525,58.8134765625
1408,14.08,1536,1534,2406,2405,1,0,1,40.97419435122675,40.92084253566525,58.740234375
1409,14.09,1536,1529,2406,2405,1,0,1,40.97419435122675,40.78746299676152,58.740234375
1410,14.1,1536,1532,2411,2405,1,0,1,40.97419435122675,40.86749072010376,58.8623046875
1411,14.11,1536,1531,2408,2405,1,0,1,40.97419435122675,40.84081481232302,58.7890625
1412,14.12,1536,1534,2409,2405,1,0,1,40.97419435122675,40.92084253566525,58.8134765625
1413,14.13,1536,1532,2406,2405,1,0,1,40.97419435122675,40.86749072010376,58.740234375
1414,14.14,1536,1531,2408,2405,1,0,1,40.97419435122675,40.84081481232302,58.7890625
1415,14.15,1536,1529,2409,2405,1,0,1,40.97419435122675,40.78746299676152,58.8134765625
1416,14.16,1536,1531,2411,2405,1,0,1,40.97419435122675,40.84081481232302,58.8623046875
1417,14.17,1536,1531,2409,2405,1,0,1,40.97419435122675,40.84081481232302,58.8134765625
1418,14.18,1536,1536,2409,2405,1,0,1,40.97419435122675,40.97419435122675,58.8134765625
1419,14.19,1536,1530,2405,2405,1,0,1,40.97419435122675,40.81413890454227,58.7158203125
1420,14.2,1536,1529,2410,2405,1,0,1,40.97419435122675,40.78746299676152,58.837890625
1421,14.21,1536,1533,2411,2405,1,0,1,40.97419435122675,40.89416662788451,58.8623046875
1422,14.22,1536,1530,2407,2405,1,0,1,40.97419435122675,40.81413890454227,58.7646484375
1423,14.23,1536,1536,2410,2405,1,0,1,40.97419435122675,40.97419435122675,58.837890625
1424,14.24,1536,1530,2405,2405,1,0,1,40.97419435122675,40.81413890454227,58.7158203125
1425,14.25,1536,1534,2410,2405,1,0,1,40.97419435122675,40.92084253566525,58.837890625
1426,14.26,1536,1532,2406,2405,1,0,1,40.97419435122675,40.86749072010376,58.740234375
1427,14.27,1536,1529,2408,2405,1,0,1,40.97419435122675,40.78746299676152,58.7890625
1428,14.28,1536,1532,2411,2405,1,0,1,40.97419435122675,40.86749072010376,58.8623046875
1429,14.29,1536,1531,2408,2405,1,0,1,40.97419435122675,40.84081481232302,58.7890625
1430,14.3,1536,1531,2409,2405,1,0,1,40.97419435122675,40.84081481232302,58.8134765625
1431,14.31,1536,1532,2409,2405,1,0,1,40.97419435122675,40.86749072010376,58.8134765625
1432,14.32,1536,1531,2408,2405,1,0,1,40.97419435122675,40.84081481232302,58.7890625
1433,14.33,1536,1529,2409,2405,1,0,1,40.97419435122675,40.78746299676152,58.8134765625
1434,14.34,1536,1531,2411,2405,1,0,1,40.97419435122675,40.84081481232302,58.8623046875
1435,14.35,1536,1531,2409,2405,1,0,1,40.97419435122675,40.84081481232302,58.8134765625
1436,14.36,1536,1537,2409,2405,1,0,1,40.97419435122675,41.00087025900749,58.8134765625
1437,14.37,1536,1531,2403,2404,1,0,1,40.97419435122675,40.84081481232302,58.6669921875
1438,14.38,1536,1530,2408,2404,1,0,1,40.97419435122675,40.81413890454227,58.7890625
1439,14.39,1536,1535,2409,2404,1,0,1,40.97419435122675,40.947518443446,58.8134765625
1440,14.4,1536,1530,2404,2404,1,0,1,40.97419435122675,40.81413890454227,58.69140625
1441,14.41,1536,1532,2409,2404,1,0,1,40.97419435122675,40.86749072010376,58.8134765625
1442,14.42,1536,1531,2407,2404,1,0,1,40.97419435122675,40.84081481232302,58.7646484375
1443,14.43,1536,1534,2408,2404,1,0,1,40.97419435122675,40.92084253566525,58.7890625
1444,14.44,1536,1532,2405,2404,1,0,1,40.97419435122675,40.86749072010376,58.7158203125
1445,14.45,1536,1531,2407,2404,1,0,1,40.97419435122675,40.84081481232302,58.7646484375
1446,14.46,1536,1532,2408,2404,1,0,1,40.97419435122675,40.86749072010376,58.7890625
1447,14.47,1536,1531,2407,2404,1,0,1,40.97419435122675,40.84081481232302,58.7646484375
1448,14.48,1536,1531,2408,2404,1,0,1,40.97419435122675,40.84081481232302,58.7890625
1449,14.49,1536,1532,2408,2404,1,0,1,40.97419435122675,40.86749072010376,58.7890625
1450,14.5,1536,1531,2407,2404,1,0,1,40.97419435122675,40.84081481232302,58.7646484375
1451,14.51,1536,1529,2408,2404,1,0,1,40.97419435122675,40.78746299676152,58.7890625
1452,14.52,1536,1534,2410,2404,1,0,1,40.97419435122675,40.92084253566525,58.837890625
1453,14.53,1536,1531,2405,2404,1,0,1,40.97419435122675,40.84081481232302,58.7158203125
1454,14.54,1536,1536,2408,2404,1,0,1,40.97419435122675,40.97419435122675,58.7890625
1455,14.55,1536,1530,2404,2404,1,0,1,40.97419435122675,40.81413890454227,58.69140625
1456,14.56,1536,1534,2409,2404,1,0,1,40.97419435122675,40.92084253566525,58.8134765625
1457,14.57,1536,1534,2405,2404,1,0,1,40.97419435122675,40.92084253566525,58.7158203125
1458,14.58,1536,1530,2405,2404,1,0,1,40.97419435122675,40.81413890454227,58.7158203125
1459,14.59,1536,1533,2409,2404,1,0,1,40.97419435122675,40.89416662788451,58.8134765625
1460,14.6,1536,1532,2406,2404,1,0,1,40.97419435122675,40.86749072010376,58.740234375
1461,14.61,1536,1534,2407,2404,1,0,1,40.97419435122675,40.92084253566525,58.7646484375
1462,14.62,1536,1532,2405,2404,1,0,1,40.97419435122675,40.86749072010376,58.7158203125
1463,14.63,1536,1532,2407,2404,1,0,1,40.97419435122675,40.86749072010376,58.7646484375
1464,14.64,1536,1533,2407,2404,1,0,1,40.97419435122675,40.89416662788451,58.7646484375
1465,14.65,1536,1533,2406,2404,1,0,1,40.97419435122675,40.89416662788451,58.740234375
1466,14.66,1536,1532,2406,2404,1,0,1,40.97419435122675,40.86749072010376,58.740234375
1467,14.67,1536,1538,2407,2404,1,0,1,40.97419435122675,41.02754616678824,58.7646484375
1468,14.68,1536,1533,2401,2403,1,0,1,40.97419435122675,40.89416662788451,58.6181640625
1469,14.69,1536,1531,2405,2403,1,0,1,40.97419435122675,40.84081481232302,58.7158203125
1470,14.7,1536,1535,2407,2403,1,0,1,40.97419435122675,40.947518443446,58.7646484375
1471,14.71,1536,1532,2403,2403,1,0,1,40.97419435122675,40.86749072010376,58.6669921875
1472,14.72,1536,1537,2406,2403,1,0,1,40.97419435122675,41.00087025900749,58.740234375
1473,14.73,1536,1532,2401,2402,1,0,1,40.97419435122675,40.86749072010376,58.6181640625
1474,14.74,1536,1535,2405,2402,1,0,1,40.97419435122675,40.947518443446,58.7158203125
1475,14.75,1536,1533,2402,2402,1,0,1,40.97419435122675,40.89416662788451,58.642578125
1476,14.76,1536,1530,2404,2402,1,0,1,40.97419435122675,40.81413890454227,58.69140625
1477,14.77,1536,1533,2407,2402,1,0,1,40.97419435122675,40.89416662788451,58.7646484375
1478,14.78,1536,1531,2404,2402,1,0,1,40.97419435122675,40.84081481232302,58.69140625
1479,14.79,1536,1532,2406,2402,1,0,1,40.97419435122675,40.86749072010376,58.740234375
1480,14.8,1536,1533,2405,2402,1,0,1,40.97419435122675,40.89416662788451,58.7158203125
1481,14.81,1536,1532,2404,2402,1,0,1,40.97419435122675,40.86749072010376,58.69140625
1482,14.82,1536,1529,2405,2402,1,0,1,40.97419435122675,40.78746299676152,58.7158203125
1483,14.83,1536,1534,2408,2402,1,0,1,40.97419435122675,40.92084253566525,58.7890625
1484,14.84,1536,1531,2403,2402,1,0,1,40.97419435122675,40.84081481232302,58.6669921875
1485,14.85,1536,1536,2406,2402,1,0,1,40.97419435122675,40.97419435122675,58.740234375
1486,14.86,1536,1530,2402,2402,1,0,1,40.97419435122675,40.81413890454227,58.642578125
1487,14.87,1536,1528,2407,2402,1,0,1,40.97419435122675,40.76078708898078,58.7646484375
1488,14.88,1536,1534,2409,2402,1,0,1,40.97419435122675,40.92084253566525,58.8134765625
1489,14.89,1536,1528,2403,2402,1,0,1,40.97419435122675,40.76078708898078,58.6669921875
1490,14.9,1536,1531,2409,2402,1,0,1,40.97419435122675,40.84081481232302,58.8134765625
1491,14.91,1536,1529,2406,2402,1,0,1,40.97419435122675,40.78746299676152,58.740234375
1492,14.92,1536,1533,2408,2402,1,0,1,40.97419435122675,40.89416662788451,58.7890625
1493,14.93,1536,1531,2404,2402,1,0,1,40.97419435122675,40.84081481232302,58.69140625
1494,14.94,1536,1530,2406,2402,1,0,1,40.97419435122675,40.81413890454227,58.740234375
1495,14.95,1536,1531,2407,2402,1,0,1,40.97419435122675,40.84081481232302,58.7646484375
1496,14.96,1536,1530,2406,2402,1,0,1,40.97419435122675,40.81413890454227,58.740234375
1497,14.97,1536,1531,2407,2402,1,0,1,40.97419435122675,40.84081481232302,58.7646484375
1498,14.98,1536,1531,2406,2402,1,0,1,40.97419435122675,40.84081481232302,58.740234375
1499,14.99,1536,1531,2406,2402,1,0,1,40.97419435122675,40.84081481232302,58.740234375
1500,15.0,1536,1529,2406,2402,1,0,1,40.97419435122675,40.78746299676152,58.740234375
1501,15.01,1536,1535,2408,2402,1,0,1,40.97419435122675,40.947518443446,58.7890625
1502,15.02,1536,1532,2402,2402,1,0,1,40.97419435122675,40.86749072010376,58.642578125
1503,15.03,1536,1538,2405,2402,1,0,1,40.97419435122675,41.02754616678824,58.7158203125
1504,15.04,1536,1532,2399,2401,1,0,1,40.97419435122675,40.86749072010376,58.5693359375
1505,15.05,1536,1535,2404,2401,1,0,1,40.97419435122675,40.947518443446,58.69140625
1506,15.06,1536,1535,2401,2401,1,0,1,40.97419435122675,40.947518443446,58.6181640625
1507,15.07,1536,1530,2401,2401,1,0,1,40.97419435122675,40.81413890454227,58.6181640625
1508,15.08,1536,1533,2406,2401,1,0,1,40.97419435122675,40.89416662788451,58.740234375
1509,15.09,1536,1532,2403,2401,1,0,1,40.97419435122675,40.86749072010376,58.6669921875
1510,15.1,1536,1535,2404,2401,1,0,1,40.97419435122675,40.947518443446,58.69140625
1511,15.11,1536,1533,2401,2401,1,0,1,40.97419435122675,40.89416662788451,58.6181640625
1512,15.12,1536,1532,2403,2401,1,0,1,40.97419435122675,40.86749072010376,58.6669921875
1513,15.13,1536,1530,2404,2401,1,0,1,40.97419435122675,40.81413890454227,58.69140625
1514,15.14,1536,1532,2406,2401,1,0,1,40.97419435122675,40.86749072010376,58.740234375
1515,15.15,1536,1532,2404,2401,1,0,1,40.97419435122675,40.86749072010376,58.69140625
1516,15.16,1536,1537,2404,2401,1,0,1,40.97419435122675,41.00087025900749,58.69140625
1517,15.17,1536,1532,2399,2400,1,0,1,40.97419435122675,40.86749072010376,58.5693359375
1518,15.18,1536,1529,2403,2400,1,0,1,40.97419435122675,40.78746299676152,58.6669921875
1519,15.19,1536,1534,2406,2400,1,0,1,40.97419435122675,40.92084253566525,58.740234375
1520,15.2,1536,1529,2401,2400,1,0,1,40.97419435122675,40.78746299676152,58.6181640625
1521,15.21,1536,1535,2406,2400,1,0,1,40.97419435122675,40.947518443446,58.740234375
1522,15.22,1536,1529,2400,2400,1,0,1,40.97419435122675,40.78746299676152,58.59375
1523,15.23,1536,1532,2406,2400,1,0,1,40.97419435122675,40.86749072010376,58.740234375
1524,15.24,1536,1531,2403,2400,1,0,1,40.97419435122675,40.84081481232302,58.6669921875
1525,15.25,1536,1528,2404,2400,1,0,1,40.97419435122675,40.76078708898078,58.69140625
1526,15.26,1536,1531,2407,2400,1,0,1,40.97419435122675,40.84081481232302,58.7646484375
1527,15.27,1536,1530,2404,2400,1,0,1,40.97419435122675,40.81413890454227,58.69140625
1528,15.28,1536,1530,2405,2400,1,0,1,40.97419435122675,40.81413890454227,58.7158203125
1529,15.29,1536,1531,2405,2400,1,0,1,40.97419435122675,40.84081481232302,58.7158203125
1530,15.3,1536,1530,2404,2400,1,0,1,40.97419435122675,40.81413890454227,58.69140625
1531,15.31,1536,1527,2405,2400,1,0,1,40.97419435122675,40.73411118120003,58.7158203125
1532,15.32,1536,1531,2408,2400,1,0,1,40.97419435122675,40.84081481232302,58.7890625
1533,15.33,1536,1531,2404,2400,1,0,1,40.97419435122675,40.84081481232302,58.69140625
1534,15.34,1536,1536,2404,2400,1,0,1,40.97419435122675,40.97419435122675,58.69140625
1535,15.35,1536,1531,2400,2400,1,0,1,40.97419435122675,40.84081481232302,58.59375
1536,15.36,1536,1529,2404,2400,1,0,1,40.97419435122675,40.78746299676152,58.69140625
1537,15.37,1536,1535,2406,2400,1,0,1,40.97419435122675,40.947518443446,58.740234375
1538,15.38,1536,1530,2400,2400,1,0,1,40.97419435122675,40.81413890454227,58.59375
1539,15.39,1536,1533,2405,2400,1,0,1,40.97419435122675,40.89416662788451,58.7158203125
1540,15.4,1536,1531,2402,2400,1,0,1,40.97419435122675,40.84081481232302,58.642578125
1541,15.41,1536,1536,2404,2400,1,0,1,40.97419435122675,40.97419435122675,58.69140625
1542,15.42,1536,1534,2400,2400,1,0,1,40.97419435122675,40.92084253566525,58.59375
1543,15.43,1536,1533,2401,2400,1,0,1,40.97419435122675,40.89416662788451,58.6181640625
1544,15.44,1536,1533,2402,2400,1,0,1,40.97419435122675,40.89416662788451,58.642578125
1545,15.45,1536,1533,2402,2400,1,0,1,40.97419435122675,40.89416662788451,58.642578125
1546,15.46,1536,1532,2402,2400,1,0,1,40.97419435122675,40.86749072010376,58.642578125
1547,15.47,1536,1537,2403,2400,1,0,1,40.97419435122675,41.00087025900749,58.6669921875
1548,15.48,1536,1532,2398,2399,1,0,1,40.97419435122675,40.86749072010376,58.544921875
1549,15.49,1536,1530,2402,2399,1,0,1,40.97419435122675,40.81413890454227,58.642578125
1550,15.5,1536,1535,2404,2399,1,0,1,40.97419435122675,40.947518443446,58.69140625
1551,15.51,1536,1532,2399,2399,1,0,1,40.97419435122675,40.86749072010376,58.5693359375
1552,15.52,1536,1537,2402,2399,1,0,1,40.97419435122675,41.00087025900749,58.642578125
1553,15.53,1536,1531,2397,2398,1,0,1,40.97419435122675,40.84081481232302,58.5205078125
1554,15.54,1536,1534,2402,2398,1,0,1,40.97419435122675,40.92084253566525,58.642578125
1555,15.55,1536,1534,2399,2398,1,0,1,40.97419435122675,40.92084253566525,58.5693359375
1556,15.56,1536,1529,2399,2398,1,0,1,40.97419435122675,40.78746299676152,58.5693359375
1557,15.57,1536,1532,2404,2398,1,0,1,40.97419435122675,40.86749072010376,58.69140625
1558,15.58,1536,1531,2401,2398,1,0,1,40.97419435122675,40.84081481232302,58.6181640625
1559,15.59,1536,1532,2402,2398,1,0,1,40.97419435122675,40.86749072010376,58.642578125
1560,15.6,1536,1532,2401,2398,1,0,1,40.97419435122675,40.86749072010376,58.6181640625
1561,15.61,1536,1530,2401,2398,1,0,1,40.97419435122675,40.81413890454227,58.6181640625
1562,15.62,1536,1528,2403,2398,1,0,1,40.97419435122675,40.76078708898078,58.6669921875
1563,15.63,1536,1530,2405,2398,1,0,1,40.97419435122675,40.81413890454227,58.7158203125
1564,15.64,1536,1530,2403,2398,1,0,1,40.97419435122675,40.81413890454227,58.6669921875
1565,15.65,1536,1535,2403,2398,1,0,1,40.97419435122675,40.947518443446,58.6669921875
1566,15.66,1536,1530,2398,2398,1,0,1,40.97419435122675,40.81413890454227,58.544921875
1567,15.67,1536,1528,2403,2398,1,0,1,40.97419435122675,40.76078708898078,58.6669921875
1568,15.68,1536,1534,2405,2398,1,0,1,40.97419435122675,40.92084253566525,58.7158203125
1569,15.69,1536,1529,2399,2398,1,0,1,40.97419435122675,40.78746299676152,58.5693359375
1570,15.7,1536,1535,2404,2398,1,0,1,40.97419435122675,40.947518443446,58.69140625
1571,15.71,1536,1529,2398,2398,1,0,1,40.97419435122675,40.78746299676152,58.544921875
1572,15.72,1536,1533,2404,2398,1,0,1,40.97419435122675,40.89416662788451,58.69140625
1573,15.73,1536,1531,2400,2398,1,0,1,40.97419435122675,40.84081481232302,58.59375
1574,15.74,1536,1529,2402,2398,1,0,1,40.97419435122675,40.78746299676152,58.642578125
1575,15.75,1536,1532,2404,2398,1,0,1,40.97419435122675,40.86749072010376,58.69140625
1576,15.76,1536,1531,2401,2398,1,0,1,40.97419435122675,40.84081481232302,58.6181640625
1577,15.77,1536,1534,2402,2398,1,0,1,40.97419435122675,40.92084253566525,58.642578125
1578,15.78,1536,1532,2399,2398,1,0,1,40.97419435122675,40.86749072010376,58.5693359375
1579,15.79,1536,1531,2401,2398,1,0,1,40.97419435122675,40.84081481232302,58.6181640625
1580,15.8,1536,1529,2402,2398,1,0,1,40.97419435122675,40.78746299676152,58.642578125
1581,15.81,1536,1531,2404,2398,1,0,1,40.97419435122675,40.84081481232302,58.69140625
1582,15.82,1536,1531,2402,2398,1,0,1,40.97419435122675,40.84081481232302,58.642578125
1583,15.83,1536,1536,2402,2398,1,0,1,40.97419435122675,40.97419435122675,58.642578125
1584,15.84,1536,1530,2398,2398,1,0,1,40.97419435122675,40.81413890454227,58.544921875
1585,15.85,1536,1529,2403,2398,1,0,1,40.97419435122675,40.78746299676152,58.6669921875
1586,15.86,1536,1534,2404,2398,1,0,1,40.97419435122675,40.92084253566525,58.69140625
1587,15.87,1536,1529,2399,2398,1,0,1,40.97419435122675,40.78746299676152,58.5693359375
1588,15.88,1536,1532,2404,2398,1,0,1,40.97419435122675,40.86749072010376,58.69140625
1589,15.89,1536,1530,2401,2398,1,0,1,40.97419435122675,40.81413890454227,58.6181640625
1590,15.9,1536,1533,2403,2398,1,0,1,40.97419435122675,40.89416662788451,58.6669921875
1591,15.91,1536,1531,2400,2398,1,0,1,40.97419435122675,40.84081481232302,58.59375
1592,15.92,1536,1528,2402,2398,1,0,1,40.97419435122675,40.76078708898078,58.642578125
1593,15.93,1536,1531,2405,2398,1,0,1,40.97419435122675,40.84081481232302,58.7158203125
1594,15.94,1536,1530,2402,2398,1,0,1,40.97419435122675,40.81413890454227,58.642578125
1595,15.95,1536,1530,2403,2398,1,0,1,40.97419435122675,40.81413890454227,58.6669921875
1596,15.96,1536,1531,2403,2398,1,0,1,40.97419435122675,40.84081481232302,58.6669921875
1597,15.97,1536,1530,2402,2398,1,0,1,40.97419435122675,40.81413890454227,58.642578125
1598,15.98,1536,1527,2403,2398,1,0,1,40.97419435122675,40.73411118120003,58.6669921875
1599,15.99,1536,1533,2406,2398,1,0,1,40.97419435122675,40.89416662788451,58.740234375
1600,16.0,1536,1529,2400,2398,1,0,1,40.97419435122675,40.78746299676152,58.59375
1601,16.01,1536,1535,2404,2398,1,0,1,40.97419435122675,40.947518443446,58.69140625
1602,16.02,1536,1529,2398,2398,1,0,1,40.97419435122675,40.78746299676152,58.544921875
1603,16.03,1536,1528,2404,2398,1,0,1,40.97419435122675,40.76078708898078,58.69140625
1604,16.04,1536,1533,2405,2398,1,0,1,40.97419435122675,40.89416662788451,58.7158203125
1605,16.05,1536,1529,2400,2398,1,0,1,40.97419435122675,40.78746299676152,58.59375
1606,16.06,1536,1531,2404,2398,1,0,1,40.97419435122675,40.84081481232302,58.69140625
1607,16.07,1536,1530,2402,2398,1,0,1,40.97419435122675,40.81413890454227,58.642578125
1608,16.08,1536,1533,2403,2398,1,0,1,40.97419435122675,40.89416662788451,58.6669921875
1609,16.09,1536,1532,2400,2398,1,0,1,40.97419435122675,40.86749072010376,58.59375
1610,16.1,1536,1531,2401,2398,1,0,1,40.97419435122675,40.84081481232302,58.6181640625
1611,16.11,1536,1532,2402,2398,1,0,1,40.97419435122675,40.86749072010376,58.642578125
1612,16.12,1536,1531,2401,2398,1,0,1,40.97419435122675,40.84081481232302,58.6181640625
1613,16.13,1536,1531,2402,2398,1,0,1,40.97419435122675,40.84081481232302,58.642578125
1614,16.14,1536,1536,2402,2398,1,0,1,40.97419435122675,40.97419435122675,58.642578125
1615,16.15,1536,1531,2398,2398,1,0,1,40.97419435122675,40.84081481232302,58.544921875
1616,16.16,1536,1529,2402,2398,1,0,1,40.97419435122675,40.78746299676152,58.642578125
1617,16.17,1536,1535,2404,2398,1,0,1,40.97419435122675,40.947518443446,58.69140625
1618,16.18,1536,1531,2398,2398,1,0,1,40.97419435122675,40.84081481232302,58.544921875
1619,16.19,1536,1537,2402,2398,1,0,1,40.97419435122675,41.00087025900749,58.642578125
1620,16.2,1536,1531,2396,2397,1,0,1,40.97419435122675,40.84081481232302,58.49609375
1621,16.21,1536,1534,2401,2397,1,0,1,40.97419435122675,40.92084253566525,58.6181640625
1622,16.22,1536,1535,2398,2397,1,0,1,40.97419435122675,40.947518443446,58.544921875
1623,16.23,1536,1530,2397,2397,1,0,1,40.97419435122675,40.81413890454227,58.5205078125
1624,16.24,1536,1532,2402,2397,1,0,1,40.97419435122675,40.86749072010376,58.642578125
1625,16.25,1536,1531,2400,2397,1,0,1,40.97419435122675,40.84081481232302,58.59375
1626,16.26,1536,1534,2401,2397,1,0,1,40.97419435122675,40.92084253566525,58.6181640625
1627,16.27,1536,1532,2398,2397,1,0,1,40.97419435122675,40.86749072010376,58.544921875
1628,16.28,1536,1531,2400,2397,1,0,1,40.97419435122675,40.84081481232302,58.59375
1629,16.29,1536,1529,2401,2397,1,0,1,40.97419435122675,40.78746299676152,58.6181640625
1630,16.3,1536,1530,2403,2397,1,0,1,40.97419435122675,40.81413890454227,58.6669921875
1631,16.31,1536,1531,2402,2397,1,0,1,40.97419435122675,40.84081481232302,58.642578125
1632,16.32,1536,1536,2401,2397,1,0,1,40.97419435122675,40.97419435122675,58.6181640625
1633,16.33,1536,1531,2397,2397,1,0,1,40.97419435122675,40.84081481232302,58.5205078125
1634,16.34,1536,1529,2401,2397,1,0,1,40.97419435122675,40.78746299676152,58.6181640625
1635,16.35,1536,1533,2403,2397,1,0,1,40.97419435122675,40.89416662788451,58.6669921875
1636,16.36,1536,1528,2399,2397,1,0,1,40.97419435122675,40.76078708898078,58.5693359375
1637,16.37,1536,1535,2404,2397,1,0,1,40.97419435122675,40.947518443446,58.69140625
1638,16.38,1536,1529,2397,2397,1,0,1,40.97419435122675,40.78746299676152,58.5205078125
1639,16.39,1536,1533,2403,2397,1,0,1,40.97419435122675,40.89416662788451,58.6669921875
1640,16.4,1536,1530,2399,2397,1,0,1,40.97419435122675,40.81413890454227,58.5693359375
1641,16.41,1536,1528,2402,2397,1,0,1,40.97419435122675,40.76078708898078,58.642578125
1642,16.42,1536,1530,2404,2397,1,0,1,40.97419435122675,40.81413890454227,58.69140625
1643,16.43,1536,1529,2402,2397,1,0,1,40.97419435122675,40.78746299676152,58.642578125
1644,16.44,1536,1531,2403,2397,1,0,1,40.97419435122675,40.84081481232302,58.6669921875
1645,16.45,1536,1530,2401,2397,1,0,1,40.97419435122675,40.81413890454227,58.6181640625
1646,16.46,1536,1529,2402,2397,1,0,1,40.97419435122675,40.78746299676152,58.642578125
1647,16.47,1536,1527,2403,2397,1,0,1,40.97419435122675,40.73411118120003,58.6669921875
1648,16.48,1536,1529,2405,2397,1,0,1,40.97419435122675,40.78746299676152,58.7158203125
1649,16.49,1536,1529,2403,2397,1,0,1,40.97419435122675,40.78746299676152,58.6669921875
1650,16.5,1536,1534,2403,2397,1,0,1,40.97419435122675,40.92084253566525,58.6669921875
1651,16.51,1536,1528,2398,2397,1,0,1,40.97419435122675,40.76078708898078,58.544921875
1652,16.52,1536,1527,2404,2397,1,0,1,40.97419435122675,40.73411118120003,58.69140625
1653,16.53,1536,1532,2405,2397,1,0,1,40.97419435122675,40.86749072010376,58.7158203125
1654,16.54,1536,1527,2400,2397,1,0,1,40.97419435122675,40.73411118120003,58.59375
1655,16.55,1536,1534,2405,2397,1,0,1,40.97419435122675,40.92084253566525,58.7158203125
1656,16.56,1536,1528,2398,2397,1,0,1,40.97419435122675,40.76078708898078,58.544921875
1657,16.57,1536,1531,2404,2397,1,0,1,40.97419435122675,40.84081481232302,58.69140625
1658,16.58,1536,1529,2401,2397,1,0,1,40.97419435122675,40.78746299676152,58.6181640625
1659,16.59,1536,1527,2403,2397,1,0,1,40.97419435122675,40.73411118120003,58.6669921875
1660,16.6,1536,1529,2405,2397,1,0,1,40.97419435122675,40.78746299676152,58.7158203125
1661,16.61,1536,1527,2403,2397,1,0,1,40.97419435122675,40.73411118120003,58.6669921875
1662,16.62,1536,1530,2405,2397,1,0,1,40.97419435122675,40.81413890454227,58.7158203125
1663,16.63,1536,1528,2402,2397,1,0,1,40.97419435122675,40.76078708898078,58.642578125
1664,16.64,1536,1528,2404,2397,1,0,1,40.97419435122675,40.76078708898078,58.69140625
1665,16.65,1536,1525,2404,2397,1,0,1,40.97419435122675,40.68075936563854,58.69140625
1666,16.66,1536,1527,2406,2397,1,0,1,40.97419435122675,40.73411118120003,58.740234375
1667,16.67,1536,1527,2405,2397,1,0,1,40.97419435122675,40.73411118120003,58.7158203125
1668,16.68,1536,1532,2405,2397,1,0,1,40.97419435122675,40.86749072010376,58.7158203125
1669,16.69,1536,1527,2400,2397,1,0,1,40.97419435122675,40.73411118120003,58.59375
1670,16.7,1536,1820,2405,2397,1,0,1,40.97419435122675,48.550152160958774,58.7158203125
1671,16.71,1536,1531,2123,2379,1,0,1,40.97419435122675,40.84081481232302,51.8310546875
1672,16.72,1536,1521,2383,2379,1,0,1,40.97419435122675,40.57405573451555,58.1787109375
1673,16.73,1536,1524,2392,2379,1,0,1,40.97419435122675,40.65408345785779,58.3984375
1674,16.74,1536,1518,2389,2379,1,0,1,40.97419435122675,40.494028011173306,58.3251953125
1675,16.75,1536,1522,2396,2380,1,0,1,40.97419435122675,40.600731642296296,58.49609375
1676,16.76,1536,1522,2392,2380,1,0,1,40.97419435122675,40.600731642296296,58.3984375
1677,16.77,1536,1517,2392,2380,1,0,1,40.97419435122675,40.467352103392564,58.3984375
1678,16.78,1536,1518,2398,2381,1,0,1,40.97419435122675,40.494028011173306,58.544921875
1679,16.79,1536,1518,2398,2382,1,0,1,40.97419435122675,40.494028011173306,58.544921875
1680,16.8,1536,1521,2399,2383,1,0,1,40.97419435122675,40.57405573451555,58.5693359375
1681,16.81,1536,1520,2396,2383,1,0,1,40.97419435122675,40.547379826734804,58.49609375
1682,16.82,1536,1518,2397,2383,1,0,1,40.97419435122675,40.494028011173306,58.5205078125
1683,16.83,1536,1519,2400,2384,1,0,1,40.97419435122675,40.520703918954055,58.59375
1684,16.84,1536,1519,2400,2385,1,0,1,40.97419435122675,40.520703918954055,58.59375
1685,16.85,1536,1522,2401,2386,1,0,1,40.97419435122675,40.600731642296296,58.6181640625
1686,16.86,1536,1520,2398,2386,1,0,1,40.97419435122675,40.547379826734804,58.544921875
1687,16.87,1536,1520,2400,2386,1,0,1,40.97419435122675,40.547379826734804,58.59375
1688,16.88,1536,1518,2400,2386,1,0,1,40.97419435122675,40.494028011173306,58.59375
1689,16.89,1536,1521,2403,2387,1,0,1,40.97419435122675,40.57405573451555,58.6669921875
1690,16.9,1536,1521,2400,2387,1,0,1,40.97419435122675,40.57405573451555,58.59375
1691,16.91,1536,1526,2400,2387,1,0,1,40.97419435122675,40.70743527341928,58.59375
1692,16.92,1536,1522,2395,2387,1,0,1,40.97419435122675,40.600731642296296,58.4716796875
1693,16.93,1536,1520,2399,2387,1,0,1,40.97419435122675,40.547379826734804,58.5693359375
1694,16.94,1536,1524,2401,2387,1,0,1,40.97419435122675,40.65408345785779,58.6181640625
1695,16.95,1536,1522,2397,2387,1,0,1,40.97419435122675,40.600731642296296,58.5205078125
1696,16.96,1536,1527,2399,2387,1,0,1,40.97419435122675,40.73411118120003,58.5693359375
1697,16.97,1536,1522,2395,2387,1,0,1,40.97419435122675,40.600731642296296,58.4716796875
1698,16.98,1536,1520,2399,2387,1,0,1,40.97419435122675,40.547379826734804,58.5693359375
1699,16.99,1536,1525,2401,2387,1,0,1,40.97419435122675,40.68075936563854,58.6181640625
1700,17.0,1536,1520,2396,2387,1,0,1,40.97419435122675,40.547379826734804,58.49609375
1701,17.01,1536,1523,2401,2387,1,0,1,40.97419435122675,40.627407550077045,58.6181640625
1702,17.02,1536,1521,2398,2387,1,0,1,40.97419435122675,40.57405573451555,58.544921875
1703,17.03,1536,1525,2400,2387,1,0,1,40.97419435122675,40.68075936563854,58.59375
1704,17.04,1536,1523,2396,2387,1,0,1,40.97419435122675,40.627407550077045,58.49609375
1705,17.05,1536,1520,2398,2387,1,0,1,40.97419435122675,40.547379826734804,58.544921875
1706,17.06,1536,1523,2401,2387,1,0,1,40.97419435122675,40.627407550077045,58.6181640625
1707,17.07,1536,1522,2398,2387,1,0,1,40.97419435122675,40.600731642296296,58.544921875
1708,17.08,1536,1525,2399,2387,1,0,1,40.97419435122675,40.68075936563854,58.5693359375
1709,17.09,1536,1522,2396,2387,1,0,1,40.97419435122675,40.600731642296296,58.49609375
1710,17.1,1536,1522,2399,2387,1,0,1,40.97419435122675,40.600731642296296,58.5693359375
1711,17.11,1536,1523,2399,2387,1,0,1,40.97419435122675,40.627407550077045,58.5693359375
1712,17.12,1536,1521,2398,2387,1,0,1,40.97419435122675,40.57405573451555,58.544921875
1713,17.13,1536,1521,2400,2387,1,0,1,40.97419435122675,40.57405573451555,58.59375
1714,17.14,1536,1526,2400,2387,1,0,1,40.97419435122675,40.70743527341928,58.59375
1715,17.15,1536,1521,2395,2387,1,0,1,40.97419435122675,40.57405573451555,58.4716796875
1716,17.16,1536,1519,2400,2387,1,0,1,40.97419435122675,40.520703918954055,58.59375
1717,17.17,1536,1524,2403,2388,1,0,1,40.97419435122675,40.65408345785779,58.6669921875
1718,17.18,1536,1521,2398,2388,1,0,1,40.97419435122675,40.57405573451555,58.544921875
1719,17.19,1536,1526,2401,2388,1,0,1,40.97419435122675,40.70743527341928,58.6181640625
1720,17.2,1536,1520,2396,2388,1,0,1,40.97419435122675,40.547379826734804,58.49609375
1721,17.21,1536,1519,2402,2388,1,0,1,40.97419435122675,40.520703918954055,58.642578125
1722,17.22,1536,1524,2404,2389,1,0,1,40.97419435122675,40.65408345785779,58.69140625
1723,17.23,1536,1519,2399,2389,1,0,1,40.97419435122675,40.520703918954055,58.5693359375
1724,17.24,1536,1526,2405,2390,1,0,1,40.97419435122675,40.70743527341928,58.7158203125
1725,17.25,1536,1520,2398,2390,1,0,1,40.97419435122675,40.547379826734804,58.544921875
1726,17.26,1536,1523,2404,2390,1,0,1,40.97419435122675,40.627407550077045,58.69140625
1727,17.27,1536,1524,2401,2390,1,0,1,40.97419435122675,40.65408345785779,58.6181640625
1728,17.28,1536,1519,2400,2390,1,0,1,40.97419435122675,40.520703918954055,58.59375
1729,17.29,1536,1521,2406,2391,1,0,1,40.97419435122675,40.57405573451555,58.740234375
1730,17.3,1536,1520,2404,2391,1,0,1,40.97419435122675,40.547379826734804,58.69140625
1731,17.31,1536,1523,2405,2391,1,0,1,40.97419435122675,40.627407550077045,58.7158203125
1732,17.32,1536,1521,2402,2391,1,0,1,40.97419435122675,40.57405573451555,58.642578125
1733,17.33,1536,1520,2404,2391,1,0,1,40.97419435122675,40.547379826734804,58.69140625
1734,17.34,1536,1521,2405,2391,1,0,1,40.97419435122675,40.57405573451555,58.7158203125
1735,17.35,1536,1519,2404,2391,1,0,1,40.97419435122675,40.520703918954055,58.69140625
1736,17.36,1536,1519,2407,2392,1,0,1,40.97419435122675,40.520703918954055,58.7646484375
1737,17.37,1536,1520,2408,2393,1,0,1,40.97419435122675,40.547379826734804,58.7890625
1738,17.38,1536,1519,2407,2393,1,0,1,40.97419435122675,40.520703918954055,58.7646484375
1739,17.39,1536,1517,2409,2394,1,0,1,40.97419435122675,40.467352103392564,58.8134765625
1740,17.4,1536,1518,2412,2395,1,0,1,40.97419435122675,40.494028011173306,58.88671875
1741,17.41,1536,1519,2412,2396,1,0,1,40.97419435122675,40.520703918954055,58.88671875
1742,17.42,1536,1524,2412,2397,1,0,1,40.97419435122675,40.65408345785779,58.88671875
1743,17.43,1536,1520,2407,2397,1,0,1,40.97419435122675,40.547379826734804,58.7646484375
1744,17.44,1536,1518,2411,2397,1,0,1,40.97419435122675,40.494028011173306,58.8623046875
1745,17.45,1536,1523,2414,2398,1,0,1,40.97419435122675,40.627407550077045,58.935546875
1746,17.46,1536,1521,2409,2398,1,0,1,40.97419435122675,40.57405573451555,58.8134765625
1747,17.47,1536,1526,2411,2398,1,0,1,40.97419435122675,40.70743527341928,58.8623046875
1748,17.48,1536,1521,2406,2398,1,0,1,40.97419435122675,40.57405573451555,58.740234375
1749,17.49,1536,1525,2411,2398,1,0,1,40.97419435122675,40.68075936563854,58.8623046875
1750,17.5,1536,1525,2407,2398,1,0,1,40.97419435122675,40.68075936563854,58.7646484375
1751,17.51,1536,1521,2407,2398,1,0,1,40.97419435122675,40.57405573451555,58.7646484375
1752,17.52,1536,1524,2411,2398,1,0,1,40.97419435122675,40.65408345785779,58.8623046875
1753,17.53,1536,1523,2408,2398,1,0,1,40.97419435122675,40.627407550077045,58.7890625
1754,17.54,1536,1527,2409,2398,1,0,1,40.97419435122675,40.73411118120003,58.8134765625
1755,17.55,1536,1526,2406,2398,1,0,1,40.97419435122675,40.70743527341928,58.740234375
1756,17.56,1536,1523,2406,2398,1,0,1,40.97419435122675,40.627407550077045,58.740234375
1757,17.57,1536,1526,2409,2398,1,0,1,40.97419435122675,40.70743527341928,58.8134765625
1758,17.58,1536,1526,2406,2398,1,0,1,40.97419435122675,40.70743527341928,58.740234375
1759,17.59,1536,1526,2406,2398,1,0,1,40.97419435122675,40.70743527341928,58.740234375
1760,17.6,1536,1527,2406,2398,1,0,1,40.97419435122675,40.73411118120003,58.740234375
1761,17.61,1536,1527,2406,2398,1,0,1,40.97419435122675,40.73411118120003,58.740234375
1762,17.62,1536,1525,2406,2398,1,0,1,40.97419435122675,40.68075936563854,58.740234375
1763,17.63,1536,1528,2407,2398,1,0,1,40.97419435122675,40.76078708898078,58.7646484375
1764,17.64,1536,1528,2405,2398,1,0,1,40.97419435122675,40.76078708898078,58.7158203125
1765,17.65,1536,1533,2405,2398,1,0,1,40.97419435122675,40.89416662788451,58.7158203125
1766,17.66,1536,1527,2400,2398,1,0,1,40.97419435122675,40.73411118120003,58.59375
1767,17.67,1536,1526,2406,2398,1,0,1,40.97419435122675,40.70743527341928,58.740234375
1768,17.68,1536,1531,2406,2398,1,0,1,40.97419435122675,40.84081481232302,58.740234375
1769,17.69,1536,1527,2402,2398,1,0,1,40.97419435122675,40.73411118120003,58.642578125
1770,17.7,1536,1534,2406,2398,1,0,1,40.97419435122675,40.92084253566525,58.740234375
1771,17.71,1536,1528,2399,2398,1,0,1,40.97419435122675,40.76078708898078,58.5693359375
1772,17.72,1536,1531,2405,2398,1,0,1,40.97419435122675,40.84081481232302,58.7158203125
1773,17.73,1536,1530,2402,2398,1,0,1,40.97419435122675,40.81413890454227,58.642578125
1774,17.74,1536,1527,2403,2398,1,0,1,40.97419435122675,40.73411118120003,58.6669921875
1775,17.75,1536,1530,2406,2398,1,0,1,40.97419435122675,40.81413890454227,58.740234375
1776,17.76,1536,1529,2403,2398,1,0,1,40.97419435122675,40.78746299676152,58.6669921875
1777,17.77,1536,1529,2404,2398,1,0,1,40.97419435122675,40.78746299676152,58.69140625
1778,17.78,1536,1530,2404,2398,1,0,1,40.97419435122675,40.81413890454227,58.69140625
1779,17.79,1536,1528,2403,2398,1,0,1,40.97419435122675,40.76078708898078,58.6669921875
1780,17.8,1536,1526,2405,2398,1,0,1,40.97419435122675,40.70743527341928,58.7158203125
1781,17.81,1536,1528,2406,2398,1,0,1,40.97419435122675,40.76078708898078,58.740234375
1782,17.82,1536,1527,2405,2398,1,0,1,40.97419435122675,40.73411118120003,58.7158203125
1783,17.83,1536,1532,2406,2398,1,0,1,40.97419435122675,40.86749072010376,58.740234375
1784,17.84,1536,1526,2401,2398,1,0,1,40.97419435122675,40.70743527341928,58.6181640625
1785,17.85,1536,1524,2406,2398,1,0,1,40.97419435122675,40.65408345785779,58.740234375
1786,17.86,1536,1529,2408,2398,1,0,1,40.97419435122675,40.78746299676152,58.7890625
1787,17.87,1536,1524,2404,2398,1,0,1,40.97419435122675,40.65408345785779,58.69140625
1788,17.88,1536,1530,2408,2398,1,0,1,40.97419435122675,40.81413890454227,58.7890625
1789,17.89,1536,1525,2403,2398,1,0,1,40.97419435122675,40.68075936563854,58.6669921875
1790,17.9,1536,1528,2407,2398,1,0,1,40.97419435122675,40.76078708898078,58.7646484375
1791,17.91,1536,1526,2405,2398,1,0,1,40.97419435122675,40.70743527341928,58.7158203125
1792,17.92,1536,1523,2406,2398,1,0,1,40.97419435122675,40.627407550077045,58.740234375
1793,17.93,1536,1526,2409,2398,1,0,1,40.97419435122675,40.70743527341928,58.8134765625
1794,17.94,1536,1525,2406,2398,1,0,1,40.97419435122675,40.68075936563854,58.740234375
1795,17.95,1536,1527,2407,2398,1,0,1,40.97419435122675,40.73411118120003,58.7646484375
1796,17.96,1536,1525,2406,2398,1,0,1,40.97419435122675,40.68075936563854,58.740234375
1797,17.97,1536,1525,2407,2398,1,0,1,40.97419435122675,40.68075936563854,58.7646484375
1798,17.98,1536,1526,2407,2398,1,0,1,40.97419435122675,40.70743527341928,58.7646484375
1799,17.99,1536,1525,2406,2398,1,0,1,40.97419435122675,40.68075936563854,58.740234375
1800,18.0,1536,1525,2407,2398,1,0,1,40.97419435122675,40.68075936563854,58.7646484375
1801,18.01,1536,1529,2407,2398,1,0,1,40.97419435122675,40.78746299676152,58.7646484375
1802,18.02,1536,1524,2404,2398,1,0,1,40.97419435122675,40.65408345785779,58.69140625
1803,18.03,1536,1522,2408,2398,1,0,1,40.97419435122675,40.600731642296296,58.7890625
1804,18.04,1536,1527,2410,2398,1,0,1,40.97419435122675,40.73411118120003,58.837890625
1805,18.05,1536,1524,2406,2398,1,0,1,40.97419435122675,40.65408345785779,58.740234375
1806,18.06,1536,1528,2408,2398,1,0,1,40.97419435122675,40.76078708898078,58.7890625
1807,18.07,1536,1523,2405,2398,1,0,1,40.97419435122675,40.627407550077045,58.7158203125
1808,18.08,1536,1527,2409,2398,1,0,1,40.97419435122675,40.73411118120003,58.8134765625
1809,18.09,1536,1527,2406,2398,1,0,1,40.97419435122675,40.73411118120003,58.740234375
1810,18.1,1536,1522,2406,2398,1,0,1,40.97419435122675,40.600731642296296,58.740234375
1811,18.11,1536,1525,2410,2398,1,0,1,40.97419435122675,40.68075936563854,58.837890625
1812,18.12,1536,1522,2407,2398,1,0,1,40.97419435122675,40.600731642296296,58.7646484375
1813,18.13,1536,1525,2410,2398,1,0,1,40.97419435122675,40.68075936563854,58.837890625
1814,18.14,1536,1524,2407,2398,1,0,1,40.97419435122675,40.65408345785779,58.7646484375
1815,18.15,1536,1522,2408,2398,1,0,1,40.97419435122675,40.600731642296296,58.7890625
1816,18.16,1536,1524,2410,2398,1,0,1,40.97419435122675,40.65408345785779,58.837890625
1817,18.17,1536,1523,2408,2398,1,0,1,40.97419435122675,40.627407550077045,58.7890625
1818,18.18,1536,1524,2409,2398,1,0,1,40.97419435122675,40.65408345785779,58.8134765625
1819,18.19,1536,1525,2408,2398,1,0,1,40.97419435122675,40.68075936563854,58.7890625
1820,18.2,1536,1524,2407,2398,1,0,1,40.97419435122675,40.65408345785779,58.7646484375
1821,18.21,1536,1522,2408,2398,1,0,1,40.97419435122675,40.600731642296296,58.7890625
1822,18.22,1536,1525,2410,2398,1,0,1,40.97419435122675,40.68075936563854,58.837890625
1823,18.23,1536,1525,2407,2398,1,0,1,40.97419435122675,40.68075936563854,58.7646484375
1824,18.24,1536,1531,2407,2398,1,0,1,40.97419435122675,40.84081481232302,58.7646484375
1825,18.25,1536,1526,2402,2398,1,0,1,40.97419435122675,40.70743527341928,58.642578125
1826,18.26,1536,1524,2406,2398,1,0,1,40.97419435122675,40.65408345785779,58.740234375
1827,18.27,1536,1529,2408,2398,1,0,1,40.97419435122675,40.78746299676152,58.7890625
1828,18.28,1536,1524,2404,2398,1,0,1,40.97419435122675,40.65408345785779,58.69140625
1829,18.29,1536,1531,2408,2398,1,0,1,40.97419435122675,40.84081481232302,58.7890625
1830,18.3,1536,1526,2402,2398,1,0,1,40.97419435122675,40.70743527341928,58.642578125
1831,18.31,1536,1530,2406,2398,1,0,1,40.97419435122675,40.81413890454227,58.740234375
1832,18.32,1536,1530,2403,2398,1,0,1,40.97419435122675,40.81413890454227,58.6669921875
1833,18.33,1536,1525,2403,2398,1,0,1,40.97419435122675,40.68075936563854,58.6669921875
1834,18.34,1536,1528,2407,2398,1,0,1,40.97419435122675,40.76078708898078,58.7646484375
1835,18.35,1536,1527,2405,2398,1,0,1,40.97419435122675,40.73411118120003,58.7158203125
1836,18.36,1536,1530,2406,2398,1,0,1,40.97419435122675,40.81413890454227,58.740234375
1837,18.37,1536,1528,2403,2398,1,0,1,40.97419435122675,40.76078708898078,58.6669921875
1838,18.38,1536,1527,2405,2398,1,0,1,40.97419435122675,40.73411118120003,58.7158203125
1839,18.39,1536,1529,2406,2398,1,0,1,40.97419435122675,40.78746299676152,58.740234375
1840,18.4,1536,1527,2404,2398,1,0,1,40.97419435122675,40.73411118120003,58.69140625
1841,18.41,1536,1527,2406,2398,1,0,1,40.97419435122675,40.73411118120003,58.740234375
1842,18.42,1536,1532,2406,2398,1,0,1,40.97419435122675,40.86749072010376,58.740234375
1843,18.43,1536,1527,2401,2398,1,0,1,40.97419435122675,40.73411118120003,58.6181640625
1844,18.44,1536,1525,2406,2398,1,0,1,40.97419435122675,40.68075936563854,58.740234375
1845,18.45,1536,1530,2407,2398,1,0,1,40.97419435122675,40.81413890454227,58.7646484375
1846,18.46,1536,1527,2403,2398,1,0,1,40.97419435122675,40.73411118120003,58.6669921875
1847,18.47,1536,1532,2406,2398,1,0,1,40.97419435122675,40.86749072010376,58.740234375
1848,18.48,1536,1526,2401,2398,1,0,1,40.97419435122675,40.70743527341928,58.6181640625
1849,18.49,1536,1529,2406,2398,1,0,1,40.97419435122675,40.78746299676152,58.740234375
1850,18.5,1536,1530,2404,2398,1,0,1,40.97419435122675,40.81413890454227,58.69140625
1851,18.51,1536,1524,2403,2398,1,0,1,40.97419435122675,40.65408345785779,58.6669921875
1852,18.52,1536,1527,2408,2398,1,0,1,40.97419435122675,40.73411118120003,58.7890625
1853,18.53,1536,1525,2406,2398,1,0,1,40.97419435122675,40.68075936563854,58.740234375
1854,18.54,1536,1529,2407,2398,1,0,1,40.97419435122675,40.78746299676152,58.7646484375
1855,18.55,1536,1527,2404,2398,1,0,1,40.97419435122675,40.73411118120003,58.69140625
1856,18.56,1536,1526,2406,2398,1,0,1,40.97419435122675,40.70743527341928,58.740234375
1857,18.57,1536,1527,2406,2398,1,0,1,40.97419435122675,40.73411118120003,58.740234375
1858,18.58,1536,1525,2406,2398,1,0,1,40.97419435122675,40.68075936563854,58.740234375
1859,18.59,1536,1525,2407,2398,1,0,1,40.97419435122675,40.68075936563854,58.7646484375
1860,18.6,1536,1526,2407,2398,1,0,1,40.97419435122675,40.70743527341928,58.7646484375
1861,18.61,1536,1525,2406,2398,1,0,1,40.97419435122675,40.68075936563854,58.740234375
1862,18.62,1536,1523,2407,2398,1,0,1,40.97419435122675,40.627407550077045,58.7646484375
1863,18.63,1536,1528,2409,2398,1,0,1,40.97419435122675,40.76078708898078,58.8134765625
1864,18.64,1536,1524,2405,2398,1,0,1,40.97419435122675,40.65408345785779,58.7158203125
1865,18.65,1536,1529,2408,2398,1,0,1,40.97419435122675,40.78746299676152,58.7890625
1866,18.66,1536,1523,2404,2398,1,0,1,40.97419435122675,40.627407550077045,58.69140625
1867,18.67,1536,1522,2409,2398,1,0,1,40.97419435122675,40.600731642296296,58.8134765625
1868,18.68,1536,1527,2410,2398,1,0,1,40.97419435122675,40.73411118120003,58.837890625
1869,18.69,1536,1523,2406,2398,1,0,1,40.97419435122675,40.627407550077045,58.740234375
1870,18.7,1536,1529,2409,2398,1,0,1,40.97419435122675,40.78746299676152,58.8134765625
1871,18.71,1536,1524,2404,2398,1,0,1,40.97419435122675,40.65408345785779,58.69140625
1872,18.72,1536,1527,2408,2398,1,0,1,40.97419435122675,40.73411118120003,58.7890625
1873,18.73,1536,1526,2406,2398,1,0,1,40.97419435122675,40.70743527341928,58.740234375
1874,18.74,1536,1523,2406,2398,1,0,1,40.97419435122675,40.627407550077045,58.740234375
1875,18.75,1536,1525,2409,2398,1,0,1,40.97419435122675,40.68075936563854,58.8134765625
1876,18.76,1536,1525,2407,2398,1,0,1,40.97419435122675,40.68075936563854,58.7646484375
1877,18.77,1536,1527,2407,2398,1,0,1,40.97419435122675,40.73411118120003,58.7646484375
1878,18.78,1536,1525,2406,2398,1,0,1,40.97419435122675,40.68075936563854,58.740234375
1879,18.79,1536,1524,2407,2398,1,0,1,40.97419435122675,40.65408345785779,58.7646484375
1880,18.8,1536,1522,2408,2398,1,0,1,40.97419435122675,40.600731642296296,58.7890625
1881,18.81,1536,1525,2410,2398,1,0,1,40.97419435122675,40.68075936563854,58.837890625
1882,18.82,1536,1525,2407,2398,1,0,1,40.97419435122675,40.68075936563854,58.7646484375
1883,18.83,1536,1530,2407,2398,1,0,1,40.97419435122675,40.81413890454227,58.7646484375
1884,18.84,1536,1525,2403,2398,1,0,1,40.97419435122675,40.68075936563854,58.6669921875
1885,18.85,1536,1523,2407,2398,1,0,1,40.97419435122675,40.627407550077045,58.7646484375
1886,18.86,1536,1528,2409,2398,1,0,1,40.97419435122675,40.76078708898078,58.8134765625
1887,18.87,1536,1524,2405,2398,1,0,1,40.97419435122675,40.65408345785779,58.7158203125
1888,18.88,1536,1529,2408,2398,1,0,1,40.97419435122675,40.78746299676152,58.7890625
1889,18.89,1536,1523,2404,2398,1,0,1,40.97419435122675,40.627407550077045,58.69140625
1890,18.9,1536,1526,2409,2398,1,0,1,40.97419435122675,40.70743527341928,58.8134765625
1891,18.91,1536,1527,2406,2398,1,0,1,40.97419435122675,40.73411118120003,58.740234375
1892,18.92,1536,1523,2406,2398,1,0,1,40.97419435122675,40.627407550077045,58.740234375
1893,18.93,1536,1526,2409,2398,1,0,1,40.97419435122675,40.70743527341928,58.8134765625
1894,18.94,1536,1524,2406,2398,1,0,1,40.97419435122675,40.65408345785779,58.740234375
1895,18.95,1536,1527,2408,2398,1,0,1,40.97419435122675,40.73411118120003,58.7890625
1896,18.96,1536,1526,2406,2398,1,0,1,40.97419435122675,40.70743527341928,58.740234375
1897,18.97,1536,1525,2406,2398,1,0,1,40.97419435122675,40.68075936563854,58.740234375
1898,18.98,1536,1527,2407,2398,1,0,1,40.97419435122675,40.73411118120003,58.7646484375
1899,18.99,1536,1526,2406,2398,1,0,1,40.97419435122675,40.70743527341928,58.740234375
1900,19.0,1536,1526,2406,2398,1,0,1,40.97419435122675,40.70743527341928,58.740234375
1901,19.01,1536,1527,2406,2398,1,0,1,40.97419435122675,40.73411118120003,58.740234375
1902,19.02,1536,1527,2406,2398,1,0,1,40.97419435122675,40.73411118120003,58.740234375
1903,19.03,1536,1525,2406,2398,1,0,1,40.97419435122675,40.68075936563854,58.740234375
1904,19.04,1536,1530,2407,2398,1,0,1,40.97419435122675,40.81413890454227,58.7646484375
1905,19.05,1536,1528,2403,2398,1,0,1,40.97419435122675,40.76078708898078,58.6669921875
1906,19.06,1536,1533,2405,2398,1,0,1,40.97419435122675,40.89416662788451,58.7158203125
1907,19.07,1536,1527,2400,2398,1,0,1,40.97419435122675,40.73411118120003,58.59375
1908,19.08,1536,1526,2406,2398,1,0,1,40.97419435122675,40.70743527341928,58.740234375
1909,19.09,1536,1532,2406,2398,1,0,1,40.97419435122675,40.86749072010376,58.740234375
1910,19.1,1536,1527,2401,2398,1,0,1,40.97419435122675,40.73411118120003,58.6181640625
1911,19.11,1536,1530,2406,2398,1,0,1,40.97419435122675,40.81413890454227,58.740234375
1912,19.12,1536,1528,2403,2398,1,0,1,40.97419435122675,40.76078708898078,58.6669921875
1913,19.13,1536,1532,2405,2398,1,0,1,40.97419435122675,40.86749072010376,58.7158203125
1914,19.14,1536,1531,2401,2398,1,0,1,40.97419435122675,40.84081481232302,58.6181640625
1915,19.15,1536,1528,2402,2398,1,0,1,40.97419435122675,40.76078708898078,58.642578125
1916,19.16,1536,1531,2405,2398,1,0,1,40.97419435122675,40.84081481232302,58.7158203125
1917,19.17,1536,1530,2402,2398,1,0,1,40.97419435122675,40.81413890454227,58.642578125
1918,19.18,1536,1530,2403,2398,1,0,1,40.97419435122675,40.81413890454227,58.6669921875
1919,19.19,1536,1531,2403,2398,1,0,1,40.97419435122675,40.84081481232302,58.6669921875
1920,19.2,1536,1530,2402,2398,1,0,1,40.97419435122675,40.81413890454227,58.642578125
1921,19.21,1536,1528,2403,2398,1,0,1,40.97419435122675,40.76078708898078,58.6669921875
1922,19.22,1536,1533,2405,2398,1,0,1,40.97419435122675,40.89416662788451,58.7158203125
1923,19.23,1536,1531,2400,2398,1,0,1,40.97419435122675,40.84081481232302,58.59375
1924,19.24,1536,1536,2402,2398,1,0,1,40.97419435122675,40.97419435122675,58.642578125
1925,19.25,1536,1530,2398,2398,1,0,1,40.97419435122675,40.81413890454227,58.544921875
1926,19.26,1536,1529,2403,2398,1,0,1,40.97419435122675,40.78746299676152,58.6669921875
1927,19.27,1536,1534,2404,2398,1,0,1,40.97419435122675,40.92084253566525,58.69140625
1928,19.28,1536,1529,2399,2398,1,0,1,40.97419435122675,40.78746299676152,58.5693359375
1929,19.29,1536,1532,2404,2398,1,0,1,40.97419435122675,40.86749072010376,58.69140625
1930,19.3,1536,1530,2401,2398,1,0,1,40.97419435122675,40.81413890454227,58.6181640625
1931,19.31,1536,1533,2403,2398,1,0,1,40.97419435122675,40.89416662788451,58.6669921875
1932,19.32,1536,1532,2400,2398,1,0,1,40.97419435122675,40.86749072010376,58.59375
1933,19.33,1536,1530,2401,2398,1,0,1,40.97419435122675,40.81413890454227,58.6181640625
1934,19.34,1536,1532,2403,2398,1,0,1,40.97419435122675,40.86749072010376,58.6669921875
1935,19.35,1536,1531,2401,2398,1,0,1,40.97419435122675,40.84081481232302,58.6181640625
1936,19.36,1536,1531,2402,2398,1,0,1,40.97419435122675,40.84081481232302,58.642578125
1937,19.37,1536,1536,2402,2398,1,0,1,40.97419435122675,40.97419435122675,58.642578125
1938,19.38,1536,1531,2398,2398,1,0,1,40.97419435122675,40.84081481232302,58.544921875
1939,19.39,1536,1528,2402,2398,1,0,1,40.97419435122675,40.76078708898078,58.642578125
1940,19.4,1536,1533,2405,2398,1,0,1,40.97419435122675,40.89416662788451,58.7158203125
1941,19.41,1536,1530,2400,2398,1,0,1,40.97419435122675,40.81413890454227,58.59375
1942,19.42,1536,1535,2403,2398,1,0,1,40.97419435122675,40.947518443446,58.6669921875
1943,19.43,1536,1529,2398,2398,1,0,1,40.97419435122675,40.78746299676152,58.544921875
1944,19.44,1536,1533,2404,2398,1,0,1,40.97419435122675,40.89416662788451,58.69140625
1945,19.45,1536,1533,2400,2398,1,0,1,40.97419435122675,40.89416662788451,58.59375
1946,19.46,1536,1528,2400,2398,1,0,1,40.97419435122675,40.76078708898078,58.59375
1947,19.47,1536,1529,2405,2398,1,0,1,40.97419435122675,40.78746299676152,58.7158203125
1948,19.48,1536,1528,2404,2398,1,0,1,40.97419435122675,40.76078708898078,58.69140625
1949,19.49,1536,1531,2405,2398,1,0,1,40.97419435122675,40.84081481232302,58.7158203125
1950,19.5,1536,1529,2402,2398,1,0,1,40.97419435122675,40.78746299676152,58.642578125
1951,19.51,1536,1528,2404,2398,1,0,1,40.97419435122675,40.76078708898078,58.69140625
1952,19.52,1536,1529,2405,2398,1,0,1,40.97419435122675,40.78746299676152,58.7158203125
1953,19.53,1536,1527,2404,2398,1,0,1,40.97419435122675,40.73411118120003,58.69140625
1954,19.54,1536,1527,2406,2398,1,0,1,40.97419435122675,40.73411118120003,58.740234375
1955,19.55,1536,1533,2406,2398,1,0,1,40.97419435122675,40.89416662788451,58.740234375
1956,19.56,1536,1528,2400,2398,1,0,1,40.97419435122675,40.76078708898078,58.59375
1957,19.57,1536,1525,2405,2398,1,0,1,40.97419435122675,40.68075936563854,58.7158203125
1958,19.58,1536,1530,2407,2398,1,0,1,40.97419435122675,40.81413890454227,58.7646484375
1959,19.59,1536,1527,2403,2398,1,0,1,40.97419435122675,40.73411118120003,58.6669921875
1960,19.6,1536,1532,2406,2398,1,0,1,40.97419435122675,40.86749072010376,58.740234375
1961,19.61,1536,1527,2401,2398,1,0,1,40.97419435122675,40.73411118120003,58.6181640625
1962,19.62,1536,1530,2406,2398,1,0,1,40.97419435122675,40.81413890454227,58.740234375
1963,19.63,1536,1530,2403,2398,1,0,1,40.97419435122675,40.81413890454227,58.6669921875
1964,19.64,1536,1526,2403,2398,1,0,1,40.97419435122675,40.70743527341928,58.6669921875
1965,19.65,1536,1528,2406,2398,1,0,1,40.97419435122675,40.76078708898078,58.740234375
1966,19.66,1536,1527,2405,2398,1,0,1,40.97419435122675,40.73411118120003,58.7158203125
1967,19.67,1536,1530,2406,2398,1,0,1,40.97419435122675,40.81413890454227,58.740234375
1968,19.68,1536,1528,2403,2398,1,0,1,40.97419435122675,40.76078708898078,58.6669921875
1969,19.69,1536,1527,2405,2398,1,0,1,40.97419435122675,40.73411118120003,58.7158203125
1970,19.7,1536,1529,2406,2398,1,0,1,40.97419435122675,40.78746299676152,58.740234375
1971,19.71,1536,1528,2404,2398,1,0,1,40.97419435122675,40.76078708898078,58.69140625
1972,19.72,1536,1528,2405,2398,1,0,1,40.97419435122675,40.76078708898078,58.7158203125
1973,19.73,1536,1529,2405,2398,1,0,1,40.97419435122675,40.78746299676152,58.7158203125
1974,19.74,1536,1528,2404,2398,1,0,1,40.97419435122675,40.76078708898078,58.69140625
1975,19.75,1536,1526,2405,2398,1,0,1,40.97419435122675,40.70743527341928,58.7158203125
1976,19.76,1536,1531,2406,2398,1,0,1,40.97419435122675,40.84081481232302,58.740234375
1977,19.77,1536,1528,2402,2398,1,0,1,40.97419435122675,40.76078708898078,58.642578125
1978,19.78,1536,1533,2405,2398,1,0,1,40.97419435122675,40.89416662788451,58.7158203125
1979,19.79,1536,1527,2400,2398,1,0,1,40.97419435122675,40.73411118120003,58.59375
1980,19.8,1536,1531,2406,2398,1,0,1,40.97419435122675,40.84081481232302,58.740234375
1981,19.81,1536,1531,2402,2398,1,0,1,40.97419435122675,40.84081481232302,58.642578125
1982,19.82,1536,1526,2402,2398,1,0,1,40.97419435122675,40.70743527341928,58.642578125
1983,19.83,1536,1528,2406,2398,1,0,1,40.97419435122675,40.76078708898078,58.740234375
1984,19.84,1536,1527,2405,2398,1,0,1,40.97419435122675,40.73411118120003,58.7158203125
1985,19.85,1536,1530,2406,2398,1,0,1,40.97419435122675,40.81413890454227,58.740234375
1986,19.86,1536,1529,2403,2398,1,0,1,40.97419435122675,40.78746299676152,58.6669921875
1987,19.87,1536,1528,2404,2398,1,0,1,40.97419435122675,40.76078708898078,58.69140625
1988,19.88,1536,1529,2405,2398,1,0,1,40.97419435122675,40.78746299676152,58.7158203125
1989,19.89,1536,1529,2404,2398,1,0,1,40.97419435122675,40.78746299676152,58.69140625
1990,19.9,1536,1528,2404,2398,1,0,1,40.97419435122675,40.76078708898078,58.69140625
1991,19.91,1536,1529,2405,2398,1,0,1,40.97419435122675,40.78746299676152,58.7158203125
1992,19.92,1536,1528,2404,2398,1,0,1,40.97419435122675,40.76078708898078,58.69140625
1993,19.93,1536,1526,2405,2398,1,0,1,40.97419435122675,40.70743527341928,58.7158203125
1994,19.94,1536,1531,2406,2398,1,0,1,40.97419435122675,40.84081481232302,58.740234375
1995,19.95,1536,1528,2402,2398,1,0,1,40.97419435122675,40.76078708898078,58.642578125
1996,19.96,1536,1533,2405,2398,1,0,1,40.97419435122675,40.89416662788451,58.7158203125
1997,19.97,1536,1527,2400,2398,1,0,1,40.97419435122675,40.73411118120003,58.59375
1998,19.98,1536,1531,2406,2398,1,0,1,40.97419435122675,40.84081481232302,58.740234375
1999,19.99,1536,1531,2402,2398,1,0,1,40.97419435122675,40.84081481232302,58.642578125
2000,20.0,1536,1525,2402,2398,1,0,1,40.97419435122675,40.68075936563854,58.642578125
2001,20.01,1536,1528,2407,2398,1,0,1,40.97419435122675,40.76078708898078,58.7646484375
2002,20.02,1536,1526,2405,2398,1,0,1,40.97419435122675,40.70743527341928,58.7158203125
2003,20.03,1536,1529,2406,2398,1,0,1,40.97419435122675,40.78746299676152,58.740234375
2004,20.04,1536,1528,2404,2398,1,0,1,40.97419435122675,40.76078708898078,58.69140625
2005,20.05,1536,1526,2405,2398,1,0,1,40.97419435122675,40.70743527341928,58.7158203125
2006,20.06,1536,1527,2406,2398,1,0,1,40.97419435122675,40.73411118120003,58.740234375
2007,20.07,1536,1526,2406,2398,1,0,1,40.97419435122675,40.70743527341928,58.740234375
2008,20.08,1536,1526,2406,2398,1,0,1,40.97419435122675,40.70743527341928,58.740234375
2009,20.09,1536,1527,2406,2398,1,0,1,40.97419435122675,40.73411118120003,58.740234375
2010,20.1,1536,1525,2406,2398,1,0,1,40.97419435122675,40.68075936563854,58.740234375
2011,20.11,1536,1524,2407,2398,1,0,1,40.97419435122675,40.65408345785779,58.7646484375
2012,20.12,1536,1525,2408,2398,1,0,1,40.97419435122675,40.68075936563854,58.7890625
2013,20.13,1536,1525,2407,2398,1,0,1,40.97419435122675,40.68075936563854,58.7646484375
2014,20.14,1536,1531,2407,2398,1,0,1,40.97419435122675,40.84081481232302,58.7646484375
2015,20.15,1536,1525,2402,2398,1,0,1,40.97419435122675,40.68075936563854,58.642578125
2016,20.16,1536,1524,2407,2398,1,0,1,40.97419435122675,40.65408345785779,58.7646484375
2017,20.17,1536,1529,2408,2398,1,0,1,40.97419435122675,40.78746299676152,58.7890625
2018,20.18,1536,1524,2404,2398,1,0,1,40.97419435122675,40.65408345785779,58.69140625
2019,20.19,1536,1531,2408,2398,1,0,1,40.97419435122675,40.84081481232302,58.7890625
2020,20.2,1536,1525,2402,2398,1,0,1,40.97419435122675,40.68075936563854,58.642578125
2021,20.21,1536,1529,2407,2398,1,0,1,40.97419435122675,40.78746299676152,58.7646484375
2022,20.22,1536,1526,2404,2398,1,0,1,40.97419435122675,40.70743527341928,58.69140625
2023,20.23,1536,1524,2406,2398,1,0,1,40.97419435122675,40.65408345785779,58.740234375
2024,20.24,1536,1527,2408,2398,1,0,1,40.97419435122675,40.73411118120003,58.7890625
2025,20.25,1536,1525,2406,2398,1,0,1,40.97419435122675,40.68075936563854,58.740234375
2026,20.26,1536,1528,2407,2398,1,0,1,40.97419435122675,40.76078708898078,58.7646484375
2027,20.27,1536,1527,2405,2398,1,0,1,40.97419435122675,40.73411118120003,58.7158203125
2028,20.28,1536,1526,2406,2398,1,0,1,40.97419435122675,40.70743527341928,58.740234375
2029,20.29,1536,1524,2406,2398,1,0,1,40.97419435122675,40.65408345785779,58.740234375
2030,20.3,1536,1526,2408,2398,1,0,1,40.97419435122675,40.70743527341928,58.7890625
2031,20.31,1536,1527,2406,2398,1,0,1,40.97419435122675,40.73411118120003,58.740234375
2032,20.32,1536,1531,2406,2398,1,0,1,40.97419435122675,40.84081481232302,58.740234375
2033,20.33,1536,1527,2402,2398,1,0,1,40.97419435122675,40.73411118120003,58.642578125
2034,20.34,1536,1524,2406,2398,1,0,1,40.97419435122675,40.65408345785779,58.740234375
2035,20.35,1536,1529,2408,2398,1,0,1,40.97419435122675,40.78746299676152,58.7890625
2036,20.36,1536,1525,2404,2398,1,0,1,40.97419435122675,40.68075936563854,58.69140625
2037,20.37,1536,1531,2407,2398,1,0,1,40.97419435122675,40.84081481232302,58.7646484375
2038,20.38,1536,1526,2402,2398,1,0,1,40.97419435122675,40.70743527341928,58.642578125
2039,20.39,1536,1530,2406,2398,1,0,1,40.97419435122675,40.81413890454227,58.740234375
2040,20.4,1536,1530,2403,2398,1,0,1,40.97419435122675,40.81413890454227,58.6669921875
2041,20.41,1536,1526,2403,2398,1,0,1,40.97419435122675,40.70743527341928,58.6669921875
2042,20.42,1536,1528,2406,2398,1,0,1,40.97419435122675,40.76078708898078,58.740234375
2043,20.43,1536,1528,2405,2398,1,0,1,40.97419435122675,40.76078708898078,58.7158203125
2044,20.44,1536,1531,2405,2398,1,0,1,40.97419435122675,40.84081481232302,58.7158203125
2045,20.45,1536,1530,2402,2398,1,0,1,40.97419435122675,40.81413890454227,58.642578125
2046,20.46,1536,1530,2403,2398,1,0,1,40.97419435122675,40.81413890454227,58.6669921875
2047,20.47,1536,1530,2403,2398,1,0,1,40.97419435122675,40.81413890454227,58.6669921875
2048,20.48,1536,1530,2403,2398,1,0,1,40.97419435122675,40.81413890454227,58.6669921875
2049,20.49,1536,1530,2403,2398,1,0,1,40.97419435122675,40.81413890454227,58.6669921875
2050,20.5,1536,1536,2403,2398,1,0,1,40.97419435122675,40.97419435122675,58.6669921875
2051,20.51,1536,1531,2398,2398,1,0,1,40.97419435122675,40.84081481232302,58.544921875
2052,20.52,1536,1529,2402,2398,1,0,1,40.97419435122675,40.78746299676152,58.642578125
2053,20.53,1536,1535,2404,2398,1,0,1,40.97419435122675,40.947518443446,58.69140625
2054,20.54,1536,1530,2398,2398,1,0,1,40.97419435122675,40.81413890454227,58.544921875
2055,20.55,1536,1537,2403,2398,1,0,1,40.97419435122675,41.00087025900749,58.6669921875
2056,20.56,1536,1531,2396,2397,1,0,1,40.97419435122675,40.84081481232302,58.49609375
2057,20.57,1536,1534,2401,2397,1,0,1,40.97419435122675,40.92084253566525,58.6181640625
2058,20.58,1536,1533,2398,2397,1,0,1,40.97419435122675,40.89416662788451,58.544921875
2059,20.59,1536,1529,2399,2397,1,0,1,40.97419435122675,40.78746299676152,58.5693359375
2060,20.6,1536,1532,2403,2397,1,0,1,40.97419435122675,40.86749072010376,58.6669921875
2061,20.61,1536,1532,2400,2397,1,0,1,40.97419435122675,40.86749072010376,58.59375
2062,20.62,1536,1534,2400,2397,1,0,1,40.97419435122675,40.92084253566525,58.59375
2063,20.63,1536,1532,2398,2397,1,0,1,40.97419435122675,40.86749072010376,58.544921875
2064,20.64,1536,1532,2400,2397,1,0,1,40.97419435122675,40.86749072010376,58.59375
2065,20.65,1536,1530,2400,2397,1,0,1,40.97419435122675,40.81413890454227,58.59375
2066,20.66,1536,1531,2402,2397,1,0,1,40.97419435122675,40.84081481232302,58.642578125
2067,20.67,1536,1531,2401,2397,1,0,1,40.97419435122675,40.84081481232302,58.6181640625
2068,20.68,1536,1536,2401,2397,1,0,1,40.97419435122675,40.97419435122675,58.6181640625
2069,20.69,1536,1531,2397,2397,1,0,1,40.97419435122675,40.84081481232302,58.5205078125
2070,20.7,1536,1530,2401,2397,1,0,1,40.97419435122675,40.81413890454227,58.6181640625
2071,20.71,1536,1534,2402,2397,1,0,1,40.97419435122675,40.92084253566525,58.642578125
2072,20.72,1536,1530,2398,2397,1,0,1,40.97419435122675,40.81413890454227,58.544921875
2073,20.73,1536,1533,2402,2397,1,0,1,40.97419435122675,40.89416662788451,58.642578125
2074,20.74,1536,1530,2399,2397,1,0,1,40.97419435122675,40.81413890454227,58.5693359375
2075,20.75,1536,1534,2402,2397,1,0,1,40.97419435122675,40.92084253566525,58.642578125
2076,20.76,1536,1532,2398,2397,1,0,1,40.97419435122675,40.86749072010376,58.544921875
2077,20.77,1536,1531,2400,2397,1,0,1,40.97419435122675,40.84081481232302,58.59375
2078,20.78,1536,1532,2401,2397,1,0,1,40.97419435122675,40.86749072010376,58.6181640625
2079,20.79,1536,1531,2400,2397,1,0,1,40.97419435122675,40.84081481232302,58.59375
2080,20.8,1536,1531,2401,2397,1,0,1,40.97419435122675,40.84081481232302,58.6181640625
2081,20.81,1536,1532,2401,2397,1,0,1,40.97419435122675,40.86749072010376,58.6181640625
2082,20.82,1536,1530,2400,2397,1,0,1,40.97419435122675,40.81413890454227,58.59375
2083,20.83,1536,1529,2402,2397,1,0,1,40.97419435122675,40.78746299676152,58.642578125
2084,20.84,1536,1533,2403,2397,1,0,1,40.97419435122675,40.89416662788451,58.6669921875
2085,20.85,1536,1530,2399,2397,1,0,1,40.97419435122675,40.81413890454227,58.5693359375
2086,20.86,1536,1535,2402,2397,1,0,1,40.97419435122675,40.947518443446,58.642578125
2087,20.87,1536,1529,2397,2397,1,0,1,40.97419435122675,40.78746299676152,58.5205078125
2088,20.88,1536,1533,2403,2397,1,0,1,40.97419435122675,40.89416662788451,58.6669921875
2089,20.89,1536,1533,2399,2397,1,0,1,40.97419435122675,40.89416662788451,58.5693359375
2090,20.9,1536,1529,2399,2397,1,0,1,40.97419435122675,40.78746299676152,58.5693359375
2091,20.91,1536,1530,2403,2397,1,0,1,40.97419435122675,40.81413890454227,58.6669921875
2092,20.92,1536,1529,2402,2397,1,0,1,40.97419435122675,40.78746299676152,58.642578125
2093,20.93,1536,1533,2403,2397,1,0,1,40.97419435122675,40.89416662788451,58.6669921875
2094,20.94,1536,1531,2399,2397,1,0,1,40.97419435122675,40.84081481232302,58.5693359375
2095,20.95,1536,1531,2401,2397,1,0,1,40.97419435122675,40.84081481232302,58.6181640625
2096,20.96,1536,1532,2401,2397,1,0,1,40.97419435122675,40.86749072010376,58.6181640625
2097,20.97,1536,1530,2400,2397,1,0,1,40.97419435122675,40.81413890454227,58.59375
2098,20.98,1536,1530,2402,2397,1,0,1,40.97419435122675,40.81413890454227,58.642578125
2099,20.99,1536,1535,2402,2397,1,0,1,40.97419435122675,40.947518443446,58.642578125
2100,21.0,1536,1530,2397,2397,1,0,1,40.97419435122675,40.81413890454227,58.5205078125
2101,21.01,1536,1527,2402,2397,1,0,1,40.97419435122675,40.73411118120003,58.642578125
2102,21.02,1536,1533,2405,2397,1,0,1,40.97419435122675,40.89416662788451,58.7158203125
2103,21.03,1536,1530,2399,2397,1,0,1,40.97419435122675,40.81413890454227,58.5693359375
2104,21.04,1536,1535,2402,2397,1,0,1,40.97419435122675,40.947518443446,58.642578125
2105,21.05,1536,1529,2397,2397,1,0,1,40.97419435122675,40.78746299676152,58.5205078125
2106,21.06,1536,1532,2403,2397,1,0,1,40.97419435122675,40.86749072010376,58.6669921875
2107,21.07,1536,1533,2400,2397,1,0,1,40.97419435122675,40.89416662788451,58.59375
2108,21.08,1536,1527,2399,2397,1,0,1,40.97419435122675,40.73411118120003,58.5693359375
2109,21.09,1536,1530,2405,2397,1,0,1,40.97419435122675,40.81413890454227,58.7158203125
2110,21.1,1536,1530,2402,2397,1,0,1,40.97419435122675,40.81413890454227,58.642578125
2111,21.11,1536,1532,2402,2397,1,0,1,40.97419435122675,40.86749072010376,58.642578125
2112,21.12,1536,1530,2400,2397,1,0,1,40.97419435122675,40.81413890454227,58.59375
2113,21.13,1536,1530,2402,2397,1,0,1,40.97419435122675,40.81413890454227,58.642578125
2114,21.14,1536,1531,2402,2397,1,0,1,40.97419435122675,40.84081481232302,58.642578125
2115,21.15,1536,1531,2401,2397,1,0,1,40.97419435122675,40.84081481232302,58.6181640625
2116,21.16,1536,1531,2401,2397,1,0,1,40.97419435122675,40.84081481232302,58.6181640625
2117,21.17,1536,1537,2401,2397,1,0,1,40.97419435122675,41.00087025900749,58.6181640625
2118,21.18,1536,1531,2395,2396,1,0,1,40.97419435122675,40.84081481232302,58.4716796875
2119,21.19,1536,1529,2400,2396,1,0,1,40.97419435122675,40.78746299676152,58.59375
2120,21.2,1536,1534,2402,2396,1,0,1,40.97419435122675,40.92084253566525,58.642578125
2121,21.21,1536,1530,2397,2396,1,0,1,40.97419435122675,40.81413890454227,58.5205078125
2122,21.22,1536,1537,2401,2396,1,0,1,40.97419435122675,41.00087025900749,58.6181640625
2123,21.23,1536,1531,2394,2395,1,0,1,40.97419435122675,40.84081481232302,58.447265625
2124,21.24,1536,1534,2399,2395,1,0,1,40.97419435122675,40.92084253566525,58.5693359375
2125,21.25,1536,1532,2396,2395,1,0,1,40.97419435122675,40.86749072010376,58.49609375
2126,21.26,1536,1530,2398,2395,1,0,1,40.97419435122675,40.81413890454227,58.544921875
2127,21.27,1536,1532,2400,2395,1,0,1,40.97419435122675,40.86749072010376,58.59375
2128,21.28,1536,1531,2398,2395,1,0,1,40.97419435122675,40.84081481232302,58.544921875
2129,21.29,1536,1531,2399,2395,1,0,1,40.97419435122675,40.84081481232302,58.5693359375
2130,21.3,1536,1533,2399,2395,1,0,1,40.97419435122675,40.89416662788451,58.5693359375
2131,21.31,1536,1532,2397,2395,1,0,1,40.97419435122675,40.86749072010376,58.5205078125
2132,21.32,1536,1530,2398,2395,1,0,1,40.97419435122675,40.81413890454227,58.544921875
2133,21.33,1536,1532,2400,2395,1,0,1,40.97419435122675,40.86749072010376,58.59375
2134,21.34,1536,1532,2398,2395,1,0,1,40.97419435122675,40.86749072010376,58.544921875
2135,21.35,1536,1537,2398,2395,1,0,1,40.97419435122675,41.00087025900749,58.544921875
2136,21.36,1536,1531,2393,2394,1,0,1,40.97419435122675,40.84081481232302,58.4228515625
2137,21.37,1536,1530,2398,2394,1,0,1,40.97419435122675,40.81413890454227,58.544921875
2138,21.38,1536,1535,2399,2394,1,0,1,40.97419435122675,40.947518443446,58.5693359375
2139,21.39,1536,1530,2394,2394,1,0,1,40.97419435122675,40.81413890454227,58.447265625
2140,21.4,1536,1532,2399,2394,1,0,1,40.97419435122675,40.86749072010376,58.5693359375
2141,21.41,1536,1531,2397,2394,1,0,1,40.97419435122675,40.84081481232302,58.5205078125
2142,21.42,1536,1534,2398,2394,1,0,1,40.97419435122675,40.92084253566525,58.544921875
2143,21.43,1536,1532,2395,2394,1,0,1,40.97419435122675,40.86749072010376,58.4716796875
2144,21.44,1536,1531,2397,2394,1,0,1,40.97419435122675,40.84081481232302,58.5205078125
2145,21.45,1536,1531,2398,2394,1,0,1,40.97419435122675,40.84081481232302,58.544921875
2146,21.46,1536,1530,2398,2394,1,0,1,40.97419435122675,40.81413890454227,58.544921875
2147,21.47,1536,1529,2399,2394,1,0,1,40.97419435122675,40.78746299676152,58.5693359375
2148,21.48,1536,1531,2400,2394,1,0,1,40.97419435122675,40.84081481232302,58.59375
2149,21.49,1536,1529,2398,2394,1,0,1,40.97419435122675,40.78746299676152,58.544921875
2150,21.5,1536,1526,2400,2394,1,0,1,40.97419435122675,40.70743527341928,58.59375
2151,21.51,1536,1531,2402,2394,1,0,1,40.97419435122675,40.84081481232302,58.642578125
2152,21.52,1536,1528,2398,2394,1,0,1,40.97419435122675,40.76078708898078,58.544921875
2153,21.53,1536,1533,2401,2394,1,0,1,40.97419435122675,40.89416662788451,58.6181640625
2154,21.54,1536,1527,2396,2394,1,0,1,40.97419435122675,40.73411118120003,58.49609375
2155,21.55,1536,1530,2402,2394,1,0,1,40.97419435122675,40.81413890454227,58.642578125
2156,21.56,1536,1530,2399,2394,1,0,1,40.97419435122675,40.81413890454227,58.5693359375
2157,21.57,1536,1525,2399,2394,1,0,1,40.97419435122675,40.68075936563854,58.5693359375
2158,21.58,1536,1527,2403,2394,1,0,1,40.97419435122675,40.73411118120003,58.6669921875
2159,21.59,1536,1526,2402,2394,1,0,1,40.97419435122675,40.70743527341928,58.642578125
2160,21.6,1536,1528,2402,2394,1,0,1,40.97419435122675,40.76078708898078,58.642578125
2161,21.61,1536,1526,2401,2394,1,0,1,40.97419435122675,40.70743527341928,58.6181640625
2162,21.62,1536,1523,2402,2394,1,0,1,40.97419435122675,40.627407550077045,58.642578125
2163,21.63,1536,1526,2405,2394,1,0,1,40.97419435122675,40.70743527341928,58.7158203125
2164,21.64,1536,1525,2402,2394,1,0,1,40.97419435122675,40.68075936563854,58.642578125
2165,21.65,1536,1525,2403,2394,1,0,1,40.97419435122675,40.68075936563854,58.6669921875
2166,21.66,1536,1525,2403,2394,1,0,1,40.97419435122675,40.68075936563854,58.6669921875
2167,21.67,1536,1524,2403,2394,1,0,1,40.97419435122675,40.65408345785779,58.6669921875
2168,21.68,1536,1521,2404,2394,1,0,1,40.97419435122675,40.57405573451555,58.69140625
2169,21.69,1536,1523,2407,2394,1,0,1,40.97419435122675,40.627407550077045,58.7646484375
2170,21.7,1536,1523,2405,2394,1,0,1,40.97419435122675,40.627407550077045,58.7158203125
2171,21.71,1536,1528,2405,2394,1,0,1,40.97419435122675,40.76078708898078,58.7158203125
2172,21.72,1536,1522,2401,2394,1,0,1,40.97419435122675,40.600731642296296,58.6181640625
2173,21.73,1536,1521,2406,2394,1,0,1,40.97419435122675,40.57405573451555,58.740234375
2174,21.74,1536,1526,2407,2394,1,0,1,40.97419435122675,40.70743527341928,58.7646484375
2175,21.75,1536,1521,2402,2394,1,0,1,40.97419435122675,40.57405573451555,58.642578125
2176,21.76,1536,1528,2407,2394,1,0,1,40.97419435122675,40.76078708898078,58.7646484375
2177,21.77,1536,1522,2401,2394,1,0,1,40.97419435122675,40.600731642296296,58.6181640625
2178,21.78,1536,1524,2406,2394,1,0,1,40.97419435122675,40.65408345785779,58.740234375
2179,21.79,1536,1525,2404,2394,1,0,1,40.97419435122675,40.68075936563854,58.69140625
2180,21.8,1536,1521,2403,2394,1,0,1,40.97419435122675,40.57405573451555,58.6669921875
2181,21.81,1536,1523,2407,2394,1,0,1,40.97419435122675,40.627407550077045,58.7646484375
2182,21.82,1536,1521,2405,2394,1,0,1,40.97419435122675,40.57405573451555,58.7158203125
2183,21.83,1536,1525,2407,2394,1,0,1,40.97419435122675,40.68075936563854,58.7646484375
2184,21.84,1536,1523,2403,2394,1,0,1,40.97419435122675,40.627407550077045,58.6669921875
2185,21.85,1536,1522,2405,2394,1,0,1,40.97419435122675,40.600731642296296,58.7158203125
2186,21.86,1536,1523,2406,2394,1,0,1,40.97419435122675,40.627407550077045,58.740234375
2187,21.87,1536,1523,2405,2394,1,0,1,40.97419435122675,40.627407550077045,58.7158203125
2188,21.88,1536,1523,2405,2394,1,0,1,40.97419435122675,40.627407550077045,58.7158203125
2189,21.89,1536,1524,2405,2394,1,0,1,40.97419435122675,40.65408345785779,58.7158203125
2190,21.9,1536,1523,2404,2394,1,0,1,40.97419435122675,40.627407550077045,58.69140625
2191,21.91,1536,1522,2405,2394,1,0,1,40.97419435122675,40.600731642296296,58.7158203125
2192,21.92,1536,1524,2406,2394,1,0,1,40.97419435122675,40.65408345785779,58.740234375
2193,21.93,1536,1525,2404,2394,1,0,1,40.97419435122675,40.68075936563854,58.69140625
2194,21.94,1536,1530,2403,2394,1,0,1,40.97419435122675,40.81413890454227,58.6669921875
2195,21.95,1536,1525,2399,2394,1,0,1,40.97419435122675,40.68075936563854,58.5693359375
2196,21.96,1536,1524,2403,2394,1,0,1,40.97419435122675,40.65408345785779,58.6669921875
2197,21.97,1536,1529,2404,2394,1,0,1,40.97419435122675,40.78746299676152,58.69140625
2198,21.98,1536,1525,2400,2394,1,0,1,40.97419435122675,40.68075936563854,58.59375
2199,21.99,1536,1531,2403,2394,1,0,1,40.97419435122675,40.84081481232302,58.6669921875
2200,22.0,1536,1526,2398,2394,1,0,1,40.97419435122675,40.70743527341928,58.544921875
2201,22.01,1536,1530,2402,2394,1,0,1,40.97419435122675,40.81413890454227,58.642578125
2202,22.02,1536,1528,2399,2394,1,0,1,40.97419435122675,40.76078708898078,58.5693359375
2203,22.03,1536,1526,2401,2394,1,0,1,40.97419435122675,40.70743527341928,58.6181640625
2204,22.04,1536,1529,2402,2394,1,0,1,40.97419435122675,40.78746299676152,58.642578125
2205,22.05,1536,1528,2400,2394,1,0,1,40.97419435122675,40.76078708898078,58.59375
2206,22.06,1536,1531,2401,2394,1,0,1,40.97419435122675,40.84081481232302,58.6181640625
2207,22.07,1536,1530,2398,2394,1,0,1,40.97419435122675,40.81413890454227,58.544921875
2208,22.08,1536,1529,2399,2394,1,0,1,40.97419435122675,40.78746299676152,58.5693359375
2209,22.09,1536,1527,2400,2394,1,0,1,40.97419435122675,40.73411118120003,58.59375
2210,22.1,1536,1529,2402,2394,1,0,1,40.97419435122675,40.78746299676152,58.642578125
2211,22.11,1536,1529,2400,2394,1,0,1,40.97419435122675,40.78746299676152,58.59375
2212,22.12,1536,1535,2400,2394,1,0,1,40.97419435122675,40.947518443446,58.59375
2213,22.13,1536,1529,2394,2394,1,0,1,40.97419435122675,40.78746299676152,58.447265625
2214,22.14,1536,1528,2400,2394,1,0,1,40.97419435122675,40.76078708898078,58.59375
2215,22.15,1536,1534,2401,2394,1,0,1,40.97419435122675,40.92084253566525,58.6181640625
2216,22.16,1536,1820,2395,2394,1,0,1,40.97419435122675,48.550152160958774,58.4716796875
2217,22.17,1536,1535,2120,2376,1,0,1,40.97419435122675,40.947518443446,51.7578125
2218,22.18,1536,1526,2376,2376,1,0,1,40.97419435122675,40.70743527341928,58.0078125
2219,22.19,1536,1525,2384,2376,1,0,1,40.97419435122675,40.68075936563854,58.203125
2220,22.2,1536,1522,2385,2376,1,0,1,40.97419435122675,40.600731642296296,58.2275390625
2221,22.21,1536,1519,2388,2376,1,0,1,40.97419435122675,40.520703918954055,58.30078125
2222,22.22,1536,1522,2392,2377,1,0,1,40.97419435122675,40.600731642296296,58.3984375
2223,22.23,1536,1520,2389,2377,1,0,1,40.97419435122675,40.547379826734804,58.3251953125
2224,22.24,1536,1523,2391,2377,1,0,1,40.97419435122675,40.627407550077045,58.3740234375
2225,22.25,1536,1521,2388,2377,1,0,1,40.97419435122675,40.57405573451555,58.30078125
2226,22.26,1536,1519,2390,2377,1,0,1,40.97419435122675,40.520703918954055,58.349609375
2227,22.27,1536,1520,2393,2378,1,0,1,40.97419435122675,40.547379826734804,58.4228515625
2228,22.28,1536,1519,2392,2378,1,0,1,40.97419435122675,40.520703918954055,58.3984375
2229,22.29,1536,1519,2394,2379,1,0,1,40.97419435122675,40.520703918954055,58.447265625
2230,22.3,1536,1520,2395,2380,1,0,1,40.97419435122675,40.547379826734804,58.4716796875
2231,22.31,1536,1519,2394,2380,1,0,1,40.97419435122675,40.520703918954055,58.447265625
2232,22.32,1536,1517,2396,2381,1,0,1,40.97419435122675,40.467352103392564,58.49609375
2233,22.33,1536,1519,2399,2382,1,0,1,40.97419435122675,40.520703918954055,58.5693359375
2234,22.34,1536,1519,2398,2383,1,0,1,40.97419435122675,40.520703918954055,58.544921875
2235,22.35,1536,1524,2399,2384,1,0,1,40.97419435122675,40.65408345785779,58.5693359375
2236,22.36,1536,1519,2394,2384,1,0,1,40.97419435122675,40.520703918954055,58.447265625
2237,22.37,1536,1517,2400,2385,1,0,1,40.97419435122675,40.467352103392564,58.59375
2238,22.38,1536,1522,2403,2386,1,0,1,40.97419435122675,40.600731642296296,58.6669921875
2239,22.39,1536,1518,2398,2386,1,0,1,40.97419435122675,40.494028011173306,58.544921875
2240,22.4,1536,1524,2403,2387,1,0,1,40.97419435122675,40.65408345785779,58.6669921875
2241,22.41,1536,1519,2397,2387,1,0,1,40.97419435122675,40.520703918954055,58.5205078125
2242,22.42,1536,1523,2403,2388,1,0,1,40.97419435122675,40.627407550077045,58.6669921875
2243,22.43,1536,1523,2399,2388,1,0,1,40.97419435122675,40.627407550077045,58.5693359375
2244,22.44,1536,1518,2399,2388,1,0,1,40.97419435122675,40.494028011173306,58.5693359375
2245,22.45,1536,1521,2405,2389,1,0,1,40.97419435122675,40.57405573451555,58.7158203125
2246,22.46,1536,1520,2402,2389,1,0,1,40.97419435122675,40.547379826734804,58.642578125
2247,22.47,1536,1524,2403,2389,1,0,1,40.97419435122675,40.65408345785779,58.6669921875
2248,22.48,1536,1522,2399,2389,1,0,1,40.97419435122675,40.600731642296296,58.5693359375
2249,22.49,1536,1519,2401,2389,1,0,1,40.97419435122675,40.520703918954055,58.6181640625
2250,22.5,1536,1522,2405,2390,1,0,1,40.97419435122675,40.600731642296296,58.7158203125
2251,22.51,1536,1522,2402,2390,1,0,1,40.97419435122675,40.600731642296296,58.642578125
2252,22.52,1536,1525,2402,2390,1,0,1,40.97419435122675,40.68075936563854,58.642578125
2253,22.53,1536,1522,2399,2390,1,0,1,40.97419435122675,40.600731642296296,58.5693359375
2254,22.54,1536,1522,2402,2390,1,0,1,40.97419435122675,40.600731642296296,58.642578125
2255,22.55,1536,1520,2402,2390,1,0,1,40.97419435122675,40.547379826734804,58.642578125
2256,22.56,1536,1522,2404,2390,1,0,1,40.97419435122675,40.600731642296296,58.69140625
2257,22.57,1536,1523,2402,2390,1,0,1,40.97419435122675,40.627407550077045,58.642578125
2258,22.58,1536,1527,2401,2390,1,0,1,40.97419435122675,40.73411118120003,58.6181640625
2259,22.59,1536,1523,2398,2390,1,0,1,40.97419435122675,40.627407550077045,58.544921875
2260,22.6,1536,1521,2401,2390,1,0,1,40.97419435122675,40.57405573451555,58.6181640625
2261,22.61,1536,1526,2403,2390,1,0,1,40.97419435122675,40.70743527341928,58.6669921875
2262,22.62,1536,1524,2398,2390,1,0,1,40.97419435122675,40.65408345785779,58.544921875
2263,22.63,1536,1528,2400,2390,1,0,1,40.97419435122675,40.76078708898078,58.59375
2264,22.64,1536,1523,2397,2390,1,0,1,40.97419435122675,40.627407550077045,58.5205078125
2265,22.65,1536,1527,2401,2390,1,0,1,40.97419435122675,40.73411118120003,58.6181640625
2266,22.66,1536,1528,2398,2390,1,0,1,40.97419435122675,40.76078708898078,58.544921875
2267,22.67,1536,1523,2397,2390,1,0,1,40.97419435122675,40.627407550077045,58.5205078125
2268,22.68,1536,1526,2401,2390,1,0,1,40.97419435122675,40.70743527341928,58.6181640625
2269,22.69,1536,1525,2398,2390,1,0,1,40.97419435122675,40.68075936563854,58.544921875
2270,22.7,1536,1529,2399,2390,1,0,1,40.97419435122675,40.78746299676152,58.5693359375
2271,22.71,1536,1527,2396,2390,1,0,1,40.97419435122675,40.73411118120003,58.49609375
2272,22.72,1536,1525,2398,2390,1,0,1,40.97419435122675,40.68075936563854,58.544921875
2273,22.73,1536,1528,2399,2390,1,0,1,40.97419435122675,40.76078708898078,58.5693359375
2274,22.74,1536,1526,2397,2390,1,0,1,40.97419435122675,40.70743527341928,58.5205078125
2275,22.75,1536,1527,2398,2390,1,0,1,40.97419435122675,40.73411118120003,58.544921875
2276,22.76,1536,1528,2398,2390,1,0,1,40.97419435122675,40.76078708898078,58.544921875
2277,22.77,1536,1527,2397,2390,1,0,1,40.97419435122675,40.73411118120003,58.5205078125
2278,22.78,1536,1526,2398,2390,1,0,1,40.97419435122675,40.70743527341928,58.544921875
2279,22.79,1536,1531,2398,2390,1,0,1,40.97419435122675,40.84081481232302,58.544921875
2280,22.8,1536,1528,2394,2390,1,0,1,40.97419435122675,40.76078708898078,58.447265625
2281,22.81,1536,1533,2397,2390,1,0,1,40.97419435122675,40.89416662788451,58.5205078125
2282,22.82,1536,1527,2392,2390,1,0,1,40.97419435122675,40.73411118120003,58.3984375
2283,22.83,1536,1527,2398,2390,1,0,1,40.97419435122675,40.73411118120003,58.544921875
2284,22.84,1536,1532,2398,2390,1,0,1,40.97419435122675,40.86749072010376,58.544921875
2285,22.85,1536,1527,2393,2390,1,0,1,40.97419435122675,40.73411118120003,58.4228515625
2286,22.86,1536,1530,2398,2390,1,0,1,40.97419435122675,40.81413890454227,58.544921875
2287,22.87,1536,1529,2395,2390,1,0,1,40.97419435122675,40.78746299676152,58.4716796875
2288,22.88,1536,1533,2396,2390,1,0,1,40.97419435122675,40.89416662788451,58.49609375
2289,22.89,1536,1530,2392,2390,1,0,1,40.97419435122675,40.81413890454227,58.3984375
2290,22.9,1536,1528,2395,2390,1,0,1,40.97419435122675,40.76078708898078,58.4716796875
2291,22.91,1536,1530,2397,2390,1,0,1,40.97419435122675,40.81413890454227,58.5205078125
2292,22.92,1536,1529,2395,2390,1,0,1,40.97419435122675,40.78746299676152,58.4716796875
2293,22.93,1536,1529,2396,2390,1,0,1,40.97419435122675,40.78746299676152,58.49609375
2294,22.94,1536,1530,2396,2390,1,0,1,40.97419435122675,40.81413890454227,58.49609375
2295,22.95,1536,1528,2395,2390,1,0,1,40.97419435122675,40.76078708898078,58.4716796875
2296,22.96,1536,1525,2397,2390,1,0,1,40.97419435122675,40.68075936563854,58.5205078125
2297,22.97,1536,1530,2399,2390,1,0,1,40.97419435122675,40.81413890454227,58.5693359375
2298,22.98,1536,1527,2395,2390,1,0,1,40.97419435122675,40.73411118120003,58.4716796875
2299,22.99,1536,1531,2398,2390,1,0,1,40.97419435122675,40.84081481232302,58.544921875
2300,23.0,1536,1525,2394,2390,1,0,1,40.97419435122675,40.68075936563854,58.447265625
2301,23.01,1536,1523,2399,2390,1,0,1,40.97419435122675,40.627407550077045,58.5693359375
2302,23.02,1536,1528,2401,2390,1,0,1,40.97419435122675,40.76078708898078,58.6181640625
2303,23.03,1536,1523,2397,2390,1,0,1,40.97419435122675,40.627407550077045,58.5205078125
2304,23.04,1536,1530,2401,2390,1,0,1,40.97419435122675,40.81413890454227,58.6181640625
2305,23.05,1536,1524,2395,2390,1,0,1,40.97419435122675,40.65408345785779,58.4716796875
2306,23.06,1536,1527,2400,2390,1,0,1,40.97419435122675,40.73411118120003,58.59375
2307,23.07,1536,1525,2398,2390,1,0,1,40.97419435122675,40.68075936563854,58.544921875
2308,23.08,1536,1522,2399,2390,1,0,1,40.97419435122675,40.600731642296296,58.5693359375
2309,23.09,1536,1524,2402,2390,1,0,1,40.97419435122675,40.65408345785779,58.642578125
2310,23.1,1536,1524,2400,2390,1,0,1,40.97419435122675,40.65408345785779,58.59375
2311,23.11,1536,1526,2400,2390,1,0,1,40.97419435122675,40.70743527341928,58.59375
2312,23.12,1536,1525,2398,2390,1,0,1,40.97419435122675,40.68075936563854,58.544921875
2313,23.13,1536,1524,2399,2390,1,0,1,40.97419435122675,40.65408345785779,58.5693359375
2314,23.14,1536,1521,2400,2390,1,0,1,40.97419435122675,40.57405573451555,58.59375
2315,23.15,1536,1524,2403,2390,1,0,1,40.97419435122675,40.65408345785779,58.6669921875
2316,23.16,1536,1523,2400,2390,1,0,1,40.97419435122675,40.627407550077045,58.59375
2317,23.17,1536,1529,2401,2390,1,0,1,40.97419435122675,40.78746299676152,58.6181640625
2318,23.18,1536,1524,2396,2390,1,0,1,40.97419435122675,40.65408345785779,58.49609375
2319,23.19,1536,1522,2400,2390,1,0,1,40.97419435122675,40.600731642296296,58.59375
2320,23.2,1536,1526,2402,2390,1,0,1,40.97419435122675,40.70743527341928,58.642578125
2321,23.21,1536,1524,2398,2390,1,0,1,40.97419435122675,40.65408345785779,58.544921875
2322,23.22,1536,1529,2400,2390,1,0,1,40.97419435122675,40.78746299676152,58.59375
2323,23.23,1536,1523,2396,2390,1,0,1,40.97419435122675,40.627407550077045,58.49609375
2324,23.24,1536,1526,2401,2390,1,0,1,40.97419435122675,40.70743527341928,58.6181640625
2325,23.25,1536,1527,2398,2390,1,0,1,40.97419435122675,40.73411118120003,58.544921875
2326,23.26,1536,1522,2398,2390,1,0,1,40.97419435122675,40.600731642296296,58.544921875
2327,23.27,1536,1524,2402,2390,1,0,1,40.97419435122675,40.65408345785779,58.642578125
2328,23.28,1536,1522,2400,2390,1,0,1,40.97419435122675,40.600731642296296,58.59375
2329,23.29,1536,1526,2402,2390,1,0,1,40.97419435122675,40.70743527341928,58.642578125
2330,23.3,1536,1524,2398,2390,1,0,1,40.97419435122675,40.65408345785779,58.544921875
2331,23.31,1536,1522,2400,2390,1,0,1,40.97419435122675,40.600731642296296,58.59375
2332,23.32,1536,1525,2402,2390,1,0,1,40.97419435122675,40.68075936563854,58.642578125
2333,23.33,1536,1524,2399,2390,1,0,1,40.97419435122675,40.65408345785779,58.5693359375
2334,23.34,1536,1524,2400,2390,1,0,1,40.97419435122675,40.65408345785779,58.59375
2335,23.35,1536,1525,2400,2390,1,0,1,40.97419435122675,40.68075936563854,58.59375
2336,23.36,1536,1524,2399,2390,1,0,1,40.97419435122675,40.65408345785779,58.5693359375
2337,23.37,1536,1522,2400,2390,1,0,1,40.97419435122675,40.600731642296296,58.59375
2338,23.38,1536,1525,2402,2390,1,0,1,40.97419435122675,40.68075936563854,58.642578125
2339,23.39,1536,1526,2399,2390,1,0,1,40.97419435122675,40.70743527341928,58.5693359375
2340,23.4,1536,1531,2398,2390,1,0,1,40.97419435122675,40.84081481232302,58.544921875
2341,23.41,1536,1526,2394,2390,1,0,1,40.97419435122675,40.70743527341928,58.447265625
2342,23.42,1536,1524,2398,2390,1,0,1,40.97419435122675,40.65408345785779,58.544921875
2343,23.43,1536,1530,2400,2390,1,0,1,40.97419435122675,40.81413890454227,58.59375
2344,23.44,1536,1525,2395,2390,1,0,1,40.97419435122675,40.68075936563854,58.4716796875
2345,23.45,1536,1532,2399,2390,1,0,1,40.97419435122675,40.86749072010376,58.5693359375
2346,23.46,1536,1526,2393,2390,1,0,1,40.97419435122675,40.70743527341928,58.4228515625
2347,23.47,1536,1530,2398,2390,1,0,1,40.97419435122675,40.81413890454227,58.544921875
2348,23.48,1536,1530,2395,2390,1,0,1,40.97419435122675,40.81413890454227,58.4716796875
2349,23.49,1536,1526,2395,2390,1,0,1,40.97419435122675,40.70743527341928,58.4716796875
2350,23.5,1536,1528,2398,2390,1,0,1,40.97419435122675,40.76078708898078,58.544921875
2351,23.51,1536,1528,2397,2390,1,0,1,40.97419435122675,40.76078708898078,58.5205078125
2352,23.52,1536,1531,2397,2390,1,0,1,40.97419435122675,40.84081481232302,58.5205078125
2353,23.53,1536,1529,2394,2390,1,0,1,40.97419435122675,40.78746299676152,58.447265625
2354,23.54,1536,1528,2396,2390,1,0,1,40.97419435122675,40.76078708898078,58.49609375
2355,23.55,1536,1526,2397,2390,1,0,1,40.97419435122675,40.70743527341928,58.5205078125
2356,23.56,1536,1528,2398,2390,1,0,1,40.97419435122675,40.76078708898078,58.544921875
2357,23.57,1536,1529,2397,2390,1,0,1,40.97419435122675,40.78746299676152,58.5205078125
2358,23.58,1536,1533,2396,2390,1,0,1,40.97419435122675,40.89416662788451,58.49609375
2359,23.59,1536,1527,2392,2390,1,0,1,40.97419435122675,40.73411118120003,58.3984375
2360,23.6,1536,1524,2398,2390,1,0,1,40.97419435122675,40.65408345785779,58.544921875
2361,23.61,1536,1527,2400,2390,1,0,1,40.97419435122675,40.73411118120003,58.59375
2362,23.62,1536,1522,2398,2390,1,0,1,40.97419435122675,40.600731642296296,58.544921875
2363,23.63,1536,1528,2402,2390,1,0,1,40.97419435122675,40.76078708898078,58.642578125
2364,23.64,1536,1521,2397,2390,1,0,1,40.97419435122675,40.57405573451555,58.5205078125
2365,23.65,1536,1525,2403,2390,1,0,1,40.97419435122675,40.68075936563854,58.6669921875
2366,23.66,1536,1524,2399,2390,1,0,1,40.97419435122675,40.65408345785779,58.5693359375
2367,23.67,1536,1518,2400,2390,1,0,1,40.97419435122675,40.494028011173306,58.59375
2368,23.68,1536,1521,2407,2391,1,0,1,40.97419435122675,40.57405573451555,58.7646484375
2369,23.69,1536,1519,2404,2391,1,0,1,40.97419435122675,40.520703918954055,58.69140625
2370,23.7,1536,1522,2407,2392,1,0,1,40.97419435122675,40.600731642296296,58.7646484375
2371,23.71,1536,1520,2404,2392,1,0,1,40.97419435122675,40.547379826734804,58.69140625
2372,23.72,1536,1518,2406,2392,1,0,1,40.97419435122675,40.494028011173306,58.740234375
2373,23.73,1536,1520,2409,2393,1,0,1,40.97419435122675,40.547379826734804,58.8134765625
2374,23.74,1536,1519,2407,2393,1,0,1,40.97419435122675,40.520703918954055,58.7646484375
2375,23.75,1536,1522,2409,2394,1,0,1,40.97419435122675,40.600731642296296,58.8134765625
2376,23.76,1536,1520,2406,2394,1,0,1,40.97419435122675,40.547379826734804,58.740234375
2377,23.77,1536,1519,2408,2394,1,0,1,40.97419435122675,40.520703918954055,58.7890625
2378,23.78,1536,1520,2410,2395,1,0,1,40.97419435122675,40.547379826734804,58.837890625
2379,23.79,1536,1519,2409,2395,1,0,1,40.97419435122675,40.520703918954055,58.8134765625
2380,23.8,1536,1520,2411,2396,1,0,1,40.97419435122675,40.547379826734804,58.8623046875
2381,23.81,1536,1525,2410,2396,1,0,1,40.97419435122675,40.68075936563854,58.837890625
2382,23.82,1536,1520,2405,2396,1,0,1,40.97419435122675,40.547379826734804,58.7158203125
2383,23.83,1536,1518,2410,2396,1,0,1,40.97419435122675,40.494028011173306,58.837890625
2384,23.84,1536,1523,2413,2397,1,0,1,40.97419435122675,40.627407550077045,58.9111328125
2385,23.85,1536,1521,2408,2397,1,0,1,40.97419435122675,40.57405573451555,58.7890625
2386,23.86,1536,1526,2410,2397,1,0,1,40.97419435122675,40.70743527341928,58.837890625
2387,23.87,1536,1519,2405,2397,1,0,1,40.97419435122675,40.520703918954055,58.7158203125
2388,23.88,1536,1518,2413,2398,1,0,1,40.97419435122675,40.494028011173306,58.9111328125
2389,23.89,1536,1524,2415,2399,1,0,1,40.97419435122675,40.65408345785779,58.9599609375
2390,23.9,1536,1519,2409,2399,1,0,1,40.97419435122675,40.520703918954055,58.8134765625
2391,23.91,1536,1526,2415,2400,1,0,1,40.97419435122675,40.70743527341928,58.9599609375
2392,23.92,1536,1520,2408,2400,1,0,1,40.97419435122675,40.547379826734804,58.7890625
2393,23.93,1536,1524,2414,2400,1,0,1,40.97419435122675,40.65408345785779,58.935546875
2394,23.94,1536,1524,2410,2400,1,0,1,40.97419435122675,40.65408345785779,58.837890625
2395,23.95,1536,1519,2410,2400,1,0,1,40.97419435122675,40.520703918954055,58.837890625
2396,23.96,1536,1522,2416,2401,1,0,1,40.97419435122675,40.600731642296296,58.984375
2397,23.97,1536,1522,2413,2401,1,0,1,40.97419435122675,40.600731642296296,58.9111328125
2398,23.98,1536,1525,2413,2401,1,0,1,40.97419435122675,40.68075936563854,58.9111328125
2399,23.99,1536,1522,2410,2401,1,0,1,40.97419435122675,40.600731642296296,58.837890625
2400,24.0,1536,1522,2413,2401,1,0,1,40.97419435122675,40.600731642296296,58.9111328125
2401,24.01,1536,1523,2413,2401,1,0,1,40.97419435122675,40.627407550077045,58.9111328125
2402,24.02,1536,1522,2412,2401,1,0,1,40.97419435122675,40.600731642296296,58.88671875
2403,24.03,1536,1522,2413,2401,1,0,1,40.97419435122675,40.600731642296296,58.9111328125
2404,24.04,1536,1523,2413,2401,1,0,1,40.97419435122675,40.627407550077045,58.9111328125
2405,24.05,1536,1523,2412,2401,1,0,1,40.97419435122675,40.627407550077045,58.88671875
2406,24.06,1536,1521,2412,2401,1,0,1,40.97419435122675,40.57405573451555,58.88671875
2407,24.07,1536,1523,2414,2401,1,0,1,40.97419435122675,40.627407550077045,58.935546875
2408,24.08,1536,1523,2412,2401,1,0,1,40.97419435122675,40.627407550077045,58.88671875
2409,24.09,1536,1529,2412,2401,1,0,1,40.97419435122675,40.78746299676152,58.88671875
2410,24.1,1536,1524,2407,2401,1,0,1,40.97419435122675,40.65408345785779,58.7646484375
2411,24.11,1536,1522,2411,2401,1,0,1,40.97419435122675,40.600731642296296,58.8623046875
2412,24.12,1536,1527,2413,2401,1,0,1,40.97419435122675,40.73411118120003,58.9111328125
2413,24.13,1536,1523,2409,2401,1,0,1,40.97419435122675,40.627407550077045,58.8134765625
2414,24.14,1536,1530,2412,2401,1,0,1,40.97419435122675,40.81413890454227,58.88671875
2415,24.15,1536,1524,2406,2401,1,0,1,40.97419435122675,40.65408345785779,58.740234375
2416,24.16,1536,1528,2411,2401,1,0,1,40.97419435122675,40.76078708898078,58.8623046875
2417,24.17,1536,1527,2408,2401,1,0,1,40.97419435122675,40.73411118120003,58.7890625
2418,24.18,1536,1524,2409,2401,1,0,1,40.97419435122675,40.65408345785779,58.8134765625
2419,24.19,1536,1527,2411,2401,1,0,1,40.97419435122675,40.73411118120003,58.8623046875
2420,24.2,1536,1526,2409,2401,1,0,1,40.97419435122675,40.70743527341928,58.8134765625
2421,24.21,1536,1530,2409,2401,1,0,1,40.97419435122675,40.81413890454227,58.8134765625
2422,24.22,1536,1528,2406,2401,1,0,1,40.97419435122675,40.76078708898078,58.740234375
2423,24.23,1536,1528,2408,2401,1,0,1,40.97419435122675,40.76078708898078,58.7890625
2424,24.24,1536,1526,2408,2401,1,0,1,40.97419435122675,40.70743527341928,58.7890625
2425,24.25,1536,1528,2409,2401,1,0,1,40.97419435122675,40.76078708898078,58.8134765625
2426,24.26,1536,1529,2408,2401,1,0,1,40.97419435122675,40.78746299676152,58.7890625
2427,24.27,1536,1534,2407,2401,1,0,1,40.97419435122675,40.92084253566525,58.7646484375
2428,24.28,1536,1529,2402,2401,1,0,1,40.97419435122675,40.78746299676152,58.642578125
2429,24.29,1536,1527,2407,2401,1,0,1,40.97419435122675,40.73411118120003,58.7646484375
2430,24.3,1536,1532,2409,2401,1,0,1,40.97419435122675,40.86749072010376,58.8134765625
2431,24.31,1536,1528,2404,2401,1,0,1,40.97419435122675,40.76078708898078,58.69140625
2432,24.32,1536,1534,2408,2401,1,0,1,40.97419435122675,40.92084253566525,58.7890625
2433,24.33,1536,1529,2402,2401,1,0,1,40.97419435122675,40.78746299676152,58.642578125
2434,24.34,1536,1532,2407,2401,1,0,1,40.97419435122675,40.86749072010376,58.7646484375
2435,24.35,1536,1531,2404,2401,1,0,1,40.97419435122675,40.84081481232302,58.69140625
2436,24.36,1536,1529,2405,2401,1,0,1,40.97419435122675,40.78746299676152,58.7158203125
2437,24.37,1536,1530,2407,2401,1,0,1,40.97419435122675,40.81413890454227,58.7646484375
2438,24.38,1536,1530,2406,2401,1,0,1,40.97419435122675,40.81413890454227,58.740234375
2439,24.39,1536,1533,2406,2401,1,0,1,40.97419435122675,40.89416662788451,58.740234375
2440,24.4,1536,1531,2403,2401,1,0,1,40.97419435122675,40.84081481232302,58.6669921875
2441,24.41,1536,1530,2405,2401,1,0,1,40.97419435122675,40.81413890454227,58.7158203125
2442,24.42,1536,1528,2406,2401,1,0,1,40.97419435122675,40.76078708898078,58.740234375
2443,24.43,1536,1529,2408,2401,1,0,1,40.97419435122675,40.78746299676152,58.7890625
2444,24.44,1536,1529,2407,2401,1,0,1,40.97419435122675,40.78746299676152,58.7646484375
2445,24.45,1536,1534,2407,2401,1,0,1,40.97419435122675,40.92084253566525,58.7646484375
2446,24.46,1536,1528,2402,2401,1,0,1,40.97419435122675,40.76078708898078,58.642578125
2447,24.47,1536,1527,2408,2401,1,0,1,40.97419435122675,40.73411118120003,58.7890625
2448,24.48,1536,1532,2409,2401,1,0,1,40.97419435122675,40.86749072010376,58.8134765625
2449,24.49,1536,1526,2404,2401,1,0,1,40.97419435122675,40.70743527341928,58.69140625
2450,24.5,1536,1533,2409,2401,1,0,1,40.97419435122675,40.89416662788451,58.8134765625
2451,24.51,1536,1527,2403,2401,1,0,1,40.97419435122675,40.73411118120003,58.6669921875
2452,24.52,1536,1531,2409,2401,1,0,1,40.97419435122675,40.84081481232302,58.8134765625
2453,24.53,1536,1530,2405,2401,1,0,1,40.97419435122675,40.81413890454227,58.7158203125
2454,24.54,1536,1527,2406,2401,1,0,1,40.97419435122675,40.73411118120003,58.740234375
2455,24.55,1536,1529,2409,2401,1,0,1,40.97419435122675,40.78746299676152,58.8134765625
2456,24.56,1536,1528,2407,2401,1,0,1,40.97419435122675,40.76078708898078,58.7646484375
2457,24.57,1536,1531,2408,2401,1,0,1,40.97419435122675,40.84081481232302,58.7890625
2458,24.58,1536,1529,2405,2401,1,0,1,40.97419435122675,40.78746299676152,58.7158203125
2459,24.59,1536,1528,2407,2401,1,0,1,40.97419435122675,40.76078708898078,58.7646484375
2460,24.6,1536,1526,2408,2401,1,0,1,40.97419435122675,40.70743527341928,58.7890625
2461,24.61,1536,1528,2409,2401,1,0,1,40.97419435122675,40.76078708898078,58.8134765625
2462,24.62,1536,1528,2408,2401,1,0,1,40.97419435122675,40.76078708898078,58.7890625
2463,24.63,1536,1533,2408,2401,1,0,1,40.97419435122675,40.89416662788451,58.7890625
2464,24.64,1536,1527,2403,2401,1,0,1,40.97419435122675,40.73411118120003,58.6669921875
2465,24.65,1536,1526,2409,2401,1,0,1,40.97419435122675,40.70743527341928,58.8134765625
2466,24.66,1536,1531,2409,2401,1,0,1,40.97419435122675,40.84081481232302,58.8134765625
2467,24.67,1536,1526,2405,2401,1,0,1,40.97419435122675,40.70743527341928,58.7158203125
2468,24.68,1536,1533,2409,2401,1,0,1,40.97419435122675,40.89416662788451,58.8134765625
2469,24.69,1536,1528,2403,2401,1,0,1,40.97419435122675,40.76078708898078,58.6669921875
2470,24.7,1536,1531,2408,2401,1,0,1,40.97419435122675,40.84081481232302,58.7890625
2471,24.71,1536,1529,2405,2401,1,0,1,40.97419435122675,40.78746299676152,58.7158203125
2472,24.72,1536,1526,2407,2401,1,0,1,40.97419435122675,40.70743527341928,58.7646484375
2473,24.73,1536,1529,2409,2401,1,0,1,40.97419435122675,40.78746299676152,58.8134765625
2474,24.74,1536,1529,2407,2401,1,0,1,40.97419435122675,40.78746299676152,58.7646484375
2475,24.75,1536,1532,2407,2401,1,0,1,40.97419435122675,40.86749072010376,58.7646484375
2476,24.76,1536,1529,2404,2401,1,0,1,40.97419435122675,40.78746299676152,58.69140625
2477,24.77,1536,1528,2407,2401,1,0,1,40.97419435122675,40.76078708898078,58.7646484375
2478,24.78,1536,1527,2408,2401,1,0,1,40.97419435122675,40.73411118120003,58.7890625
2479,24.79,1536,1530,2409,2401,1,0,1,40.97419435122675,40.81413890454227,58.8134765625
2480,24.8,1536,1529,2406,2401,1,0,1,40.97419435122675,40.78746299676152,58.740234375
2481,24.81,1536,1534,2407,2401,1,0,1,40.97419435122675,40.92084253566525,58.7646484375
2482,24.82,1536,1529,2402,2401,1,0,1,40.97419435122675,40.78746299676152,58.642578125
2483,24.83,1536,1528,2407,2401,1,0,1,40.97419435122675,40.76078708898078,58.7646484375
2484,24.84,1536,1533,2408,2401,1,0,1,40.97419435122675,40.89416662788451,58.7890625
2485,24.85,1536,1529,2403,2401,1,0,1,40.97419435122675,40.78746299676152,58.6669921875
2486,24.86,1536,1536,2407,2401,1,0,1,40.97419435122675,40.97419435122675,58.7646484375
2487,24.87,1536,1530,2401,2401,1,0,1,40.97419435122675,40.81413890454227,58.6181640625
2488,24.88,1536,1534,2406,2401,1,0,1,40.97419435122675,40.92084253566525,58.740234375
2489,24.89,1536,1533,2402,2401,1,0,1,40.97419435122675,40.89416662788451,58.642578125
2490,24.9,1536,1530,2403,2401,1,0,1,40.97419435122675,40.81413890454227,58.6669921875
2491,24.91,1536,1533,2406,2401,1,0,1,40.97419435122675,40.89416662788451,58.740234375
2492,24.92,1536,1532,2403,2401,1,0,1,40.97419435122675,40.86749072010376,58.6669921875
2493,24.93,1536,1532,2404,2401,1,0,1,40.97419435122675,40.86749072010376,58.69140625
2494,24.94,1536,1533,2404,2401,1,0,1,40.97419435122675,40.89416662788451,58.69140625
2495,24.95,1536,1533,2403,2401,1,0,1,40.97419435122675,40.89416662788451,58.6669921875
2496,24.96,1536,1531,2403,2401,1,0,1,40.97419435122675,40.84081481232302,58.6669921875
2497,24.97,1536,1536,2405,2401,1,0,1,40.97419435122675,40.97419435122675,58.7158203125
2498,24.98,1536,1534,2401,2401,1,0,1,40.97419435122675,40.92084253566525,58.6181640625
2499,24.99,1536,1539,2402,2401,1,0,1,40.97419435122675,41.05422207456899,58.642578125
2500,25.0,1536,1534,2397,2400,1,0,1,40.97419435122675,40.92084253566525,58.5205078125
2501,25.01,1536,1537,2401,2400,1,0,1,40.97419435122675,41.00087025900749,58.6181640625
2502,25.02,1536,1538,2398,2399,1,0,1,40.97419435122675,41.02754616678824,58.544921875
2503,25.03,1536,1533,2396,2398,1,0,1,40.97419435122675,40.89416662788451,58.49609375
2504,25.04,1536,1536,2400,2398,1,0,1,40.97419435122675,40.97419435122675,58.59375
2505,25.05,1536,1535,2398,2398,1,0,1,40.97419435122675,40.947518443446,58.544921875
2506,25.06,1536,1538,2398,2398,1,0,1,40.97419435122675,41.02754616678824,58.544921875
2507,25.07,1536,1536,2395,2397,1,0,1,40.97419435122675,40.97419435122675,58.4716796875
2508,25.08,1536,1535,2397,2397,1,0,1,40.97419435122675,40.947518443446,58.5205078125
2509,25.09,1536,1533,2397,2397,1,0,1,40.97419435122675,40.89416662788451,58.5205078125
2510,25.1,1536,1535,2399,2397,1,0,1,40.97419435122675,40.947518443446,58.5693359375
2511,25.11,1536,1535,2397,2397,1,0,1,40.97419435122675,40.947518443446,58.5205078125
2512,25.12,1536,1540,2397,2397,1,0,1,40.97419435122675,41.08089798234973,58.5205078125
2513,25.13,1536,1534,2392,2396,1,0,1,40.97419435122675,40.92084253566525,58.3984375
2514,25.14,1536,1533,2397,2396,1,0,1,40.97419435122675,40.89416662788451,58.5205078125
2515,25.15,1536,1537,2398,2396,1,0,1,40.97419435122675,41.00087025900749,58.544921875
2516,25.16,1536,1532,2394,2395,1,0,1,40.97419435122675,40.86749072010376,58.447265625
2517,25.17,1536,1535,2398,2395,1,0,1,40.97419435122675,40.947518443446,58.544921875
2518,25.18,1536,1532,2395,2395,1,0,1,40.97419435122675,40.86749072010376,58.4716796875
2519,25.19,1536,1536,2398,2395,1,0,1,40.97419435122675,40.97419435122675,58.544921875
2520,25.2,1536,1534,2395,2395,1,0,1,40.97419435122675,40.92084253566525,58.4716796875
2521,25.21,1536,1533,2396,2395,1,0,1,40.97419435122675,40.89416662788451,58.49609375
2522,25.22,1536,1534,2397,2395,1,0,1,40.97419435122675,40.92084253566525,58.5205078125
2523,25.23,1536,1533,2396,2395,1,0,1,40.97419435122675,40.89416662788451,58.49609375
2524,25.24,1536,1533,2397,2395,1,0,1,40.97419435122675,40.89416662788451,58.5205078125
2525,25.25,1536,1538,2397,2395,1,0,1,40.97419435122675,41.02754616678824,58.5205078125
2526,25.26,1536,1532,2392,2394,1,0,1,40.97419435122675,40.86749072010376,58.3984375
2527,25.27,1536,1530,2397,2394,1,0,1,40.97419435122675,40.81413890454227,58.5205078125
2528,25.28,1536,1535,2399,2394,1,0,1,40.97419435122675,40.947518443446,58.5693359375
2529,25.29,1536,1532,2394,2394,1,0,1,40.97419435122675,40.86749072010376,58.447265625
2530,25.3,1536,1537,2397,2394,1,0,1,40.97419435122675,41.00087025900749,58.5205078125
2531,25.31,1536,1531,2392,2393,1,0,1,40.97419435122675,40.84081481232302,58.3984375
2532,25.32,1536,1535,2397,2393,1,0,1,40.97419435122675,40.947518443446,58.5205078125
2533,25.33,1536,1535,2393,2393,1,0,1,40.97419435122675,40.947518443446,58.4228515625
2534,25.34,1536,1530,2393,2393,1,0,1,40.97419435122675,40.81413890454227,58.4228515625
2535,25.35,1536,1533,2398,2393,1,0,1,40.97419435122675,40.89416662788451,58.544921875
2536,25.36,1536,1531,2395,2393,1,0,1,40.97419435122675,40.84081481232302,58.4716796875
2537,25.37,1536,1534,2397,2393,1,0,1,40.97419435122675,40.92084253566525,58.5205078125
2538,25.38,1536,1532,2394,2393,1,0,1,40.97419435122675,40.86749072010376,58.447265625
2539,25.39,1536,1531,2396,2393,1,0,1,40.97419435122675,40.84081481232302,58.49609375
2540,25.4,1536,1529,2397,2393,1,0,1,40.97419435122675,40.78746299676152,58.5205078125
2541,25.41,1536,1531,2399,2393,1,0,1,40.97419435122675,40.84081481232302,58.5693359375
2542,25.42,1536,1531,2397,2393,1,0,1,40.97419435122675,40.84081481232302,58.5205078125
2543,25.43,1536,1536,2397,2393,1,0,1,40.97419435122675,40.97419435122675,58.5205078125
2544,25.44,1536,1530,2393,2393,1,0,1,40.97419435122675,40.81413890454227,58.4228515625
2545,25.45,1536,1528,2398,2393,1,0,1,40.97419435122675,40.76078708898078,58.544921875
2546,25.46,1536,1533,2400,2393,1,0,1,40.97419435122675,40.89416662788451,58.59375
2547,25.47,1536,1529,2395,2393,1,0,1,40.97419435122675,40.78746299676152,58.4716796875
2548,25.48,1536,1535,2399,2393,1,0,1,40.97419435122675,40.947518443446,58.5693359375
2549,25.49,1536,1529,2393,2393,1,0,1,40.97419435122675,40.78746299676152,58.4228515625
2550,25.5,1536,1533,2399,2393,1,0,1,40.97419435122675,40.89416662788451,58.5693359375
2551,25.51,1536,1530,2395,2393,1,0,1,40.97419435122675,40.81413890454227,58.4716796875
2552,25.52,1536,1527,2398,2393,1,0,1,40.97419435122675,40.73411118120003,58.544921875
2553,25.53,1536,1530,2401,2393,1,0,1,40.97419435122675,40.81413890454227,58.6181640625
2554,25.54,1536,1529,2398,2393,1,0,1,40.97419435122675,40.78746299676152,58.544921875
2555,25.55,1536,1529,2399,2393,1,0,1,40.97419435122675,40.78746299676152,58.5693359375
2556,25.56,1536,1530,2399,2393,1,0,1,40.97419435122675,40.81413890454227,58.5693359375
2557,25.57,1536,1529,2398,2393,1,0,1,40.97419435122675,40.78746299676152,58.544921875
2558,25.58,1536,1528,2399,2393,1,0,1,40.97419435122675,40.76078708898078,58.5693359375
2559,25.59,1536,1530,2400,2393,1,0,1,40.97419435122675,40.81413890454227,58.59375
2560,25.6,1536,1530,2398,2393,1,0,1,40.97419435122675,40.81413890454227,58.544921875
2561,25.61,1536,1535,2398,2393,1,0,1,40.97419435122675,40.947518443446,58.544921875
2562,25.62,1536,1529,2393,2393,1,0,1,40.97419435122675,40.78746299676152,58.4228515625
2563,25.63,1536,1529,2399,2393,1,0,1,40.97419435122675,40.78746299676152,58.5693359375
2564,25.64,1536,1534,2399,2393,1,0,1,40.97419435122675,40.92084253566525,58.5693359375
2565,25.65,1536,1530,2394,2393,1,0,1,40.97419435122675,40.81413890454227,58.447265625
2566,25.66,1536,1533,2398,2393,1,0,1,40.97419435122675,40.89416662788451,58.544921875
2567,25.67,1536,1531,2395,2393,1,0,1,40.97419435122675,40.84081481232302,58.4716796875
2568,25.68,1536,1535,2397,2393,1,0,1,40.97419435122675,40.947518443446,58.5205078125
2569,25.69,1536,1533,2393,2393,1,0,1,40.97419435122675,40.89416662788451,58.4228515625
2570,25.7,1536,1532,2395,2393,1,0,1,40.97419435122675,40.86749072010376,58.4716796875
2571,25.71,1536,1534,2396,2393,1,0,1,40.97419435122675,40.92084253566525,58.49609375
2572,25.72,1536,1533,2394,2393,1,0,1,40.97419435122675,40.89416662788451,58.447265625
2573,25.73,1536,1533,2395,2393,1,0,1,40.97419435122675,40.89416662788451,58.4716796875
2574,25.74,1536,1538,2395,2393,1,0,1,40.97419435122675,41.02754616678824,58.4716796875
2575,25.75,1536,1533,2390,2392,1,0,1,40.97419435122675,40.89416662788451,58.349609375
2576,25.76,1536,1531,2394,2392,1,0,1,40.97419435122675,40.84081481232302,58.447265625
2577,25.77,1536,1536,2396,2392,1,0,1,40.97419435122675,40.97419435122675,58.49609375
2578,25.78,1536,1533,2392,2392,1,0,1,40.97419435122675,40.89416662788451,58.3984375
2579,25.79,1536,1538,2394,2392,1,0,1,40.97419435122675,41.02754616678824,58.447265625
2580,25.8,1536,1532,2389,2391,1,0,1,40.97419435122675,40.86749072010376,58.3251953125
2581,25.81,1536,1535,2394,2391,1,0,1,40.97419435122675,40.947518443446,58.447265625
2582,25.82,1536,1535,2391,2391,1,0,1,40.97419435122675,40.947518443446,58.3740234375
2583,25.83,1536,1531,2391,2391,1,0,1,40.97419435122675,40.84081481232302,58.3740234375
2584,25.84,1536,1533,2395,2391,1,0,1,40.97419435122675,40.89416662788451,58.4716796875
2585,25.85,1536,1532,2393,2391,1,0,1,40.97419435122675,40.86749072010376,58.4228515625
2586,25.86,1536,1534,2394,2391,1,0,1,40.97419435122675,40.92084253566525,58.447265625
2587,25.87,1536,1532,2392,2391,1,0,1,40.97419435122675,40.86749072010376,58.3984375
2588,25.88,1536,1531,2394,2391,1,0,1,40.97419435122675,40.84081481232302,58.447265625
2589,25.89,1536,1529,2395,2391,1,0,1,40.97419435122675,40.78746299676152,58.4716796875
2590,25.9,1536,1531,2397,2391,1,0,1,40.97419435122675,40.84081481232302,58.5205078125
2591,25.91,1536,1531,2395,2391,1,0,1,40.97419435122675,40.84081481232302,58.4716796875
2592,25.92,1536,1535,2395,2391,1,0,1,40.97419435122675,40.947518443446,58.4716796875
2593,25.93,1536,1530,2391,2391,1,0,1,40.97419435122675,40.81413890454227,58.3740234375
2594,25.94,1536,1528,2396,2391,1,0,1,40.97419435122675,40.76078708898078,58.49609375
2595,25.95,1536,1533,2398,2391,1,0,1,40.97419435122675,40.89416662788451,58.544921875
2596,25.96,1536,1529,2393,2391,1,0,1,40.97419435122675,40.78746299676152,58.4228515625
2597,25.97,1536,1534,2397,2391,1,0,1,40.97419435122675,40.92084253566525,58.5205078125
2598,25.98,1536,1528,2392,2391,1,0,1,40.97419435122675,40.76078708898078,58.3984375
2599,25.99,1536,1532,2398,2391,1,0,1,40.97419435122675,40.86749072010376,58.544921875
2600,26.0,1536,1530,2394,2391,1,0,1,40.97419435122675,40.81413890454227,58.447265625
2601,26.01,1536,1528,2396,2391,1,0,1,40.97419435122675,40.76078708898078,58.49609375
2602,26.02,1536,1530,2398,2391,1,0,1,40.97419435122675,40.81413890454227,58.544921875
2603,26.03,1536,1529,2396,2391,1,0,1,40.97419435122675,40.78746299676152,58.49609375
2604,26.04,1536,1532,2397,2391,1,0,1,40.97419435122675,40.86749072010376,58.5205078125
2605,26.05,1536,1531,2394,2391,1,0,1,40.97419435122675,40.84081481232302,58.447265625
2606,26.06,1536,1529,2395,2391,1,0,1,40.97419435122675,40.78746299676152,58.4716796875
2607,26.07,1536,1527,2397,2391,1,0,1,40.97419435122675,40.73411118120003,58.5205078125
2608,26.08,1536,1529,2399,2391,1,0,1,40.97419435122675,40.78746299676152,58.5693359375
2609,26.09,1536,1529,2397,2391,1,0,1,40.97419435122675,40.78746299676152,58.5205078125
2610,26.1,1536,1534,2397,2391,1,0,1,40.97419435122675,40.92084253566525,58.5205078125
2611,26.11,1536,1528,2392,2391,1,0,1,40.97419435122675,40.76078708898078,58.3984375
2612,26.12,1536,1527,2398,2391,1,0,1,40.97419435122675,40.73411118120003,58.544921875
2613,26.13,1536,1531,2399,2391,1,0,1,40.97419435122675,40.84081481232302,58.5693359375
2614,26.14,1536,1527,2395,2391,1,0,1,40.97419435122675,40.73411118120003,58.4716796875
2615,26.15,1536,1533,2399,2391,1,0,1,40.97419435122675,40.89416662788451,58.5693359375
2616,26.16,1536,1527,2393,2391,1,0,1,40.97419435122675,40.73411118120003,58.4228515625
2617,26.17,1536,1531,2399,2391,1,0,1,40.97419435122675,40.84081481232302,58.5693359375
2618,26.18,1536,1528,2395,2391,1,0,1,40.97419435122675,40.76078708898078,58.4716796875
2619,26.19,1536,1525,2398,2391,1,0,1,40.97419435122675,40.68075936563854,58.544921875
2620,26.2,1536,1528,2400,2391,1,0,1,40.97419435122675,40.76078708898078,58.59375
2621,26.21,1536,1527,2398,2391,1,0,1,40.97419435122675,40.73411118120003,58.544921875
2622,26.22,1536,1529,2399,2391,1,0,1,40.97419435122675,40.78746299676152,58.5693359375
2623,26.23,1536,1528,2397,2391,1,0,1,40.97419435122675,40.76078708898078,58.5205078125
2624,26.24,1536,1527,2398,2391,1,0,1,40.97419435122675,40.73411118120003,58.544921875
2625,26.25,1536,1525,2399,2391,1,0,1,40.97419435122675,40.68075936563854,58.5693359375
2626,26.26,1536,1527,2400,2391,1,0,1,40.97419435122675,40.73411118120003,58.59375
2627,26.27,1536,1527,2399,2391,1,0,1,40.97419435122675,40.73411118120003,58.5693359375
2628,26.28,1536,1532,2399,2391,1,0,1,40.97419435122675,40.86749072010376,58.5693359375
2629,26.29,1536,1528,2394,2391,1,0,1,40.97419435122675,40.76078708898078,58.447265625
2630,26.3,1536,1526,2398,2391,1,0,1,40.97419435122675,40.70743527341928,58.544921875
2631,26.31,1536,1530,2399,2391,1,0,1,40.97419435122675,40.81413890454227,58.5693359375
2632,26.32,1536,1526,2396,2391,1,0,1,40.97419435122675,40.70743527341928,58.49609375
2633,26.33,1536,1532,2399,2391,1,0,1,40.97419435122675,40.86749072010376,58.5693359375
2634,26.34,1536,1526,2394,2391,1,0,1,40.97419435122675,40.70743527341928,58.447265625
2635,26.35,1536,1530,2399,2391,1,0,1,40.97419435122675,40.81413890454227,58.5693359375
2636,26.36,1536,1530,2396,2391,1,0,1,40.97419435122675,40.81413890454227,58.49609375
2637,26.37,1536,1526,2396,2391,1,0,1,40.97419435122675,40.70743527341928,58.49609375
2638,26.38,1536,1529,2399,2391,1,0,1,40.97419435122675,40.78746299676152,58.5693359375
2639,26.39,1536,1528,2397,2391,1,0,1,40.97419435122675,40.76078708898078,58.5205078125
2640,26.4,1536,1530,2398,2391,1,0,1,40.97419435122675,40.81413890454227,58.544921875
2641,26.41,1536,1528,2396,2391,1,0,1,40.97419435122675,40.76078708898078,58.49609375
2642,26.42,1536,1528,2398,2391,1,0,1,40.97419435122675,40.76078708898078,58.544921875
2643,26.43,1536,1526,2398,2391,1,0,1,40.97419435122675,40.70743527341928,58.544921875
2644,26.44,1536,1527,2399,2391,1,0,1,40.97419435122675,40.73411118120003,58.5693359375
2645,26.45,1536,1528,2399,2391,1,0,1,40.97419435122675,40.76078708898078,58.5693359375
2646,26.46,1536,1532,2398,2391,1,0,1,40.97419435122675,40.86749072010376,58.544921875
2647,26.47,1536,1527,2394,2391,1,0,1,40.97419435122675,40.73411118120003,58.447265625
2648,26.48,1536,1526,2399,2391,1,0,1,40.97419435122675,40.70743527341928,58.5693359375
2649,26.49,1536,1531,2399,2391,1,0,1,40.97419435122675,40.84081481232302,58.5693359375
2650,26.5,1536,1526,2395,2391,1,0,1,40.97419435122675,40.70743527341928,58.4716796875
2651,26.51,1536,1533,2399,2391,1,0,1,40.97419435122675,40.89416662788451,58.5693359375
2652,26.52,1536,1527,2393,2391,1,0,1,40.97419435122675,40.73411118120003,58.4228515625
2653,26.53,1536,1530,2399,2391,1,0,1,40.97419435122675,40.81413890454227,58.5693359375
2654,26.54,1536,1531,2396,2391,1,0,1,40.97419435122675,40.84081481232302,58.49609375
2655,26.55,1536,1526,2395,2391,1,0,1,40.97419435122675,40.70743527341928,58.4716796875
2656,26.56,1536,1528,2399,2391,1,0,1,40.97419435122675,40.76078708898078,58.5693359375
2657,26.57,1536,1528,2398,2391,1,0,1,40.97419435122675,40.76078708898078,58.544921875
2658,26.58,1536,1531,2398,2391,1,0,1,40.97419435122675,40.84081481232302,58.544921875
2659,26.59,1536,1528,2395,2391,1,0,1,40.97419435122675,40.76078708898078,58.4716796875
2660,26.6,1536,1527,2398,2391,1,0,1,40.97419435122675,40.73411118120003,58.544921875
2661,26.61,1536,1528,2399,2391,1,0,1,40.97419435122675,40.76078708898078,58.5693359375
2662,26.62,1536,1527,2398,2391,1,0,1,40.97419435122675,40.73411118120003,58.544921875
2663,26.63,1536,1527,2399,2391,1,0,1,40.97419435122675,40.73411118120003,58.5693359375
2664,26.64,1536,1532,2399,2391,1,0,1,40.97419435122675,40.86749072010376,58.5693359375
2665,26.65,1536,1527,2394,2391,1,0,1,40.97419435122675,40.73411118120003,58.447265625
2666,26.66,1536,1525,2399,2391,1,0,1,40.97419435122675,40.68075936563854,58.5693359375
2667,26.67,1536,1530,2400,2391,1,0,1,40.97419435122675,40.81413890454227,58.59375
2668,26.68,1536,1527,2396,2391,1,0,1,40.97419435122675,40.73411118120003,58.49609375
2669,26.69,1536,1532,2399,2391,1,0,1,40.97419435122675,40.86749072010376,58.5693359375
2670,26.7,1536,1526,2394,2391,1,0,1,40.97419435122675,40.70743527341928,58.447265625
2671,26.71,1536,1530,2399,2391,1,0,1,40.97419435122675,40.81413890454227,58.5693359375
2672,26.72,1536,1530,2396,2391,1,0,1,40.97419435122675,40.81413890454227,58.49609375
2673,26.73,1536,1526,2396,2391,1,0,1,40.97419435122675,40.70743527341928,58.49609375
2674,26.74,1536,1528,2399,2391,1,0,1,40.97419435122675,40.76078708898078,58.5693359375
2675,26.75,1536,1527,2398,2391,1,0,1,40.97419435122675,40.73411118120003,58.544921875
2676,26.76,1536,1530,2399,2391,1,0,1,40.97419435122675,40.81413890454227,58.5693359375
2677,26.77,1536,1528,2396,2391,1,0,1,40.97419435122675,40.76078708898078,58.49609375
2678,26.78,1536,1528,2398,2391,1,0,1,40.97419435122675,40.76078708898078,58.544921875
2679,26.79,1536,1529,2398,2391,1,0,1,40.97419435122675,40.78746299676152,58.544921875
2680,26.8,1536,1528,2397,2391,1,0,1,40.97419435122675,40.76078708898078,58.5205078125
2681,26.81,1536,1528,2398,2391,1,0,1,40.97419435122675,40.76078708898078,58.544921875
2682,26.82,1536,1533,2398,2391,1,0,1,40.97419435122675,40.89416662788451,58.544921875
2683,26.83,1536,1528,2393,2391,1,0,1,40.97419435122675,40.76078708898078,58.4228515625
2684,26.84,1536,1526,2398,2391,1,0,1,40.97419435122675,40.70743527341928,58.544921875
2685,26.85,1536,1531,2399,2391,1,0,1,40.97419435122675,40.84081481232302,58.5693359375
2686,26.86,1536,1528,2395,2391,1,0,1,40.97419435122675,40.76078708898078,58.4716796875
2687,26.87,1536,1533,2398,2391,1,0,1,40.97419435122675,40.89416662788451,58.544921875
2688,26.88,1536,1528,2393,2391,1,0,1,40.97419435122675,40.76078708898078,58.4228515625
2689,26.89,1536,1530,2398,2391,1,0,1,40.97419435122675,40.81413890454227,58.544921875
2690,26.9,1536,1531,2396,2391,1,0,1,40.97419435122675,40.84081481232302,58.49609375
2691,26.91,1536,1527,2395,2391,1,0,1,40.97419435122675,40.73411118120003,58.4716796875
2692,26.92,1536,1529,2399,2391,1,0,1,40.97419435122675,40.78746299676152,58.5693359375
2693,26.93,1536,1527,2397,2391,1,0,1,40.97419435122675,40.73411118120003,58.5205078125
2694,26.94,1536,1531,2399,2391,1,0,1,40.97419435122675,40.84081481232302,58.5693359375
2695,26.95,1536,1529,2395,2391,1,0,1,40.97419435122675,40.78746299676152,58.4716796875
2696,26.96,1536,1528,2397,2391,1,0,1,40.97419435122675,40.76078708898078,58.5205078125
2697,26.97,1536,1528,2398,2391,1,0,1,40.97419435122675,40.76078708898078,58.544921875
2698,26.98,1536,1527,2398,2391,1,0,1,40.97419435122675,40.73411118120003,58.544921875
2699,26.99,1536,1527,2399,2391,1,0,1,40.97419435122675,40.73411118120003,58.5693359375
2700,27.0,1536,1532,2399,2391,1,0,1,40.97419435122675,40.86749072010376,58.5693359375
2701,27.01,1536,1527,2394,2391,1,0,1,40.97419435122675,40.73411118120003,58.447265625
2702,27.02,1536,1525,2399,2391,1,0,1,40.97419435122675,40.68075936563854,58.5693359375
2703,27.03,1536,1530,2400,2391,1,0,1,40.97419435122675,40.81413890454227,58.59375
2704,27.04,1536,1527,2396,2391,1,0,1,40.97419435122675,40.73411118120003,58.49609375
2705,27.05,1536,1532,2399,2391,1,0,1,40.97419435122675,40.86749072010376,58.5693359375
2706,27.06,1536,1526,2394,2391,1,0,1,40.97419435122675,40.70743527341928,58.447265625
2707,27.07,1536,1530,2399,2391,1,0,1,40.97419435122675,40.81413890454227,58.5693359375
2708,27.08,1536,1531,2396,2391,1,0,1,40.97419435122675,40.84081481232302,58.49609375
2709,27.09,1536,1526,2395,2391,1,0,1,40.97419435122675,40.70743527341928,58.4716796875
2710,27.1,1536,1529,2399,2391,1,0,1,40.97419435122675,40.78746299676152,58.5693359375
2711,27.11,1536,1527,2397,2391,1,0,1,40.97419435122675,40.73411118120003,58.5205078125
2712,27.12,1536,1531,2399,2391,1,0,1,40.97419435122675,40.84081481232302,58.5693359375
2713,27.13,1536,1530,2395,2391,1,0,1,40.97419435122675,40.81413890454227,58.4716796875
2714,27.14,1536,1528,2396,2391,1,0,1,40.97419435122675,40.76078708898078,58.49609375
2715,27.15,1536,1529,2398,2391,1,0,1,40.97419435122675,40.78746299676152,58.544921875
2716,27.16,1536,1528,2397,2391,1,0,1,40.97419435122675,40.76078708898078,58.5205078125
2717,27.17,1536,1529,2398,2391,1,0,1,40.97419435122675,40.78746299676152,58.544921875
2718,27.18,1536,1534,2397,2391,1,0,1,40.97419435122675,40.92084253566525,58.5205078125
2719,27.19,1536,1530,2392,2391,1,0,1,40.97419435122675,40.81413890454227,58.3984375
2720,27.2,1536,1528,2396,2391,1,0,1,40.97419435122675,40.76078708898078,58.49609375
2721,27.21,1536,1533,2398,2391,1,0,1,40.97419435122675,40.89416662788451,58.544921875
2722,27.22,1536,1530,2393,2391,1,0,1,40.97419435122675,40.81413890454227,58.4228515625
2723,27.23,1536,1534,2396,2391,1,0,1,40.97419435122675,40.92084253566525,58.49609375
2724,27.24,1536,1529,2392,2391,1,0,1,40.97419435122675,40.78746299676152,58.3984375
2725,27.25,1536,1533,2397,2391,1,0,1,40.97419435122675,40.89416662788451,58.5205078125
2726,27.26,1536,1532,2393,2391,1,0,1,40.97419435122675,40.86749072010376,58.4228515625
2727,27.27,1536,1528,2394,2391,1,0,1,40.97419435122675,40.76078708898078,58.447265625
2728,27.28,1536,1530,2398,2391,1,0,1,40.97419435122675,40.81413890454227,58.544921875
2729,27.29,1536,1528,2396,2391,1,0,1,40.97419435122675,40.76078708898078,58.49609375
2730,27.3,1536,1532,2398,2391,1,0,1,40.97419435122675,40.86749072010376,58.544921875
2731,27.31,1536,1529,2394,2391,1,0,1,40.97419435122675,40.78746299676152,58.447265625
2732,27.32,1536,1528,2397,2391,1,0,1,40.97419435122675,40.76078708898078,58.5205078125
2733,27.33,1536,1529,2398,2391,1,0,1,40.97419435122675,40.78746299676152,58.544921875
2734,27.34,1536,1528,2397,2391,1,0,1,40.97419435122675,40.76078708898078,58.5205078125
2735,27.35,1536,1528,2398,2391,1,0,1,40.97419435122675,40.76078708898078,58.544921875
2736,27.36,1536,1533,2398,2391,1,0,1,40.97419435122675,40.89416662788451,58.544921875
2737,27.37,1536,1527,2393,2391,1,0,1,40.97419435122675,40.73411118120003,58.4228515625
2738,27.38,1536,1525,2399,2391,1,0,1,40.97419435122675,40.68075936563854,58.5693359375
2739,27.39,1536,1531,2400,2391,1,0,1,40.97419435122675,40.84081481232302,58.59375
2740,27.4,1536,1528,2395,2391,1,0,1,40.97419435122675,40.76078708898078,58.4716796875
2741,27.41,1536,1532,2398,2391,1,0,1,40.97419435122675,40.86749072010376,58.544921875
2742,27.42,1536,1526,2394,2391,1,0,1,40.97419435122675,40.70743527341928,58.447265625
2743,27.43,1536,1530,2399,2391,1,0,1,40.97419435122675,40.81413890454227,58.5693359375
2744,27.44,1536,1530,2396,2391,1,0,1,40.97419435122675,40.81413890454227,58.49609375
2745,27.45,1536,1525,2396,2391,1,0,1,40.97419435122675,40.68075936563854,58.49609375
2746,27.46,1536,1528,2400,2391,1,0,1,40.97419435122675,40.76078708898078,58.59375
2747,27.47,1536,1526,2398,2391,1,0,1,40.97419435122675,40.70743527341928,58.544921875
2748,27.48,1536,1530,2399,2391,1,0,1,40.97419435122675,40.81413890454227,58.5693359375
2749,27.49,1536,1528,2396,2391,1,0,1,40.97419435122675,40.76078708898078,58.49609375
2750,27.5,1536,1528,2398,2391,1,0,1,40.97419435122675,40.76078708898078,58.544921875
2751,27.51,1536,1529,2398,2391,1,0,1,40.97419435122675,40.78746299676152,58.544921875
2752,27.52,1536,1528,2397,2391,1,0,1,40.97419435122675,40.76078708898078,58.5205078125
2753,27.53,1536,1528,2398,2391,1,0,1,40.97419435122675,40.76078708898078,58.544921875
2754,27.54,1536,1529,2398,2391,1,0,1,40.97419435122675,40.78746299676152,58.544921875
2755,27.55,1536,1528,2397,2391,1,0,1,40.97419435122675,40.76078708898078,58.5205078125
2756,27.56,1536,1526,2398,2391,1,0,1,40.97419435122675,40.70743527341928,58.544921875
2757,27.57,1536,1531,2399,2391,1,0,1,40.97419435122675,40.84081481232302,58.5693359375
2758,27.58,1536,1529,2395,2391,1,0,1,40.97419435122675,40.78746299676152,58.4716796875
2759,27.59,1536,1534,2397,2391,1,0,1,40.97419435122675,40.92084253566525,58.5205078125
2760,27.6,1536,1528,2392,2391,1,0,1,40.97419435122675,40.76078708898078,58.3984375
2761,27.61,1536,1531,2398,2391,1,0,1,40.97419435122675,40.84081481232302,58.544921875
2762,27.62,1536,1531,2395,2391,1,0,1,40.97419435122675,40.84081481232302,58.4716796875
2763,27.63,1536,1526,2395,2391,1,0,1,40.97419435122675,40.70743527341928,58.4716796875
2764,27.64,1536,1529,2399,2391,1,0,1,40.97419435122675,40.78746299676152,58.5693359375
2765,27.65,1536,1527,2397,2391,1,0,1,40.97419435122675,40.73411118120003,58.5205078125
2766,27.66,1536,1531,2399,2391,1,0,1,40.97419435122675,40.84081481232302,58.5693359375
2767,27.67,1536,1529,2395,2391,1,0,1,40.97419435122675,40.78746299676152,58.4716796875
2768,27.68,1536,1528,2397,2391,1,0,1,40.97419435122675,40.76078708898078,58.5205078125
2769,27.69,1536,1529,2398,2391,1,0,1,40.97419435122675,40.78746299676152,58.544921875
2770,27.7,1536,1528,2397,2391,1,0,1,40.97419435122675,40.76078708898078,58.5205078125
2771,27.71,1536,1528,2398,2391,1,0,1,40.97419435122675,40.76078708898078,58.544921875
2772,27.72,1536,1529,2398,2391,1,0,1,40.97419435122675,40.78746299676152,58.544921875
2773,27.73,1536,1528,2397,2391,1,0,1,40.97419435122675,40.76078708898078,58.5205078125
2774,27.74,1536,1526,2398,2391,1,0,1,40.97419435122675,40.70743527341928,58.544921875
2775,27.75,1536,1531,2399,2391,1,0,1,40.97419435122675,40.84081481232302,58.5693359375
2776,27.76,1536,1527,2395,2391,1,0,1,40.97419435122675,40.73411118120003,58.4716796875
2777,27.77,1536,1532,2399,2391,1,0,1,40.97419435122675,40.86749072010376,58.5693359375
2778,27.78,1536,1526,2394,2391,1,0,1,40.97419435122675,40.70743527341928,58.447265625
2779,27.79,1536,1525,2399,2391,1,0,1,40.97419435122675,40.68075936563854,58.5693359375
2780,27.8,1536,1530,2400,2391,1,0,1,40.97419435122675,40.81413890454227,58.59375
2781,27.81,1536,1527,2396,2391,1,0,1,40.97419435122675,40.73411118120003,58.49609375
2782,27.82,1536,1529,2399,2391,1,0,1,40.97419435122675,40.78746299676152,58.5693359375
2783,27.83,1536,1527,2397,2391,1,0,1,40.97419435122675,40.73411118120003,58.5205078125
2784,27.84,1536,1530,2399,2391,1,0,1,40.97419435122675,40.81413890454227,58.5693359375
2785,27.85,1536,1528,2396,2391,1,0,1,40.97419435122675,40.76078708898078,58.49609375
2786,27.86,1536,1526,2398,2391,1,0,1,40.97419435122675,40.70743527341928,58.544921875
2787,27.87,1536,1529,2399,2391,1,0,1,40.97419435122675,40.78746299676152,58.5693359375
2788,27.88,1536,1528,2397,2391,1,0,1,40.97419435122675,40.76078708898078,58.5205078125
2789,27.89,1536,1528,2398,2391,1,0,1,40.97419435122675,40.76078708898078,58.544921875
2790,27.9,1536,1530,2398,2391,1,0,1,40.97419435122675,40.81413890454227,58.544921875
2791,27.91,1536,1529,2396,2391,1,0,1,40.97419435122675,40.78746299676152,58.49609375
2792,27.92,1536,1527,2397,2391,1,0,1,40.97419435122675,40.73411118120003,58.5205078125
2793,27.93,1536,1532,2399,2391,1,0,1,40.97419435122675,40.86749072010376,58.5693359375
2794,27.94,1536,1529,2394,2391,1,0,1,40.97419435122675,40.78746299676152,58.447265625
2795,27.95,1536,1533,2397,2391,1,0,1,40.97419435122675,40.89416662788451,58.5205078125
2796,27.96,1536,1527,2393,2391,1,0,1,40.97419435122675,40.73411118120003,58.4228515625
2797,27.97,1536,1526,2399,2391,1,0,1,40.97419435122675,40.70743527341928,58.5693359375
2798,27.98,1536,1530,2399,2391,1,0,1,40.97419435122675,40.81413890454227,58.5693359375
2799,27.99,1536,1525,2396,2391,1,0,1,40.97419435122675,40.68075936563854,58.49609375
2800,28.0,1536,1527,2400,2391,1,0,1,40.97419435122675,40.73411118120003,58.59375
2801,28.01,1536,1525,2399,2391,1,0,1,40.97419435122675,40.68075936563854,58.5693359375
2802,28.02,1536,1528,2400,2391,1,0,1,40.97419435122675,40.76078708898078,58.59375
2803,28.03,1536,1526,2398,2391,1,0,1,40.97419435122675,40.70743527341928,58.544921875
2804,28.04,1536,1524,2399,2391,1,0,1,40.97419435122675,40.65408345785779,58.5693359375
2805,28.05,1536,1526,2401,2391,1,0,1,40.97419435122675,40.70743527341928,58.6181640625
2806,28.06,1536,1524,2399,2391,1,0,1,40.97419435122675,40.65408345785779,58.5693359375
2807,28.07,1536,1524,2401,2391,1,0,1,40.97419435122675,40.65408345785779,58.6181640625
2808,28.08,1536,1525,2401,2391,1,0,1,40.97419435122675,40.68075936563854,58.6181640625
2809,28.09,1536,1524,2400,2391,1,0,1,40.97419435122675,40.65408345785779,58.59375
2810,28.1,1536,1522,2401,2391,1,0,1,40.97419435122675,40.600731642296296,58.6181640625
2811,28.11,1536,1523,2403,2391,1,0,1,40.97419435122675,40.627407550077045,58.6669921875
2812,28.12,1536,1523,2402,2391,1,0,1,40.97419435122675,40.627407550077045,58.642578125
2813,28.13,1536,1528,2402,2391,1,0,1,40.97419435122675,40.76078708898078,58.642578125
2814,28.14,1536,1523,2398,2391,1,0,1,40.97419435122675,40.627407550077045,58.544921875
2815,28.15,1536,1520,2402,2391,1,0,1,40.97419435122675,40.547379826734804,58.642578125
2816,28.16,1536,1525,2405,2391,1,0,1,40.97419435122675,40.68075936563854,58.7158203125
2817,28.17,1536,1522,2400,2391,1,0,1,40.97419435122675,40.600731642296296,58.59375
2818,28.18,1536,1528,2403,2391,1,0,1,40.97419435122675,40.76078708898078,58.6669921875
2819,28.19,1536,1522,2398,2391,1,0,1,40.97419435122675,40.600731642296296,58.544921875
2820,28.2,1536,1525,2403,2391,1,0,1,40.97419435122675,40.68075936563854,58.6669921875
2821,28.21,1536,1525,2400,2391,1,0,1,40.97419435122675,40.68075936563854,58.59375
2822,28.22,1536,1522,2400,2391,1,0,1,40.97419435122675,40.600731642296296,58.59375
2823,28.23,1536,1524,2403,2391,1,0,1,40.97419435122675,40.65408345785779,58.6669921875
2824,28.24,1536,1522,2401,2391,1,0,1,40.97419435122675,40.600731642296296,58.6181640625
2825,28.25,1536,1526,2403,2391,1,0,1,40.97419435122675,40.70743527341928,58.6669921875
2826,28.26,1536,1524,2399,2391,1,0,1,40.97419435122675,40.65408345785779,58.5693359375
2827,28.27,1536,1522,2401,2391,1,0,1,40.97419435122675,40.600731642296296,58.6181640625
2828,28.28,1536,1524,2403,2391,1,0,1,40.97419435122675,40.65408345785779,58.6669921875
2829,28.29,1536,1524,2401,2391,1,0,1,40.97419435122675,40.65408345785779,58.6181640625
2830,28.3,1536,1524,2401,2391,1,0,1,40.97419435122675,40.65408345785779,58.6181640625
2831,28.31,1536,1526,2401,2391,1,0,1,40.97419435122675,40.70743527341928,58.6181640625
2832,28.32,1536,1525,2399,2391,1,0,1,40.97419435122675,40.68075936563854,58.5693359375
2833,28.33,1536,1523,2400,2391,1,0,1,40.97419435122675,40.627407550077045,58.59375
2834,28.34,1536,1525,2402,2391,1,0,1,40.97419435122675,40.68075936563854,58.642578125
2835,28.35,1536,1526,2400,2391,1,0,1,40.97419435122675,40.70743527341928,58.59375
2836,28.36,1536,1530,2399,2391,1,0,1,40.97419435122675,40.81413890454227,58.5693359375
2837,28.37,1536,1524,2396,2391,1,0,1,40.97419435122675,40.65408345785779,58.49609375
2838,28.38,1536,1523,2401,2391,1,0,1,40.97419435122675,40.627407550077045,58.6181640625
2839,28.39,1536,1528,2402,2391,1,0,1,40.97419435122675,40.76078708898078,58.642578125
2840,28.4,1536,1524,2398,2391,1,0,1,40.97419435122675,40.65408345785779,58.544921875
2841,28.41,1536,1530,2401,2391,1,0,1,40.97419435122675,40.81413890454227,58.6181640625
2842,28.42,1536,1524,2396,2391,1,0,1,40.97419435122675,40.65408345785779,58.49609375
2843,28.43,1536,1528,2401,2391,1,0,1,40.97419435122675,40.76078708898078,58.6181640625
2844,28.44,1536,1526,2398,2391,1,0,1,40.97419435122675,40.70743527341928,58.544921875
2845,28.45,1536,1523,2399,2391,1,0,1,40.97419435122675,40.627407550077045,58.5693359375
2846,28.46,1536,1526,2402,2391,1,0,1,40.97419435122675,40.70743527341928,58.642578125
2847,28.47,1536,1525,2399,2391,1,0,1,40.97419435122675,40.68075936563854,58.5693359375
2848,28.48,1536,1527,2400,2391,1,0,1,40.97419435122675,40.73411118120003,58.59375
2849,28.49,1536,1526,2399,2391,1,0,1,40.97419435122675,40.70743527341928,58.5693359375
2850,28.5,1536,1525,2399,2391,1,0,1,40.97419435122675,40.68075936563854,58.5693359375
2851,28.51,1536,1526,2400,2391,1,0,1,40.97419435122675,40.70743527341928,58.59375
2852,28.52,1536,1525,2399,2391,1,0,1,40.97419435122675,40.68075936563854,58.5693359375
2853,28.53,1536,1525,2400,2391,1,0,1,40.97419435122675,40.68075936563854,58.59375
2854,28.54,1536,1530,2400,2391,1,0,1,40.97419435122675,40.81413890454227,58.59375
2855,28.55,1536,1525,2396,2391,1,0,1,40.97419435122675,40.68075936563854,58.49609375
2856,28.56,1536,1523,2400,2391,1,0,1,40.97419435122675,40.627407550077045,58.59375
2857,28.57,1536,1529,2402,2391,1,0,1,40.97419435122675,40.78746299676152,58.642578125
2858,28.58,1536,1525,2397,2391,1,0,1,40.97419435122675,40.68075936563854,58.5205078125
2859,28.59,1536,1531,2400,2391,1,0,1,40.97419435122675,40.84081481232302,58.59375
2860,28.6,1536,1525,2395,2391,1,0,1,40.97419435122675,40.68075936563854,58.4716796875
2861,28.61,1536,1528,2400,2391,1,0,1,40.97419435122675,40.76078708898078,58.59375
2862,28.62,1536,1529,2398,2391,1,0,1,40.97419435122675,40.78746299676152,58.544921875
2863,28.63,1536,1524,2397,2391,1,0,1,40.97419435122675,40.65408345785779,58.5205078125
2864,28.64,1536,1526,2401,2391,1,0,1,40.97419435122675,40.70743527341928,58.6181640625
2865,28.65,1536,1524,2399,2391,1,0,1,40.97419435122675,40.65408345785779,58.5693359375
2866,28.66,1536,1528,2401,2391,1,0,1,40.97419435122675,40.76078708898078,58.6181640625
2867,28.67,1536,1526,2398,2391,1,0,1,40.97419435122675,40.70743527341928,58.544921875
2868,28.68,1536,1524,2399,2391,1,0,1,40.97419435122675,40.65408345785779,58.5693359375
2869,28.69,1536,1527,2401,2391,1,0,1,40.97419435122675,40.73411118120003,58.6181640625
2870,28.7,1536,1526,2399,2391,1,0,1,40.97419435122675,40.70743527341928,58.5693359375
2871,28.71,1536,1526,2399,2391,1,0,1,40.97419435122675,40.70743527341928,58.5693359375
2872,28.72,1536,1526,2399,2391,1,0,1,40.97419435122675,40.70743527341928,58.5693359375
2873,28.73,1536,1525,2399,2391,1,0,1,40.97419435122675,40.68075936563854,58.5693359375
2874,28.74,1536,1523,2400,2391,1,0,1,40.97419435122675,40.627407550077045,58.59375
2875,28.75,1536,1525,2402,2391,1,0,1,40.97419435122675,40.68075936563854,58.642578125
2876,28.76,1536,1525,2400,2391,1,0,1,40.97419435122675,40.68075936563854,58.59375
2877,28.77,1536,1529,2400,2391,1,0,1,40.97419435122675,40.78746299676152,58.59375
2878,28.78,1536,1524,2397,2391,1,0,1,40.97419435122675,40.65408345785779,58.5205078125
2879,28.79,1536,1522,2401,2391,1,0,1,40.97419435122675,40.600731642296296,58.6181640625
2880,28.8,1536,1527,2403,2391,1,0,1,40.97419435122675,40.73411118120003,58.6669921875
2881,28.81,1536,1522,2399,2391,1,0,1,40.97419435122675,40.600731642296296,58.5693359375
2882,28.82,1536,1529,2403,2391,1,0,1,40.97419435122675,40.78746299676152,58.6669921875
2883,28.83,1536,1523,2397,2391,1,0,1,40.97419435122675,40.627407550077045,58.5205078125
2884,28.84,1536,1527,2402,2391,1,0,1,40.97419435122675,40.73411118120003,58.642578125
2885,28.85,1536,1527,2399,2391,1,0,1,40.97419435122675,40.73411118120003,58.5693359375
2886,28.86,1536,1522,2399,2391,1,0,1,40.97419435122675,40.600731642296296,58.5693359375
2887,28.87,1536,1524,2403,2391,1,0,1,40.97419435122675,40.65408345785779,58.6669921875
2888,28.88,1536,1524,2401,2391,1,0,1,40.97419435122675,40.65408345785779,58.6181640625
2889,28.89,1536,1527,2401,2391,1,0,1,40.97419435122675,40.73411118120003,58.6181640625
2890,28.9,1536,1525,2399,2391,1,0,1,40.97419435122675,40.68075936563854,58.5693359375
2891,28.91,1536,1524,2400,2391,1,0,1,40.97419435122675,40.65408345785779,58.59375
2892,28.92,1536,1525,2401,2391,1,0,1,40.97419435122675,40.68075936563854,58.6181640625
2893,28.93,1536,1524,2400,2391,1,0,1,40.97419435122675,40.65408345785779,58.59375
2894,28.94,1536,1524,2401,2391,1,0,1,40.97419435122675,40.65408345785779,58.6181640625
2895,28.95,1536,1525,2401,2391,1,0,1,40.97419435122675,40.68075936563854,58.6181640625
2896,28.96,1536,1524,2400,2391,1,0,1,40.97419435122675,40.65408345785779,58.59375
2897,28.97,1536,1523,2401,2391,1,0,1,40.97419435122675,40.627407550077045,58.6181640625
2898,28.98,1536,1529,2402,2391,1,0,1,40.97419435122675,40.78746299676152,58.642578125
2899,28.99,1536,1525,2397,2391,1,0,1,40.97419435122675,40.68075936563854,58.5205078125
2900,29.0,1536,1531,2400,2391,1,0,1,40.97419435122675,40.84081481232302,58.59375
2901,29.01,1536,1525,2395,2391,1,0,1,40.97419435122675,40.68075936563854,58.4716796875
2902,29.02,1536,1524,2400,2391,1,0,1,40.97419435122675,40.65408345785779,58.59375
2903,29.03,1536,1529,2401,2391,1,0,1,40.97419435122675,40.78746299676152,58.6181640625
2904,29.04,1536,1525,2397,2391,1,0,1,40.97419435122675,40.68075936563854,58.5205078125
2905,29.05,1536,1528,2400,2391,1,0,1,40.97419435122675,40.76078708898078,58.59375
2906,29.06,1536,1526,2398,2391,1,0,1,40.97419435122675,40.70743527341928,58.544921875
2907,29.07,1536,1529,2399,2391,1,0,1,40.97419435122675,40.78746299676152,58.5693359375
2908,29.08,1536,1528,2397,2391,1,0,1,40.97419435122675,40.76078708898078,58.5205078125
2909,29.09,1536,1526,2398,2391,1,0,1,40.97419435122675,40.70743527341928,58.544921875
2910,29.1,1536,1528,2399,2391,1,0,1,40.97419435122675,40.76078708898078,58.5693359375
2911,29.11,1536,1528,2398,2391,1,0,1,40.97419435122675,40.76078708898078,58.544921875
2912,29.12,1536,1529,2398,2391,1,0,1,40.97419435122675,40.78746299676152,58.544921875
2913,29.13,1536,1529,2397,2391,1,0,1,40.97419435122675,40.78746299676152,58.5205078125
2914,29.14,1536,1528,2397,2391,1,0,1,40.97419435122675,40.76078708898078,58.5205078125
2915,29.15,1536,1526,2398,2391,1,0,1,40.97419435122675,40.70743527341928,58.544921875
2916,29.16,1536,1532,2399,2391,1,0,1,40.97419435122675,40.86749072010376,58.5693359375
2917,29.17,1536,1529,2394,2391,1,0,1,40.97419435122675,40.78746299676152,58.447265625
2918,29.18,1536,1534,2397,2391,1,0,1,40.97419435122675,40.92084253566525,58.5205078125
2919,29.19,1536,1528,2392,2391,1,0,1,40.97419435122675,40.76078708898078,58.3984375
2920,29.2,1536,1527,2398,2391,1,0,1,40.97419435122675,40.73411118120003,58.544921875
2921,29.21,1536,1532,2399,2391,1,0,1,40.97419435122675,40.86749072010376,58.5693359375
2922,29.22,1536,1527,2394,2391,1,0,1,40.97419435122675,40.73411118120003,58.447265625
2923,29.23,1536,1530,2399,2391,1,0,1,40.97419435122675,40.81413890454227,58.5693359375
2924,29.24,1536,1528,2396,2391,1,0,1,40.97419435122675,40.76078708898078,58.49609375
2925,29.25,1536,1532,2398,2391,1,0,1,40.97419435122675,40.86749072010376,58.544921875
2926,29.26,1536,1530,2394,2391,1,0,1,40.97419435122675,40.81413890454227,58.447265625
2927,29.27,1536,1527,2396,2391,1,0,1,40.97419435122675,40.73411118120003,58.49609375
2928,29.28,1536,1530,2399,2391,1,0,1,40.97419435122675,40.81413890454227,58.5693359375
2929,29.29,1536,1529,2396,2391,1,0,1,40.97419435122675,40.78746299676152,58.49609375
2930,29.3,1536,1529,2397,2391,1,0,1,40.97419435122675,40.78746299676152,58.5205078125
2931,29.31,1536,1530,2397,2391,1,0,1,40.97419435122675,40.81413890454227,58.5205078125
2932,29.32,1536,1530,2396,2391,1,0,1,40.97419435122675,40.81413890454227,58.49609375
2933,29.33,1536,1528,2396,2391,1,0,1,40.97419435122675,40.76078708898078,58.49609375
2934,29.34,1536,1532,2398,2391,1,0,1,40.97419435122675,40.86749072010376,58.544921875
2935,29.35,1536,1529,2394,2391,1,0,1,40.97419435122675,40.78746299676152,58.447265625
2936,29.36,1536,1534,2397,2391,1,0,1,40.97419435122675,40.92084253566525,58.5205078125
2937,29.37,1536,1529,2392,2391,1,0,1,40.97419435122675,40.78746299676152,58.3984375
2938,29.38,1536,1527,2397,2391,1,0,1,40.97419435122675,40.73411118120003,58.5205078125
2939,29.39,1536,1532,2399,2391,1,0,1,40.97419435122675,40.86749072010376,58.5693359375
2940,29.4,1536,1527,2394,2391,1,0,1,40.97419435122675,40.73411118120003,58.447265625
2941,29.41,1536,1530,2399,2391,1,0,1,40.97419435122675,40.81413890454227,58.5693359375
2942,29.42,1536,1527,2396,2391,1,0,1,40.97419435122675,40.73411118120003,58.49609375
2943,29.43,1536,1531,2399,2391,1,0,1,40.97419435122675,40.84081481232302,58.5693359375
2944,29.44,1536,1529,2395,2391,1,0,1,40.97419435122675,40.78746299676152,58.4716796875
2945,29.45,1536,1529,2397,2391,1,0,1,40.97419435122675,40.78746299676152,58.5205078125
2946,29.46,1536,1530,2397,2391,1,0,1,40.97419435122675,40.81413890454227,58.5205078125
2947,29.47,1536,1528,2396,2391,1,0,1,40.97419435122675,40.76078708898078,58.49609375
2948,29.48,1536,1528,2398,2391,1,0,1,40.97419435122675,40.76078708898078,58.544921875
2949,29.49,1536,1529,2398,2391,1,0,1,40.97419435122675,40.78746299676152,58.544921875
2950,29.5,1536,1528,2397,2391,1,0,1,40.97419435122675,40.76078708898078,58.5205078125
2951,29.51,1536,1526,2398,2391,1,0,1,40.97419435122675,40.70743527341928,58.544921875
2952,29.52,1536,1531,2399,2391,1,0,1,40.97419435122675,40.84081481232302,58.5693359375
2953,29.53,1536,1528,2395,2391,1,0,1,40.97419435122675,40.76078708898078,58.4716796875
2954,29.54,1536,1533,2398,2391,1,0,1,40.97419435122675,40.89416662788451,58.544921875
2955,29.55,1536,1527,2393,2391,1,0,1,40.97419435122675,40.73411118120003,58.4228515625
2956,29.56,1536,1526,2399,2391,1,0,1,40.97419435122675,40.70743527341928,58.5693359375
2957,29.57,1536,1531,2399,2391,1,0,1,40.97419435122675,40.84081481232302,58.5693359375
2958,29.58,1536,1527,2395,2391,1,0,1,40.97419435122675,40.73411118120003,58.4716796875
2959,29.59,1536,1529,2399,2391,1,0,1,40.97419435122675,40.78746299676152,58.5693359375
2960,29.6,1536,1527,2397,2391,1,0,1,40.97419435122675,40.73411118120003,58.5205078125
2961,29.61,1536,1531,2399,2391,1,0,1,40.97419435122675,40.84081481232302,58.5693359375
2962,29.62,1536,1529,2395,2391,1,0,1,40.97419435122675,40.78746299676152,58.4716796875
2963,29.63,1536,1527,2397,2391,1,0,1,40.97419435122675,40.73411118120003,58.5205078125
2964,29.64,1536,1529,2399,2391,1,0,1,40.97419435122675,40.78746299676152,58.5693359375
2965,29.65,1536,1529,2397,2391,1,0,1,40.97419435122675,40.78746299676152,58.5205078125
2966,29.66,1536,1529,2397,2391,1,0,1,40.97419435122675,40.78746299676152,58.5205078125
2967,29.67,1536,1530,2397,2391,1,0,1,40.97419435122675,40.81413890454227,58.5205078125
2968,29.68,1536,1529,2396,2391,1,0,1,40.97419435122675,40.78746299676152,58.49609375
2969,29.69,1536,1527,2397,2391,1,0,1,40.97419435122675,40.73411118120003,58.5205078125
2970,29.7,1536,1533,2399,2391,1,0,1,40.97419435122675,40.89416662788451,58.5693359375
2971,29.71,1536,1530,2393,2391,1,0,1,40.97419435122675,40.81413890454227,58.4228515625
2972,29.72,1536,1536,2396,2391,1,0,1,40.97419435122675,40.97419435122675,58.49609375
2973,29.73,1536,1530,2391,2391,1,0,1,40.97419435122675,40.81413890454227,58.3740234375
2974,29.74,1536,1533,2396,2391,1,0,1,40.97419435122675,40.89416662788451,58.49609375
2975,29.75,1536,1534,2393,2391,1,0,1,40.97419435122675,40.92084253566525,58.4228515625
2976,29.76,1536,1530,2392,2391,1,0,1,40.97419435122675,40.81413890454227,58.3984375
2977,29.77,1536,1532,2396,2391,1,0,1,40.97419435122675,40.86749072010376,58.49609375
2978,29.78,1536,1531,2394,2391,1,0,1,40.97419435122675,40.84081481232302,58.447265625
2979,29.79,1536,1535,2395,2391,1,0,1,40.97419435122675,40.947518443446,58.4716796875
2980,29.8,1536,1533,2391,2391,1,0,1,40.97419435122675,40.89416662788451,58.3740234375
2981,29.81,1536,1532,2393,2391,1,0,1,40.97419435122675,40.86749072010376,58.4228515625
2982,29.82,1536,1533,2394,2391,1,0,1,40.97419435122675,40.89416662788451,58.447265625
2983,29.83,1536,1533,2393,2391,1,0,1,40.97419435122675,40.89416662788451,58.4228515625
2984,29.84,1536,1532,2393,2391,1,0,1,40.97419435122675,40.86749072010376,58.4228515625
2985,29.85,1536,1538,2394,2391,1,0,1,40.97419435122675,41.02754616678824,58.447265625
2986,29.86,1536,1533,2388,2390,1,0,1,40.97419435122675,40.89416662788451,58.30078125
2987,29.87,1536,1531,2392,2390,1,0,1,40.97419435122675,40.84081481232302,58.3984375
2988,29.88,1536,1536,2394,2390,1,0,1,40.97419435122675,40.97419435122675,58.447265625
2989,29.89,1536,1531,2390,2390,1,0,1,40.97419435122675,40.84081481232302,58.349609375
2990,29.9,1536,1538,2394,2390,1,0,1,40.97419435122675,41.02754616678824,58.447265625
2991,29.91,1536,1532,2387,2389,1,0,1,40.97419435122675,40.86749072010376,58.2763671875
2992,29.92,1536,1535,2392,2389,1,0,1,40.97419435122675,40.947518443446,58.3984375
2993,29.93,1536,1533,2389,2389,1,0,1,40.97419435122675,40.89416662788451,58.3251953125
2994,29.94,1536,1531,2391,2389,1,0,1,40.97419435122675,40.84081481232302,58.3740234375
2995,29.95,1536,1533,2393,2389,1,0,1,40.97419435122675,40.89416662788451,58.4228515625
2996,29.96,1536,1532,2391,2389,1,0,1,40.97419435122675,40.86749072010376,58.3740234375
2997,29.97,1536,1534,2392,2389,1,0,1,40.97419435122675,40.92084253566525,58.3984375
2998,29.98,1536,1532,2390,2389,1,0,1,40.97419435122675,40.86749072010376,58.349609375
2999,29.99,1536,1532,2392,2389,1,0,1,40.97419435122675,40.86749072010376,58.3984375
3000,30.0,1536,1529,2392,2389,1,0,1,40.97419435122675,40.78746299676152,58.3984375
3001,30.01,1536,1532,2395,2389,1,0,1,40.97419435122675,40.86749072010376,58.4716796875
3002,30.02,1536,1531,2392,2389,1,0,1,40.97419435122675,40.84081481232302,58.3984375
