sample,time_s,reference_q12,measured_q12,duty_q12,integral_q12,armed,fault,enabled,target_rpm,measured_rpm,duty_percent
0,0.0,1024,1019,1968,1965,1,0,1,27.3161295674845,27.182750028580767,48.046875
1,0.01,1024,1019,1969,1965,1,0,1,27.3161295674845,27.182750028580767,48.0712890625
2,0.02,1024,1018,1969,1965,1,0,1,27.3161295674845,27.156074120800017,48.0712890625
3,0.03,1024,1019,1970,1965,1,0,1,27.3161295674845,27.182750028580767,48.095703125
4,0.04,1024,1020,1969,1965,1,0,1,27.3161295674845,27.209425936361512,48.0712890625
5,0.05,1024,1019,1968,1965,1,0,1,27.3161295674845,27.182750028580767,48.046875
6,0.06,1024,1019,1969,1965,1,0,1,27.3161295674845,27.182750028580767,48.0712890625
7,0.07,1024,1018,1969,1965,1,0,1,27.3161295674845,27.156074120800017,48.0712890625
8,0.08,1024,1019,1970,1965,1,0,1,27.3161295674845,27.182750028580767,48.095703125
9,0.09,1024,1020,1969,1965,1,0,1,27.3161295674845,27.209425936361512,48.0712890625
10,0.1,1024,1020,1968,1965,1,0,1,27.3161295674845,27.209425936361512,48.046875
11,0.11,1024,1020,1968,1965,1,0,1,27.3161295674845,27.209425936361512,48.046875
12,0.12,1024,1019,1968,1965,1,0,1,27.3161295674845,27.182750028580767,48.046875
13,0.13,1024,1020,1969,1965,1,0,1,27.3161295674845,27.209425936361512,48.0712890625
14,0.14,1024,1019,1968,1965,1,0,1,27.3161295674845,27.182750028580767,48.046875
15,0.15,1024,1020,1969,1965,1,0,1,27.3161295674845,27.209425936361512,48.0712890625
16,0.16,1024,1018,1968,1965,1,0,1,27.3161295674845,27.156074120800017,48.046875
17,0.17,1024,1019,1970,1965,1,0,1,27.3161295674845,27.182750028580767,48.095703125
18,0.18,1024,1023,1969,1965,1,0,1,27.3161295674845,27.289453659703753,48.0712890625
19,0.19,1024,1019,1965,1965,1,0,1,27.3161295674845,27.182750028580767,47.9736328125
20,0.2,1024,1022,1969,1965,1,0,1,27.3161295674845,27.262777751923004,48.0712890625
21,0.21,1024,1018,1966,1965,1,0,1,27.3161295674845,27.156074120800017,47.998046875
22,0.22,1024,1019,1970,1965,1,0,1,27.3161295674845,27.182750028580767,48.095703125
23,0.23,1024,1023,1969,1965,1,0,1,27.3161295674845,27.289453659703753,48.0712890625
24,0.24,1024,1019,1965,1965,1,0,1,27.3161295674845,27.182750028580767,47.9736328125
25,0.25,1024,1022,1969,1965,1,0,1,27.3161295674845,27.262777751923004,48.0712890625
26,0.26,1024,1021,1966,1965,1,0,1,27.3161295674845,27.236101844142258,47.998046875
27,0.27,1024,1019,1967,1965,1,0,1,27.3161295674845,27.182750028580767,48.0224609375
28,0.28,1024,1019,1969,1965,1,0,1,27.3161295674845,27.182750028580767,48.0712890625
29,0.29,1024,1018,1969,1965,1,0,1,27.3161295674845,27.156074120800017,48.0712890625
30,0.3,1024,1019,1970,1965,1,0,1,27.3161295674845,27.182750028580767,48.095703125
31,0.31,1024,1020,1969,1965,1,0,1,27.3161295674845,27.209425936361512,48.0712890625
32,0.32,1024,1019,1968,1965,1,0,1,27.3161295674845,27.182750028580767,48.046875
33,0.33,1024,1019,1969,1965,1,0,1,27.3161295674845,27.182750028580767,48.0712890625
34,0.34,1024,1018,1969,1965,1,0,1,27.3161295674845,27.156074120800017,48.0712890625
35,0.35,1024,1019,1970,1965,1,0,1,27.3161295674845,27.182750028580767,48.095703125
36,0.36,1024,1018,1969,1965,1,0,1,27.3161295674845,27.156074120800017,48.0712890625
37,0.37,1024,1018,1970,1965,1,0,1,27.3161295674845,27.156074120800017,48.095703125
38,0.38,1024,1017,1970,1965,1,0,1,27.3161295674845,27.12939821301927,48.095703125
39,0.39,1024,1018,1971,1965,1,0,1,27.3161295674845,27.156074120800017,48.1201171875
40,0.4,1024,1022,1970,1965,1,0,1,27.3161295674845,27.262777751923004,48.095703125
41,0.41,1024,1018,1966,1965,1,0,1,27.3161295674845,27.156074120800017,47.998046875
42,0.42,1024,1019,1970,1965,1,0,1,27.3161295674845,27.182750028580767,48.095703125
43,0.43,1024,1017,1969,1965,1,0,1,27.3161295674845,27.12939821301927,48.0712890625
44,0.44,1024,1018,1971,1965,1,0,1,27.3161295674845,27.156074120800017,48.1201171875
45,0.45,1024,1022,1970,1965,1,0,1,27.3161295674845,27.262777751923004,48.095703125
46,0.46,1024,1018,1966,1965,1,0,1,27.3161295674845,27.156074120800017,47.998046875
47,0.47,1024,1021,1970,1965,1,0,1,27.3161295674845,27.236101844142258,48.095703125
48,0.48,1024,1017,1967,1965,1,0,1,27.3161295674845,27.12939821301927,48.0224609375
49,0.49,1024,1018,1971,1965,1,0,1,27.3161295674845,27.156074120800017,48.1201171875
50,0.5,1024,1021,1970,1965,1,0,1,27.3161295674845,27.236101844142258,48.095703125
51,0.51,1024,1017,1967,1965,1,0,1,27.3161295674845,27.12939821301927,48.0224609375
52,0.52,1024,1021,1971,1965,1,0,1,27.3161295674845,27.236101844142258,48.1201171875
53,0.53,1024,1020,1967,1965,1,0,1,27.3161295674845,27.209425936361512,48.0224609375
54,0.54,1024,1018,1968,1965,1,0,1,27.3161295674845,27.156074120800017,48.046875
55,0.55,1024,1019,1970,1965,1,0,1,27.3161295674845,27.182750028580767,48.095703125
56,0.56,1024,1017,1969,1965,1,0,1,27.3161295674845,27.12939821301927,48.0712890625
57,0.57,1024,1019,1971,1965,1,0,1,27.3161295674845,27.182750028580767,48.1201171875
58,0.58,1024,1020,1969,1965,1,0,1,27.3161295674845,27.209425936361512,48.0712890625
59,0.59,1024,1019,1968,1965,1,0,1,27.3161295674845,27.182750028580767,48.046875
60,0.6,1024,1019,1969,1965,1,0,1,27.3161295674845,27.182750028580767,48.0712890625
61,0.61,1024,1019,1969,1965,1,0,1,27.3161295674845,27.182750028580767,48.0712890625
62,0.62,1024,1019,1969,1965,1,0,1,27.3161295674845,27.182750028580767,48.0712890625
63,0.63,1024,1019,1969,1965,1,0,1,27.3161295674845,27.182750028580767,48.0712890625
64,0.64,1024,1019,1969,1965,1,0,1,27.3161295674845,27.182750028580767,48.0712890625
65,0.65,1024,1017,1969,1965,1,0,1,27.3161295674845,27.12939821301927,48.0712890625
66,0.66,1024,1019,1971,1965,1,0,1,27.3161295674845,27.182750028580767,48.1201171875
67,0.67,1024,1022,1969,1965,1,0,1,27.3161295674845,27.262777751923004,48.0712890625
68,0.68,1024,1019,1966,1965,1,0,1,27.3161295674845,27.182750028580767,47.998046875
69,0.69,1024,1019,1969,1965,1,0,1,27.3161295674845,27.182750028580767,48.0712890625
70,0.7,1024,1017,1969,1965,1,0,1,27.3161295674845,27.12939821301927,48.0712890625
71,0.71,1024,1019,1971,1965,1,0,1,27.3161295674845,27.182750028580767,48.1201171875
72,0.72,1024,1022,1969,1965,1,0,1,27.3161295674845,27.262777751923004,48.0712890625
73,0.73,1024,1018,1966,1965,1,0,1,27.3161295674845,27.156074120800017,47.998046875
74,0.74,1024,1021,1970,1965,1,0,1,27.3161295674845,27.236101844142258,48.095703125
75,0.75,1024,1017,1967,1965,1,0,1,27.3161295674845,27.12939821301927,48.0224609375
76,0.76,1024,1018,1971,1965,1,0,1,27.3161295674845,27.156074120800017,48.1201171875
77,0.77,1024,1021,1970,1965,1,0,1,27.3161295674845,27.236101844142258,48.095703125
78,0.78,1024,1017,1967,1965,1,0,1,27.3161295674845,27.12939821301927,48.0224609375
79,0.79,1024,1019,1971,1965,1,0,1,27.3161295674845,27.182750028580767,48.1201171875
80,0.8,1024,1018,1969,1965,1,0,1,27.3161295674845,27.156074120800017,48.0712890625
81,0.81,1024,1016,1970,1965,1,0,1,27.3161295674845,27.102722305238526,48.095703125
82,0.82,1024,1016,1972,1965,1,0,1,27.3161295674845,27.102722305238526,48.14453125
83,0.83,1024,1015,1972,1965,1,0,1,27.3161295674845,27.07604639745778,48.14453125
84,0.84,1024,1016,1973,1965,1,0,1,27.3161295674845,27.102722305238526,48.1689453125
85,0.85,1024,1017,1972,1965,1,0,1,27.3161295674845,27.12939821301927,48.14453125
86,0.86,1024,1015,1971,1965,1,0,1,27.3161295674845,27.07604639745778,48.1201171875
87,0.87,1024,1015,1973,1965,1,0,1,27.3161295674845,27.07604639745778,48.1689453125
88,0.88,1024,1013,1973,1965,1,0,1,27.3161295674845,27.022694581896285,48.1689453125
89,0.89,1024,1014,1974,1965,1,0,1,27.3161295674845,27.04937048967703,48.193359375
90,0.9,1024,1015,1973,1965,1,0,1,27.3161295674845,27.07604639745778,48.1689453125
91,0.91,1024,1014,1973,1965,1,0,1,27.3161295674845,27.04937048967703,48.1689453125
92,0.92,1024,1014,1973,1965,1,0,1,27.3161295674845,27.04937048967703,48.1689453125
93,0.93,1024,1013,1973,1965,1,0,1,27.3161295674845,27.022694581896285,48.1689453125
94,0.94,1024,1014,1974,1965,1,0,1,27.3161295674845,27.04937048967703,48.193359375
95,0.95,1024,1013,1973,1965,1,0,1,27.3161295674845,27.022694581896285,48.1689453125
96,0.96,1024,1014,1974,1965,1,0,1,27.3161295674845,27.04937048967703,48.193359375
97,0.97,1024,1012,1973,1965,1,0,1,27.3161295674845,26.99601867411554,48.1689453125
98,0.98,1024,1013,1975,1965,1,0,1,27.3161295674845,27.022694581896285,48.2177734375
99,0.99,1024,1016,1974,1965,1,0,1,27.3161295674845,27.102722305238526,48.193359375
100,1.0,1024,1013,1972,1965,1,0,1,27.3161295674845,27.022694581896285,48.14453125
101,1.01,1024,1013,1974,1965,1,0,1,27.3161295674845,27.022694581896285,48.193359375
102,1.02,1024,1012,1974,1965,1,0,1,27.3161295674845,26.99601867411554,48.193359375
103,1.03,1024,1013,1975,1965,1,0,1,27.3161295674845,27.022694581896285,48.2177734375
104,1.04,1024,1016,1974,1965,1,0,1,27.3161295674845,27.102722305238526,48.193359375
105,1.05,1024,1013,1972,1965,1,0,1,27.3161295674845,27.022694581896285,48.14453125
106,1.06,1024,1015,1974,1965,1,0,1,27.3161295674845,27.07604639745778,48.193359375
107,1.07,1024,1012,1973,1965,1,0,1,27.3161295674845,26.99601867411554,48.1689453125
108,1.08,1024,1013,1975,1965,1,0,1,27.3161295674845,27.022694581896285,48.2177734375
109,1.09,1024,1017,1974,1965,1,0,1,27.3161295674845,27.12939821301927,48.193359375
110,1.1,1024,1012,1971,1965,1,0,1,27.3161295674845,26.99601867411554,48.1201171875
111,1.11,1024,1016,1975,1965,1,0,1,27.3161295674845,27.102722305238526,48.2177734375
112,1.12,1024,1015,1972,1965,1,0,1,27.3161295674845,27.07604639745778,48.14453125
113,1.13,1024,1013,1973,1965,1,0,1,27.3161295674845,27.022694581896285,48.1689453125
114,1.14,1024,1017,1974,1965,1,0,1,27.3161295674845,27.12939821301927,48.193359375
115,1.15,1024,1013,1971,1965,1,0,1,27.3161295674845,27.022694581896285,48.1201171875
116,1.16,1024,1016,1974,1965,1,0,1,27.3161295674845,27.102722305238526,48.193359375
117,1.17,1024,1015,1972,1965,1,0,1,27.3161295674845,27.07604639745778,48.14453125
118,1.18,1024,1013,1973,1965,1,0,1,27.3161295674845,27.022694581896285,48.1689453125
119,1.19,1024,1014,1974,1965,1,0,1,27.3161295674845,27.04937048967703,48.193359375
120,1.2,1024,1013,1973,1965,1,0,1,27.3161295674845,27.022694581896285,48.1689453125
121,1.21,1024,1014,1974,1965,1,0,1,27.3161295674845,27.04937048967703,48.193359375
122,1.22,1024,1015,1973,1965,1,0,1,27.3161295674845,27.07604639745778,48.1689453125
123,1.23,1024,1014,1973,1965,1,0,1,27.3161295674845,27.04937048967703,48.1689453125
124,1.24,1024,1014,1973,1965,1,0,1,27.3161295674845,27.04937048967703,48.1689453125
125,1.25,1024,1012,1973,1965,1,0,1,27.3161295674845,26.99601867411554,48.1689453125
126,1.26,1024,1014,1975,1965,1,0,1,27.3161295674845,27.04937048967703,48.2177734375
127,1.27,1024,1015,1973,1965,1,0,1,27.3161295674845,27.07604639745778,48.1689453125
128,1.28,1024,1014,1973,1965,1,0,1,27.3161295674845,27.04937048967703,48.1689453125
129,1.29,1024,1015,1973,1965,1,0,1,27.3161295674845,27.07604639745778,48.1689453125
130,1.3,1024,1014,1973,1965,1,0,1,27.3161295674845,27.04937048967703,48.1689453125
131,1.31,1024,1015,1973,1965,1,0,1,27.3161295674845,27.07604639745778,48.1689453125
132,1.32,1024,1014,1973,1965,1,0,1,27.3161295674845,27.04937048967703,48.1689453125
133,1.33,1024,1014,1973,1965,1,0,1,27.3161295674845,27.04937048967703,48.1689453125
134,1.34,1024,1013,1973,1965,1,0,1,27.3161295674845,27.022694581896285,48.1689453125
135,1.35,1024,1014,1974,1965,1,0,1,27.3161295674845,27.04937048967703,48.193359375
136,1.36,1024,1018,1973,1965,1,0,1,27.3161295674845,27.156074120800017,48.1689453125
137,1.37,1024,1015,1970,1965,1,0,1,27.3161295674845,27.07604639745778,48.095703125
138,1.38,1024,1017,1973,1965,1,0,1,27.3161295674845,27.12939821301927,48.1689453125
139,1.39,1024,1013,1971,1965,1,0,1,27.3161295674845,27.022694581896285,48.1201171875
140,1.4,1024,1014,1974,1965,1,0,1,27.3161295674845,27.04937048967703,48.193359375
141,1.41,1024,1017,1973,1965,1,0,1,27.3161295674845,27.12939821301927,48.1689453125
142,1.42,1024,1014,1971,1965,1,0,1,27.3161295674845,27.04937048967703,48.1201171875
143,1.43,1024,1016,1973,1965,1,0,1,27.3161295674845,27.102722305238526,48.1689453125
144,1.44,1024,1013,1972,1965,1,0,1,27.3161295674845,27.022694581896285,48.14453125
145,1.45,1024,1014,1974,1965,1,0,1,27.3161295674845,27.04937048967703,48.193359375
146,1.46,1024,1017,1973,1965,1,0,1,27.3161295674845,27.12939821301927,48.1689453125
147,1.47,1024,1013,1971,1965,1,0,1,27.3161295674845,27.022694581896285,48.1201171875
148,1.48,1024,1016,1974,1965,1,0,1,27.3161295674845,27.102722305238526,48.193359375
149,1.49,1024,1016,1972,1965,1,0,1,27.3161295674845,27.102722305238526,48.14453125
150,1.5,1024,1014,1972,1965,1,0,1,27.3161295674845,27.04937048967703,48.14453125
151,1.51,1024,1015,1973,1965,1,0,1,27.3161295674845,27.07604639745778,48.1689453125
152,1.52,1024,1013,1973,1965,1,0,1,27.3161295674845,27.022694581896285,48.1689453125
153,1.53,1024,1016,1974,1965,1,0,1,27.3161295674845,27.102722305238526,48.193359375
154,1.54,1024,1015,1972,1965,1,0,1,27.3161295674845,27.07604639745778,48.14453125
155,1.55,1024,1013,1973,1965,1,0,1,27.3161295674845,27.022694581896285,48.1689453125
156,1.56,1024,1015,1974,1965,1,0,1,27.3161295674845,27.07604639745778,48.193359375
157,1.57,1024,1013,1973,1965,1,0,1,27.3161295674845,27.022694581896285,48.1689453125
158,1.58,1024,1015,1974,1965,1,0,1,27.3161295674845,27.07604639745778,48.193359375
159,1.59,1024,1016,1973,1965,1,0,1,27.3161295674845,27.102722305238526,48.1689453125
160,1.6,1024,1015,1972,1965,1,0,1,27.3161295674845,27.07604639745778,48.14453125
161,1.61,1024,1015,1973,1965,1,0,1,27.3161295674845,27.07604639745778,48.1689453125
162,1.62,1024,1014,1973,1965,1,0,1,27.3161295674845,27.04937048967703,48.1689453125
163,1.63,1024,1015,1973,1965,1,0,1,27.3161295674845,27.07604639745778,48.1689453125
164,1.64,1024,1014,1973,1965,1,0,1,27.3161295674845,27.04937048967703,48.1689453125
165,1.65,1024,1015,1973,1965,1,0,1,27.3161295674845,27.07604639745778,48.1689453125
166,1.66,1024,1015,1973,1965,1,0,1,27.3161295674845,27.07604639745778,48.1689453125
167,1.67,1024,1014,1973,1965,1,0,1,27.3161295674845,27.04937048967703,48.1689453125
168,1.68,1024,1015,1973,1965,1,0,1,27.3161295674845,27.07604639745778,48.1689453125
169,1.69,1024,1015,1973,1965,1,0,1,27.3161295674845,27.07604639745778,48.1689453125
170,1.7,1024,1016,1973,1965,1,0,1,27.3161295674845,27.102722305238526,48.1689453125
171,1.71,1024,1014,1972,1965,1,0,1,27.3161295674845,27.04937048967703,48.14453125
172,1.72,1024,1015,1973,1965,1,0,1,27.3161295674845,27.07604639745778,48.1689453125
173,1.73,1024,1019,1973,1965,1,0,1,27.3161295674845,27.182750028580767,48.1689453125
174,1.74,1024,1015,1969,1965,1,0,1,27.3161295674845,27.07604639745778,48.0712890625
175,1.75,1024,1018,1973,1965,1,0,1,27.3161295674845,27.156074120800017,48.1689453125
176,1.76,1024,1014,1970,1965,1,0,1,27.3161295674845,27.04937048967703,48.095703125
177,1.77,1024,1015,1973,1965,1,0,1,27.3161295674845,27.07604639745778,48.1689453125
178,1.78,1024,1019,1973,1965,1,0,1,27.3161295674845,27.182750028580767,48.1689453125
179,1.79,1024,1014,1969,1965,1,0,1,27.3161295674845,27.04937048967703,48.0712890625
180,1.8,1024,1018,1973,1965,1,0,1,27.3161295674845,27.156074120800017,48.1689453125
181,1.81,1024,1017,1970,1965,1,0,1,27.3161295674845,27.12939821301927,48.095703125
182,1.82,1024,1015,1971,1965,1,0,1,27.3161295674845,27.07604639745778,48.1201171875
183,1.83,1024,1019,1973,1965,1,0,1,27.3161295674845,27.182750028580767,48.1689453125
184,1.84,1024,1014,1969,1965,1,0,1,27.3161295674845,27.04937048967703,48.0712890625
185,1.85,1024,1017,1973,1965,1,0,1,27.3161295674845,27.12939821301927,48.1689453125
186,1.86,1024,1017,1971,1965,1,0,1,27.3161295674845,27.12939821301927,48.1201171875
187,1.87,1024,1015,1971,1965,1,0,1,27.3161295674845,27.07604639745778,48.1201171875
188,1.88,1024,1016,1973,1965,1,0,1,27.3161295674845,27.102722305238526,48.1689453125
189,1.89,1024,1014,1972,1965,1,0,1,27.3161295674845,27.04937048967703,48.14453125
190,1.9,1024,1015,1973,1965,1,0,1,27.3161295674845,27.07604639745778,48.1689453125
191,1.91,1024,1016,1973,1965,1,0,1,27.3161295674845,27.102722305238526,48.1689453125
192,1.92,1024,1014,1972,1965,1,0,1,27.3161295674845,27.04937048967703,48.14453125
193,1.93,1024,1015,1973,1965,1,0,1,27.3161295674845,27.07604639745778,48.1689453125
194,1.94,1024,1014,1973,1965,1,0,1,27.3161295674845,27.04937048967703,48.1689453125
195,1.95,1024,1015,1973,1965,1,0,1,27.3161295674845,27.07604639745778,48.1689453125
196,1.96,1024,1014,1973,1965,1,0,1,27.3161295674845,27.04937048967703,48.1689453125
197,1.97,1024,1014,1973,1965,1,0,1,27.3161295674845,27.04937048967703,48.1689453125
198,1.98,1024,1015,1973,1965,1,0,1,27.3161295674845,27.07604639745778,48.1689453125
199,1.99,1024,1014,1973,1965,1,0,1,27.3161295674845,27.04937048967703,48.1689453125
200,2.0,1024,1014,1973,1965,1,0,1,27.3161295674845,27.04937048967703,48.1689453125
201,2.01,1024,1014,1973,1965,1,0,1,27.3161295674845,27.04937048967703,48.1689453125
202,2.02,1024,1014,1973,1965,1,0,1,27.3161295674845,27.04937048967703,48.1689453125
203,2.03,1024,1012,1973,1965,1,0,1,27.3161295674845,26.99601867411554,48.1689453125
204,2.04,1024,1014,1975,1965,1,0,1,27.3161295674845,27.04937048967703,48.2177734375
205,2.05,1024,1017,1973,1965,1,0,1,27.3161295674845,27.12939821301927,48.1689453125
206,2.06,1024,1014,1971,1965,1,0,1,27.3161295674845,27.04937048967703,48.1201171875
207,2.07,1024,1016,1973,1965,1,0,1,27.3161295674845,27.102722305238526,48.1689453125
208,2.08,1024,1013,1972,1965,1,0,1,27.3161295674845,27.022694581896285,48.14453125
209,2.09,1024,1014,1974,1965,1,0,1,27.3161295674845,27.04937048967703,48.193359375
210,2.1,1024,1017,1973,1965,1,0,1,27.3161295674845,27.12939821301927,48.1689453125
211,2.11,1024,1014,1971,1965,1,0,1,27.3161295674845,27.04937048967703,48.1201171875
212,2.12,1024,1017,1973,1965,1,0,1,27.3161295674845,27.12939821301927,48.1689453125
213,2.13,1024,1013,1971,1965,1,0,1,27.3161295674845,27.022694581896285,48.1201171875
214,2.14,1024,1015,1974,1965,1,0,1,27.3161295674845,27.07604639745778,48.193359375
215,2.15,1024,1018,1973,1965,1,0,1,27.3161295674845,27.156074120800017,48.1689453125
216,2.16,1024,1013,1970,1965,1,0,1,27.3161295674845,27.022694581896285,48.095703125
217,2.17,1024,1017,1974,1965,1,0,1,27.3161295674845,27.12939821301927,48.193359375
218,2.18,1024,1016,1971,1965,1,0,1,27.3161295674845,27.102722305238526,48.1201171875
219,2.19,1024,1015,1972,1965,1,0,1,27.3161295674845,27.07604639745778,48.14453125
220,2.2,1024,1015,1973,1965,1,0,1,27.3161295674845,27.07604639745778,48.1689453125
221,2.21,1024,1014,1973,1965,1,0,1,27.3161295674845,27.04937048967703,48.1689453125
222,2.22,1024,1016,1973,1965,1,0,1,27.3161295674845,27.102722305238526,48.1689453125
223,2.23,1024,1017,1972,1965,1,0,1,27.3161295674845,27.12939821301927,48.14453125
224,2.24,1024,1015,1971,1965,1,0,1,27.3161295674845,27.07604639745778,48.1201171875
225,2.25,1024,1016,1973,1965,1,0,1,27.3161295674845,27.102722305238526,48.1689453125
226,2.26,1024,1015,1972,1965,1,0,1,27.3161295674845,27.07604639745778,48.14453125
227,2.27,1024,1016,1973,1965,1,0,1,27.3161295674845,27.102722305238526,48.1689453125
228,2.28,1024,1017,1972,1965,1,0,1,27.3161295674845,27.12939821301927,48.14453125
229,2.29,1024,1016,1971,1965,1,0,1,27.3161295674845,27.102722305238526,48.1201171875
230,2.3,1024,1016,1972,1965,1,0,1,27.3161295674845,27.102722305238526,48.14453125
231,2.31,1024,1016,1972,1965,1,0,1,27.3161295674845,27.102722305238526,48.14453125
232,2.32,1024,1017,1972,1965,1,0,1,27.3161295674845,27.12939821301927,48.14453125
233,2.33,1024,1016,1971,1965,1,0,1,27.3161295674845,27.102722305238526,48.1201171875
234,2.34,1024,1017,1972,1965,1,0,1,27.3161295674845,27.12939821301927,48.14453125
235,2.35,1024,1015,1971,1965,1,0,1,27.3161295674845,27.07604639745778,48.1201171875
236,2.36,1024,1016,1973,1965,1,0,1,27.3161295674845,27.102722305238526,48.1689453125
237,2.37,1024,1020,1972,1965,1,0,1,27.3161295674845,27.209425936361512,48.14453125
238,2.38,1024,1017,1968,1965,1,0,1,27.3161295674845,27.12939821301927,48.046875
239,2.39,1024,1019,1971,1965,1,0,1,27.3161295674845,27.182750028580767,48.1201171875
240,2.4,1024,1015,1969,1965,1,0,1,27.3161295674845,27.07604639745778,48.0712890625
241,2.41,1024,1016,1973,1965,1,0,1,27.3161295674845,27.102722305238526,48.1689453125
242,2.42,1024,1020,1972,1965,1,0,1,27.3161295674845,27.209425936361512,48.14453125
243,2.43,1024,1017,1968,1965,1,0,1,27.3161295674845,27.12939821301927,48.046875
244,2.44,1024,1019,1971,1965,1,0,1,27.3161295674845,27.182750028580767,48.1201171875
245,2.45,1024,1015,1969,1965,1,0,1,27.3161295674845,27.07604639745778,48.0712890625
246,2.46,1024,1016,1973,1965,1,0,1,27.3161295674845,27.102722305238526,48.1689453125
247,2.47,1024,1020,1972,1965,1,0,1,27.3161295674845,27.209425936361512,48.14453125
248,2.48,1024,1015,1968,1965,1,0,1,27.3161295674845,27.07604639745778,48.046875
249,2.49,1024,1018,1973,1965,1,0,1,27.3161295674845,27.156074120800017,48.1689453125
250,2.5,1024,1018,1970,1965,1,0,1,27.3161295674845,27.156074120800017,48.095703125
251,2.51,1024,1016,1970,1965,1,0,1,27.3161295674845,27.102722305238526,48.095703125
252,2.52,1024,1017,1972,1965,1,0,1,27.3161295674845,27.12939821301927,48.14453125
253,2.53,1024,1015,1971,1965,1,0,1,27.3161295674845,27.07604639745778,48.1201171875
254,2.54,1024,1017,1973,1965,1,0,1,27.3161295674845,27.12939821301927,48.1689453125
255,2.55,1024,1018,1971,1965,1,0,1,27.3161295674845,27.156074120800017,48.1201171875
256,2.56,1024,1016,1970,1965,1,0,1,27.3161295674845,27.102722305238526,48.095703125
257,2.57,1024,1016,1972,1965,1,0,1,27.3161295674845,27.102722305238526,48.14453125
258,2.58,1024,1016,1972,1965,1,0,1,27.3161295674845,27.102722305238526,48.14453125
259,2.59,1024,1016,1972,1965,1,0,1,27.3161295674845,27.102722305238526,48.14453125
260,2.6,1024,1016,1972,1965,1,0,1,27.3161295674845,27.102722305238526,48.14453125
261,2.61,1024,1016,1972,1965,1,0,1,27.3161295674845,27.102722305238526,48.14453125
262,2.62,1024,1016,1972,1965,1,0,1,27.3161295674845,27.102722305238526,48.14453125
263,2.63,1024,1016,1972,1965,1,0,1,27.3161295674845,27.102722305238526,48.14453125
264,2.64,1024,1016,1972,1965,1,0,1,27.3161295674845,27.102722305238526,48.14453125
265,2.65,1024,1015,1972,1965,1,0,1,27.3161295674845,27.07604639745778,48.14453125
266,2.66,1024,1016,1973,1965,1,0,1,27.3161295674845,27.102722305238526,48.1689453125
267,2.67,1024,1015,1972,1965,1,0,1,27.3161295674845,27.07604639745778,48.14453125
268,2.68,1024,1016,1973,1965,1,0,1,27.3161295674845,27.102722305238526,48.1689453125
269,2.69,1024,1019,1972,1965,1,0,1,27.3161295674845,27.182750028580767,48.14453125
270,2.7,1024,1016,1969,1965,1,0,1,27.3161295674845,27.102722305238526,48.0712890625
271,2.71,1024,1018,1972,1965,1,0,1,27.3161295674845,27.156074120800017,48.14453125
272,2.72,1024,1015,1970,1965,1,0,1,27.3161295674845,27.07604639745778,48.095703125
273,2.73,1024,1016,1973,1965,1,0,1,27.3161295674845,27.102722305238526,48.1689453125
274,2.74,1024,1019,1972,1965,1,0,1,27.3161295674845,27.182750028580767,48.14453125
275,2.75,1024,1015,1969,1965,1,0,1,27.3161295674845,27.07604639745778,48.0712890625
276,2.76,1024,1019,1973,1965,1,0,1,27.3161295674845,27.182750028580767,48.1689453125
277,2.77,1024,1018,1969,1965,1,0,1,27.3161295674845,27.156074120800017,48.0712890625
278,2.78,1024,1017,1970,1965,1,0,1,27.3161295674845,27.12939821301927,48.095703125
279,2.79,1024,1021,1971,1965,1,0,1,27.3161295674845,27.236101844142258,48.1201171875
280,2.8,1024,1016,1967,1965,1,0,1,27.3161295674845,27.102722305238526,48.0224609375
281,2.81,1024,1020,1972,1965,1,0,1,27.3161295674845,27.209425936361512,48.14453125
282,2.82,1024,1019,1968,1965,1,0,1,27.3161295674845,27.182750028580767,48.046875
283,2.83,1024,1017,1969,1965,1,0,1,27.3161295674845,27.12939821301927,48.0712890625
284,2.84,1024,1018,1971,1965,1,0,1,27.3161295674845,27.156074120800017,48.1201171875
285,2.85,1024,1016,1970,1965,1,0,1,27.3161295674845,27.102722305238526,48.095703125
286,2.86,1024,1018,1972,1965,1,0,1,27.3161295674845,27.156074120800017,48.14453125
287,2.87,1024,1019,1970,1965,1,0,1,27.3161295674845,27.182750028580767,48.095703125
288,2.88,1024,1018,1969,1965,1,0,1,27.3161295674845,27.156074120800017,48.0712890625
289,2.89,1024,1018,1970,1965,1,0,1,27.3161295674845,27.156074120800017,48.095703125
290,2.9,1024,1017,1970,1965,1,0,1,27.3161295674845,27.12939821301927,48.095703125
291,2.91,1024,1017,1971,1965,1,0,1,27.3161295674845,27.12939821301927,48.1201171875
292,2.92,1024,1017,1971,1965,1,0,1,27.3161295674845,27.12939821301927,48.1201171875
293,2.93,1024,1018,1971,1965,1,0,1,27.3161295674845,27.156074120800017,48.1201171875
294,2.94,1024,1016,1970,1965,1,0,1,27.3161295674845,27.102722305238526,48.095703125
295,2.95,1024,1017,1972,1965,1,0,1,27.3161295674845,27.12939821301927,48.14453125
296,2.96,1024,1021,1971,1965,1,0,1,27.3161295674845,27.236101844142258,48.1201171875
297,2.97,1024,1018,1967,1965,1,0,1,27.3161295674845,27.156074120800017,48.0224609375
298,2.98,1024,1020,1970,1965,1,0,1,27.3161295674845,27.209425936361512,48.095703125
299,2.99,1024,1016,1968,1965,1,0,1,27.3161295674845,27.102722305238526,48.046875
300,3.0,1024,1017,1972,1965,1,0,1,27.3161295674845,27.12939821301927,48.14453125
301,3.01,1024,1020,1971,1965,1,0,1,27.3161295674845,27.209425936361512,48.1201171875
302,3.02,1024,1017,1968,1965,1,0,1,27.3161295674845,27.12939821301927,48.046875
303,3.03,1024,1019,1971,1965,1,0,1,27.3161295674845,27.182750028580767,48.1201171875
304,3.04,1024,1015,1969,1965,1,0,1,27.3161295674845,27.07604639745778,48.0712890625
305,3.05,1024,1016,1973,1965,1,0,1,27.3161295674845,27.102722305238526,48.1689453125
306,3.06,1024,1020,1972,1965,1,0,1,27.3161295674845,27.209425936361512,48.14453125
307,3.07,1024,1016,1968,1965,1,0,1,27.3161295674845,27.102722305238526,48.046875
308,3.08,1024,1019,1972,1965,1,0,1,27.3161295674845,27.182750028580767,48.14453125
309,3.09,1024,1018,1969,1965,1,0,1,27.3161295674845,27.156074120800017,48.0712890625
310,3.1,1024,1017,1970,1965,1,0,1,27.3161295674845,27.12939821301927,48.095703125
311,3.11,1024,1017,1971,1965,1,0,1,27.3161295674845,27.12939821301927,48.1201171875
312,3.12,1024,1016,1971,1965,1,0,1,27.3161295674845,27.102722305238526,48.1201171875
313,3.13,1024,1017,1972,1965,1,0,1,27.3161295674845,27.12939821301927,48.14453125
314,3.14,1024,1018,1971,1965,1,0,1,27.3161295674845,27.156074120800017,48.1201171875
315,3.15,1024,1017,1970,1965,1,0,1,27.3161295674845,27.12939821301927,48.095703125
316,3.16,1024,1017,1971,1965,1,0,1,27.3161295674845,27.12939821301927,48.1201171875
317,3.17,1024,1017,1971,1965,1,0,1,27.3161295674845,27.12939821301927,48.1201171875
318,3.18,1024,1017,1971,1965,1,0,1,27.3161295674845,27.12939821301927,48.1201171875
319,3.19,1024,1017,1971,1965,1,0,1,27.3161295674845,27.12939821301927,48.1201171875
320,3.2,1024,1017,1971,1965,1,0,1,27.3161295674845,27.12939821301927,48.1201171875
321,3.21,1024,1017,1971,1965,1,0,1,27.3161295674845,27.12939821301927,48.1201171875
322,3.22,1024,1016,1971,1965,1,0,1,27.3161295674845,27.102722305238526,48.1201171875
323,3.23,1024,1017,1972,1965,1,0,1,27.3161295674845,27.12939821301927,48.14453125
324,3.24,1024,1017,1971,1965,1,0,1,27.3161295674845,27.12939821301927,48.1201171875
325,3.25,1024,1017,1971,1965,1,0,1,27.3161295674845,27.12939821301927,48.1201171875
326,3.26,1024,1015,1971,1965,1,0,1,27.3161295674845,27.07604639745778,48.1201171875
327,3.27,1024,1017,1973,1965,1,0,1,27.3161295674845,27.12939821301927,48.1689453125
328,3.28,1024,1020,1971,1965,1,0,1,27.3161295674845,27.209425936361512,48.1201171875
329,3.29,1024,1017,1968,1965,1,0,1,27.3161295674845,27.12939821301927,48.046875
330,3.3,1024,1019,1971,1965,1,0,1,27.3161295674845,27.182750028580767,48.1201171875
331,3.31,1024,1015,1969,1965,1,0,1,27.3161295674845,27.07604639745778,48.0712890625
332,3.32,1024,1017,1973,1965,1,0,1,27.3161295674845,27.12939821301927,48.1689453125
333,3.33,1024,1020,1971,1965,1,0,1,27.3161295674845,27.209425936361512,48.1201171875
334,3.34,1024,1016,1968,1965,1,0,1,27.3161295674845,27.102722305238526,48.046875
335,3.35,1024,1020,1972,1965,1,0,1,27.3161295674845,27.209425936361512,48.14453125
336,3.36,1024,1019,1968,1965,1,0,1,27.3161295674845,27.182750028580767,48.046875
337,3.37,1024,1017,1969,1965,1,0,1,27.3161295674845,27.12939821301927,48.0712890625
338,3.38,1024,1017,1971,1965,1,0,1,27.3161295674845,27.12939821301927,48.1201171875
339,3.39,1024,1016,1971,1965,1,0,1,27.3161295674845,27.102722305238526,48.1201171875
340,3.4,1024,1017,1972,1965,1,0,1,27.3161295674845,27.12939821301927,48.14453125
341,3.41,1024,1018,1971,1965,1,0,1,27.3161295674845,27.156074120800017,48.1201171875
342,3.42,1024,1017,1970,1965,1,0,1,27.3161295674845,27.12939821301927,48.095703125
343,3.43,1024,1018,1971,1965,1,0,1,27.3161295674845,27.156074120800017,48.1201171875
344,3.44,1024,1016,1970,1965,1,0,1,27.3161295674845,27.102722305238526,48.095703125
345,3.45,1024,1017,1972,1965,1,0,1,27.3161295674845,27.12939821301927,48.14453125
346,3.46,1024,1018,1971,1965,1,0,1,27.3161295674845,27.156074120800017,48.1201171875
347,3.47,1024,1017,1970,1965,1,0,1,27.3161295674845,27.12939821301927,48.095703125
348,3.48,1024,1017,1971,1965,1,0,1,27.3161295674845,27.12939821301927,48.1201171875
349,3.49,1024,1017,1971,1965,1,0,1,27.3161295674845,27.12939821301927,48.1201171875
350,3.5,1024,1017,1971,1965,1,0,1,27.3161295674845,27.12939821301927,48.1201171875
351,3.51,1024,1017,1971,1965,1,0,1,27.3161295674845,27.12939821301927,48.1201171875
352,3.52,1024,1017,1971,1965,1,0,1,27.3161295674845,27.12939821301927,48.1201171875
353,3.53,1024,1015,1971,1965,1,0,1,27.3161295674845,27.07604639745778,48.1201171875
354,3.54,1024,1017,1973,1965,1,0,1,27.3161295674845,27.12939821301927,48.1689453125
355,3.55,1024,1020,1971,1965,1,0,1,27.3161295674845,27.209425936361512,48.1201171875
356,3.56,1024,1017,1968,1965,1,0,1,27.3161295674845,27.12939821301927,48.046875
357,3.57,1024,1019,1971,1965,1,0,1,27.3161295674845,27.182750028580767,48.1201171875
358,3.58,1024,1016,1969,1965,1,0,1,27.3161295674845,27.102722305238526,48.0712890625
359,3.59,1024,1017,1972,1965,1,0,1,27.3161295674845,27.12939821301927,48.14453125
360,3.6,1024,1020,1971,1965,1,0,1,27.3161295674845,27.209425936361512,48.1201171875
361,3.61,1024,1017,1968,1965,1,0,1,27.3161295674845,27.12939821301927,48.046875
362,3.62,1024,1019,1971,1965,1,0,1,27.3161295674845,27.182750028580767,48.1201171875
363,3.63,1024,1015,1969,1965,1,0,1,27.3161295674845,27.07604639745778,48.0712890625
364,3.64,1024,1016,1973,1965,1,0,1,27.3161295674845,27.102722305238526,48.1689453125
365,3.65,1024,1020,1972,1965,1,0,1,27.3161295674845,27.209425936361512,48.14453125
366,3.66,1024,1015,1968,1965,1,0,1,27.3161295674845,27.07604639745778,48.046875
367,3.67,1024,1018,1973,1965,1,0,1,27.3161295674845,27.156074120800017,48.1689453125
368,3.68,1024,1017,1970,1965,1,0,1,27.3161295674845,27.12939821301927,48.095703125
369,3.69,1024,1015,1971,1965,1,0,1,27.3161295674845,27.07604639745778,48.1201171875
370,3.7,1024,1016,1973,1965,1,0,1,27.3161295674845,27.102722305238526,48.1689453125
371,3.71,1024,1015,1972,1965,1,0,1,27.3161295674845,27.07604639745778,48.14453125
372,3.72,1024,1016,1973,1965,1,0,1,27.3161295674845,27.102722305238526,48.1689453125
373,3.73,1024,1017,1972,1965,1,0,1,27.3161295674845,27.12939821301927,48.14453125
374,3.74,1024,1015,1971,1965,1,0,1,27.3161295674845,27.07604639745778,48.1201171875
375,3.75,1024,1015,1973,1965,1,0,1,27.3161295674845,27.07604639745778,48.1689453125
376,3.76,1024,1015,1973,1965,1,0,1,27.3161295674845,27.07604639745778,48.1689453125
377,3.77,1024,1016,1973,1965,1,0,1,27.3161295674845,27.102722305238526,48.1689453125
378,3.78,1024,1017,1972,1965,1,0,1,27.3161295674845,27.12939821301927,48.14453125
379,3.79,1024,1016,1971,1965,1,0,1,27.3161295674845,27.102722305238526,48.1201171875
380,3.8,1024,1016,1972,1965,1,0,1,27.3161295674845,27.102722305238526,48.14453125
381,3.81,1024,1015,1972,1965,1,0,1,27.3161295674845,27.07604639745778,48.14453125
382,3.82,1024,1016,1973,1965,1,0,1,27.3161295674845,27.102722305238526,48.1689453125
383,3.83,1024,1016,1972,1965,1,0,1,27.3161295674845,27.102722305238526,48.14453125
384,3.84,1024,1016,1972,1965,1,0,1,27.3161295674845,27.102722305238526,48.14453125
385,3.85,1024,1015,1972,1965,1,0,1,27.3161295674845,27.07604639745778,48.14453125
386,3.86,1024,1016,1973,1965,1,0,1,27.3161295674845,27.102722305238526,48.1689453125
387,3.87,1024,1020,1972,1965,1,0,1,27.3161295674845,27.209425936361512,48.14453125
388,3.88,1024,1016,1968,1965,1,0,1,27.3161295674845,27.102722305238526,48.046875
389,3.89,1024,1019,1972,1965,1,0,1,27.3161295674845,27.182750028580767,48.14453125
390,3.9,1024,1015,1969,1965,1,0,1,27.3161295674845,27.07604639745778,48.0712890625
391,3.91,1024,1017,1973,1965,1,0,1,27.3161295674845,27.12939821301927,48.1689453125
392,3.92,1024,1021,1971,1965,1,0,1,27.3161295674845,27.236101844142258,48.1201171875
393,3.93,1024,1016,1967,1965,1,0,1,27.3161295674845,27.102722305238526,48.0224609375
394,3.94,1024,1019,1972,1965,1,0,1,27.3161295674845,27.182750028580767,48.14453125
395,3.95,1024,1019,1969,1965,1,0,1,27.3161295674845,27.182750028580767,48.0712890625
396,3.96,1024,1017,1969,1965,1,0,1,27.3161295674845,27.12939821301927,48.0712890625
397,3.97,1024,1021,1971,1965,1,0,1,27.3161295674845,27.236101844142258,48.1201171875
398,3.98,1024,1017,1967,1965,1,0,1,27.3161295674845,27.12939821301927,48.0224609375
399,3.99,1024,1020,1971,1965,1,0,1,27.3161295674845,27.209425936361512,48.1201171875
400,4.0,1024,1020,1968,1965,1,0,1,27.3161295674845,27.209425936361512,48.046875
401,4.01,1024,1018,1968,1965,1,0,1,27.3161295674845,27.156074120800017,48.046875
402,4.02,1024,1019,1970,1965,1,0,1,27.3161295674845,27.182750028580767,48.095703125
403,4.03,1024,1017,1969,1965,1,0,1,27.3161295674845,27.12939821301927,48.0712890625
404,4.04,1024,1019,1971,1965,1,0,1,27.3161295674845,27.182750028580767,48.1201171875
405,4.05,1024,1020,1969,1965,1,0,1,27.3161295674845,27.209425936361512,48.0712890625
406,4.06,1024,1018,1968,1965,1,0,1,27.3161295674845,27.156074120800017,48.046875
407,4.07,1024,1018,1970,1965,1,0,1,27.3161295674845,27.156074120800017,48.095703125
408,4.08,1024,1018,1970,1965,1,0,1,27.3161295674845,27.156074120800017,48.095703125
409,4.09,1024,1018,1970,1965,1,0,1,27.3161295674845,27.156074120800017,48.095703125
410,4.1,1024,1018,1970,1965,1,0,1,27.3161295674845,27.156074120800017,48.095703125
411,4.11,1024,1019,1970,1965,1,0,1,27.3161295674845,27.182750028580767,48.095703125
412,4.12,1024,1017,1969,1965,1,0,1,27.3161295674845,27.12939821301927,48.0712890625
413,4.13,1024,1018,1971,1965,1,0,1,27.3161295674845,27.156074120800017,48.1201171875
414,4.14,1024,1021,1970,1965,1,0,1,27.3161295674845,27.236101844142258,48.095703125
415,4.15,1024,1018,1967,1965,1,0,1,27.3161295674845,27.156074120800017,48.0224609375
416,4.16,1024,1021,1970,1965,1,0,1,27.3161295674845,27.236101844142258,48.095703125
417,4.17,1024,1017,1967,1965,1,0,1,27.3161295674845,27.12939821301927,48.0224609375
418,4.18,1024,1018,1971,1965,1,0,1,27.3161295674845,27.156074120800017,48.1201171875
419,4.19,1024,1021,1970,1965,1,0,1,27.3161295674845,27.236101844142258,48.095703125
420,4.2,1024,1017,1967,1965,1,0,1,27.3161295674845,27.12939821301927,48.0224609375
421,4.21,1024,1020,1971,1965,1,0,1,27.3161295674845,27.209425936361512,48.1201171875
422,4.22,1024,1020,1968,1965,1,0,1,27.3161295674845,27.209425936361512,48.046875
423,4.23,1024,1018,1968,1965,1,0,1,27.3161295674845,27.156074120800017,48.046875
424,4.24,1024,1022,1970,1965,1,0,1,27.3161295674845,27.262777751923004,48.095703125
425,4.25,1024,1017,1966,1965,1,0,1,27.3161295674845,27.12939821301927,47.998046875
426,4.26,1024,1020,1971,1965,1,0,1,27.3161295674845,27.209425936361512,48.1201171875
427,4.27,1024,1019,1968,1965,1,0,1,27.3161295674845,27.182750028580767,48.046875
428,4.28,1024,1018,1969,1965,1,0,1,27.3161295674845,27.156074120800017,48.0712890625
429,4.29,1024,1019,1970,1965,1,0,1,27.3161295674845,27.182750028580767,48.095703125
430,4.3,1024,1017,1969,1965,1,0,1,27.3161295674845,27.12939821301927,48.0712890625
431,4.31,1024,1019,1971,1965,1,0,1,27.3161295674845,27.182750028580767,48.1201171875
432,4.32,1024,1020,1969,1965,1,0,1,27.3161295674845,27.209425936361512,48.0712890625
433,4.33,1024,1018,1968,1965,1,0,1,27.3161295674845,27.156074120800017,48.046875
434,4.34,1024,1019,1970,1965,1,0,1,27.3161295674845,27.182750028580767,48.095703125
435,4.35,1024,1018,1969,1965,1,0,1,27.3161295674845,27.156074120800017,48.0712890625
436,4.36,1024,1018,1970,1965,1,0,1,27.3161295674845,27.156074120800017,48.095703125
437,4.37,1024,1018,1970,1965,1,0,1,27.3161295674845,27.156074120800017,48.095703125
438,4.38,1024,1018,1970,1965,1,0,1,27.3161295674845,27.156074120800017,48.095703125
439,4.39,1024,1017,1970,1965,1,0,1,27.3161295674845,27.12939821301927,48.095703125
440,4.4,1024,1018,1971,1965,1,0,1,27.3161295674845,27.156074120800017,48.1201171875
441,4.41,1024,1022,1970,1965,1,0,1,27.3161295674845,27.262777751923004,48.095703125
442,4.42,1024,1018,1966,1965,1,0,1,27.3161295674845,27.156074120800017,47.998046875
443,4.43,1024,1021,1970,1965,1,0,1,27.3161295674845,27.236101844142258,48.095703125
444,4.44,1024,1017,1967,1965,1,0,1,27.3161295674845,27.12939821301927,48.0224609375
445,4.45,1024,1018,1971,1965,1,0,1,27.3161295674845,27.156074120800017,48.1201171875
446,4.46,1024,1022,1970,1965,1,0,1,27.3161295674845,27.262777751923004,48.095703125
447,4.47,1024,1017,1966,1965,1,0,1,27.3161295674845,27.12939821301927,47.998046875
448,4.48,1024,1021,1971,1965,1,0,1,27.3161295674845,27.236101844142258,48.1201171875
449,4.49,1024,1020,1967,1965,1,0,1,27.3161295674845,27.209425936361512,48.0224609375
450,4.5,1024,1018,1968,1965,1,0,1,27.3161295674845,27.156074120800017,48.046875
451,4.51,1024,1022,1970,1965,1,0,1,27.3161295674845,27.262777751923004,48.095703125
452,4.52,1024,1017,1966,1965,1,0,1,27.3161295674845,27.12939821301927,47.998046875
453,4.53,1024,1020,1971,1965,1,0,1,27.3161295674845,27.209425936361512,48.1201171875
454,4.54,1024,1020,1968,1965,1,0,1,27.3161295674845,27.209425936361512,48.046875
455,4.55,1024,1018,1968,1965,1,0,1,27.3161295674845,27.156074120800017,48.046875
456,4.56,1024,1018,1970,1965,1,0,1,27.3161295674845,27.156074120800017,48.095703125
457,4.57,1024,1017,1970,1965,1,0,1,27.3161295674845,27.12939821301927,48.095703125
458,4.58,1024,1018,1971,1965,1,0,1,27.3161295674845,27.156074120800017,48.1201171875
459,4.59,1024,1019,1970,1965,1,0,1,27.3161295674845,27.182750028580767,48.095703125
460,4.6,1024,1018,1969,1965,1,0,1,27.3161295674845,27.156074120800017,48.0712890625
461,4.61,1024,1018,1970,1965,1,0,1,27.3161295674845,27.156074120800017,48.095703125
462,4.62,1024,1018,1970,1965,1,0,1,27.3161295674845,27.156074120800017,48.095703125
463,4.63,1024,1018,1970,1965,1,0,1,27.3161295674845,27.156074120800017,48.095703125
464,4.64,1024,1017,1970,1965,1,0,1,27.3161295674845,27.12939821301927,48.095703125
465,4.65,1024,1018,1971,1965,1,0,1,27.3161295674845,27.156074120800017,48.1201171875
466,4.66,1024,1016,1970,1965,1,0,1,27.3161295674845,27.102722305238526,48.095703125
467,4.67,1024,1017,1972,1965,1,0,1,27.3161295674845,27.12939821301927,48.14453125
468,4.68,1024,1021,1971,1965,1,0,1,27.3161295674845,27.236101844142258,48.1201171875
469,4.69,1024,1017,1967,1965,1,0,1,27.3161295674845,27.12939821301927,48.0224609375
470,4.7,1024,1019,1971,1965,1,0,1,27.3161295674845,27.182750028580767,48.1201171875
471,4.71,1024,1015,1969,1965,1,0,1,27.3161295674845,27.07604639745778,48.0712890625
472,4.72,1024,1017,1973,1965,1,0,1,27.3161295674845,27.12939821301927,48.1689453125
473,4.73,1024,1020,1971,1965,1,0,1,27.3161295674845,27.209425936361512,48.1201171875
474,4.74,1024,1017,1968,1965,1,0,1,27.3161295674845,27.12939821301927,48.046875
475,4.75,1024,1019,1971,1965,1,0,1,27.3161295674845,27.182750028580767,48.1201171875
476,4.76,1024,1015,1969,1965,1,0,1,27.3161295674845,27.07604639745778,48.0712890625
477,4.77,1024,1017,1973,1965,1,0,1,27.3161295674845,27.12939821301927,48.1689453125
478,4.78,1024,1021,1971,1965,1,0,1,27.3161295674845,27.236101844142258,48.1201171875
479,4.79,1024,1016,1967,1965,1,0,1,27.3161295674845,27.102722305238526,48.0224609375
480,4.8,1024,1019,1972,1965,1,0,1,27.3161295674845,27.182750028580767,48.14453125
481,4.81,1024,1019,1969,1965,1,0,1,27.3161295674845,27.182750028580767,48.0712890625
482,4.82,1024,1017,1969,1965,1,0,1,27.3161295674845,27.12939821301927,48.0712890625
483,4.83,1024,1018,1971,1965,1,0,1,27.3161295674845,27.156074120800017,48.1201171875
484,4.84,1024,1016,1970,1965,1,0,1,27.3161295674845,27.102722305238526,48.095703125
485,4.85,1024,1017,1972,1965,1,0,1,27.3161295674845,27.12939821301927,48.14453125
486,4.86,1024,1018,1971,1965,1,0,1,27.3161295674845,27.156074120800017,48.1201171875
487,4.87,1024,1017,1970,1965,1,0,1,27.3161295674845,27.12939821301927,48.095703125
488,4.88,1024,1017,1971,1965,1,0,1,27.3161295674845,27.12939821301927,48.1201171875
489,4.89,1024,1017,1971,1965,1,0,1,27.3161295674845,27.12939821301927,48.1201171875
490,4.9,1024,1017,1971,1965,1,0,1,27.3161295674845,27.12939821301927,48.1201171875
491,4.91,1024,1016,1971,1965,1,0,1,27.3161295674845,27.102722305238526,48.1201171875
492,4.92,1024,1017,1972,1965,1,0,1,27.3161295674845,27.12939821301927,48.14453125
493,4.93,1024,1017,1971,1965,1,0,1,27.3161295674845,27.12939821301927,48.1201171875
494,4.94,1024,1016,1971,1965,1,0,1,27.3161295674845,27.102722305238526,48.1201171875
495,4.95,1024,1016,1972,1965,1,0,1,27.3161295674845,27.102722305238526,48.14453125
496,4.96,1024,1015,1972,1965,1,0,1,27.3161295674845,27.07604639745778,48.14453125
497,4.97,1024,1015,1973,1965,1,0,1,27.3161295674845,27.07604639745778,48.1689453125
498,4.98,1024,1013,1973,1965,1,0,1,27.3161295674845,27.022694581896285,48.1689453125
499,4.99,1024,1015,1974,1965,1,0,1,27.3161295674845,27.07604639745778,48.193359375
500,5.0,1024,1019,1973,1965,1,0,1,27.3161295674845,27.182750028580767,48.1689453125
501,5.01,1024,1015,1969,1965,1,0,1,27.3161295674845,27.07604639745778,48.0712890625
502,5.02,1024,1017,1973,1965,1,0,1,27.3161295674845,27.12939821301927,48.1689453125
503,5.03,1024,1013,1971,1965,1,0,1,27.3161295674845,27.022694581896285,48.1201171875
504,5.04,1024,1014,1974,1965,1,0,1,27.3161295674845,27.04937048967703,48.193359375
505,5.05,1024,1018,1973,1965,1,0,1,27.3161295674845,27.156074120800017,48.1689453125
506,5.06,1024,1013,1970,1965,1,0,1,27.3161295674845,27.022694581896285,48.095703125
507,5.07,1024,1017,1974,1965,1,0,1,27.3161295674845,27.12939821301927,48.193359375
508,5.08,1024,1013,1971,1965,1,0,1,27.3161295674845,27.022694581896285,48.1201171875
509,5.09,1024,1014,1974,1965,1,0,1,27.3161295674845,27.04937048967703,48.193359375
510,5.1,1024,1018,1973,1965,1,0,1,27.3161295674845,27.156074120800017,48.1689453125
511,5.11,1024,1013,1970,1965,1,0,1,27.3161295674845,27.022694581896285,48.095703125
512,5.12,1024,1016,1974,1965,1,0,1,27.3161295674845,27.102722305238526,48.193359375
513,5.13,1024,1016,1972,1965,1,0,1,27.3161295674845,27.102722305238526,48.14453125
514,5.14,1024,1014,1972,1965,1,0,1,27.3161295674845,27.04937048967703,48.14453125
515,5.15,1024,1015,1973,1965,1,0,1,27.3161295674845,27.07604639745778,48.1689453125
516,5.16,1024,1013,1973,1965,1,0,1,27.3161295674845,27.022694581896285,48.1689453125
517,5.17,1024,1014,1974,1965,1,0,1,27.3161295674845,27.04937048967703,48.193359375
518,5.18,1024,1016,1973,1965,1,0,1,27.3161295674845,27.102722305238526,48.1689453125
519,5.19,1024,1015,1972,1965,1,0,1,27.3161295674845,27.07604639745778,48.14453125
520,5.2,1536,1015,2464,1996,1,0,1,40.97419435122675,27.07604639745778,60.15625
521,5.21,1536,1022,2495,2027,1,0,1,40.97419435122675,27.262777751923004,60.9130859375
522,5.22,1536,1035,2519,2057,1,0,1,40.97419435122675,27.609564553072712,61.4990234375
523,5.23,1536,1054,2537,2087,1,0,1,40.97419435122675,28.116406800906898,61.9384765625
524,5.24,1536,1076,2548,2115,1,0,1,40.97419435122675,28.70327677208332,62.20703125
525,5.25,1536,1089,2555,2142,1,0,1,40.97419435122675,29.050063573233025,62.3779296875
526,5.26,1536,1109,2570,2168,1,0,1,40.97419435122675,29.583581728847957,62.744140625
527,5.27,1536,1129,2577,2193,1,0,1,40.97419435122675,30.11709988446289,62.9150390625
528,5.28,1536,1148,2583,2217,1,0,1,40.97419435122675,30.623942132297074,63.0615234375
529,5.29,1536,1171,2589,2240,1,0,1,40.97419435122675,31.237488011254246,63.2080078125
530,5.3,1536,1188,2589,2261,1,0,1,40.97419435122675,31.690978443526937,63.2080078125
531,5.31,1536,1207,2594,2281,1,0,1,40.97419435122675,32.19782069136112,63.330078125
532,5.32,1536,1218,2596,2300,1,0,1,40.97419435122675,32.491255676949336,63.37890625
533,5.33,1536,1241,2605,2319,1,0,1,40.97419435122675,33.104801555906505,63.5986328125
534,5.34,1536,1252,2601,2336,1,0,1,40.97419435122675,33.39823654149472,63.5009765625
535,5.35,1536,1274,2608,2353,1,0,1,40.97419435122675,33.985106512671145,63.671875
536,5.36,1536,1288,2603,2368,1,0,1,40.97419435122675,34.3585692216016,63.5498046875
537,5.37,1536,1305,2605,2382,1,0,1,40.97419435122675,34.812059653874286,63.5986328125
538,5.38,1536,1315,2602,2395,1,0,1,40.97419435122675,35.07881873168176,63.525390625
539,5.39,1536,1330,2606,2408,1,0,1,40.97419435122675,35.47895734839295,63.623046875
540,5.4,1536,1343,2605,2420,1,0,1,40.97419435122675,35.82574414954266,63.5986328125
541,5.41,1536,1355,2604,2431,1,0,1,40.97419435122675,36.14585504291162,63.57421875
542,5.42,1536,1370,2603,2441,1,0,1,40.97419435122675,36.545993659622816,63.5498046875
543,5.43,1536,1384,2599,2450,1,0,1,40.97419435122675,36.91945636855327,63.4521484375
544,5.44,1536,1396,2595,2459,1,0,1,40.97419435122675,37.239567261922225,63.3544921875
545,5.45,1536,1404,2592,2467,1,0,1,40.97419435122675,37.4529745241682,63.28125
546,5.46,1536,1420,2592,2474,1,0,1,40.97419435122675,37.87978904866014,63.28125
547,5.47,1536,1425,2584,2480,1,0,1,40.97419435122675,38.013168587563875,63.0859375
548,5.48,1536,1436,2585,2486,1,0,1,40.97419435122675,38.30660357315209,63.1103515625
549,5.49,1536,1446,2580,2491,1,0,1,40.97419435122675,38.57336265095955,62.98828125
550,5.5,1536,1457,2576,2496,1,0,1,40.97419435122675,38.866797636547766,62.890625
551,5.51,1536,1465,2571,2500,1,0,1,40.97419435122675,39.08020489879374,62.7685546875
552,5.52,1536,1470,2567,2504,1,0,1,40.97419435122675,39.21358443769747,62.6708984375
553,5.53,1536,1482,2566,2507,1,0,1,40.97419435122675,39.53369533106643,62.646484375
554,5.54,1536,1485,2558,2510,1,0,1,40.97419435122675,39.61372305440867,62.451171875
555,5.55,1536,1495,2558,2513,1,0,1,40.97419435122675,39.88048213221614,62.451171875
556,5.56,1536,1502,2551,2515,1,0,1,40.97419435122675,40.06721348668136,62.2802734375
557,5.57,1536,1503,2547,2517,1,0,1,40.97419435122675,40.09388939446211,62.1826171875
558,5.58,1536,1515,2547,2518,1,0,1,40.97419435122675,40.41400028783107,62.1826171875
559,5.59,1536,1515,2537,2519,1,0,1,40.97419435122675,40.41400028783107,61.9384765625
560,5.6,1536,1524,2538,2520,1,0,1,40.97419435122675,40.65408345785779,61.962890625
561,5.61,1536,1529,2530,2520,1,0,1,40.97419435122675,40.78746299676152,61.767578125
562,5.62,1536,1529,2526,2520,1,0,1,40.97419435122675,40.78746299676152,61.669921875
563,5.63,1536,1536,2526,2520,1,0,1,40.97419435122675,40.97419435122675,61.669921875
564,5.64,1536,1539,2520,2520,1,0,1,40.97419435122675,41.05422207456899,61.5234375
565,5.65,1536,1543,2516,2519,1,0,1,40.97419435122675,41.16092570569197,61.42578125
566,5.66,1536,1546,2511,2518,1,0,1,40.97419435122675,41.240953429034214,61.3037109375
567,5.67,1536,1549,2508,2517,1,0,1,40.97419435122675,41.320981152376454,61.23046875
568,5.68,1536,1550,2504,2516,1,0,1,40.97419435122675,41.3476570601572,61.1328125
569,5.69,1536,1558,2502,2515,1,0,1,40.97419435122675,41.561064322403176,61.083984375
570,5.7,1536,1556,2493,2513,1,0,1,40.97419435122675,41.50771250684168,60.8642578125
571,5.71,1536,1560,2493,2511,1,0,1,40.97419435122675,41.61441613796467,60.8642578125
572,5.72,1536,1560,2487,2509,1,0,1,40.97419435122675,41.61441613796467,60.7177734375
573,5.73,1536,1565,2485,2507,1,0,1,40.97419435122675,41.7477956768684,60.6689453125
574,5.74,1536,1565,2478,2505,1,0,1,40.97419435122675,41.7477956768684,60.498046875
575,5.75,1536,1567,2476,2503,1,0,1,40.97419435122675,41.80114749242989,60.44921875
576,5.76,1536,1565,2473,2501,1,0,1,40.97419435122675,41.7477956768684,60.3759765625
577,5.77,1536,1572,2472,2499,1,0,1,40.97419435122675,41.93452703133362,60.3515625
578,5.78,1536,1568,2463,2496,1,0,1,40.97419435122675,41.82782340021064,60.1318359375
579,5.79,1536,1571,2465,2494,1,0,1,40.97419435122675,41.90785112355288,60.1806640625
580,5.8,1536,1571,2459,2491,1,0,1,40.97419435122675,41.90785112355288,60.0341796875
581,5.81,1536,1574,2456,2488,1,0,1,40.97419435122675,41.98787884689512,59.9609375
582,5.82,1536,1572,2450,2485,1,0,1,40.97419435122675,41.93452703133362,59.814453125
583,5.83,1536,1573,2449,2482,1,0,1,40.97419435122675,41.96120293911437,59.7900390625
584,5.84,1536,1571,2445,2479,1,0,1,40.97419435122675,41.90785112355288,59.6923828125
585,5.85,1536,1576,2444,2476,1,0,1,40.97419435122675,42.04123066245661,59.66796875
586,5.86,1536,1572,2437,2473,1,0,1,40.97419435122675,41.93452703133362,59.4970703125
587,5.87,1536,1574,2437,2470,1,0,1,40.97419435122675,41.98787884689512,59.4970703125
588,5.88,1536,1573,2432,2467,1,0,1,40.97419435122675,41.96120293911437,59.375
589,5.89,1536,1573,2430,2464,1,0,1,40.97419435122675,41.96120293911437,59.326171875
590,5.9,1536,1578,2427,2461,1,0,1,40.97419435122675,42.094582478018104,59.2529296875
591,5.91,1536,1572,2420,2458,1,0,1,40.97419435122675,41.93452703133362,59.08203125
592,5.92,1536,1575,2422,2455,1,0,1,40.97419435122675,42.01455475467586,59.130859375
593,5.93,1536,1575,2416,2452,1,0,1,40.97419435122675,42.01455475467586,58.984375
594,5.94,1536,1570,2413,2449,1,0,1,40.97419435122675,41.88117521577213,58.9111328125
595,5.95,1536,1572,2415,2446,1,0,1,40.97419435122675,41.93452703133362,58.9599609375
596,5.96,1536,1571,2410,2443,1,0,1,40.97419435122675,41.90785112355288,58.837890625
597,5.97,1536,1570,2408,2440,1,0,1,40.97419435122675,41.88117521577213,58.7890625
598,5.98,1536,1573,2406,2437,1,0,1,40.97419435122675,41.96120293911437,58.740234375
599,5.99,1536,1567,2400,2434,1,0,1,40.97419435122675,41.80114749242989,58.59375
600,6.0,1536,1569,2404,2432,1,0,1,40.97419435122675,41.85449930799138,58.69140625
601,6.01,1536,1567,2400,2430,1,0,1,40.97419435122675,41.80114749242989,58.59375
602,6.02,1536,1565,2400,2428,1,0,1,40.97419435122675,41.7477956768684,58.59375
603,6.03,1536,1565,2399,2426,1,0,1,40.97419435122675,41.7477956768684,58.5693359375
604,6.04,1536,1563,2397,2424,1,0,1,40.97419435122675,41.69444386130691,58.5205078125
605,6.05,1536,1562,2397,2422,1,0,1,40.97419435122675,41.66776795352616,58.5205078125
606,6.06,1536,1566,2396,2420,1,0,1,40.97419435122675,41.77447158464915,58.49609375
607,6.07,1536,1560,2391,2418,1,0,1,40.97419435122675,41.61441613796467,58.3740234375
608,6.08,1536,1562,2394,2416,1,0,1,40.97419435122675,41.66776795352616,58.447265625
609,6.09,1536,1558,2390,2414,1,0,1,40.97419435122675,41.561064322403176,58.349609375
610,6.1,1536,1556,2392,2412,1,0,1,40.97419435122675,41.50771250684168,58.3984375
611,6.11,1536,1556,2392,2410,1,0,1,40.97419435122675,41.50771250684168,58.3984375
612,6.12,1536,1554,2390,2408,1,0,1,40.97419435122675,41.454360691280186,58.349609375
613,6.13,1536,1553,2389,2406,1,0,1,40.97419435122675,41.42768478349944,58.3251953125
614,6.14,1536,1555,2388,2404,1,0,1,40.97419435122675,41.481036599060936,58.30078125
615,6.15,1536,1548,2384,2402,1,0,1,40.97419435122675,41.294305244595705,58.203125
616,6.16,1536,1546,2390,2401,1,0,1,40.97419435122675,41.240953429034214,58.349609375
617,6.17,1536,1550,2391,2400,1,0,1,40.97419435122675,41.3476570601572,58.3740234375
618,6.18,1536,1545,2386,2399,1,0,1,40.97419435122675,41.214277521253464,58.251953125
619,6.19,1536,1546,2389,2398,1,0,1,40.97419435122675,41.240953429034214,58.3251953125
620,6.2,1536,1543,2388,2397,1,0,1,40.97419435122675,41.16092570569197,58.30078125
621,6.21,1536,1546,2389,2396,1,0,1,40.97419435122675,41.240953429034214,58.3251953125
622,6.22,1536,1543,2386,2395,1,0,1,40.97419435122675,41.16092570569197,58.251953125
623,6.23,1536,1541,2387,2394,1,0,1,40.97419435122675,41.10757389013048,58.2763671875
624,6.24,1536,1538,2388,2393,1,0,1,40.97419435122675,41.02754616678824,58.30078125
625,6.25,1536,1539,2390,2392,1,0,1,40.97419435122675,41.05422207456899,58.349609375
626,6.26,1536,1539,2388,2391,1,0,1,40.97419435122675,41.05422207456899,58.30078125
627,6.27,1536,1543,2387,2390,1,0,1,40.97419435122675,41.16092570569197,58.2763671875
628,6.28,1536,1537,2382,2389,1,0,1,40.97419435122675,41.00087025900749,58.154296875
629,6.29,1536,1539,2387,2388,1,0,1,40.97419435122675,41.05422207456899,58.2763671875
630,6.3,1536,1539,2384,2387,1,0,1,40.97419435122675,41.05422207456899,58.203125
631,6.31,1536,1534,2383,2386,1,0,1,40.97419435122675,40.92084253566525,58.1787109375
632,6.32,1536,1536,2387,2386,1,0,1,40.97419435122675,40.97419435122675,58.2763671875
633,6.33,1536,1534,2386,2386,1,0,1,40.97419435122675,40.92084253566525,58.251953125
634,6.34,1536,1536,2387,2386,1,0,1,40.97419435122675,40.97419435122675,58.2763671875
635,6.35,1536,1533,2386,2386,1,0,1,40.97419435122675,40.89416662788451,58.251953125
636,6.36,1536,1532,2388,2386,1,0,1,40.97419435122675,40.86749072010376,58.30078125
637,6.37,1536,1533,2389,2386,1,0,1,40.97419435122675,40.89416662788451,58.3251953125
638,6.38,1536,1531,2388,2386,1,0,1,40.97419435122675,40.84081481232302,58.30078125
639,6.39,1536,1530,2390,2386,1,0,1,40.97419435122675,40.81413890454227,58.349609375
640,6.4,1536,1535,2391,2386,1,0,1,40.97419435122675,40.947518443446,58.3740234375
641,6.41,1536,1529,2386,2386,1,0,1,40.97419435122675,40.78746299676152,58.251953125
642,6.42,1536,1527,2392,2386,1,0,1,40.97419435122675,40.73411118120003,58.3984375
643,6.43,1536,1531,2394,2386,1,0,1,40.97419435122675,40.84081481232302,58.447265625
644,6.44,1536,1526,2390,2386,1,0,1,40.97419435122675,40.70743527341928,58.349609375
645,6.45,1536,1533,2394,2386,1,0,1,40.97419435122675,40.89416662788451,58.447265625
646,6.46,1536,1526,2388,2386,1,0,1,40.97419435122675,40.70743527341928,58.30078125
647,6.47,1536,1530,2394,2386,1,0,1,40.97419435122675,40.81413890454227,58.447265625
648,6.48,1536,1530,2391,2386,1,0,1,40.97419435122675,40.81413890454227,58.3740234375
649,6.49,1536,1526,2391,2386,1,0,1,40.97419435122675,40.70743527341928,58.3740234375
650,6.5,1536,1528,2394,2386,1,0,1,40.97419435122675,40.76078708898078,58.447265625
651,6.51,1536,1527,2393,2386,1,0,1,40.97419435122675,40.73411118120003,58.4228515625
652,6.52,1536,1529,2394,2386,1,0,1,40.97419435122675,40.78746299676152,58.447265625
653,6.53,1536,1528,2392,2386,1,0,1,40.97419435122675,40.76078708898078,58.3984375
654,6.54,1536,1527,2393,2386,1,0,1,40.97419435122675,40.73411118120003,58.4228515625
655,6.55,1536,1528,2394,2386,1,0,1,40.97419435122675,40.76078708898078,58.447265625
656,6.56,1536,1528,2393,2386,1,0,1,40.97419435122675,40.76078708898078,58.4228515625
657,6.57,1536,1528,2393,2386,1,0,1,40.97419435122675,40.76078708898078,58.4228515625
658,6.58,1536,1533,2393,2386,1,0,1,40.97419435122675,40.89416662788451,58.4228515625
659,6.59,1536,1529,2388,2386,1,0,1,40.97419435122675,40.78746299676152,58.30078125
660,6.6,1536,1526,2392,2386,1,0,1,40.97419435122675,40.70743527341928,58.3984375
661,6.61,1536,1532,2394,2386,1,0,1,40.97419435122675,40.86749072010376,58.447265625
662,6.62,1536,1529,2389,2386,1,0,1,40.97419435122675,40.78746299676152,58.3251953125
663,6.63,1536,1534,2392,2386,1,0,1,40.97419435122675,40.92084253566525,58.3984375
664,6.64,1536,1528,2387,2386,1,0,1,40.97419435122675,40.76078708898078,58.2763671875
665,6.65,1536,1532,2393,2386,1,0,1,40.97419435122675,40.86749072010376,58.4228515625
666,6.66,1536,1533,2389,2386,1,0,1,40.97419435122675,40.89416662788451,58.3251953125
667,6.67,1536,1529,2388,2386,1,0,1,40.97419435122675,40.78746299676152,58.30078125
668,6.68,1536,1531,2392,2386,1,0,1,40.97419435122675,40.84081481232302,58.3984375
669,6.69,1536,1529,2390,2386,1,0,1,40.97419435122675,40.78746299676152,58.349609375
670,6.7,1536,1532,2392,2386,1,0,1,40.97419435122675,40.86749072010376,58.3984375
671,6.71,1536,1531,2389,2386,1,0,1,40.97419435122675,40.84081481232302,58.3251953125
672,6.72,1536,1530,2390,2386,1,0,1,40.97419435122675,40.81413890454227,58.349609375
673,6.73,1536,1530,2391,2386,1,0,1,40.97419435122675,40.81413890454227,58.3740234375
674,6.74,1536,1529,2391,2386,1,0,1,40.97419435122675,40.78746299676152,58.3740234375
675,6.75,1536,1529,2392,2386,1,0,1,40.97419435122675,40.78746299676152,58.3984375
676,6.76,1536,1534,2392,2386,1,0,1,40.97419435122675,40.92084253566525,58.3984375
677,6.77,1536,1529,2387,2386,1,0,1,40.97419435122675,40.78746299676152,58.2763671875
678,6.78,1536,1527,2392,2386,1,0,1,40.97419435122675,40.73411118120003,58.3984375
679,6.79,1536,1532,2394,2386,1,0,1,40.97419435122675,40.86749072010376,58.447265625
680,6.8,1536,1527,2389,2386,1,0,1,40.97419435122675,40.73411118120003,58.3251953125
681,6.81,1536,1534,2394,2386,1,0,1,40.97419435122675,40.92084253566525,58.447265625
682,6.82,1536,1527,2387,2386,1,0,1,40.97419435122675,40.73411118120003,58.2763671875
683,6.83,1536,1531,2394,2386,1,0,1,40.97419435122675,40.84081481232302,58.447265625
684,6.84,1536,1531,2390,2386,1,0,1,40.97419435122675,40.84081481232302,58.349609375
685,6.85,1536,1527,2390,2386,1,0,1,40.97419435122675,40.73411118120003,58.349609375
686,6.86,1536,1529,2394,2386,1,0,1,40.97419435122675,40.78746299676152,58.447265625
687,6.87,1536,1528,2392,2386,1,0,1,40.97419435122675,40.76078708898078,58.3984375
688,6.88,1536,1531,2393,2386,1,0,1,40.97419435122675,40.84081481232302,58.4228515625
689,6.89,1536,1529,2390,2386,1,0,1,40.97419435122675,40.78746299676152,58.349609375
690,6.9,1536,1528,2392,2386,1,0,1,40.97419435122675,40.76078708898078,58.3984375
691,6.91,1536,1526,2393,2386,1,0,1,40.97419435122675,40.70743527341928,58.4228515625
692,6.92,1536,1528,2394,2386,1,0,1,40.97419435122675,40.76078708898078,58.447265625
693,6.93,1536,1529,2393,2386,1,0,1,40.97419435122675,40.78746299676152,58.4228515625
694,6.94,1536,1534,2392,2386,1,0,1,40.97419435122675,40.92084253566525,58.3984375
695,6.95,1536,1528,2387,2386,1,0,1,40.97419435122675,40.76078708898078,58.2763671875
696,6.96,1536,1526,2393,2386,1,0,1,40.97419435122675,40.70743527341928,58.4228515625
697,6.97,1536,1531,2394,2386,1,0,1,40.97419435122675,40.84081481232302,58.447265625
698,6.98,1536,1526,2390,2386,1,0,1,40.97419435122675,40.70743527341928,58.349609375
699,6.99,1536,1533,2394,2386,1,0,1,40.97419435122675,40.89416662788451,58.447265625
700,7.0,1536,1527,2388,2386,1,0,1,40.97419435122675,40.73411118120003,58.30078125
701,7.01,1536,1531,2394,2386,1,0,1,40.97419435122675,40.84081481232302,58.447265625
702,7.02,1536,1531,2390,2386,1,0,1,40.97419435122675,40.84081481232302,58.349609375
703,7.03,1536,1526,2390,2386,1,0,1,40.97419435122675,40.70743527341928,58.349609375
704,7.04,1536,1529,2394,2386,1,0,1,40.97419435122675,40.78746299676152,58.447265625
705,7.05,1536,1528,2392,2386,1,0,1,40.97419435122675,40.76078708898078,58.3984375
706,7.06,1536,1531,2393,2386,1,0,1,40.97419435122675,40.84081481232302,58.4228515625
707,7.07,1536,1529,2390,2386,1,0,1,40.97419435122675,40.78746299676152,58.349609375
708,7.08,1536,1528,2392,2386,1,0,1,40.97419435122675,40.76078708898078,58.3984375
709,7.09,1536,1526,2393,2386,1,0,1,40.97419435122675,40.70743527341928,58.4228515625
710,7.1,1536,1528,2394,2386,1,0,1,40.97419435122675,40.76078708898078,58.447265625
711,7.11,1536,1528,2393,2386,1,0,1,40.97419435122675,40.76078708898078,58.4228515625
712,7.12,1536,1533,2393,2386,1,0,1,40.97419435122675,40.89416662788451,58.4228515625
713,7.13,1536,1528,2388,2386,1,0,1,40.97419435122675,40.76078708898078,58.30078125
714,7.14,1536,1526,2393,2386,1,0,1,40.97419435122675,40.70743527341928,58.4228515625
715,7.15,1536,1531,2394,2386,1,0,1,40.97419435122675,40.84081481232302,58.447265625
716,7.16,1536,1526,2390,2386,1,0,1,40.97419435122675,40.70743527341928,58.349609375
717,7.17,1536,1533,2394,2386,1,0,1,40.97419435122675,40.89416662788451,58.447265625
718,7.18,1536,1527,2388,2386,1,0,1,40.97419435122675,40.73411118120003,58.30078125
719,7.19,1536,1532,2394,2386,1,0,1,40.97419435122675,40.86749072010376,58.447265625
720,7.2,1536,1532,2389,2386,1,0,1,40.97419435122675,40.86749072010376,58.3251953125
721,7.21,1536,1528,2389,2386,1,0,1,40.97419435122675,40.76078708898078,58.3251953125
722,7.22,1536,1530,2393,2386,1,0,1,40.97419435122675,40.81413890454227,58.4228515625
723,7.23,1536,1530,2391,2386,1,0,1,40.97419435122675,40.81413890454227,58.3740234375
724,7.24,1536,1533,2391,2386,1,0,1,40.97419435122675,40.89416662788451,58.3740234375
725,7.25,1536,1532,2388,2386,1,0,1,40.97419435122675,40.86749072010376,58.30078125
726,7.26,1536,1532,2389,2386,1,0,1,40.97419435122675,40.86749072010376,58.3251953125
727,7.27,1536,1530,2389,2386,1,0,1,40.97419435122675,40.81413890454227,58.3251953125
728,7.28,1536,1533,2391,2386,1,0,1,40.97419435122675,40.89416662788451,58.3740234375
729,7.29,1536,1533,2388,2386,1,0,1,40.97419435122675,40.89416662788451,58.30078125
730,7.3,1536,1539,2388,2386,1,0,1,40.97419435122675,41.05422207456899,58.30078125
731,7.31,1536,1534,2382,2385,1,0,1,40.97419435122675,40.92084253566525,58.154296875
732,7.32,1536,1532,2386,2385,1,0,1,40.97419435122675,40.86749072010376,58.251953125
733,7.33,1536,1538,2388,2385,1,0,1,40.97419435122675,41.02754616678824,58.30078125
734,7.34,1536,1534,2382,2384,1,0,1,40.97419435122675,40.92084253566525,58.154296875
735,7.35,1536,1537,2385,2384,1,0,1,40.97419435122675,41.00087025900749,58.2275390625
736,7.36,1536,1535,2382,2383,1,0,1,40.97419435122675,40.947518443446,58.154296875
737,7.37,1536,1540,2383,2383,1,0,1,40.97419435122675,41.08089798234973,58.1787109375
738,7.38,1536,1538,2378,2382,1,0,1,40.97419435122675,41.02754616678824,58.056640625
739,7.39,1536,1537,2379,2381,1,0,1,40.97419435122675,41.00087025900749,58.0810546875
740,7.4,1536,1538,2379,2380,1,0,1,40.97419435122675,41.02754616678824,58.0810546875
741,7.41,1536,1538,2377,2379,1,0,1,40.97419435122675,41.02754616678824,58.0322265625
742,7.42,1536,1537,2376,2378,1,0,1,40.97419435122675,41.00087025900749,58.0078125
743,7.43,1536,1542,2376,2377,1,0,1,40.97419435122675,41.13424979791123,58.0078125
744,7.44,1536,1537,2370,2376,1,0,1,40.97419435122675,41.00087025900749,57.861328125
745,7.45,1536,1535,2374,2375,1,0,1,40.97419435122675,40.947518443446,57.958984375
746,7.46,1536,1540,2375,2375,1,0,1,40.97419435122675,41.08089798234973,57.9833984375
747,7.47,1536,1535,2370,2374,1,0,1,40.97419435122675,40.947518443446,57.861328125
748,7.48,1536,1541,2374,2374,1,0,1,40.97419435122675,41.10757389013048,57.958984375
749,7.49,1536,1535,2368,2373,1,0,1,40.97419435122675,40.947518443446,57.8125
750,7.5,1536,1539,2373,2373,1,0,1,40.97419435122675,41.05422207456899,57.9345703125
751,7.51,1536,1536,2369,2372,1,0,1,40.97419435122675,40.97419435122675,57.8369140625
752,7.52,1536,1533,2372,2372,1,0,1,40.97419435122675,40.89416662788451,57.91015625
753,7.53,1536,1536,2374,2372,1,0,1,40.97419435122675,40.97419435122675,57.958984375
754,7.54,1536,1534,2372,2372,1,0,1,40.97419435122675,40.92084253566525,57.91015625
755,7.55,1536,1533,2373,2372,1,0,1,40.97419435122675,40.89416662788451,57.9345703125
756,7.56,1536,1534,2374,2372,1,0,1,40.97419435122675,40.92084253566525,57.958984375
757,7.57,1536,1533,2373,2372,1,0,1,40.97419435122675,40.89416662788451,57.9345703125
758,7.58,1536,1530,2374,2372,1,0,1,40.97419435122675,40.81413890454227,57.958984375
759,7.59,1536,1534,2377,2372,1,0,1,40.97419435122675,40.92084253566525,58.0322265625
760,7.6,1536,1531,2373,2372,1,0,1,40.97419435122675,40.84081481232302,57.9345703125
761,7.61,1536,1536,2376,2372,1,0,1,40.97419435122675,40.97419435122675,58.0078125
762,7.62,1536,1529,2372,2372,1,0,1,40.97419435122675,40.78746299676152,57.91015625
763,7.63,1536,1533,2378,2372,1,0,1,40.97419435122675,40.89416662788451,58.056640625
764,7.64,1536,1533,2374,2372,1,0,1,40.97419435122675,40.89416662788451,57.958984375
765,7.65,1536,1529,2374,2372,1,0,1,40.97419435122675,40.78746299676152,57.958984375
766,7.66,1536,1530,2378,2372,1,0,1,40.97419435122675,40.81413890454227,58.056640625
767,7.67,1536,1527,2377,2372,1,0,1,40.97419435122675,40.73411118120003,58.0322265625
768,7.68,1536,1529,2380,2372,1,0,1,40.97419435122675,40.78746299676152,58.10546875
769,7.69,1536,1527,2378,2372,1,0,1,40.97419435122675,40.73411118120003,58.056640625
770,7.7,1536,1525,2380,2372,1,0,1,40.97419435122675,40.68075936563854,58.10546875
771,7.71,1536,1526,2381,2372,1,0,1,40.97419435122675,40.70743527341928,58.1298828125
772,7.72,1536,1524,2380,2372,1,0,1,40.97419435122675,40.65408345785779,58.10546875
773,7.73,1536,1523,2382,2372,1,0,1,40.97419435122675,40.627407550077045,58.154296875
774,7.74,1536,1524,2383,2372,1,0,1,40.97419435122675,40.65408345785779,58.1787109375
775,7.75,1536,1522,2382,2372,1,0,1,40.97419435122675,40.600731642296296,58.154296875
776,7.76,1536,1520,2384,2372,1,0,1,40.97419435122675,40.547379826734804,58.203125
777,7.77,1536,1522,2386,2372,1,0,1,40.97419435122675,40.600731642296296,58.251953125
778,7.78,1536,1522,2384,2372,1,0,1,40.97419435122675,40.600731642296296,58.203125
779,7.79,1536,1526,2384,2372,1,0,1,40.97419435122675,40.70743527341928,58.203125
780,7.8,1536,1521,2380,2372,1,0,1,40.97419435122675,40.57405573451555,58.10546875
781,7.81,1536,1519,2385,2372,1,0,1,40.97419435122675,40.520703918954055,58.2275390625
782,7.82,1536,1525,2388,2373,1,0,1,40.97419435122675,40.68075936563854,58.30078125
783,7.83,1536,1520,2382,2373,1,0,1,40.97419435122675,40.547379826734804,58.154296875
784,7.84,1536,1526,2387,2373,1,0,1,40.97419435122675,40.70743527341928,58.2763671875
785,7.85,1536,1520,2381,2373,1,0,1,40.97419435122675,40.547379826734804,58.1298828125
786,7.86,1536,1523,2387,2373,1,0,1,40.97419435122675,40.627407550077045,58.2763671875
787,7.87,1536,1524,2384,2373,1,0,1,40.97419435122675,40.65408345785779,58.203125
788,7.88,1536,1519,2383,2373,1,0,1,40.97419435122675,40.520703918954055,58.1787109375
789,7.89,1536,1522,2389,2374,1,0,1,40.97419435122675,40.600731642296296,58.3251953125
790,7.9,1536,1520,2386,2374,1,0,1,40.97419435122675,40.547379826734804,58.251953125
791,7.91,1536,1524,2388,2374,1,0,1,40.97419435122675,40.65408345785779,58.30078125
792,7.92,1536,1522,2384,2374,1,0,1,40.97419435122675,40.600731642296296,58.203125
793,7.93,1536,1522,2386,2374,1,0,1,40.97419435122675,40.600731642296296,58.251953125
794,7.94,1536,1522,2386,2374,1,0,1,40.97419435122675,40.600731642296296,58.251953125
795,7.95,1536,1522,2386,2374,1,0,1,40.97419435122675,40.600731642296296,58.251953125
796,7.96,1536,1522,2386,2374,1,0,1,40.97419435122675,40.600731642296296,58.251953125
797,7.97,1536,1523,2386,2374,1,0,1,40.97419435122675,40.627407550077045,58.251953125
798,7.98,1536,1524,2385,2374,1,0,1,40.97419435122675,40.65408345785779,58.2275390625
799,7.99,1536,1522,2384,2374,1,0,1,40.97419435122675,40.600731642296296,58.203125
800,8.0,1536,1524,2386,2374,1,0,1,40.97419435122675,40.65408345785779,58.251953125
801,8.01,1536,1525,2384,2374,1,0,1,40.97419435122675,40.68075936563854,58.203125
802,8.02,1536,1530,2383,2374,1,0,1,40.97419435122675,40.81413890454227,58.1787109375
803,8.03,1536,1525,2379,2374,1,0,1,40.97419435122675,40.68075936563854,58.0810546875
804,8.04,1536,1524,2383,2374,1,0,1,40.97419435122675,40.65408345785779,58.1787109375
805,8.05,1536,1529,2384,2374,1,0,1,40.97419435122675,40.78746299676152,58.203125
806,8.06,1536,1525,2380,2374,1,0,1,40.97419435122675,40.68075936563854,58.10546875
807,8.07,1536,1531,2383,2374,1,0,1,40.97419435122675,40.84081481232302,58.1787109375
808,8.08,1536,1526,2378,2374,1,0,1,40.97419435122675,40.70743527341928,58.056640625
809,8.09,1536,1530,2382,2374,1,0,1,40.97419435122675,40.81413890454227,58.154296875
810,8.1,1536,1528,2379,2374,1,0,1,40.97419435122675,40.76078708898078,58.0810546875
811,8.11,1536,1526,2381,2374,1,0,1,40.97419435122675,40.70743527341928,58.1298828125
812,8.12,1536,1529,2382,2374,1,0,1,40.97419435122675,40.78746299676152,58.154296875
813,8.13,1536,1527,2380,2374,1,0,1,40.97419435122675,40.73411118120003,58.10546875
814,8.14,1536,1530,2382,2374,1,0,1,40.97419435122675,40.81413890454227,58.154296875
815,8.15,1536,1529,2379,2374,1,0,1,40.97419435122675,40.78746299676152,58.0810546875
816,8.16,1536,1528,2380,2374,1,0,1,40.97419435122675,40.76078708898078,58.10546875
817,8.17,1536,1526,2381,2374,1,0,1,40.97419435122675,40.70743527341928,58.1298828125
818,8.18,1536,1527,2382,2374,1,0,1,40.97419435122675,40.73411118120003,58.154296875
819,8.19,1536,1527,2382,2374,1,0,1,40.97419435122675,40.73411118120003,58.154296875
820,8.2,1536,1532,2382,2374,1,0,1,40.97419435122675,40.86749072010376,58.154296875
821,8.21,1536,1527,2377,2374,1,0,1,40.97419435122675,40.73411118120003,58.0322265625
822,8.22,1536,1525,2382,2374,1,0,1,40.97419435122675,40.68075936563854,58.154296875
823,8.23,1536,1530,2383,2374,1,0,1,40.97419435122675,40.81413890454227,58.1787109375
824,8.24,1536,1526,2379,2374,1,0,1,40.97419435122675,40.70743527341928,58.0810546875
825,8.25,1536,1532,2382,2374,1,0,1,40.97419435122675,40.86749072010376,58.154296875
826,8.26,1536,1526,2377,2374,1,0,1,40.97419435122675,40.70743527341928,58.0322265625
827,8.27,1536,1529,2382,2374,1,0,1,40.97419435122675,40.78746299676152,58.154296875
828,8.28,1536,1530,2380,2374,1,0,1,40.97419435122675,40.81413890454227,58.10546875
829,8.29,1536,1525,2379,2374,1,0,1,40.97419435122675,40.68075936563854,58.0810546875
830,8.3,1536,1527,2383,2374,1,0,1,40.97419435122675,40.73411118120003,58.1787109375
831,8.31,1536,1526,2382,2374,1,0,1,40.97419435122675,40.70743527341928,58.154296875
832,8.32,1536,1529,2382,2374,1,0,1,40.97419435122675,40.78746299676152,58.154296875
833,8.33,1536,1527,2380,2374,1,0,1,40.97419435122675,40.73411118120003,58.10546875
834,8.34,1536,1526,2382,2374,1,0,1,40.97419435122675,40.70743527341928,58.154296875
835,8.35,1536,1526,2382,2374,1,0,1,40.97419435122675,40.70743527341928,58.154296875
836,8.36,1536,1525,2382,2374,1,0,1,40.97419435122675,40.68075936563854,58.154296875
837,8.37,1536,1524,2383,2374,1,0,1,40.97419435122675,40.65408345785779,58.1787109375
838,8.38,1536,1529,2384,2374,1,0,1,40.97419435122675,40.78746299676152,58.203125
839,8.39,1536,1524,2380,2374,1,0,1,40.97419435122675,40.65408345785779,58.10546875
840,8.4,1536,1522,2384,2374,1,0,1,40.97419435122675,40.600731642296296,58.203125
841,8.41,1536,1527,2386,2374,1,0,1,40.97419435122675,40.73411118120003,58.251953125
842,8.42,1536,1524,2382,2374,1,0,1,40.97419435122675,40.65408345785779,58.154296875
843,8.43,1536,1529,2384,2374,1,0,1,40.97419435122675,40.78746299676152,58.203125
844,8.44,1536,1523,2380,2374,1,0,1,40.97419435122675,40.627407550077045,58.10546875
845,8.45,1536,1522,2385,2374,1,0,1,40.97419435122675,40.600731642296296,58.2275390625
846,8.46,1536,1528,2386,2374,1,0,1,40.97419435122675,40.76078708898078,58.251953125
847,8.47,1536,1524,2381,2374,1,0,1,40.97419435122675,40.65408345785779,58.1298828125
848,8.48,1536,1526,2384,2374,1,0,1,40.97419435122675,40.70743527341928,58.203125
849,8.49,1536,1524,2382,2374,1,0,1,40.97419435122675,40.65408345785779,58.154296875
850,8.5,1536,1528,2384,2374,1,0,1,40.97419435122675,40.76078708898078,58.203125
851,8.51,1536,1526,2381,2374,1,0,1,40.97419435122675,40.70743527341928,58.1298828125
852,8.52,1536,1524,2382,2374,1,0,1,40.97419435122675,40.65408345785779,58.154296875
853,8.53,1536,1526,2384,2374,1,0,1,40.97419435122675,40.70743527341928,58.203125
854,8.54,1536,1525,2382,2374,1,0,1,40.97419435122675,40.68075936563854,58.154296875
855,8.55,1536,1528,2383,2374,1,0,1,40.97419435122675,40.76078708898078,58.1787109375
856,8.56,1536,1526,2381,2374,1,0,1,40.97419435122675,40.70743527341928,58.1298828125
857,8.57,1536,1525,2382,2374,1,0,1,40.97419435122675,40.68075936563854,58.154296875
858,8.58,1536,1523,2383,2374,1,0,1,40.97419435122675,40.627407550077045,58.1787109375
859,8.59,1536,1525,2385,2374,1,0,1,40.97419435122675,40.68075936563854,58.2275390625
860,8.6,1536,1525,2383,2374,1,0,1,40.97419435122675,40.68075936563854,58.1787109375
861,8.61,1536,1530,2383,2374,1,0,1,40.97419435122675,40.81413890454227,58.1787109375
862,8.62,1536,1525,2379,2374,1,0,1,40.97419435122675,40.68075936563854,58.0810546875
863,8.63,1536,1522,2383,2374,1,0,1,40.97419435122675,40.600731642296296,58.1787109375
864,8.64,1536,1528,2386,2374,1,0,1,40.97419435122675,40.76078708898078,58.251953125
865,8.65,1536,1523,2381,2374,1,0,1,40.97419435122675,40.627407550077045,58.1298828125
866,8.66,1536,1530,2385,2374,1,0,1,40.97419435122675,40.81413890454227,58.2275390625
867,8.67,1536,1525,2379,2374,1,0,1,40.97419435122675,40.68075936563854,58.0810546875
868,8.68,1536,1528,2383,2374,1,0,1,40.97419435122675,40.76078708898078,58.1787109375
869,8.69,1536,1528,2381,2374,1,0,1,40.97419435122675,40.76078708898078,58.1298828125
870,8.7,1536,1524,2381,2374,1,0,1,40.97419435122675,40.65408345785779,58.1298828125
871,8.71,1536,1526,2384,2374,1,0,1,40.97419435122675,40.70743527341928,58.203125
872,8.72,1536,1526,2382,2374,1,0,1,40.97419435122675,40.70743527341928,58.154296875
873,8.73,1536,1529,2382,2374,1,0,1,40.97419435122675,40.78746299676152,58.154296875
874,8.74,1536,1527,2380,2374,1,0,1,40.97419435122675,40.73411118120003,58.10546875
875,8.75,1536,1527,2382,2374,1,0,1,40.97419435122675,40.73411118120003,58.154296875
876,8.76,1536,1528,2382,2374,1,0,1,40.97419435122675,40.76078708898078,58.154296875
877,8.77,1536,1527,2381,2374,1,0,1,40.97419435122675,40.73411118120003,58.1298828125
878,8.78,1536,1528,2382,2374,1,0,1,40.97419435122675,40.76078708898078,58.154296875
879,8.79,1536,1532,2381,2374,1,0,1,40.97419435122675,40.86749072010376,58.1298828125
880,8.8,1536,1528,2377,2374,1,0,1,40.97419435122675,40.76078708898078,58.0322265625
881,8.81,1536,1526,2381,2374,1,0,1,40.97419435122675,40.70743527341928,58.1298828125
882,8.82,1536,1532,2382,2374,1,0,1,40.97419435122675,40.86749072010376,58.154296875
883,8.83,1536,1529,2377,2374,1,0,1,40.97419435122675,40.78746299676152,58.0322265625
884,8.84,1536,1534,2380,2374,1,0,1,40.97419435122675,40.92084253566525,58.10546875
885,8.85,1536,1528,2375,2374,1,0,1,40.97419435122675,40.76078708898078,57.9833984375
886,8.86,1536,1532,2381,2374,1,0,1,40.97419435122675,40.86749072010376,58.1298828125
887,8.87,1536,1533,2377,2374,1,0,1,40.97419435122675,40.89416662788451,58.0322265625
888,8.88,1536,1529,2376,2374,1,0,1,40.97419435122675,40.78746299676152,58.0078125
889,8.89,1536,1531,2380,2374,1,0,1,40.97419435122675,40.84081481232302,58.10546875
890,8.9,1536,1530,2378,2374,1,0,1,40.97419435122675,40.81413890454227,58.056640625
891,8.91,1536,1533,2379,2374,1,0,1,40.97419435122675,40.89416662788451,58.0810546875
892,8.92,1536,1532,2376,2374,1,0,1,40.97419435122675,40.86749072010376,58.0078125
893,8.93,1536,1530,2377,2374,1,0,1,40.97419435122675,40.81413890454227,58.0322265625
894,8.94,1536,1531,2379,2374,1,0,1,40.97419435122675,40.84081481232302,58.0810546875
895,8.95,1536,1530,2378,2374,1,0,1,40.97419435122675,40.81413890454227,58.056640625
896,8.96,1536,1530,2379,2374,1,0,1,40.97419435122675,40.81413890454227,58.0810546875
897,8.97,1536,1536,2379,2374,1,0,1,40.97419435122675,40.97419435122675,58.0810546875
898,8.98,1536,1532,2374,2374,1,0,1,40.97419435122675,40.86749072010376,57.958984375
899,8.99,1536,1529,2377,2374,1,0,1,40.97419435122675,40.78746299676152,58.0322265625
900,9.0,1536,1534,2380,2374,1,0,1,40.97419435122675,40.92084253566525,58.10546875
901,9.01,1536,1529,2375,2374,1,0,1,40.97419435122675,40.78746299676152,57.9833984375
902,9.02,1536,1536,2380,2374,1,0,1,40.97419435122675,40.97419435122675,58.10546875
903,9.03,1536,1530,2374,2374,1,0,1,40.97419435122675,40.81413890454227,57.958984375
904,9.04,1536,1533,2379,2374,1,0,1,40.97419435122675,40.89416662788451,58.0810546875
905,9.05,1536,1534,2376,2374,1,0,1,40.97419435122675,40.92084253566525,58.0078125
906,9.06,1536,1529,2375,2374,1,0,1,40.97419435122675,40.78746299676152,57.9833984375
907,9.07,1536,1531,2380,2374,1,0,1,40.97419435122675,40.84081481232302,58.10546875
908,9.08,1536,1530,2378,2374,1,0,1,40.97419435122675,40.81413890454227,58.056640625
909,9.09,1536,1533,2379,2374,1,0,1,40.97419435122675,40.89416662788451,58.0810546875
910,9.1,1536,1530,2376,2374,1,0,1,40.97419435122675,40.81413890454227,58.0078125
911,9.11,1536,1530,2379,2374,1,0,1,40.97419435122675,40.81413890454227,58.0810546875
912,9.12,1536,1528,2379,2374,1,0,1,40.97419435122675,40.76078708898078,58.0810546875
913,9.13,1536,1530,2381,2374,1,0,1,40.97419435122675,40.81413890454227,58.1298828125
914,9.14,1536,1529,2379,2374,1,0,1,40.97419435122675,40.78746299676152,58.0810546875
915,9.15,1536,1534,2380,2374,1,0,1,40.97419435122675,40.92084253566525,58.10546875
916,9.16,1536,1530,2375,2374,1,0,1,40.97419435122675,40.81413890454227,57.9833984375
917,9.17,1536,1527,2379,2374,1,0,1,40.97419435122675,40.73411118120003,58.0810546875
918,9.18,1536,1532,2382,2374,1,0,1,40.97419435122675,40.86749072010376,58.154296875
919,9.19,1536,1528,2377,2374,1,0,1,40.97419435122675,40.76078708898078,58.0322265625
920,9.2,1536,1535,2381,2374,1,0,1,40.97419435122675,40.947518443446,58.1298828125
921,9.21,1536,1529,2374,2374,1,0,1,40.97419435122675,40.78746299676152,57.958984375
922,9.22,1536,1533,2380,2374,1,0,1,40.97419435122675,40.89416662788451,58.10546875
923,9.23,1536,1531,2376,2374,1,0,1,40.97419435122675,40.84081481232302,58.0078125
924,9.24,1536,1529,2378,2374,1,0,1,40.97419435122675,40.78746299676152,58.056640625
925,9.25,1536,1531,2380,2374,1,0,1,40.97419435122675,40.84081481232302,58.10546875
926,9.26,1536,1530,2378,2374,1,0,1,40.97419435122675,40.81413890454227,58.056640625
927,9.27,1536,1533,2379,2374,1,0,1,40.97419435122675,40.89416662788451,58.0810546875
928,9.28,1536,1530,2376,2374,1,0,1,40.97419435122675,40.81413890454227,58.0078125
929,9.29,1536,1529,2379,2374,1,0,1,40.97419435122675,40.78746299676152,58.0810546875
930,9.3,1536,1527,2380,2374,1,0,1,40.97419435122675,40.73411118120003,58.10546875
931,9.31,1536,1529,2382,2374,1,0,1,40.97419435122675,40.78746299676152,58.154296875
932,9.32,1536,1529,2380,2374,1,0,1,40.97419435122675,40.78746299676152,58.10546875
933,9.33,1536,1534,2380,2374,1,0,1,40.97419435122675,40.92084253566525,58.10546875
934,9.34,1536,1528,2375,2374,1,0,1,40.97419435122675,40.76078708898078,57.9833984375
935,9.35,1536,1527,2381,2374,1,0,1,40.97419435122675,40.73411118120003,58.1298828125
936,9.36,1536,1531,2382,2374,1,0,1,40.97419435122675,40.84081481232302,58.154296875
937,9.37,1536,1527,2378,2374,1,0,1,40.97419435122675,40.73411118120003,58.056640625
938,9.38,1536,1533,2382,2374,1,0,1,40.97419435122675,40.89416662788451,58.154296875
939,9.39,1536,1528,2376,2374,1,0,1,40.97419435122675,40.76078708898078,58.0078125
940,9.4,1536,1532,2381,2374,1,0,1,40.97419435122675,40.86749072010376,58.1298828125
941,9.41,1536,1529,2377,2374,1,0,1,40.97419435122675,40.78746299676152,58.0322265625
942,9.42,1536,1527,2380,2374,1,0,1,40.97419435122675,40.73411118120003,58.10546875
943,9.43,1536,1529,2382,2374,1,0,1,40.97419435122675,40.78746299676152,58.154296875
944,9.44,1536,1529,2380,2374,1,0,1,40.97419435122675,40.78746299676152,58.10546875
945,9.45,1536,1529,2380,2374,1,0,1,40.97419435122675,40.78746299676152,58.10546875
946,9.46,1536,1530,2380,2374,1,0,1,40.97419435122675,40.81413890454227,58.10546875
947,9.47,1536,1529,2379,2374,1,0,1,40.97419435122675,40.78746299676152,58.0810546875
948,9.48,1536,1527,2380,2374,1,0,1,40.97419435122675,40.73411118120003,58.10546875
949,9.49,1536,1530,2382,2374,1,0,1,40.97419435122675,40.81413890454227,58.154296875
950,9.5,1536,1530,2379,2374,1,0,1,40.97419435122675,40.81413890454227,58.0810546875
951,9.51,1536,1535,2379,2374,1,0,1,40.97419435122675,40.947518443446,58.0810546875
952,9.52,1536,1530,2374,2374,1,0,1,40.97419435122675,40.81413890454227,57.958984375
953,9.53,1536,1529,2379,2374,1,0,1,40.97419435122675,40.78746299676152,58.0810546875
954,9.54,1536,1534,2380,2374,1,0,1,40.97419435122675,40.92084253566525,58.10546875
955,9.55,1536,1530,2375,2374,1,0,1,40.97419435122675,40.81413890454227,57.9833984375
956,9.56,1536,1532,2379,2374,1,0,1,40.97419435122675,40.86749072010376,58.0810546875
957,9.57,1536,1530,2377,2374,1,0,1,40.97419435122675,40.81413890454227,58.0322265625
958,9.58,1536,1534,2379,2374,1,0,1,40.97419435122675,40.92084253566525,58.0810546875
959,9.59,1536,1532,2375,2374,1,0,1,40.97419435122675,40.86749072010376,57.9833984375
960,9.6,1536,1530,2377,2374,1,0,1,40.97419435122675,40.81413890454227,58.0322265625
961,9.61,1536,1531,2379,2374,1,0,1,40.97419435122675,40.84081481232302,58.0810546875
962,9.62,1536,1531,2378,2374,1,0,1,40.97419435122675,40.84081481232302,58.056640625
963,9.63,1536,1530,2378,2374,1,0,1,40.97419435122675,40.81413890454227,58.056640625
964,9.64,1536,1530,2379,2374,1,0,1,40.97419435122675,40.81413890454227,58.0810546875
965,9.65,1536,1530,2379,2374,1,0,1,40.97419435122675,40.81413890454227,58.0810546875
966,9.66,1536,1528,2379,2374,1,0,1,40.97419435122675,40.76078708898078,58.0810546875
967,9.67,1536,1533,2381,2374,1,0,1,40.97419435122675,40.89416662788451,58.1298828125
968,9.68,1536,1530,2376,2374,1,0,1,40.97419435122675,40.81413890454227,58.0078125
969,9.69,1536,1535,2379,2374,1,0,1,40.97419435122675,40.947518443446,58.0810546875
970,9.7,1536,1529,2374,2374,1,0,1,40.97419435122675,40.78746299676152,57.958984375
971,9.71,1536,1532,2380,2374,1,0,1,40.97419435122675,40.86749072010376,58.10546875
972,9.72,1536,1533,2377,2374,1,0,1,40.97419435122675,40.89416662788451,58.0322265625
973,9.73,1536,1528,2376,2374,1,0,1,40.97419435122675,40.76078708898078,58.0078125
974,9.74,1536,1530,2381,2374,1,0,1,40.97419435122675,40.81413890454227,58.1298828125
975,9.75,1536,1529,2379,2374,1,0,1,40.97419435122675,40.78746299676152,58.0810546875
976,9.76,1536,1532,2380,2374,1,0,1,40.97419435122675,40.86749072010376,58.10546875
977,9.77,1536,1529,2377,2374,1,0,1,40.97419435122675,40.78746299676152,58.0322265625
978,9.78,1536,1529,2380,2374,1,0,1,40.97419435122675,40.78746299676152,58.10546875
979,9.79,1536,1530,2380,2374,1,0,1,40.97419435122675,40.81413890454227,58.10546875
980,9.8,1536,1529,2379,2374,1,0,1,40.97419435122675,40.78746299676152,58.0810546875
981,9.81,1536,1528,2380,2374,1,0,1,40.97419435122675,40.76078708898078,58.10546875
982,9.82,1536,1529,2381,2374,1,0,1,40.97419435122675,40.78746299676152,58.1298828125
983,9.83,1536,1529,2380,2374,1,0,1,40.97419435122675,40.78746299676152,58.10546875
984,9.84,1536,1526,2380,2374,1,0,1,40.97419435122675,40.70743527341928,58.10546875
985,9.85,1536,1531,2382,2374,1,0,1,40.97419435122675,40.84081481232302,58.154296875
986,9.86,1536,1528,2378,2374,1,0,1,40.97419435122675,40.76078708898078,58.056640625
987,9.87,1536,1533,2381,2374,1,0,1,40.97419435122675,40.89416662788451,58.1298828125
988,9.88,1536,1527,2376,2374,1,0,1,40.97419435122675,40.73411118120003,58.0078125
989,9.89,1536,1531,2382,2374,1,0,1,40.97419435122675,40.84081481232302,58.154296875
990,9.9,1536,1531,2378,2374,1,0,1,40.97419435122675,40.84081481232302,58.056640625
991,9.91,1536,1526,2378,2374,1,0,1,40.97419435122675,40.70743527341928,58.056640625
992,9.92,1536,1529,2382,2374,1,0,1,40.97419435122675,40.78746299676152,58.154296875
993,9.93,1536,1527,2380,2374,1,0,1,40.97419435122675,40.73411118120003,58.10546875
994,9.94,1536,1531,2382,2374,1,0,1,40.97419435122675,40.84081481232302,58.154296875
995,9.95,1536,1529,2378,2374,1,0,1,40.97419435122675,40.78746299676152,58.056640625
996,9.96,1536,1528,2380,2374,1,0,1,40.97419435122675,40.76078708898078,58.10546875
997,9.97,1536,1529,2381,2374,1,0,1,40.97419435122675,40.78746299676152,58.1298828125
998,9.98,1536,1529,2380,2374,1,0,1,40.97419435122675,40.78746299676152,58.10546875
999,9.99,1536,1528,2380,2374,1,0,1,40.97419435122675,40.76078708898078,58.10546875
1000,10.0,1536,1529,2381,2374,1,0,1,40.97419435122675,40.78746299676152,58.1298828125
1001,10.01,1536,1529,2380,2374,1,0,1,40.97419435122675,40.78746299676152,58.10546875
1002,10.02,1536,1527,2380,2374,1,0,1,40.97419435122675,40.73411118120003,58.10546875
1003,10.03,1536,1532,2382,2374,1,0,1,40.97419435122675,40.86749072010376,58.154296875
1004,10.04,1536,1529,2377,2374,1,0,1,40.97419435122675,40.78746299676152,58.0322265625
1005,10.05,1536,1534,2380,2374,1,0,1,40.97419435122675,40.92084253566525,58.10546875
1006,10.06,1536,1528,2375,2374,1,0,1,40.97419435122675,40.76078708898078,57.9833984375
1007,10.07,1536,1532,2381,2374,1,0,1,40.97419435122675,40.86749072010376,58.1298828125
1008,10.08,1536,1532,2377,2374,1,0,1,40.97419435122675,40.86749072010376,58.0322265625
1009,10.09,1536,1527,2377,2374,1,0,1,40.97419435122675,40.73411118120003,58.0322265625
1010,10.1,1536,1530,2382,2374,1,0,1,40.97419435122675,40.81413890454227,58.154296875
1011,10.11,1536,1528,2379,2374,1,0,1,40.97419435122675,40.76078708898078,58.0810546875
1012,10.12,1536,1532,2381,2374,1,0,1,40.97419435122675,40.86749072010376,58.1298828125
1013,10.13,1536,1530,2377,2374,1,0,1,40.97419435122675,40.81413890454227,58.0322265625
1014,10.14,1536,1530,2379,2374,1,0,1,40.97419435122675,40.81413890454227,58.0810546875
1015,10.15,1536,1530,2379,2374,1,0,1,40.97419435122675,40.81413890454227,58.0810546875
1016,10.16,1536,1529,2379,2374,1,0,1,40.97419435122675,40.78746299676152,58.0810546875
1017,10.17,1536,1529,2380,2374,1,0,1,40.97419435122675,40.78746299676152,58.10546875
1018,10.18,1536,1534,2380,2374,1,0,1,40.97419435122675,40.92084253566525,58.10546875
1019,10.19,1536,1530,2375,2374,1,0,1,40.97419435122675,40.81413890454227,57.9833984375
1020,10.2,1536,1528,2379,2374,1,0,1,40.97419435122675,40.76078708898078,58.0810546875
1021,10.21,1536,1534,2381,2374,1,0,1,40.97419435122675,40.92084253566525,58.1298828125
1022,10.22,1536,1531,2375,2374,1,0,1,40.97419435122675,40.84081481232302,57.9833984375
1023,10.23,1536,1536,2378,2374,1,0,1,40.97419435122675,40.97419435122675,58.056640625
1024,10.24,1536,1531,2374,2374,1,0,1,40.97419435122675,40.84081481232302,57.958984375
1025,10.25,1536,1534,2378,2374,1,0,1,40.97419435122675,40.92084253566525,58.056640625
1026,10.26,1536,1534,2375,2374,1,0,1,40.97419435122675,40.92084253566525,57.9833984375
1027,10.27,1536,1530,2375,2374,1,0,1,40.97419435122675,40.81413890454227,57.9833984375
1028,10.28,1536,1533,2379,2374,1,0,1,40.97419435122675,40.89416662788451,58.0810546875
1029,10.29,1536,1532,2376,2374,1,0,1,40.97419435122675,40.86749072010376,58.0078125
1030,10.3,1536,1535,2377,2374,1,0,1,40.97419435122675,40.947518443446,58.0322265625
1031,10.31,1536,1533,2374,2374,1,0,1,40.97419435122675,40.89416662788451,57.958984375
1032,10.32,1536,1532,2376,2374,1,0,1,40.97419435122675,40.86749072010376,58.0078125
1033,10.33,1536,1530,2377,2374,1,0,1,40.97419435122675,40.81413890454227,58.0322265625
1034,10.34,1536,1532,2379,2374,1,0,1,40.97419435122675,40.86749072010376,58.0810546875
1035,10.35,1536,1532,2377,2374,1,0,1,40.97419435122675,40.86749072010376,58.0322265625
1036,10.36,1536,1536,2377,2374,1,0,1,40.97419435122675,40.97419435122675,58.0322265625
1037,10.37,1536,1531,2374,2374,1,0,1,40.97419435122675,40.84081481232302,57.958984375
1038,10.38,1536,1529,2378,2374,1,0,1,40.97419435122675,40.78746299676152,58.056640625
1039,10.39,1536,1534,2380,2374,1,0,1,40.97419435122675,40.92084253566525,58.10546875
1040,10.4,1536,1529,2375,2374,1,0,1,40.97419435122675,40.78746299676152,57.9833984375
1041,10.41,1536,1535,2380,2374,1,0,1,40.97419435122675,40.947518443446,58.10546875
1042,10.42,1536,1530,2374,2374,1,0,1,40.97419435122675,40.81413890454227,57.958984375
1043,10.43,1536,1533,2379,2374,1,0,1,40.97419435122675,40.89416662788451,58.0810546875
1044,10.44,1536,1532,2376,2374,1,0,1,40.97419435122675,40.86749072010376,58.0078125
1045,10.45,1536,1529,2377,2374,1,0,1,40.97419435122675,40.78746299676152,58.0322265625
1046,10.46,1536,1530,2380,2374,1,0,1,40.97419435122675,40.81413890454227,58.10546875
1047,10.47,1536,1530,2379,2374,1,0,1,40.97419435122675,40.81413890454227,58.0810546875
1048,10.48,1536,1530,2379,2374,1,0,1,40.97419435122675,40.81413890454227,58.0810546875
1049,10.49,1536,1531,2379,2374,1,0,1,40.97419435122675,40.84081481232302,58.0810546875
1050,10.5,1536,1529,2378,2374,1,0,1,40.97419435122675,40.78746299676152,58.056640625
1051,10.51,1536,1527,2380,2374,1,0,1,40.97419435122675,40.73411118120003,58.10546875
1052,10.52,1536,1529,2382,2374,1,0,1,40.97419435122675,40.78746299676152,58.154296875
1053,10.53,1536,1529,2380,2374,1,0,1,40.97419435122675,40.78746299676152,58.10546875
1054,10.54,1536,1533,2380,2374,1,0,1,40.97419435122675,40.89416662788451,58.10546875
1055,10.55,1536,1527,2376,2374,1,0,1,40.97419435122675,40.73411118120003,58.0078125
1056,10.56,1536,1526,2382,2374,1,0,1,40.97419435122675,40.70743527341928,58.154296875
1057,10.57,1536,1531,2382,2374,1,0,1,40.97419435122675,40.84081481232302,58.154296875
1058,10.58,1536,1527,2378,2374,1,0,1,40.97419435122675,40.73411118120003,58.056640625
1059,10.59,1536,1533,2382,2374,1,0,1,40.97419435122675,40.89416662788451,58.154296875
1060,10.6,1536,1527,2376,2374,1,0,1,40.97419435122675,40.73411118120003,58.0078125
1061,10.61,1536,1531,2382,2374,1,0,1,40.97419435122675,40.84081481232302,58.154296875
1062,10.62,1536,1528,2378,2374,1,0,1,40.97419435122675,40.76078708898078,58.056640625
1063,10.63,1536,1526,2381,2374,1,0,1,40.97419435122675,40.70743527341928,58.1298828125
1064,10.64,1536,1528,2382,2374,1,0,1,40.97419435122675,40.76078708898078,58.154296875
1065,10.65,1536,1528,2381,2374,1,0,1,40.97419435122675,40.76078708898078,58.1298828125
1066,10.66,1536,1528,2381,2374,1,0,1,40.97419435122675,40.76078708898078,58.1298828125
1067,10.67,1536,1528,2381,2374,1,0,1,40.97419435122675,40.76078708898078,58.1298828125
1068,10.68,1536,1528,2381,2374,1,0,1,40.97419435122675,40.76078708898078,58.1298828125
1069,10.69,1536,1526,2381,2374,1,0,1,40.97419435122675,40.70743527341928,58.1298828125
1070,10.7,1536,1528,2382,2374,1,0,1,40.97419435122675,40.76078708898078,58.154296875
1071,10.71,1536,1528,2381,2374,1,0,1,40.97419435122675,40.76078708898078,58.1298828125
1072,10.72,1536,1533,2381,2374,1,0,1,40.97419435122675,40.89416662788451,58.1298828125
1073,10.73,1536,1528,2376,2374,1,0,1,40.97419435122675,40.76078708898078,58.0078125
1074,10.74,1536,1526,2381,2374,1,0,1,40.97419435122675,40.70743527341928,58.1298828125
1075,10.75,1536,1531,2382,2374,1,0,1,40.97419435122675,40.84081481232302,58.154296875
1076,10.76,1536,1527,2378,2374,1,0,1,40.97419435122675,40.73411118120003,58.056640625
1077,10.77,1536,1532,2382,2374,1,0,1,40.97419435122675,40.86749072010376,58.154296875
1078,10.78,1536,1527,2377,2374,1,0,1,40.97419435122675,40.73411118120003,58.0322265625
1079,10.79,1536,1530,2382,2374,1,0,1,40.97419435122675,40.81413890454227,58.154296875
1080,10.8,1536,1529,2379,2374,1,0,1,40.97419435122675,40.78746299676152,58.0810546875
1081,10.81,1536,1526,2380,2374,1,0,1,40.97419435122675,40.70743527341928,58.10546875
1082,10.82,1536,1529,2382,2374,1,0,1,40.97419435122675,40.78746299676152,58.154296875
1083,10.83,1536,1528,2380,2374,1,0,1,40.97419435122675,40.76078708898078,58.10546875
1084,10.84,1536,1531,2381,2374,1,0,1,40.97419435122675,40.84081481232302,58.1298828125
1085,10.85,1536,1529,2378,2374,1,0,1,40.97419435122675,40.78746299676152,58.056640625
1086,10.86,1536,1528,2380,2374,1,0,1,40.97419435122675,40.76078708898078,58.10546875
1087,10.87,1536,1526,2381,2374,1,0,1,40.97419435122675,40.70743527341928,58.1298828125
1088,10.88,1536,1528,2382,2374,1,0,1,40.97419435122675,40.76078708898078,58.154296875
1089,10.89,1536,1528,2381,2374,1,0,1,40.97419435122675,40.76078708898078,58.1298828125
1090,10.9,1536,1533,2381,2374,1,0,1,40.97419435122675,40.89416662788451,58.1298828125
1091,10.91,1536,1528,2376,2374,1,0,1,40.97419435122675,40.76078708898078,58.0078125
1092,10.92,1536,1527,2381,2374,1,0,1,40.97419435122675,40.73411118120003,58.1298828125
1093,10.93,1536,1533,2382,2374,1,0,1,40.97419435122675,40.89416662788451,58.154296875
1094,10.94,1536,1529,2376,2374,1,0,1,40.97419435122675,40.78746299676152,58.0078125
1095,10.95,1536,1535,2380,2374,1,0,1,40.97419435122675,40.947518443446,58.10546875
1096,10.96,1536,1530,2374,2374,1,0,1,40.97419435122675,40.81413890454227,57.958984375
1097,10.97,1536,1533,2379,2374,1,0,1,40.97419435122675,40.89416662788451,58.0810546875
1098,10.98,1536,1532,2376,2374,1,0,1,40.97419435122675,40.86749072010376,58.0078125
1099,10.99,1536,1530,2377,2374,1,0,1,40.97419435122675,40.81413890454227,58.0322265625
1100,11.0,1536,1533,2379,2374,1,0,1,40.97419435122675,40.89416662788451,58.0810546875
1101,11.01,1536,1532,2376,2374,1,0,1,40.97419435122675,40.86749072010376,58.0078125
1102,11.02,1536,1532,2377,2374,1,0,1,40.97419435122675,40.86749072010376,58.0322265625
1103,11.03,1536,1533,2377,2374,1,0,1,40.97419435122675,40.89416662788451,58.0322265625
1104,11.04,1536,1533,2376,2374,1,0,1,40.97419435122675,40.89416662788451,58.0078125
1105,11.05,1536,1531,2376,2374,1,0,1,40.97419435122675,40.84081481232302,58.0078125
1106,11.06,1536,1536,2378,2374,1,0,1,40.97419435122675,40.97419435122675,58.056640625
1107,11.07,1536,1533,2374,2374,1,0,1,40.97419435122675,40.89416662788451,57.958984375
1108,11.08,1536,1538,2376,2374,1,0,1,40.97419435122675,41.02754616678824,58.0078125
1109,11.09,1536,1533,2371,2373,1,0,1,40.97419435122675,40.89416662788451,57.8857421875
1110,11.1,1536,1536,2375,2373,1,0,1,40.97419435122675,40.97419435122675,57.9833984375
1111,11.11,1536,1537,2373,2373,1,0,1,40.97419435122675,41.00087025900749,57.9345703125
1112,11.12,1536,1532,2371,2372,1,0,1,40.97419435122675,40.86749072010376,57.8857421875
1113,11.13,1536,1534,2375,2372,1,0,1,40.97419435122675,40.92084253566525,57.9833984375
1114,11.14,1536,1532,2373,2372,1,0,1,40.97419435122675,40.86749072010376,57.9345703125
1115,11.15,1536,1537,2375,2372,1,0,1,40.97419435122675,41.00087025900749,57.9833984375
1116,11.16,1536,1534,2370,2371,1,0,1,40.97419435122675,40.92084253566525,57.861328125
1117,11.17,1536,1533,2372,2371,1,0,1,40.97419435122675,40.89416662788451,57.91015625
1118,11.18,1536,1534,2373,2371,1,0,1,40.97419435122675,40.92084253566525,57.9345703125
1119,11.19,1536,1533,2372,2371,1,0,1,40.97419435122675,40.89416662788451,57.91015625
1120,11.2,1536,1532,2373,2371,1,0,1,40.97419435122675,40.86749072010376,57.9345703125
1121,11.21,1536,1537,2374,2371,1,0,1,40.97419435122675,41.00087025900749,57.958984375
1122,11.22,1536,1532,2369,2370,1,0,1,40.97419435122675,40.86749072010376,57.8369140625
1123,11.23,1536,1530,2373,2370,1,0,1,40.97419435122675,40.81413890454227,57.9345703125
1124,11.24,1536,1534,2375,2370,1,0,1,40.97419435122675,40.92084253566525,57.9833984375
1125,11.25,1536,1529,2371,2370,1,0,1,40.97419435122675,40.78746299676152,57.8857421875
1126,11.26,1536,1535,2376,2370,1,0,1,40.97419435122675,40.947518443446,58.0078125
1127,11.27,1536,1529,2370,2370,1,0,1,40.97419435122675,40.78746299676152,57.861328125
1128,11.28,1536,1532,2376,2370,1,0,1,40.97419435122675,40.86749072010376,58.0078125
1129,11.29,1536,1531,2373,2370,1,0,1,40.97419435122675,40.84081481232302,57.9345703125
1130,11.3,1536,1528,2374,2370,1,0,1,40.97419435122675,40.76078708898078,57.958984375
1131,11.31,1536,1530,2377,2370,1,0,1,40.97419435122675,40.81413890454227,58.0322265625
1132,11.32,1536,1528,2375,2370,1,0,1,40.97419435122675,40.76078708898078,57.9833984375
1133,11.33,1536,1531,2377,2370,1,0,1,40.97419435122675,40.84081481232302,58.0322265625
1134,11.34,1536,1530,2374,2370,1,0,1,40.97419435122675,40.81413890454227,57.958984375
1135,11.35,1536,1529,2375,2370,1,0,1,40.97419435122675,40.78746299676152,57.9833984375
1136,11.36,1536,1527,2376,2370,1,0,1,40.97419435122675,40.73411118120003,58.0078125
1137,11.37,1536,1529,2378,2370,1,0,1,40.97419435122675,40.78746299676152,58.056640625
1138,11.38,1536,1529,2376,2370,1,0,1,40.97419435122675,40.78746299676152,58.0078125
1139,11.39,1536,1534,2376,2370,1,0,1,40.97419435122675,40.92084253566525,58.0078125
1140,11.4,1536,1528,2371,2370,1,0,1,40.97419435122675,40.76078708898078,57.8857421875
1141,11.41,1536,1527,2377,2370,1,0,1,40.97419435122675,40.73411118120003,58.0322265625
1142,11.42,1536,1531,2378,2370,1,0,1,40.97419435122675,40.84081481232302,58.056640625
1143,11.43,1536,1527,2374,2370,1,0,1,40.97419435122675,40.73411118120003,57.958984375
1144,11.44,1536,1534,2378,2370,1,0,1,40.97419435122675,40.92084253566525,58.056640625
1145,11.45,1536,1528,2371,2370,1,0,1,40.97419435122675,40.76078708898078,57.8857421875
1146,11.46,1536,1531,2377,2370,1,0,1,40.97419435122675,40.84081481232302,58.0322265625
1147,11.47,1536,1529,2374,2370,1,0,1,40.97419435122675,40.78746299676152,57.958984375
1148,11.48,1536,1527,2376,2370,1,0,1,40.97419435122675,40.73411118120003,58.0078125
1149,11.49,1536,1529,2378,2370,1,0,1,40.97419435122675,40.78746299676152,58.056640625
1150,11.5,1536,1528,2376,2370,1,0,1,40.97419435122675,40.76078708898078,58.0078125
1151,11.51,1536,1531,2377,2370,1,0,1,40.97419435122675,40.84081481232302,58.0322265625
1152,11.52,1536,1529,2374,2370,1,0,1,40.97419435122675,40.78746299676152,57.958984375
1153,11.53,1536,1528,2376,2370,1,0,1,40.97419435122675,40.76078708898078,58.0078125
1154,11.54,1536,1526,2377,2370,1,0,1,40.97419435122675,40.70743527341928,58.0322265625
1155,11.55,1536,1528,2378,2370,1,0,1,40.97419435122675,40.76078708898078,58.056640625
1156,11.56,1536,1528,2377,2370,1,0,1,40.97419435122675,40.76078708898078,58.0322265625
1157,11.57,1536,1533,2377,2370,1,0,1,40.97419435122675,40.89416662788451,58.0322265625
1158,11.58,1536,1528,2372,2370,1,0,1,40.97419435122675,40.76078708898078,57.91015625
1159,11.59,1536,1527,2377,2370,1,0,1,40.97419435122675,40.73411118120003,58.0322265625
1160,11.6,1536,1531,2378,2370,1,0,1,40.97419435122675,40.84081481232302,58.056640625
1161,11.61,1536,1527,2374,2370,1,0,1,40.97419435122675,40.73411118120003,57.958984375
1162,11.62,1536,1534,2378,2370,1,0,1,40.97419435122675,40.92084253566525,58.056640625
1163,11.63,1536,1528,2371,2370,1,0,1,40.97419435122675,40.76078708898078,57.8857421875
1164,11.64,1536,1531,2377,2370,1,0,1,40.97419435122675,40.84081481232302,58.0322265625
1165,11.65,1536,1530,2374,2370,1,0,1,40.97419435122675,40.81413890454227,57.958984375
1166,11.66,1536,1528,2375,2370,1,0,1,40.97419435122675,40.76078708898078,57.9833984375
1167,11.67,1536,1531,2377,2370,1,0,1,40.97419435122675,40.84081481232302,58.0322265625
1168,11.68,1536,1530,2374,2370,1,0,1,40.97419435122675,40.81413890454227,57.958984375
1169,11.69,1536,1532,2375,2370,1,0,1,40.97419435122675,40.86749072010376,57.9833984375
1170,11.7,1536,1531,2373,2370,1,0,1,40.97419435122675,40.84081481232302,57.9345703125
1171,11.71,1536,1530,2374,2370,1,0,1,40.97419435122675,40.81413890454227,57.958984375
1172,11.72,1536,1528,2375,2370,1,0,1,40.97419435122675,40.76078708898078,57.9833984375
1173,11.73,1536,1531,2377,2370,1,0,1,40.97419435122675,40.84081481232302,58.0322265625
1174,11.74,1536,1531,2374,2370,1,0,1,40.97419435122675,40.84081481232302,57.958984375
1175,11.75,1536,1536,2374,2370,1,0,1,40.97419435122675,40.97419435122675,57.958984375
1176,11.76,1536,1531,2370,2370,1,0,1,40.97419435122675,40.84081481232302,57.861328125
1177,11.77,1536,1530,2374,2370,1,0,1,40.97419435122675,40.81413890454227,57.958984375
1178,11.78,1536,1535,2375,2370,1,0,1,40.97419435122675,40.947518443446,57.9833984375
1179,11.79,1536,1531,2370,2370,1,0,1,40.97419435122675,40.84081481232302,57.861328125
1180,11.8,1536,1533,2374,2370,1,0,1,40.97419435122675,40.89416662788451,57.958984375
1181,11.81,1536,1532,2372,2370,1,0,1,40.97419435122675,40.86749072010376,57.91015625
1182,11.82,1536,1535,2373,2370,1,0,1,40.97419435122675,40.947518443446,57.9345703125
1183,11.83,1536,1534,2370,2370,1,0,1,40.97419435122675,40.92084253566525,57.861328125
1184,11.84,1536,1533,2371,2370,1,0,1,40.97419435122675,40.89416662788451,57.8857421875
1185,11.85,1536,1534,2372,2370,1,0,1,40.97419435122675,40.92084253566525,57.91015625
1186,11.86,1536,1534,2371,2370,1,0,1,40.97419435122675,40.92084253566525,57.8857421875
1187,11.87,1536,1533,2371,2370,1,0,1,40.97419435122675,40.89416662788451,57.8857421875
1188,11.88,1536,1538,2372,2370,1,0,1,40.97419435122675,41.02754616678824,57.91015625
1189,11.89,1536,1533,2367,2369,1,0,1,40.97419435122675,40.89416662788451,57.7880859375
1190,11.9,1536,1531,2371,2369,1,0,1,40.97419435122675,40.84081481232302,57.8857421875
1191,11.91,1536,1536,2373,2369,1,0,1,40.97419435122675,40.97419435122675,57.9345703125
1192,11.92,1536,1533,2369,2369,1,0,1,40.97419435122675,40.89416662788451,57.8369140625
1193,11.93,1536,1538,2371,2369,1,0,1,40.97419435122675,41.02754616678824,57.8857421875
1194,11.94,1536,1532,2366,2368,1,0,1,40.97419435122675,40.86749072010376,57.763671875
1195,11.95,1536,1535,2371,2368,1,0,1,40.97419435122675,40.947518443446,57.8857421875
1196,11.96,1536,1535,2368,2368,1,0,1,40.97419435122675,40.947518443446,57.8125
1197,11.97,1536,1531,2368,2368,1,0,1,40.97419435122675,40.84081481232302,57.8125
1198,11.98,1536,1533,2372,2368,1,0,1,40.97419435122675,40.89416662788451,57.91015625
1199,11.99,1536,1532,2370,2368,1,0,1,40.97419435122675,40.86749072010376,57.861328125
1200,12.0,1536,1534,2371,2368,1,0,1,40.97419435122675,40.92084253566525,57.8857421875
1201,12.01,1536,1532,2369,2368,1,0,1,40.97419435122675,40.86749072010376,57.8369140625
1202,12.02,1536,1532,2371,2368,1,0,1,40.97419435122675,40.86749072010376,57.8857421875
1203,12.03,1536,1529,2371,2368,1,0,1,40.97419435122675,40.78746299676152,57.8857421875
1204,12.04,1536,1531,2374,2368,1,0,1,40.97419435122675,40.84081481232302,57.958984375
1205,12.05,1536,1530,2372,2368,1,0,1,40.97419435122675,40.81413890454227,57.91015625
1206,12.06,1536,1536,2373,2368,1,0,1,40.97419435122675,40.97419435122675,57.9345703125
1207,12.07,1536,1531,2368,2368,1,0,1,40.97419435122675,40.84081481232302,57.8125
1208,12.08,1536,1529,2372,2368,1,0,1,40.97419435122675,40.78746299676152,57.91015625
1209,12.09,1536,1533,2374,2368,1,0,1,40.97419435122675,40.89416662788451,57.958984375
1210,12.1,1536,1529,2370,2368,1,0,1,40.97419435122675,40.78746299676152,57.861328125
1211,12.11,1536,1535,2374,2368,1,0,1,40.97419435122675,40.947518443446,57.958984375
1212,12.12,1536,1529,2368,2368,1,0,1,40.97419435122675,40.78746299676152,57.8125
1213,12.13,1536,1533,2374,2368,1,0,1,40.97419435122675,40.89416662788451,57.958984375
1214,12.14,1536,1530,2370,2368,1,0,1,40.97419435122675,40.81413890454227,57.861328125
1215,12.15,1536,1529,2373,2368,1,0,1,40.97419435122675,40.78746299676152,57.9345703125
1216,12.16,1536,1531,2374,2368,1,0,1,40.97419435122675,40.84081481232302,57.958984375
1217,12.17,1536,1531,2372,2368,1,0,1,40.97419435122675,40.84081481232302,57.91015625
1218,12.18,1536,1530,2372,2368,1,0,1,40.97419435122675,40.81413890454227,57.91015625
1219,12.19,1536,1531,2373,2368,1,0,1,40.97419435122675,40.84081481232302,57.9345703125
1220,12.2,1536,1530,2372,2368,1,0,1,40.97419435122675,40.81413890454227,57.91015625
1221,12.21,1536,1528,2373,2368,1,0,1,40.97419435122675,40.76078708898078,57.9345703125
1222,12.22,1536,1530,2375,2368,1,0,1,40.97419435122675,40.81413890454227,57.9833984375
1223,12.23,1536,1530,2373,2368,1,0,1,40.97419435122675,40.81413890454227,57.9345703125
1224,12.24,1536,1534,2373,2368,1,0,1,40.97419435122675,40.92084253566525,57.9345703125
1225,12.25,1536,1528,2369,2368,1,0,1,40.97419435122675,40.76078708898078,57.8369140625
1226,12.26,1536,1527,2375,2368,1,0,1,40.97419435122675,40.73411118120003,57.9833984375
1227,12.27,1536,1532,2376,2368,1,0,1,40.97419435122675,40.86749072010376,58.0078125
1228,12.28,1536,1527,2371,2368,1,0,1,40.97419435122675,40.73411118120003,57.8857421875
1229,12.29,1536,1529,2376,2368,1,0,1,40.97419435122675,40.78746299676152,58.0078125
1230,12.3,1536,1527,2374,2368,1,0,1,40.97419435122675,40.73411118120003,57.958984375
1231,12.31,1536,1531,2376,2368,1,0,1,40.97419435122675,40.84081481232302,58.0078125
1232,12.32,1536,1529,2372,2368,1,0,1,40.97419435122675,40.78746299676152,57.91015625
1233,12.33,1536,1527,2374,2368,1,0,1,40.97419435122675,40.73411118120003,57.958984375
1234,12.34,1536,1529,2376,2368,1,0,1,40.97419435122675,40.78746299676152,58.0078125
1235,12.35,1536,1528,2374,2368,1,0,1,40.97419435122675,40.76078708898078,57.958984375
1236,12.36,1536,1528,2375,2368,1,0,1,40.97419435122675,40.76078708898078,57.9833984375
1237,12.37,1536,1529,2375,2368,1,0,1,40.97419435122675,40.78746299676152,57.9833984375
1238,12.38,1536,1529,2374,2368,1,0,1,40.97419435122675,40.78746299676152,57.958984375
1239,12.39,1536,1527,2374,2368,1,0,1,40.97419435122675,40.73411118120003,57.958984375
1240,12.4,1536,1529,2376,2368,1,0,1,40.97419435122675,40.78746299676152,58.0078125
1241,12.41,1536,1529,2374,2368,1,0,1,40.97419435122675,40.78746299676152,57.958984375
1242,12.42,1536,1534,2374,2368,1,0,1,40.97419435122675,40.92084253566525,57.958984375
1243,12.43,1536,1528,2369,2368,1,0,1,40.97419435122675,40.76078708898078,57.8369140625
1244,12.44,1536,1527,2375,2368,1,0,1,40.97419435122675,40.73411118120003,57.9833984375
1245,12.45,1536,1532,2376,2368,1,0,1,40.97419435122675,40.86749072010376,58.0078125
1246,12.46,1536,1529,2371,2368,1,0,1,40.97419435122675,40.78746299676152,57.8857421875
1247,12.47,1536,1531,2374,2368,1,0,1,40.97419435122675,40.84081481232302,57.958984375
1248,12.48,1536,1530,2372,2368,1,0,1,40.97419435122675,40.81413890454227,57.91015625
1249,12.49,1536,1534,2373,2368,1,0,1,40.97419435122675,40.92084253566525,57.9345703125
1250,12.5,1536,1531,2369,2368,1,0,1,40.97419435122675,40.84081481232302,57.8369140625
1251,12.51,1536,1528,2372,2368,1,0,1,40.97419435122675,40.76078708898078,57.91015625
1252,12.52,1536,1531,2375,2368,1,0,1,40.97419435122675,40.84081481232302,57.9833984375
1253,12.53,1536,1530,2372,2368,1,0,1,40.97419435122675,40.81413890454227,57.91015625
1254,12.54,1536,1530,2373,2368,1,0,1,40.97419435122675,40.81413890454227,57.9345703125
1255,12.55,1536,1531,2373,2368,1,0,1,40.97419435122675,40.84081481232302,57.9345703125
1256,12.56,1536,1531,2372,2368,1,0,1,40.97419435122675,40.84081481232302,57.91015625
1257,12.57,1536,1529,2372,2368,1,0,1,40.97419435122675,40.78746299676152,57.91015625
1258,12.58,1536,1534,2374,2368,1,0,1,40.97419435122675,40.92084253566525,57.958984375
1259,12.59,1536,1530,2369,2368,1,0,1,40.97419435122675,40.81413890454227,57.8369140625
1260,12.6,1536,1536,2373,2368,1,0,1,40.97419435122675,40.97419435122675,57.9345703125
1261,12.61,1536,1530,2368,2368,1,0,1,40.97419435122675,40.81413890454227,57.8125
1262,12.62,1536,1533,2373,2368,1,0,1,40.97419435122675,40.89416662788451,57.9345703125
1263,12.63,1536,1533,2370,2368,1,0,1,40.97419435122675,40.89416662788451,57.861328125
1264,12.64,1536,1529,2370,2368,1,0,1,40.97419435122675,40.78746299676152,57.861328125
1265,12.65,1536,1531,2374,2368,1,0,1,40.97419435122675,40.84081481232302,57.958984375
1266,12.66,1536,1529,2372,2368,1,0,1,40.97419435122675,40.78746299676152,57.91015625
1267,12.67,1536,1532,2374,2368,1,0,1,40.97419435122675,40.86749072010376,57.958984375
1268,12.68,1536,1531,2371,2368,1,0,1,40.97419435122675,40.84081481232302,57.8857421875
1269,12.69,1536,1530,2372,2368,1,0,1,40.97419435122675,40.81413890454227,57.91015625
1270,12.7,1536,1530,2373,2368,1,0,1,40.97419435122675,40.81413890454227,57.9345703125
1271,12.71,1536,1529,2373,2368,1,0,1,40.97419435122675,40.78746299676152,57.9345703125
1272,12.72,1536,1529,2374,2368,1,0,1,40.97419435122675,40.78746299676152,57.958984375
1273,12.73,1536,1534,2374,2368,1,0,1,40.97419435122675,40.92084253566525,57.958984375
1274,12.74,1536,1529,2369,2368,1,0,1,40.97419435122675,40.78746299676152,57.8369140625
1275,12.75,1536,1527,2374,2368,1,0,1,40.97419435122675,40.73411118120003,57.958984375
1276,12.76,1536,1531,2376,2368,1,0,1,40.97419435122675,40.84081481232302,58.0078125
1277,12.77,1536,1529,2372,2368,1,0,1,40.97419435122675,40.78746299676152,57.91015625
1278,12.78,1536,1533,2374,2368,1,0,1,40.97419435122675,40.89416662788451,57.958984375
1279,12.79,1536,1527,2370,2368,1,0,1,40.97419435122675,40.73411118120003,57.861328125
1280,12.8,1536,1531,2376,2368,1,0,1,40.97419435122675,40.84081481232302,58.0078125
1281,12.81,1536,1531,2372,2368,1,0,1,40.97419435122675,40.84081481232302,57.91015625
1282,12.82,1536,1527,2372,2368,1,0,1,40.97419435122675,40.73411118120003,57.91015625
1283,12.83,1536,1529,2376,2368,1,0,1,40.97419435122675,40.78746299676152,58.0078125
1284,12.84,1536,1528,2374,2368,1,0,1,40.97419435122675,40.76078708898078,57.958984375
1285,12.85,1536,1532,2375,2368,1,0,1,40.97419435122675,40.86749072010376,57.9833984375
1286,12.86,1536,1529,2371,2368,1,0,1,40.97419435122675,40.78746299676152,57.8857421875
1287,12.87,1536,1528,2374,2368,1,0,1,40.97419435122675,40.76078708898078,57.958984375
1288,12.88,1536,1530,2375,2368,1,0,1,40.97419435122675,40.81413890454227,57.9833984375
1289,12.89,1536,1528,2373,2368,1,0,1,40.97419435122675,40.76078708898078,57.9345703125
1290,12.9,1536,1528,2375,2368,1,0,1,40.97419435122675,40.76078708898078,57.9833984375
1291,12.91,1536,1533,2375,2368,1,0,1,40.97419435122675,40.89416662788451,57.9833984375
1292,12.92,1536,1528,2370,2368,1,0,1,40.97419435122675,40.76078708898078,57.861328125
1293,12.93,1536,1526,2375,2368,1,0,1,40.97419435122675,40.70743527341928,57.9833984375
1294,12.94,1536,1531,2376,2368,1,0,1,40.97419435122675,40.84081481232302,58.0078125
1295,12.95,1536,1528,2372,2368,1,0,1,40.97419435122675,40.76078708898078,57.91015625
1296,12.96,1536,1533,2375,2368,1,0,1,40.97419435122675,40.89416662788451,57.9833984375
1297,12.97,1536,1528,2370,2368,1,0,1,40.97419435122675,40.76078708898078,57.861328125
1298,12.98,1536,1531,2375,2368,1,0,1,40.97419435122675,40.84081481232302,57.9833984375
1299,12.99,1536,1531,2372,2368,1,0,1,40.97419435122675,40.84081481232302,57.91015625
1300,13.0,1536,1528,2372,2368,1,0,1,40.97419435122675,40.76078708898078,57.91015625
1301,13.01,1536,1530,2375,2368,1,0,1,40.97419435122675,40.81413890454227,57.9833984375
1302,13.02,1536,1528,2373,2368,1,0,1,40.97419435122675,40.76078708898078,57.9345703125
1303,13.03,1536,1532,2375,2368,1,0,1,40.97419435122675,40.86749072010376,57.9833984375
1304,13.04,1536,1530,2371,2368,1,0,1,40.97419435122675,40.81413890454227,57.8857421875
1305,13.05,1536,1529,2373,2368,1,0,1,40.97419435122675,40.78746299676152,57.9345703125
1306,13.06,1536,1531,2374,2368,1,0,1,40.97419435122675,40.84081481232302,57.958984375
1307,13.07,1536,1530,2372,2368,1,0,1,40.97419435122675,40.81413890454227,57.91015625
1308,13.08,1536,1531,2373,2368,1,0,1,40.97419435122675,40.84081481232302,57.9345703125
1309,13.09,1536,1536,2372,2368,1,0,1,40.97419435122675,40.97419435122675,57.91015625
1310,13.1,1536,1531,2368,2368,1,0,1,40.97419435122675,40.84081481232302,57.8125
1311,13.11,1536,1529,2372,2368,1,0,1,40.97419435122675,40.78746299676152,57.91015625
1312,13.12,1536,1534,2374,2368,1,0,1,40.97419435122675,40.92084253566525,57.958984375
1313,13.13,1536,1530,2369,2368,1,0,1,40.97419435122675,40.81413890454227,57.8369140625
1314,13.14,1536,1537,2373,2368,1,0,1,40.97419435122675,41.00087025900749,57.9345703125
1315,13.15,1536,1531,2366,2367,1,0,1,40.97419435122675,40.84081481232302,57.763671875
1316,13.16,1536,1534,2371,2367,1,0,1,40.97419435122675,40.92084253566525,57.8857421875
1317,13.17,1536,1535,2368,2367,1,0,1,40.97419435122675,40.947518443446,57.8125
1318,13.18,1536,1530,2367,2367,1,0,1,40.97419435122675,40.81413890454227,57.7880859375
1319,13.19,1536,1533,2372,2367,1,0,1,40.97419435122675,40.89416662788451,57.91015625
1320,13.2,1536,1532,2369,2367,1,0,1,40.97419435122675,40.86749072010376,57.8369140625
1321,13.21,1536,1535,2370,2367,1,0,1,40.97419435122675,40.947518443446,57.861328125
1322,13.22,1536,1533,2367,2367,1,0,1,40.97419435122675,40.89416662788451,57.7880859375
1323,13.23,1536,1532,2369,2367,1,0,1,40.97419435122675,40.86749072010376,57.8369140625
1324,13.24,1536,1530,2370,2367,1,0,1,40.97419435122675,40.81413890454227,57.861328125
1325,13.25,1536,1532,2372,2367,1,0,1,40.97419435122675,40.86749072010376,57.91015625
1326,13.26,1536,1532,2370,2367,1,0,1,40.97419435122675,40.86749072010376,57.861328125
1327,13.27,1536,1537,2370,2367,1,0,1,40.97419435122675,41.00087025900749,57.861328125
1328,13.28,1536,1531,2365,2366,1,0,1,40.97419435122675,40.84081481232302,57.7392578125
1329,13.29,1536,1530,2370,2366,1,0,1,40.97419435122675,40.81413890454227,57.861328125
1330,13.3,1536,1535,2371,2366,1,0,1,40.97419435122675,40.947518443446,57.8857421875
1331,13.31,1536,1531,2366,2366,1,0,1,40.97419435122675,40.84081481232302,57.763671875
1332,13.32,1536,1533,2370,2366,1,0,1,40.97419435122675,40.89416662788451,57.861328125
1333,13.33,1536,1531,2368,2366,1,0,1,40.97419435122675,40.84081481232302,57.8125
1334,13.34,1536,1535,2370,2366,1,0,1,40.97419435122675,40.947518443446,57.861328125
1335,13.35,1536,1533,2366,2366,1,0,1,40.97419435122675,40.89416662788451,57.763671875
1336,13.36,1536,1531,2368,2366,1,0,1,40.97419435122675,40.84081481232302,57.8125
1337,13.37,1536,1533,2370,2366,1,0,1,40.97419435122675,40.89416662788451,57.861328125
1338,13.38,1536,1532,2368,2366,1,0,1,40.97419435122675,40.86749072010376,57.8125
1339,13.39,1536,1532,2369,2366,1,0,1,40.97419435122675,40.86749072010376,57.8369140625
1340,13.4,1536,1533,2369,2366,1,0,1,40.97419435122675,40.89416662788451,57.8369140625
1341,13.41,1536,1532,2368,2366,1,0,1,40.97419435122675,40.86749072010376,57.8125
1342,13.42,1536,1530,2369,2366,1,0,1,40.97419435122675,40.81413890454227,57.8369140625
1343,13.43,1536,1535,2371,2366,1,0,1,40.97419435122675,40.947518443446,57.8857421875
1344,13.44,1536,1532,2366,2366,1,0,1,40.97419435122675,40.86749072010376,57.763671875
1345,13.45,1536,1537,2369,2366,1,0,1,40.97419435122675,41.00087025900749,57.8369140625
1346,13.46,1536,1531,2364,2365,1,0,1,40.97419435122675,40.84081481232302,57.71484375
1347,13.47,1536,1534,2369,2365,1,0,1,40.97419435122675,40.92084253566525,57.8369140625
1348,13.48,1536,1534,2366,2365,1,0,1,40.97419435122675,40.92084253566525,57.763671875
1349,13.49,1536,1529,2366,2365,1,0,1,40.97419435122675,40.78746299676152,57.763671875
1350,13.5,1536,1531,2371,2365,1,0,1,40.97419435122675,40.84081481232302,57.8857421875
1351,13.51,1536,1531,2369,2365,1,0,1,40.97419435122675,40.84081481232302,57.8369140625
1352,13.52,1536,1533,2369,2365,1,0,1,40.97419435122675,40.89416662788451,57.8369140625
1353,13.53,1536,1531,2367,2365,1,0,1,40.97419435122675,40.84081481232302,57.7880859375
1354,13.54,1536,1531,2369,2365,1,0,1,40.97419435122675,40.84081481232302,57.8369140625
1355,13.55,1536,1531,2369,2365,1,0,1,40.97419435122675,40.84081481232302,57.8369140625
1356,13.56,1536,1530,2369,2365,1,0,1,40.97419435122675,40.81413890454227,57.8369140625
1357,13.57,1536,1530,2370,2365,1,0,1,40.97419435122675,40.81413890454227,57.861328125
1358,13.58,1536,1535,2370,2365,1,0,1,40.97419435122675,40.947518443446,57.861328125
1359,13.59,1536,1530,2365,2365,1,0,1,40.97419435122675,40.81413890454227,57.7392578125
1360,13.6,1536,1527,2370,2365,1,0,1,40.97419435122675,40.73411118120003,57.861328125
1361,13.61,1536,1533,2373,2365,1,0,1,40.97419435122675,40.89416662788451,57.9345703125
1362,13.62,1536,1528,2367,2365,1,0,1,40.97419435122675,40.76078708898078,57.7880859375
1363,13.63,1536,1534,2372,2365,1,0,1,40.97419435122675,40.92084253566525,57.91015625
1364,13.64,1536,1528,2366,2365,1,0,1,40.97419435122675,40.76078708898078,57.763671875
1365,13.65,1536,1531,2372,2365,1,0,1,40.97419435122675,40.84081481232302,57.91015625
1366,13.66,1536,1532,2369,2365,1,0,1,40.97419435122675,40.86749072010376,57.8369140625
1367,13.67,1536,1528,2368,2365,1,0,1,40.97419435122675,40.76078708898078,57.8125
1368,13.68,1536,1530,2372,2365,1,0,1,40.97419435122675,40.81413890454227,57.91015625
1369,13.69,1536,1529,2370,2365,1,0,1,40.97419435122675,40.78746299676152,57.861328125
1370,13.7,1536,1532,2371,2365,1,0,1,40.97419435122675,40.86749072010376,57.8857421875
1371,13.71,1536,1531,2368,2365,1,0,1,40.97419435122675,40.84081481232302,57.8125
1372,13.72,1536,1529,2369,2365,1,0,1,40.97419435122675,40.78746299676152,57.8369140625
1373,13.73,1536,1527,2371,2365,1,0,1,40.97419435122675,40.73411118120003,57.8857421875
1374,13.74,1536,1529,2373,2365,1,0,1,40.97419435122675,40.78746299676152,57.9345703125
1375,13.75,1536,1530,2371,2365,1,0,1,40.97419435122675,40.81413890454227,57.8857421875
1376,13.76,1536,1535,2370,2365,1,0,1,40.97419435122675,40.947518443446,57.861328125
1377,13.77,1536,1530,2365,2365,1,0,1,40.97419435122675,40.81413890454227,57.7392578125
1378,13.78,1536,1528,2370,2365,1,0,1,40.97419435122675,40.76078708898078,57.861328125
1379,13.79,1536,1533,2372,2365,1,0,1,40.97419435122675,40.89416662788451,57.91015625
1380,13.8,1536,1529,2367,2365,1,0,1,40.97419435122675,40.78746299676152,57.7880859375
1381,13.81,1536,1535,2371,2365,1,0,1,40.97419435122675,40.947518443446,57.8857421875
1382,13.82,1536,1530,2365,2365,1,0,1,40.97419435122675,40.81413890454227,57.7392578125
1383,13.83,1536,1534,2370,2365,1,0,1,40.97419435122675,40.92084253566525,57.861328125
1384,13.84,1536,1531,2366,2365,1,0,1,40.97419435122675,40.84081481232302,57.763671875
1385,13.85,1536,1529,2369,2365,1,0,1,40.97419435122675,40.78746299676152,57.8369140625
1386,13.86,1536,1532,2371,2365,1,0,1,40.97419435122675,40.86749072010376,57.8857421875
1387,13.87,1536,1531,2368,2365,1,0,1,40.97419435122675,40.84081481232302,57.8125
1388,13.88,1536,1533,2369,2365,1,0,1,40.97419435122675,40.89416662788451,57.8369140625
1389,13.89,1536,1532,2367,2365,1,0,1,40.97419435122675,40.86749072010376,57.7880859375
1390,13.9,1536,1531,2368,2365,1,0,1,40.97419435122675,40.84081481232302,57.8125
1391,13.91,1536,1529,2369,2365,1,0,1,40.97419435122675,40.78746299676152,57.8369140625
1392,13.92,1536,1531,2371,2365,1,0,1,40.97419435122675,40.84081481232302,57.8857421875
1393,13.93,1536,1530,2369,2365,1,0,1,40.97419435122675,40.81413890454227,57.8369140625
1394,13.94,1536,1536,2370,2365,1,0,1,40.97419435122675,40.97419435122675,57.861328125
1395,13.95,1536,1531,2365,2365,1,0,1,40.97419435122675,40.84081481232302,57.7392578125
1396,13.96,1536,1529,2369,2365,1,0,1,40.97419435122675,40.78746299676152,57.8369140625
1397,13.97,1536,1534,2371,2365,1,0,1,40.97419435122675,40.92084253566525,57.8857421875
1398,13.98,1536,1530,2366,2365,1,0,1,40.97419435122675,40.81413890454227,57.763671875
1399,13.99,1536,1533,2370,2365,1,0,1,40.97419435122675,40.89416662788451,57.861328125
1400,14.0,1536,1531,2367,2365,1,0,1,40.97419435122675,40.84081481232302,57.7880859375
1401,14.01,1536,1535,2369,2365,1,0,1,40.97419435122675,40.947518443446,57.8369140625
1402,14.02,1536,1532,2365,2365,1,0,1,40.97419435122675,40.86749072010376,57.7392578125
1403,14.03,1536,1531,2368,2365,1,0,1,40.97419435122675,40.84081481232302,57.8125
1404,14.04,1536,1533,2369,2365,1,0,1,40.97419435122675,40.89416662788451,57.8369140625
1405,14.05,1536,1532,2367,2365,1,0,1,40.97419435122675,40.86749072010376,57.7880859375
1406,14.06,1536,1532,2368,2365,1,0,1,40.97419435122675,40.86749072010376,57.8125
1407,14.07,1536,1532,2368,2365,1,0,1,40.97419435122675,40.86749072010376,57.8125
1408,14.08,1536,1531,2368,2365,1,0,1,40.97419435122675,40.84081481232302,57.8125
1409,14.09,1536,1529,2369,2365,1,0,1,40.97419435122675,40.78746299676152,57.8369140625
1410,14.1,1536,1534,2371,2365,1,0,1,40.97419435122675,40.92084253566525,57.8857421875
1411,14.11,1536,1531,2366,2365,1,0,1,40.97419435122675,40.84081481232302,57.763671875
1412,14.12,1536,1536,2369,2365,1,0,1,40.97419435122675,40.97419435122675,57.8369140625
1413,14.13,1536,1531,2365,2365,1,0,1,40.97419435122675,40.84081481232302,57.7392578125
1414,14.14,1536,1533,2369,2365,1,0,1,40.97419435122675,40.89416662788451,57.8369140625
1415,14.15,1536,1533,2367,2365,1,0,1,40.97419435122675,40.89416662788451,57.7880859375
1416,14.16,1536,1529,2367,2365,1,0,1,40.97419435122675,40.78746299676152,57.7880859375
1417,14.17,1536,1531,2371,2365,1,0,1,40.97419435122675,40.84081481232302,57.8857421875
1418,14.18,1536,1529,2369,2365,1,0,1,40.97419435122675,40.78746299676152,57.8369140625
1419,14.19,1536,1533,2371,2365,1,0,1,40.97419435122675,40.89416662788451,57.8857421875
1420,14.2,1536,1530,2367,2365,1,0,1,40.97419435122675,40.81413890454227,57.7880859375
1421,14.21,1536,1530,2370,2365,1,0,1,40.97419435122675,40.81413890454227,57.861328125
1422,14.22,1536,1531,2370,2365,1,0,1,40.97419435122675,40.84081481232302,57.861328125
1423,14.23,1536,1530,2369,2365,1,0,1,40.97419435122675,40.81413890454227,57.8369140625
1424,14.24,1536,1530,2370,2365,1,0,1,40.97419435122675,40.81413890454227,57.861328125
1425,14.25,1536,1535,2370,2365,1,0,1,40.97419435122675,40.947518443446,57.861328125
1426,14.26,1536,1530,2365,2365,1,0,1,40.97419435122675,40.81413890454227,57.7392578125
1427,14.27,1536,1528,2370,2365,1,0,1,40.97419435122675,40.76078708898078,57.861328125
1428,14.28,1536,1533,2372,2365,1,0,1,40.97419435122675,40.89416662788451,57.91015625
1429,14.29,1536,1530,2367,2365,1,0,1,40.97419435122675,40.81413890454227,57.7880859375
1430,14.3,1536,1535,2370,2365,1,0,1,40.97419435122675,40.947518443446,57.861328125
1431,14.31,1536,1529,2365,2365,1,0,1,40.97419435122675,40.78746299676152,57.7392578125
1432,14.32,1536,1533,2371,2365,1,0,1,40.97419435122675,40.89416662788451,57.8857421875
1433,14.33,1536,1534,2367,2365,1,0,1,40.97419435122675,40.92084253566525,57.7880859375
1434,14.34,1536,1529,2366,2365,1,0,1,40.97419435122675,40.78746299676152,57.763671875
1435,14.35,1536,1532,2371,2365,1,0,1,40.97419435122675,40.86749072010376,57.8857421875
1436,14.36,1536,1530,2368,2365,1,0,1,40.97419435122675,40.81413890454227,57.8125
1437,14.37,1536,1533,2370,2365,1,0,1,40.97419435122675,40.89416662788451,57.861328125
1438,14.38,1536,1531,2367,2365,1,0,1,40.97419435122675,40.84081481232302,57.7880859375
1439,14.39,1536,1531,2369,2365,1,0,1,40.97419435122675,40.84081481232302,57.8369140625
1440,14.4,1536,1528,2369,2365,1,0,1,40.97419435122675,40.76078708898078,57.8369140625
1441,14.41,1536,1531,2372,2365,1,0,1,40.97419435122675,40.84081481232302,57.91015625
1442,14.42,1536,1530,2369,2365,1,0,1,40.97419435122675,40.81413890454227,57.8369140625
1443,14.43,1536,1536,2370,2365,1,0,1,40.97419435122675,40.97419435122675,57.861328125
1444,14.44,1536,1531,2365,2365,1,0,1,40.97419435122675,40.84081481232302,57.7392578125
1445,14.45,1536,1529,2369,2365,1,0,1,40.97419435122675,40.78746299676152,57.8369140625
1446,14.46,1536,1534,2371,2365,1,0,1,40.97419435122675,40.92084253566525,57.8857421875
1447,14.47,1536,1529,2366,2365,1,0,1,40.97419435122675,40.78746299676152,57.763671875
1448,14.48,1536,1536,2371,2365,1,0,1,40.97419435122675,40.97419435122675,57.8857421875
1449,14.49,1536,1530,2365,2365,1,0,1,40.97419435122675,40.81413890454227,57.7392578125
1450,14.5,1536,1534,2370,2365,1,0,1,40.97419435122675,40.92084253566525,57.861328125
1451,14.51,1536,1532,2366,2365,1,0,1,40.97419435122675,40.86749072010376,57.763671875
1452,14.52,1536,1530,2368,2365,1,0,1,40.97419435122675,40.81413890454227,57.8125
1453,14.53,1536,1532,2370,2365,1,0,1,40.97419435122675,40.86749072010376,57.861328125
1454,14.54,1536,1531,2368,2365,1,0,1,40.97419435122675,40.84081481232302,57.8125
1455,14.55,1536,1531,2369,2365,1,0,1,40.97419435122675,40.84081481232302,57.8369140625
1456,14.56,1536,1531,2369,2365,1,0,1,40.97419435122675,40.84081481232302,57.8369140625
1457,14.57,1536,1530,2369,2365,1,0,1,40.97419435122675,40.81413890454227,57.8369140625
1458,14.58,1536,1529,2370,2365,1,0,1,40.97419435122675,40.78746299676152,57.861328125
1459,14.59,1536,1531,2371,2365,1,0,1,40.97419435122675,40.84081481232302,57.8857421875
1460,14.6,1536,1531,2369,2365,1,0,1,40.97419435122675,40.84081481232302,57.8369140625
1461,14.61,1536,1536,2369,2365,1,0,1,40.97419435122675,40.97419435122675,57.8369140625
1462,14.62,1536,1530,2365,2365,1,0,1,40.97419435122675,40.81413890454227,57.7392578125
1463,14.63,1536,1529,2370,2365,1,0,1,40.97419435122675,40.78746299676152,57.861328125
1464,14.64,1536,1534,2371,2365,1,0,1,40.97419435122675,40.92084253566525,57.8857421875
1465,14.65,1536,1530,2366,2365,1,0,1,40.97419435122675,40.81413890454227,57.763671875
1466,14.66,1536,1531,2370,2365,1,0,1,40.97419435122675,40.84081481232302,57.861328125
1467,14.67,1536,1530,2369,2365,1,0,1,40.97419435122675,40.81413890454227,57.8369140625
1468,14.68,1536,1533,2370,2365,1,0,1,40.97419435122675,40.89416662788451,57.861328125
1469,14.69,1536,1532,2367,2365,1,0,1,40.97419435122675,40.86749072010376,57.7880859375
1470,14.7,1536,1529,2368,2365,1,0,1,40.97419435122675,40.78746299676152,57.8125
1471,14.71,1536,1531,2371,2365,1,0,1,40.97419435122675,40.84081481232302,57.8857421875
1472,14.72,1536,1530,2369,2365,1,0,1,40.97419435122675,40.81413890454227,57.8369140625
1473,14.73,1536,1530,2370,2365,1,0,1,40.97419435122675,40.81413890454227,57.861328125
1474,14.74,1536,1530,2370,2365,1,0,1,40.97419435122675,40.81413890454227,57.861328125
1475,14.75,1536,1529,2370,2365,1,0,1,40.97419435122675,40.78746299676152,57.861328125
1476,14.76,1536,1527,2371,2365,1,0,1,40.97419435122675,40.73411118120003,57.8857421875
1477,14.77,1536,1532,2373,2365,1,0,1,40.97419435122675,40.86749072010376,57.9345703125
1478,14.78,1536,1528,2368,2365,1,0,1,40.97419435122675,40.76078708898078,57.8125
1479,14.79,1536,1533,2372,2365,1,0,1,40.97419435122675,40.89416662788451,57.91015625
1480,14.8,1536,1527,2367,2365,1,0,1,40.97419435122675,40.73411118120003,57.7880859375
1481,14.81,1536,1526,2373,2365,1,0,1,40.97419435122675,40.70743527341928,57.9345703125
1482,14.82,1536,1531,2373,2365,1,0,1,40.97419435122675,40.84081481232302,57.9345703125
1483,14.83,1536,1527,2369,2365,1,0,1,40.97419435122675,40.73411118120003,57.8369140625
1484,14.84,1536,1529,2373,2365,1,0,1,40.97419435122675,40.78746299676152,57.9345703125
1485,14.85,1536,1527,2371,2365,1,0,1,40.97419435122675,40.73411118120003,57.8857421875
1486,14.86,1536,1531,2373,2365,1,0,1,40.97419435122675,40.84081481232302,57.9345703125
1487,14.87,1536,1529,2369,2365,1,0,1,40.97419435122675,40.78746299676152,57.8369140625
1488,14.88,1536,1526,2371,2365,1,0,1,40.97419435122675,40.70743527341928,57.8857421875
1489,14.89,1536,1528,2373,2365,1,0,1,40.97419435122675,40.76078708898078,57.9345703125
1490,14.9,1536,1528,2372,2365,1,0,1,40.97419435122675,40.76078708898078,57.91015625
1491,14.91,1536,1527,2372,2365,1,0,1,40.97419435122675,40.73411118120003,57.91015625
1492,14.92,1536,1528,2373,2365,1,0,1,40.97419435122675,40.76078708898078,57.9345703125
1493,14.93,1536,1528,2372,2365,1,0,1,40.97419435122675,40.76078708898078,57.91015625
1494,14.94,1536,1526,2372,2365,1,0,1,40.97419435122675,40.70743527341928,57.91015625
1495,14.95,1536,1530,2373,2365,1,0,1,40.97419435122675,40.81413890454227,57.9345703125
1496,14.96,1536,1528,2370,2365,1,0,1,40.97419435122675,40.76078708898078,57.861328125
1497,14.97,1536,1533,2372,2365,1,0,1,40.97419435122675,40.89416662788451,57.91015625
1498,14.98,1536,1527,2367,2365,1,0,1,40.97419435122675,40.73411118120003,57.7880859375
1499,14.99,1536,1525,2373,2365,1,0,1,40.97419435122675,40.68075936563854,57.9345703125
1500,15.0,1536,1530,2374,2365,1,0,1,40.97419435122675,40.81413890454227,57.958984375
1501,15.01,1536,1527,2370,2365,1,0,1,40.97419435122675,40.73411118120003,57.861328125
1502,15.02,1536,1529,2373,2365,1,0,1,40.97419435122675,40.78746299676152,57.9345703125
1503,15.03,1536,1527,2371,2365,1,0,1,40.97419435122675,40.73411118120003,57.8857421875
1504,15.04,1536,1531,2373,2365,1,0,1,40.97419435122675,40.84081481232302,57.9345703125
1505,15.05,1536,1529,2369,2365,1,0,1,40.97419435122675,40.78746299676152,57.8369140625
1506,15.06,1536,1527,2371,2365,1,0,1,40.97419435122675,40.73411118120003,57.8857421875
1507,15.07,1536,1530,2373,2365,1,0,1,40.97419435122675,40.81413890454227,57.9345703125
1508,15.08,1536,1529,2370,2365,1,0,1,40.97419435122675,40.78746299676152,57.861328125
1509,15.09,1536,1529,2371,2365,1,0,1,40.97419435122675,40.78746299676152,57.8857421875
1510,15.1,1536,1531,2371,2365,1,0,1,40.97419435122675,40.84081481232302,57.8857421875
1511,15.11,1536,1530,2369,2365,1,0,1,40.97419435122675,40.81413890454227,57.8369140625
1512,15.12,1536,1527,2370,2365,1,0,1,40.97419435122675,40.73411118120003,57.861328125
1513,15.13,1536,1533,2373,2365,1,0,1,40.97419435122675,40.89416662788451,57.9345703125
1514,15.14,1536,1530,2367,2365,1,0,1,40.97419435122675,40.81413890454227,57.7880859375
1515,15.15,1536,1534,2370,2365,1,0,1,40.97419435122675,40.92084253566525,57.861328125
1516,15.16,1536,1529,2366,2365,1,0,1,40.97419435122675,40.78746299676152,57.763671875
1517,15.17,1536,1528,2371,2365,1,0,1,40.97419435122675,40.76078708898078,57.8857421875
1518,15.18,1536,1533,2372,2365,1,0,1,40.97419435122675,40.89416662788451,57.91015625
1519,15.19,1536,1529,2367,2365,1,0,1,40.97419435122675,40.78746299676152,57.7880859375
1520,15.2,1536,1531,2371,2365,1,0,1,40.97419435122675,40.84081481232302,57.8857421875
1521,15.21,1536,1529,2369,2365,1,0,1,40.97419435122675,40.78746299676152,57.8369140625
1522,15.22,1536,1533,2371,2365,1,0,1,40.97419435122675,40.89416662788451,57.8857421875
1523,15.23,1536,1531,2367,2365,1,0,1,40.97419435122675,40.84081481232302,57.7880859375
1524,15.24,1536,1530,2369,2365,1,0,1,40.97419435122675,40.81413890454227,57.8369140625
1525,15.25,1536,1531,2370,2365,1,0,1,40.97419435122675,40.84081481232302,57.861328125
1526,15.26,1536,1531,2369,2365,1,0,1,40.97419435122675,40.84081481232302,57.8369140625
1527,15.27,1536,1530,2369,2365,1,0,1,40.97419435122675,40.81413890454227,57.8369140625
1528,15.28,1536,1532,2370,2365,1,0,1,40.97419435122675,40.86749072010376,57.861328125
1529,15.29,1536,1531,2368,2365,1,0,1,40.97419435122675,40.84081481232302,57.8125
1530,15.3,1536,1529,2369,2365,1,0,1,40.97419435122675,40.78746299676152,57.8369140625
1531,15.31,1536,1533,2371,2365,1,0,1,40.97419435122675,40.89416662788451,57.8857421875
1532,15.32,1536,1530,2367,2365,1,0,1,40.97419435122675,40.81413890454227,57.7880859375
1533,15.33,1536,1535,2370,2365,1,0,1,40.97419435122675,40.947518443446,57.861328125
1534,15.34,1536,1530,2365,2365,1,0,1,40.97419435122675,40.81413890454227,57.7392578125
1535,15.35,1536,1533,2370,2365,1,0,1,40.97419435122675,40.89416662788451,57.861328125
1536,15.36,1536,1534,2367,2365,1,0,1,40.97419435122675,40.92084253566525,57.7880859375
1537,15.37,1536,1529,2366,2365,1,0,1,40.97419435122675,40.78746299676152,57.763671875
1538,15.38,1536,1532,2371,2365,1,0,1,40.97419435122675,40.86749072010376,57.8857421875
1539,15.39,1536,1530,2368,2365,1,0,1,40.97419435122675,40.81413890454227,57.8125
1540,15.4,1536,1533,2370,2365,1,0,1,40.97419435122675,40.89416662788451,57.861328125
1541,15.41,1536,1532,2367,2365,1,0,1,40.97419435122675,40.86749072010376,57.7880859375
1542,15.42,1536,1532,2368,2365,1,0,1,40.97419435122675,40.86749072010376,57.8125
1543,15.43,1536,1533,2368,2365,1,0,1,40.97419435122675,40.89416662788451,57.8125
1544,15.44,1536,1531,2367,2365,1,0,1,40.97419435122675,40.84081481232302,57.7880859375
1545,15.45,1536,1531,2369,2365,1,0,1,40.97419435122675,40.84081481232302,57.8369140625
1546,15.46,1536,1537,2369,2365,1,0,1,40.97419435122675,41.00087025900749,57.8369140625
1547,15.47,1536,1532,2363,2364,1,0,1,40.97419435122675,40.86749072010376,57.6904296875
1548,15.48,1536,1530,2367,2364,1,0,1,40.97419435122675,40.81413890454227,57.7880859375
1549,15.49,1536,1534,2369,2364,1,0,1,40.97419435122675,40.92084253566525,57.8369140625
1550,15.5,1536,1531,2365,2364,1,0,1,40.97419435122675,40.84081481232302,57.7392578125
1551,15.51,1536,1537,2368,2364,1,0,1,40.97419435122675,41.00087025900749,57.8125
1552,15.52,1536,1531,2362,2363,1,0,1,40.97419435122675,40.84081481232302,57.666015625
1553,15.53,1536,1534,2367,2363,1,0,1,40.97419435122675,40.92084253566525,57.7880859375
1554,15.54,1536,1532,2364,2363,1,0,1,40.97419435122675,40.86749072010376,57.71484375
1555,15.55,1536,1529,2366,2363,1,0,1,40.97419435122675,40.78746299676152,57.763671875
1556,15.56,1536,1531,2369,2363,1,0,1,40.97419435122675,40.84081481232302,57.8369140625
1557,15.57,1536,1530,2367,2363,1,0,1,40.97419435122675,40.81413890454227,57.7880859375
1558,15.58,1536,1532,2368,2363,1,0,1,40.97419435122675,40.86749072010376,57.8125
1559,15.59,1536,1531,2366,2363,1,0,1,40.97419435122675,40.84081481232302,57.763671875
1560,15.6,1536,1530,2367,2363,1,0,1,40.97419435122675,40.81413890454227,57.7880859375
1561,15.61,1536,1528,2368,2363,1,0,1,40.97419435122675,40.76078708898078,57.8125
1562,15.62,1536,1530,2370,2363,1,0,1,40.97419435122675,40.81413890454227,57.861328125
1563,15.63,1536,1530,2368,2363,1,0,1,40.97419435122675,40.81413890454227,57.8125
1564,15.64,1536,1534,2368,2363,1,0,1,40.97419435122675,40.92084253566525,57.8125
1565,15.65,1536,1528,2364,2363,1,0,1,40.97419435122675,40.76078708898078,57.71484375
1566,15.66,1536,1527,2370,2363,1,0,1,40.97419435122675,40.73411118120003,57.861328125
1567,15.67,1536,1532,2371,2363,1,0,1,40.97419435122675,40.86749072010376,57.8857421875
1568,15.68,1536,1527,2366,2363,1,0,1,40.97419435122675,40.73411118120003,57.763671875
1569,15.69,1536,1534,2371,2363,1,0,1,40.97419435122675,40.92084253566525,57.8857421875
1570,15.7,1536,1528,2364,2363,1,0,1,40.97419435122675,40.76078708898078,57.71484375
1571,15.71,1536,1531,2370,2363,1,0,1,40.97419435122675,40.84081481232302,57.861328125
1572,15.72,1536,1530,2367,2363,1,0,1,40.97419435122675,40.81413890454227,57.7880859375
1573,15.73,1536,1528,2368,2363,1,0,1,40.97419435122675,40.76078708898078,57.8125
1574,15.74,1536,1530,2370,2363,1,0,1,40.97419435122675,40.81413890454227,57.861328125
1575,15.75,1536,1530,2368,2363,1,0,1,40.97419435122675,40.81413890454227,57.8125
1576,15.76,1536,1529,2368,2363,1,0,1,40.97419435122675,40.78746299676152,57.8125
1577,15.77,1536,1530,2369,2363,1,0,1,40.97419435122675,40.81413890454227,57.8369140625
1578,15.78,1536,1529,2368,2363,1,0,1,40.97419435122675,40.78746299676152,57.8125
1579,15.79,1536,1528,2369,2363,1,0,1,40.97419435122675,40.76078708898078,57.8369140625
1580,15.8,1536,1530,2370,2363,1,0,1,40.97419435122675,40.81413890454227,57.861328125
1581,15.81,1536,1530,2368,2363,1,0,1,40.97419435122675,40.81413890454227,57.8125
1582,15.82,1536,1534,2368,2363,1,0,1,40.97419435122675,40.92084253566525,57.8125
1583,15.83,1536,1529,2364,2363,1,0,1,40.97419435122675,40.78746299676152,57.71484375
1584,15.84,1536,1528,2369,2363,1,0,1,40.97419435122675,40.76078708898078,57.8369140625
1585,15.85,1536,1533,2370,2363,1,0,1,40.97419435122675,40.89416662788451,57.861328125
1586,15.86,1536,1528,2365,2363,1,0,1,40.97419435122675,40.76078708898078,57.7392578125
1587,15.87,1536,1531,2370,2363,1,0,1,40.97419435122675,40.84081481232302,57.861328125
1588,15.88,1536,1530,2367,2363,1,0,1,40.97419435122675,40.81413890454227,57.7880859375
1589,15.89,1536,1533,2368,2363,1,0,1,40.97419435122675,40.89416662788451,57.8125
1590,15.9,1536,1532,2365,2363,1,0,1,40.97419435122675,40.86749072010376,57.7392578125
1591,15.91,1536,1529,2366,2363,1,0,1,40.97419435122675,40.78746299676152,57.763671875
1592,15.92,1536,1532,2369,2363,1,0,1,40.97419435122675,40.86749072010376,57.8369140625
1593,15.93,1536,1531,2366,2363,1,0,1,40.97419435122675,40.84081481232302,57.763671875
1594,15.94,1536,1530,2367,2363,1,0,1,40.97419435122675,40.81413890454227,57.7880859375
1595,15.95,1536,1532,2368,2363,1,0,1,40.97419435122675,40.86749072010376,57.8125
1596,15.96,1536,1531,2366,2363,1,0,1,40.97419435122675,40.84081481232302,57.763671875
1597,15.97,1536,1529,2367,2363,1,0,1,40.97419435122675,40.78746299676152,57.7880859375
1598,15.98,1536,1534,2369,2363,1,0,1,40.97419435122675,40.92084253566525,57.8369140625
1599,15.99,1536,1531,2364,2363,1,0,1,40.97419435122675,40.84081481232302,57.71484375
1600,16.0,1536,1537,2367,2363,1,0,1,40.97419435122675,41.00087025900749,57.7880859375
1601,16.01,1536,1530,2361,2362,1,0,1,40.97419435122675,40.81413890454227,57.6416015625
1602,16.02,1536,1534,2367,2362,1,0,1,40.97419435122675,40.92084253566525,57.7880859375
1603,16.03,1536,1534,2363,2362,1,0,1,40.97419435122675,40.92084253566525,57.6904296875
1604,16.04,1536,1530,2363,2362,1,0,1,40.97419435122675,40.81413890454227,57.6904296875
1605,16.05,1536,1531,2367,2362,1,0,1,40.97419435122675,40.84081481232302,57.7880859375
1606,16.06,1536,1530,2366,2362,1,0,1,40.97419435122675,40.81413890454227,57.763671875
1607,16.07,1536,1533,2367,2362,1,0,1,40.97419435122675,40.89416662788451,57.7880859375
1608,16.08,1536,1532,2364,2362,1,0,1,40.97419435122675,40.86749072010376,57.71484375
1609,16.09,1536,1531,2365,2362,1,0,1,40.97419435122675,40.84081481232302,57.7392578125
1610,16.1,1536,1532,2366,2362,1,0,1,40.97419435122675,40.86749072010376,57.763671875
1611,16.11,1536,1530,2365,2362,1,0,1,40.97419435122675,40.81413890454227,57.7392578125
1612,16.12,1536,1530,2367,2362,1,0,1,40.97419435122675,40.81413890454227,57.7880859375
1613,16.13,1536,1536,2367,2362,1,0,1,40.97419435122675,40.97419435122675,57.7880859375
1614,16.14,1536,1531,2362,2362,1,0,1,40.97419435122675,40.84081481232302,57.666015625
1615,16.15,1536,1529,2366,2362,1,0,1,40.97419435122675,40.78746299676152,57.763671875
1616,16.16,1536,1534,2368,2362,1,0,1,40.97419435122675,40.92084253566525,57.8125
1617,16.17,1536,1531,2363,2362,1,0,1,40.97419435122675,40.84081481232302,57.6904296875
1618,16.18,1536,1536,2366,2362,1,0,1,40.97419435122675,40.97419435122675,57.763671875
1619,16.19,1536,1530,2362,2362,1,0,1,40.97419435122675,40.81413890454227,57.666015625
1620,16.2,1536,1534,2367,2362,1,0,1,40.97419435122675,40.92084253566525,57.7880859375
1621,16.21,1536,1534,2363,2362,1,0,1,40.97419435122675,40.92084253566525,57.6904296875
1622,16.22,1536,1529,2363,2362,1,0,1,40.97419435122675,40.78746299676152,57.6904296875
1623,16.23,1536,1531,2368,2362,1,0,1,40.97419435122675,40.84081481232302,57.8125
1624,16.24,1536,1531,2366,2362,1,0,1,40.97419435122675,40.84081481232302,57.763671875
1625,16.25,1536,1533,2366,2362,1,0,1,40.97419435122675,40.89416662788451,57.763671875
1626,16.26,1536,1531,2364,2362,1,0,1,40.97419435122675,40.84081481232302,57.71484375
1627,16.27,1536,1530,2366,2362,1,0,1,40.97419435122675,40.81413890454227,57.763671875
1628,16.28,1536,1527,2367,2362,1,0,1,40.97419435122675,40.73411118120003,57.7880859375
1629,16.29,1536,1529,2370,2362,1,0,1,40.97419435122675,40.78746299676152,57.861328125
1630,16.3,1536,1529,2368,2362,1,0,1,40.97419435122675,40.78746299676152,57.8125
1631,16.31,1536,1534,2368,2362,1,0,1,40.97419435122675,40.92084253566525,57.8125
1632,16.32,1536,1529,2363,2362,1,0,1,40.97419435122675,40.78746299676152,57.6904296875
1633,16.33,1536,1527,2368,2362,1,0,1,40.97419435122675,40.73411118120003,57.8125
1634,16.34,1536,1532,2370,2362,1,0,1,40.97419435122675,40.86749072010376,57.861328125
1635,16.35,1536,1527,2365,2362,1,0,1,40.97419435122675,40.73411118120003,57.7392578125
1636,16.36,1536,1533,2370,2362,1,0,1,40.97419435122675,40.89416662788451,57.861328125
1637,16.37,1536,1527,2364,2362,1,0,1,40.97419435122675,40.73411118120003,57.71484375
1638,16.38,1536,1531,2370,2362,1,0,1,40.97419435122675,40.84081481232302,57.861328125
1639,16.39,1536,1531,2366,2362,1,0,1,40.97419435122675,40.84081481232302,57.763671875
1640,16.4,1536,1527,2366,2362,1,0,1,40.97419435122675,40.73411118120003,57.763671875
1641,16.41,1536,1529,2370,2362,1,0,1,40.97419435122675,40.78746299676152,57.861328125
1642,16.42,1536,1528,2368,2362,1,0,1,40.97419435122675,40.76078708898078,57.8125
1643,16.43,1536,1531,2369,2362,1,0,1,40.97419435122675,40.84081481232302,57.8369140625
1644,16.44,1536,1529,2366,2362,1,0,1,40.97419435122675,40.78746299676152,57.763671875
1645,16.45,1536,1529,2368,2362,1,0,1,40.97419435122675,40.78746299676152,57.8125
1646,16.46,1536,1526,2368,2362,1,0,1,40.97419435122675,40.70743527341928,57.8125
1647,16.47,1536,1528,2370,2362,1,0,1,40.97419435122675,40.76078708898078,57.861328125
1648,16.48,1536,1529,2369,2362,1,0,1,40.97419435122675,40.78746299676152,57.8369140625
1649,16.49,1536,1534,2368,2362,1,0,1,40.97419435122675,40.92084253566525,57.8125
1650,16.5,1536,1529,2363,2362,1,0,1,40.97419435122675,40.78746299676152,57.6904296875
1651,16.51,1536,1527,2368,2362,1,0,1,40.97419435122675,40.73411118120003,57.8125
1652,16.52,1536,1532,2370,2362,1,0,1,40.97419435122675,40.86749072010376,57.861328125
1653,16.53,1536,1529,2365,2362,1,0,1,40.97419435122675,40.78746299676152,57.7392578125
1654,16.54,1536,1535,2368,2362,1,0,1,40.97419435122675,40.947518443446,57.8125
1655,16.55,1536,1530,2362,2362,1,0,1,40.97419435122675,40.81413890454227,57.666015625
1656,16.56,1536,1533,2367,2362,1,0,1,40.97419435122675,40.89416662788451,57.7880859375
1657,16.57,1536,1532,2364,2362,1,0,1,40.97419435122675,40.86749072010376,57.71484375
1658,16.58,1536,1529,2365,2362,1,0,1,40.97419435122675,40.78746299676152,57.7392578125
1659,16.59,1536,1532,2368,2362,1,0,1,40.97419435122675,40.86749072010376,57.8125
1660,16.6,1536,1531,2365,2362,1,0,1,40.97419435122675,40.84081481232302,57.7392578125
1661,16.61,1536,1534,2366,2362,1,0,1,40.97419435122675,40.92084253566525,57.763671875
1662,16.62,1536,1532,2363,2362,1,0,1,40.97419435122675,40.86749072010376,57.6904296875
1663,16.63,1536,1531,2365,2362,1,0,1,40.97419435122675,40.84081481232302,57.7392578125
1664,16.64,1536,1529,2366,2362,1,0,1,40.97419435122675,40.78746299676152,57.763671875
1665,16.65,1536,1531,2368,2362,1,0,1,40.97419435122675,40.84081481232302,57.8125
1666,16.66,1536,1531,2366,2362,1,0,1,40.97419435122675,40.84081481232302,57.763671875
1667,16.67,1536,1536,2366,2362,1,0,1,40.97419435122675,40.97419435122675,57.763671875
1668,16.68,1536,1530,2362,2362,1,0,1,40.97419435122675,40.81413890454227,57.666015625
1669,16.69,1536,1529,2367,2362,1,0,1,40.97419435122675,40.78746299676152,57.7880859375
1670,16.7,1536,1533,2368,2362,1,0,1,40.97419435122675,40.89416662788451,57.8125
1671,16.71,1536,1529,2364,2362,1,0,1,40.97419435122675,40.78746299676152,57.71484375
1672,16.72,1536,1531,2368,2362,1,0,1,40.97419435122675,40.84081481232302,57.8125
1673,16.73,1536,1530,2366,2362,1,0,1,40.97419435122675,40.81413890454227,57.763671875
1674,16.74,1536,1533,2367,2362,1,0,1,40.97419435122675,40.89416662788451,57.7880859375
1675,16.75,1536,1531,2364,2362,1,0,1,40.97419435122675,40.84081481232302,57.71484375
1676,16.76,1536,1529,2366,2362,1,0,1,40.97419435122675,40.78746299676152,57.763671875
1677,16.77,1536,1530,2368,2362,1,0,1,40.97419435122675,40.81413890454227,57.8125
1678,16.78,1536,1529,2367,2362,1,0,1,40.97419435122675,40.78746299676152,57.7880859375
1679,16.79,1536,1529,2368,2362,1,0,1,40.97419435122675,40.78746299676152,57.8125
1680,16.8,1536,1530,2368,2362,1,0,1,40.97419435122675,40.81413890454227,57.8125
1681,16.81,1536,1529,2367,2362,1,0,1,40.97419435122675,40.78746299676152,57.7880859375
1682,16.82,1536,1527,2368,2362,1,0,1,40.97419435122675,40.73411118120003,57.8125
1683,16.83,1536,1532,2370,2362,1,0,1,40.97419435122675,40.86749072010376,57.861328125
1684,16.84,1536,1529,2365,2362,1,0,1,40.97419435122675,40.78746299676152,57.7392578125
1685,16.85,1536,1534,2368,2362,1,0,1,40.97419435122675,40.92084253566525,57.8125
1686,16.86,1536,1529,2363,2362,1,0,1,40.97419435122675,40.78746299676152,57.6904296875
1687,16.87,1536,1527,2368,2362,1,0,1,40.97419435122675,40.73411118120003,57.8125
1688,16.88,1536,1533,2370,2362,1,0,1,40.97419435122675,40.89416662788451,57.861328125
1689,16.89,1536,1528,2364,2362,1,0,1,40.97419435122675,40.76078708898078,57.71484375
1690,16.9,1536,1531,2369,2362,1,0,1,40.97419435122675,40.84081481232302,57.8369140625
1691,16.91,1536,1529,2366,2362,1,0,1,40.97419435122675,40.78746299676152,57.763671875
1692,16.92,1536,1533,2368,2362,1,0,1,40.97419435122675,40.89416662788451,57.8125
1693,16.93,1536,1532,2364,2362,1,0,1,40.97419435122675,40.86749072010376,57.71484375
1694,16.94,1536,1530,2365,2362,1,0,1,40.97419435122675,40.81413890454227,57.7392578125
1695,16.95,1536,1530,2367,2362,1,0,1,40.97419435122675,40.81413890454227,57.7880859375
1696,16.96,1536,1529,2367,2362,1,0,1,40.97419435122675,40.78746299676152,57.7880859375
1697,16.97,1536,1530,2368,2362,1,0,1,40.97419435122675,40.81413890454227,57.8125
1698,16.98,1536,1531,2367,2362,1,0,1,40.97419435122675,40.84081481232302,57.7880859375
1699,16.99,1536,1530,2366,2362,1,0,1,40.97419435122675,40.81413890454227,57.763671875
1700,17.0,1536,1527,2367,2362,1,0,1,40.97419435122675,40.73411118120003,57.7880859375
1701,17.01,1536,1533,2370,2362,1,0,1,40.97419435122675,40.89416662788451,57.861328125
1702,17.02,1536,1530,2364,2362,1,0,1,40.97419435122675,40.81413890454227,57.71484375
1703,17.03,1536,1535,2367,2362,1,0,1,40.97419435122675,40.947518443446,57.7880859375
1704,17.04,1536,1528,2362,2362,1,0,1,40.97419435122675,40.76078708898078,57.666015625
1705,17.05,1536,1531,2369,2362,1,0,1,40.97419435122675,40.84081481232302,57.8369140625
1706,17.06,1536,1531,2366,2362,1,0,1,40.97419435122675,40.84081481232302,57.763671875
1707,17.07,1536,1526,2366,2362,1,0,1,40.97419435122675,40.70743527341928,57.763671875
1708,17.08,1536,1529,2370,2362,1,0,1,40.97419435122675,40.78746299676152,57.861328125
1709,17.09,1536,1528,2368,2362,1,0,1,40.97419435122675,40.76078708898078,57.8125
1710,17.1,1536,1530,2369,2362,1,0,1,40.97419435122675,40.81413890454227,57.8369140625
1711,17.11,1536,1529,2367,2362,1,0,1,40.97419435122675,40.78746299676152,57.7880859375
1712,17.12,1536,1528,2368,2362,1,0,1,40.97419435122675,40.76078708898078,57.8125
1713,17.13,1536,1528,2369,2362,1,0,1,40.97419435122675,40.76078708898078,57.8369140625
1714,17.14,1536,1528,2369,2362,1,0,1,40.97419435122675,40.76078708898078,57.8369140625
1715,17.15,1536,1528,2369,2362,1,0,1,40.97419435122675,40.76078708898078,57.8369140625
1716,17.16,1536,1529,2369,2362,1,0,1,40.97419435122675,40.78746299676152,57.8369140625
1717,17.17,1536,1528,2368,2362,1,0,1,40.97419435122675,40.76078708898078,57.8125
1718,17.18,1536,1526,2369,2362,1,0,1,40.97419435122675,40.70743527341928,57.8369140625
1719,17.19,1536,1531,2370,2362,1,0,1,40.97419435122675,40.84081481232302,57.861328125
1720,17.2,1536,1528,2366,2362,1,0,1,40.97419435122675,40.76078708898078,57.763671875
1721,17.21,1536,1534,2369,2362,1,0,1,40.97419435122675,40.92084253566525,57.8369140625
1722,17.22,1536,1528,2363,2362,1,0,1,40.97419435122675,40.76078708898078,57.6904296875
1723,17.23,1536,1532,2369,2362,1,0,1,40.97419435122675,40.86749072010376,57.8369140625
1724,17.24,1536,1532,2365,2362,1,0,1,40.97419435122675,40.86749072010376,57.7392578125
1725,17.25,1536,1528,2365,2362,1,0,1,40.97419435122675,40.76078708898078,57.7392578125
1726,17.26,1536,1531,2369,2362,1,0,1,40.97419435122675,40.84081481232302,57.8369140625
1727,17.27,1536,1530,2366,2362,1,0,1,40.97419435122675,40.81413890454227,57.763671875
1728,17.28,1536,1534,2367,2362,1,0,1,40.97419435122675,40.92084253566525,57.7880859375
1729,17.29,1536,1531,2363,2362,1,0,1,40.97419435122675,40.84081481232302,57.6904296875
1730,17.3,1536,1530,2366,2362,1,0,1,40.97419435122675,40.81413890454227,57.763671875
1731,17.31,1536,1531,2367,2362,1,0,1,40.97419435122675,40.84081481232302,57.7880859375
1732,17.32,1536,1531,2366,2362,1,0,1,40.97419435122675,40.84081481232302,57.763671875
1733,17.33,1536,1531,2366,2362,1,0,1,40.97419435122675,40.84081481232302,57.763671875
1734,17.34,1536,1536,2366,2362,1,0,1,40.97419435122675,40.97419435122675,57.763671875
1735,17.35,1536,1531,2362,2362,1,0,1,40.97419435122675,40.84081481232302,57.666015625
1736,17.36,1536,1529,2366,2362,1,0,1,40.97419435122675,40.78746299676152,57.763671875
1737,17.37,1536,1535,2368,2362,1,0,1,40.97419435122675,40.947518443446,57.8125
1738,17.38,1536,1531,2362,2362,1,0,1,40.97419435122675,40.84081481232302,57.666015625
1739,17.39,1536,1537,2366,2362,1,0,1,40.97419435122675,41.00087025900749,57.763671875
1740,17.4,1536,1531,2360,2361,1,0,1,40.97419435122675,40.84081481232302,57.6171875
1741,17.41,1536,1535,2365,2361,1,0,1,40.97419435122675,40.947518443446,57.7392578125
1742,17.42,1536,1535,2361,2361,1,0,1,40.97419435122675,40.947518443446,57.6416015625
1743,17.43,1536,1530,2361,2361,1,0,1,40.97419435122675,40.81413890454227,57.6416015625
1744,17.44,1536,1532,2366,2361,1,0,1,40.97419435122675,40.86749072010376,57.763671875
1745,17.45,1536,1531,2364,2361,1,0,1,40.97419435122675,40.84081481232302,57.71484375
1746,17.46,1536,1534,2365,2361,1,0,1,40.97419435122675,40.92084253566525,57.7392578125
1747,17.47,1536,1533,2362,2361,1,0,1,40.97419435122675,40.89416662788451,57.666015625
1748,17.48,1536,1532,2363,2361,1,0,1,40.97419435122675,40.86749072010376,57.6904296875
1749,17.49,1536,1529,2364,2361,1,0,1,40.97419435122675,40.78746299676152,57.71484375
1750,17.5,1536,1531,2367,2361,1,0,1,40.97419435122675,40.84081481232302,57.7880859375
1751,17.51,1536,1532,2365,2361,1,0,1,40.97419435122675,40.86749072010376,57.7392578125
1752,17.52,1536,1536,2364,2361,1,0,1,40.97419435122675,40.97419435122675,57.71484375
1753,17.53,1536,1530,2361,2361,1,0,1,40.97419435122675,40.81413890454227,57.6416015625
1754,17.54,1536,1529,2366,2361,1,0,1,40.97419435122675,40.78746299676152,57.763671875
1755,17.55,1536,1534,2367,2361,1,0,1,40.97419435122675,40.92084253566525,57.7880859375
1756,17.56,1536,1529,2362,2361,1,0,1,40.97419435122675,40.78746299676152,57.666015625
1757,17.57,1536,1535,2367,2361,1,0,1,40.97419435122675,40.947518443446,57.7880859375
1758,17.58,1536,1528,2361,2361,1,0,1,40.97419435122675,40.76078708898078,57.6416015625
1759,17.59,1536,1532,2368,2361,1,0,1,40.97419435122675,40.86749072010376,57.8125
1760,17.6,1536,1530,2364,2361,1,0,1,40.97419435122675,40.81413890454227,57.71484375
1761,17.61,1536,1527,2366,2361,1,0,1,40.97419435122675,40.73411118120003,57.763671875
1762,17.62,1536,1529,2369,2361,1,0,1,40.97419435122675,40.78746299676152,57.8369140625
1763,17.63,1536,1528,2367,2361,1,0,1,40.97419435122675,40.76078708898078,57.7880859375
1764,17.64,1536,1528,2368,2361,1,0,1,40.97419435122675,40.76078708898078,57.8125
1765,17.65,1536,1528,2368,2361,1,0,1,40.97419435122675,40.76078708898078,57.8125
1766,17.66,1536,1527,2368,2361,1,0,1,40.97419435122675,40.73411118120003,57.8125
1767,17.67,1536,1525,2369,2361,1,0,1,40.97419435122675,40.68075936563854,57.8369140625
1768,17.68,1536,1527,2370,2361,1,0,1,40.97419435122675,40.73411118120003,57.861328125
1769,17.69,1536,1527,2369,2361,1,0,1,40.97419435122675,40.73411118120003,57.8369140625
1770,17.7,1536,1532,2369,2361,1,0,1,40.97419435122675,40.86749072010376,57.8369140625
1771,17.71,1536,1526,2364,2361,1,0,1,40.97419435122675,40.70743527341928,57.71484375
1772,17.72,1536,1525,2369,2361,1,0,1,40.97419435122675,40.68075936563854,57.8369140625
1773,17.73,1536,1529,2370,2361,1,0,1,40.97419435122675,40.78746299676152,57.861328125
1774,17.74,1536,1525,2367,2361,1,0,1,40.97419435122675,40.68075936563854,57.7880859375
1775,17.75,1536,1531,2370,2361,1,0,1,40.97419435122675,40.84081481232302,57.861328125
1776,17.76,1536,1525,2365,2361,1,0,1,40.97419435122675,40.68075936563854,57.7392578125
1777,17.77,1536,1528,2370,2361,1,0,1,40.97419435122675,40.76078708898078,57.861328125
1778,17.78,1536,1528,2368,2361,1,0,1,40.97419435122675,40.76078708898078,57.8125
1779,17.79,1536,1522,2368,2361,1,0,1,40.97419435122675,40.600731642296296,57.8125
1780,17.8,1536,1524,2373,2361,1,0,1,40.97419435122675,40.65408345785779,57.9345703125
1781,17.81,1536,1523,2371,2361,1,0,1,40.97419435122675,40.627407550077045,57.8857421875
1782,17.82,1536,1526,2372,2361,1,0,1,40.97419435122675,40.70743527341928,57.91015625
1783,17.83,1536,1524,2369,2361,1,0,1,40.97419435122675,40.65408345785779,57.8369140625
1784,17.84,1536,1523,2371,2361,1,0,1,40.97419435122675,40.627407550077045,57.8857421875
1785,17.85,1536,1523,2372,2361,1,0,1,40.97419435122675,40.627407550077045,57.91015625
1786,17.86,1536,1523,2372,2361,1,0,1,40.97419435122675,40.627407550077045,57.91015625
1787,17.87,1536,1523,2372,2361,1,0,1,40.97419435122675,40.627407550077045,57.91015625
1788,17.88,1536,1524,2372,2361,1,0,1,40.97419435122675,40.65408345785779,57.91015625
1789,17.89,1536,1523,2371,2361,1,0,1,40.97419435122675,40.627407550077045,57.8857421875
1790,17.9,1536,1521,2372,2361,1,0,1,40.97419435122675,40.57405573451555,57.91015625
1791,17.91,1536,1526,2374,2361,1,0,1,40.97419435122675,40.70743527341928,57.958984375
1792,17.92,1536,1524,2369,2361,1,0,1,40.97419435122675,40.65408345785779,57.8369140625
1793,17.93,1536,1529,2371,2361,1,0,1,40.97419435122675,40.78746299676152,57.8857421875
1794,17.94,1536,1523,2367,2361,1,0,1,40.97419435122675,40.627407550077045,57.7880859375
1795,17.95,1536,1522,2372,2361,1,0,1,40.97419435122675,40.600731642296296,57.91015625
1796,17.96,1536,1527,2373,2361,1,0,1,40.97419435122675,40.73411118120003,57.9345703125
1797,17.97,1536,1523,2369,2361,1,0,1,40.97419435122675,40.627407550077045,57.8369140625
1798,17.98,1536,1526,2372,2361,1,0,1,40.97419435122675,40.70743527341928,57.91015625
1799,17.99,1536,1525,2369,2361,1,0,1,40.97419435122675,40.68075936563854,57.8369140625
1800,18.0,1536,1529,2370,2361,1,0,1,40.97419435122675,40.78746299676152,57.861328125
1801,18.01,1536,1527,2367,2361,1,0,1,40.97419435122675,40.73411118120003,57.7880859375
1802,18.02,1536,1525,2369,2361,1,0,1,40.97419435122675,40.68075936563854,57.8369140625
1803,18.03,1536,1528,2370,2361,1,0,1,40.97419435122675,40.76078708898078,57.861328125
1804,18.04,1536,1527,2368,2361,1,0,1,40.97419435122675,40.73411118120003,57.8125
1805,18.05,1536,1530,2369,2361,1,0,1,40.97419435122675,40.81413890454227,57.8369140625
1806,18.06,1536,1528,2366,2361,1,0,1,40.97419435122675,40.76078708898078,57.763671875
1807,18.07,1536,1528,2368,2361,1,0,1,40.97419435122675,40.76078708898078,57.8125
1808,18.08,1536,1526,2368,2361,1,0,1,40.97419435122675,40.70743527341928,57.8125
1809,18.09,1536,1528,2369,2361,1,0,1,40.97419435122675,40.76078708898078,57.8369140625
1810,18.1,1536,1528,2368,2361,1,0,1,40.97419435122675,40.76078708898078,57.8125
1811,18.11,1536,1533,2368,2361,1,0,1,40.97419435122675,40.89416662788451,57.8125
1812,18.12,1536,1527,2363,2361,1,0,1,40.97419435122675,40.73411118120003,57.6904296875
1813,18.13,1536,1526,2369,2361,1,0,1,40.97419435122675,40.70743527341928,57.8369140625
1814,18.14,1536,1531,2369,2361,1,0,1,40.97419435122675,40.84081481232302,57.8369140625
1815,18.15,1536,1526,2365,2361,1,0,1,40.97419435122675,40.70743527341928,57.7392578125
1816,18.16,1536,1533,2369,2361,1,0,1,40.97419435122675,40.89416662788451,57.8369140625
1817,18.17,1536,1527,2363,2361,1,0,1,40.97419435122675,40.73411118120003,57.6904296875
1818,18.18,1536,1530,2369,2361,1,0,1,40.97419435122675,40.81413890454227,57.8369140625
1819,18.19,1536,1528,2366,2361,1,0,1,40.97419435122675,40.76078708898078,57.763671875
1820,18.2,1536,1525,2368,2361,1,0,1,40.97419435122675,40.68075936563854,57.8125
1821,18.21,1536,1528,2370,2361,1,0,1,40.97419435122675,40.76078708898078,57.861328125
1822,18.22,1536,1527,2368,2361,1,0,1,40.97419435122675,40.73411118120003,57.8125
1823,18.23,1536,1529,2369,2361,1,0,1,40.97419435122675,40.78746299676152,57.8369140625
1824,18.24,1536,1527,2367,2361,1,0,1,40.97419435122675,40.73411118120003,57.7880859375
1825,18.25,1536,1526,2369,2361,1,0,1,40.97419435122675,40.70743527341928,57.8369140625
1826,18.26,1536,1524,2369,2361,1,0,1,40.97419435122675,40.65408345785779,57.8369140625
1827,18.27,1536,1526,2371,2361,1,0,1,40.97419435122675,40.70743527341928,57.8857421875
1828,18.28,1536,1526,2369,2361,1,0,1,40.97419435122675,40.70743527341928,57.8369140625
1829,18.29,1536,1530,2369,2361,1,0,1,40.97419435122675,40.81413890454227,57.8369140625
1830,18.3,1536,1525,2366,2361,1,0,1,40.97419435122675,40.68075936563854,57.763671875
1831,18.31,1536,1522,2370,2361,1,0,1,40.97419435122675,40.600731642296296,57.861328125
1832,18.32,1536,1528,2373,2361,1,0,1,40.97419435122675,40.76078708898078,57.9345703125
1833,18.33,1536,1523,2368,2361,1,0,1,40.97419435122675,40.627407550077045,57.8125
1834,18.34,1536,1529,2372,2361,1,0,1,40.97419435122675,40.78746299676152,57.91015625
1835,18.35,1536,1522,2367,2361,1,0,1,40.97419435122675,40.600731642296296,57.7880859375
1836,18.36,1536,1526,2373,2361,1,0,1,40.97419435122675,40.70743527341928,57.9345703125
1837,18.37,1536,1527,2369,2361,1,0,1,40.97419435122675,40.73411118120003,57.8369140625
1838,18.38,1536,1522,2369,2361,1,0,1,40.97419435122675,40.600731642296296,57.8369140625
1839,18.39,1536,1524,2373,2361,1,0,1,40.97419435122675,40.65408345785779,57.9345703125
1840,18.4,1536,1522,2371,2361,1,0,1,40.97419435122675,40.600731642296296,57.8857421875
1841,18.41,1536,1526,2373,2361,1,0,1,40.97419435122675,40.70743527341928,57.9345703125
1842,18.42,1536,1524,2369,2361,1,0,1,40.97419435122675,40.65408345785779,57.8369140625
1843,18.43,1536,1523,2371,2361,1,0,1,40.97419435122675,40.627407550077045,57.8857421875
1844,18.44,1536,1524,2372,2361,1,0,1,40.97419435122675,40.65408345785779,57.91015625
1845,18.45,1536,1523,2371,2361,1,0,1,40.97419435122675,40.627407550077045,57.8857421875
1846,18.46,1536,1523,2372,2361,1,0,1,40.97419435122675,40.627407550077045,57.91015625
1847,18.47,1536,1524,2372,2361,1,0,1,40.97419435122675,40.65408345785779,57.91015625
1848,18.48,1536,1523,2371,2361,1,0,1,40.97419435122675,40.627407550077045,57.8857421875
1849,18.49,1536,1521,2372,2361,1,0,1,40.97419435122675,40.57405573451555,57.91015625
1850,18.5,1536,1522,2374,2361,1,0,1,40.97419435122675,40.600731642296296,57.958984375
1851,18.51,1536,1523,2373,2361,1,0,1,40.97419435122675,40.627407550077045,57.9345703125
1852,18.52,1536,1528,2372,2361,1,0,1,40.97419435122675,40.76078708898078,57.91015625
1853,18.53,1536,1523,2368,2361,1,0,1,40.97419435122675,40.627407550077045,57.8125
1854,18.54,1536,1521,2372,2361,1,0,1,40.97419435122675,40.57405573451555,57.91015625
1855,18.55,1536,1526,2374,2361,1,0,1,40.97419435122675,40.70743527341928,57.958984375
1856,18.56,1536,1521,2369,2361,1,0,1,40.97419435122675,40.57405573451555,57.8369140625
1857,18.57,1536,1527,2374,2361,1,0,1,40.97419435122675,40.73411118120003,57.958984375
1858,18.58,1536,1522,2369,2361,1,0,1,40.97419435122675,40.600731642296296,57.8369140625
1859,18.59,1536,1526,2373,2361,1,0,1,40.97419435122675,40.70743527341928,57.9345703125
1860,18.6,1536,1526,2369,2361,1,0,1,40.97419435122675,40.70743527341928,57.8369140625
1861,18.61,1536,1522,2369,2361,1,0,1,40.97419435122675,40.600731642296296,57.8369140625
1862,18.62,1536,1524,2373,2361,1,0,1,40.97419435122675,40.65408345785779,57.9345703125
1863,18.63,1536,1522,2371,2361,1,0,1,40.97419435122675,40.600731642296296,57.8857421875
1864,18.64,1536,1526,2373,2361,1,0,1,40.97419435122675,40.70743527341928,57.9345703125
1865,18.65,1536,1524,2369,2361,1,0,1,40.97419435122675,40.65408345785779,57.8369140625
1866,18.66,1536,1524,2371,2361,1,0,1,40.97419435122675,40.65408345785779,57.8857421875
1867,18.67,1536,1524,2371,2361,1,0,1,40.97419435122675,40.65408345785779,57.8857421875
1868,18.68,1536,1524,2371,2361,1,0,1,40.97419435122675,40.65408345785779,57.8857421875
1869,18.69,1536,1525,2371,2361,1,0,1,40.97419435122675,40.68075936563854,57.8857421875
1870,18.7,1536,1526,2370,2361,1,0,1,40.97419435122675,40.70743527341928,57.861328125
1871,18.71,1536,1525,2369,2361,1,0,1,40.97419435122675,40.68075936563854,57.8369140625
1872,18.72,1536,1523,2370,2361,1,0,1,40.97419435122675,40.627407550077045,57.861328125
1873,18.73,1536,1529,2372,2361,1,0,1,40.97419435122675,40.78746299676152,57.91015625
1874,18.74,1536,1526,2367,2361,1,0,1,40.97419435122675,40.70743527341928,57.7880859375
1875,18.75,1536,1531,2369,2361,1,0,1,40.97419435122675,40.84081481232302,57.8369140625
1876,18.76,1536,1525,2365,2361,1,0,1,40.97419435122675,40.68075936563854,57.7392578125
1877,18.77,1536,1524,2370,2361,1,0,1,40.97419435122675,40.65408345785779,57.861328125
1878,18.78,1536,1529,2371,2361,1,0,1,40.97419435122675,40.78746299676152,57.8857421875
1879,18.79,1536,1525,2367,2361,1,0,1,40.97419435122675,40.68075936563854,57.7880859375
1880,18.8,1536,1532,2370,2361,1,0,1,40.97419435122675,40.86749072010376,57.861328125
1881,18.81,1536,1526,2364,2361,1,0,1,40.97419435122675,40.70743527341928,57.71484375
1882,18.82,1536,1530,2369,2361,1,0,1,40.97419435122675,40.81413890454227,57.8369140625
1883,18.83,1536,1528,2366,2361,1,0,1,40.97419435122675,40.76078708898078,57.763671875
1884,18.84,1536,1526,2368,2361,1,0,1,40.97419435122675,40.70743527341928,57.8125
1885,18.85,1536,1529,2369,2361,1,0,1,40.97419435122675,40.78746299676152,57.8369140625
1886,18.86,1536,1528,2367,2361,1,0,1,40.97419435122675,40.76078708898078,57.7880859375
1887,18.87,1536,1528,2368,2361,1,0,1,40.97419435122675,40.76078708898078,57.8125
1888,18.88,1536,1529,2368,2361,1,0,1,40.97419435122675,40.78746299676152,57.8125
1889,18.89,1536,1528,2367,2361,1,0,1,40.97419435122675,40.76078708898078,57.7880859375
1890,18.9,1536,1526,2368,2361,1,0,1,40.97419435122675,40.70743527341928,57.8125
1891,18.91,1536,1528,2369,2361,1,0,1,40.97419435122675,40.76078708898078,57.8369140625
1892,18.92,1536,1528,2368,2361,1,0,1,40.97419435122675,40.76078708898078,57.8125
1893,18.93,1536,1533,2368,2361,1,0,1,40.97419435122675,40.89416662788451,57.8125
1894,18.94,1536,1528,2363,2361,1,0,1,40.97419435122675,40.76078708898078,57.6904296875
1895,18.95,1536,1526,2368,2361,1,0,1,40.97419435122675,40.70743527341928,57.8125
1896,18.96,1536,1531,2369,2361,1,0,1,40.97419435122675,40.84081481232302,57.8369140625
1897,18.97,1536,1526,2365,2361,1,0,1,40.97419435122675,40.70743527341928,57.7392578125
1898,18.98,1536,1533,2369,2361,1,0,1,40.97419435122675,40.89416662788451,57.8369140625
1899,18.99,1536,1527,2363,2361,1,0,1,40.97419435122675,40.73411118120003,57.6904296875
1900,19.0,1536,1529,2369,2361,1,0,1,40.97419435122675,40.78746299676152,57.8369140625
1901,19.01,1536,1528,2367,2361,1,0,1,40.97419435122675,40.76078708898078,57.7880859375
1902,19.02,1536,1525,2368,2361,1,0,1,40.97419435122675,40.68075936563854,57.8125
1903,19.03,1536,1528,2370,2361,1,0,1,40.97419435122675,40.76078708898078,57.861328125
1904,19.04,1536,1526,2368,2361,1,0,1,40.97419435122675,40.70743527341928,57.8125
1905,19.05,1536,1529,2369,2361,1,0,1,40.97419435122675,40.78746299676152,57.8369140625
1906,19.06,1536,1527,2367,2361,1,0,1,40.97419435122675,40.73411118120003,57.7880859375
1907,19.07,1536,1526,2369,2361,1,0,1,40.97419435122675,40.70743527341928,57.8369140625
1908,19.08,1536,1524,2369,2361,1,0,1,40.97419435122675,40.65408345785779,57.8369140625
1909,19.09,1536,1526,2371,2361,1,0,1,40.97419435122675,40.70743527341928,57.8857421875
1910,19.1,1536,1525,2369,2361,1,0,1,40.97419435122675,40.68075936563854,57.8369140625
1911,19.11,1536,1530,2370,2361,1,0,1,40.97419435122675,40.81413890454227,57.861328125
1912,19.12,1536,1526,2366,2361,1,0,1,40.97419435122675,40.70743527341928,57.763671875
1913,19.13,1536,1523,2369,2361,1,0,1,40.97419435122675,40.627407550077045,57.8369140625
1914,19.14,1536,1528,2372,2361,1,0,1,40.97419435122675,40.76078708898078,57.91015625
1915,19.15,1536,1524,2368,2361,1,0,1,40.97419435122675,40.65408345785779,57.8125
1916,19.16,1536,1530,2371,2361,1,0,1,40.97419435122675,40.81413890454227,57.8857421875
1917,19.17,1536,1525,2366,2361,1,0,1,40.97419435122675,40.68075936563854,57.763671875
1918,19.18,1536,1528,2370,2361,1,0,1,40.97419435122675,40.76078708898078,57.861328125
1919,19.19,1536,1528,2368,2361,1,0,1,40.97419435122675,40.76078708898078,57.8125
1920,19.2,1536,1523,2368,2361,1,0,1,40.97419435122675,40.627407550077045,57.8125
1921,19.21,1536,1526,2372,2361,1,0,1,40.97419435122675,40.70743527341928,57.91015625
1922,19.22,1536,1524,2369,2361,1,0,1,40.97419435122675,40.65408345785779,57.8369140625
1923,19.23,1536,1527,2371,2361,1,0,1,40.97419435122675,40.73411118120003,57.8857421875
1924,19.24,1536,1525,2369,2361,1,0,1,40.97419435122675,40.68075936563854,57.8369140625
1925,19.25,1536,1524,2370,2361,1,0,1,40.97419435122675,40.65408345785779,57.861328125
1926,19.26,1536,1525,2371,2361,1,0,1,40.97419435122675,40.68075936563854,57.8857421875
1927,19.27,1536,1524,2370,2361,1,0,1,40.97419435122675,40.65408345785779,57.861328125
1928,19.28,1536,1524,2371,2361,1,0,1,40.97419435122675,40.65408345785779,57.8857421875
1929,19.29,1536,1524,2371,2361,1,0,1,40.97419435122675,40.65408345785779,57.8857421875
1930,19.3,1536,1524,2371,2361,1,0,1,40.97419435122675,40.65408345785779,57.8857421875
1931,19.31,1536,1522,2371,2361,1,0,1,40.97419435122675,40.600731642296296,57.8857421875
1932,19.32,1536,1527,2373,2361,1,0,1,40.97419435122675,40.73411118120003,57.9345703125
1933,19.33,1536,1524,2369,2361,1,0,1,40.97419435122675,40.65408345785779,57.8369140625
1934,19.34,1536,1529,2371,2361,1,0,1,40.97419435122675,40.78746299676152,57.8857421875
1935,19.35,1536,1524,2367,2361,1,0,1,40.97419435122675,40.65408345785779,57.7880859375
1936,19.36,1536,1523,2371,2361,1,0,1,40.97419435122675,40.627407550077045,57.8857421875
1937,19.37,1536,1528,2372,2361,1,0,1,40.97419435122675,40.76078708898078,57.91015625
1938,19.38,1536,1524,2368,2361,1,0,1,40.97419435122675,40.65408345785779,57.8125
1939,19.39,1536,1531,2371,2361,1,0,1,40.97419435122675,40.84081481232302,57.8857421875
1940,19.4,1536,1525,2365,2361,1,0,1,40.97419435122675,40.68075936563854,57.7392578125
1941,19.41,1536,1529,2370,2361,1,0,1,40.97419435122675,40.78746299676152,57.861328125
1942,19.42,1536,1527,2367,2361,1,0,1,40.97419435122675,40.73411118120003,57.7880859375
1943,19.43,1536,1525,2369,2361,1,0,1,40.97419435122675,40.68075936563854,57.8369140625
1944,19.44,1536,1528,2370,2361,1,0,1,40.97419435122675,40.76078708898078,57.861328125
1945,19.45,1536,1528,2368,2361,1,0,1,40.97419435122675,40.76078708898078,57.8125
1946,19.46,1536,1530,2368,2361,1,0,1,40.97419435122675,40.81413890454227,57.8125
1947,19.47,1536,1529,2366,2361,1,0,1,40.97419435122675,40.78746299676152,57.763671875
1948,19.48,1536,1528,2367,2361,1,0,1,40.97419435122675,40.76078708898078,57.7880859375
1949,19.49,1536,1526,2368,2361,1,0,1,40.97419435122675,40.70743527341928,57.8125
1950,19.5,1536,1529,2369,2361,1,0,1,40.97419435122675,40.78746299676152,57.8369140625
1951,19.51,1536,1529,2367,2361,1,0,1,40.97419435122675,40.78746299676152,57.7880859375
1952,19.52,1536,1534,2367,2361,1,0,1,40.97419435122675,40.92084253566525,57.7880859375
1953,19.53,1536,1529,2362,2361,1,0,1,40.97419435122675,40.78746299676152,57.666015625
1954,19.54,1536,1528,2367,2361,1,0,1,40.97419435122675,40.76078708898078,57.7880859375
1955,19.55,1536,1533,2368,2361,1,0,1,40.97419435122675,40.89416662788451,57.8125
1956,19.56,1536,1529,2363,2361,1,0,1,40.97419435122675,40.78746299676152,57.6904296875
1957,19.57,1536,1535,2367,2361,1,0,1,40.97419435122675,40.947518443446,57.7880859375
1958,19.58,1536,1530,2361,2361,1,0,1,40.97419435122675,40.81413890454227,57.6416015625
1959,19.59,1536,1532,2366,2361,1,0,1,40.97419435122675,40.86749072010376,57.763671875
1960,19.6,1536,1531,2364,2361,1,0,1,40.97419435122675,40.84081481232302,57.71484375
1961,19.61,1536,1529,2365,2361,1,0,1,40.97419435122675,40.78746299676152,57.7392578125
1962,19.62,1536,1531,2367,2361,1,0,1,40.97419435122675,40.84081481232302,57.7880859375
1963,19.63,1536,1530,2365,2361,1,0,1,40.97419435122675,40.81413890454227,57.7392578125
1964,19.64,1536,1530,2366,2361,1,0,1,40.97419435122675,40.81413890454227,57.763671875
1965,19.65,1536,1531,2366,2361,1,0,1,40.97419435122675,40.84081481232302,57.763671875
1966,19.66,1536,1530,2365,2361,1,0,1,40.97419435122675,40.81413890454227,57.7392578125
1967,19.67,1536,1527,2366,2361,1,0,1,40.97419435122675,40.73411118120003,57.763671875
1968,19.68,1536,1530,2369,2361,1,0,1,40.97419435122675,40.81413890454227,57.8369140625
1969,19.69,1536,1529,2366,2361,1,0,1,40.97419435122675,40.78746299676152,57.763671875
1970,19.7,1536,1534,2367,2361,1,0,1,40.97419435122675,40.92084253566525,57.7880859375
1971,19.71,1536,1528,2362,2361,1,0,1,40.97419435122675,40.76078708898078,57.666015625
1972,19.72,1536,1527,2368,2361,1,0,1,40.97419435122675,40.73411118120003,57.8125
1973,19.73,1536,1532,2369,2361,1,0,1,40.97419435122675,40.86749072010376,57.8369140625
1974,19.74,1536,1527,2364,2361,1,0,1,40.97419435122675,40.73411118120003,57.71484375
1975,19.75,1536,1529,2369,2361,1,0,1,40.97419435122675,40.78746299676152,57.8369140625
1976,19.76,1536,1528,2367,2361,1,0,1,40.97419435122675,40.76078708898078,57.7880859375
1977,19.77,1536,1531,2368,2361,1,0,1,40.97419435122675,40.84081481232302,57.8125
1978,19.78,1536,1529,2365,2361,1,0,1,40.97419435122675,40.78746299676152,57.7392578125
1979,19.79,1536,1526,2367,2361,1,0,1,40.97419435122675,40.70743527341928,57.7880859375
1980,19.8,1536,1529,2369,2361,1,0,1,40.97419435122675,40.78746299676152,57.8369140625
1981,19.81,1536,1527,2367,2361,1,0,1,40.97419435122675,40.73411118120003,57.7880859375
1982,19.82,1536,1527,2369,2361,1,0,1,40.97419435122675,40.73411118120003,57.8369140625
1983,19.83,1536,1528,2369,2361,1,0,1,40.97419435122675,40.76078708898078,57.8369140625
1984,19.84,1536,1527,2368,2361,1,0,1,40.97419435122675,40.73411118120003,57.8125
1985,19.85,1536,1525,2369,2361,1,0,1,40.97419435122675,40.68075936563854,57.8369140625
1986,19.86,1536,1527,2370,2361,1,0,1,40.97419435122675,40.73411118120003,57.861328125
1987,19.87,1536,1527,2369,2361,1,0,1,40.97419435122675,40.73411118120003,57.8369140625
1988,19.88,1536,1532,2369,2361,1,0,1,40.97419435122675,40.86749072010376,57.8369140625
1989,19.89,1536,1526,2364,2361,1,0,1,40.97419435122675,40.70743527341928,57.71484375
1990,19.9,1536,1525,2369,2361,1,0,1,40.97419435122675,40.68075936563854,57.8369140625
1991,19.91,1536,1530,2370,2361,1,0,1,40.97419435122675,40.81413890454227,57.861328125
1992,19.92,1536,1526,2366,2361,1,0,1,40.97419435122675,40.70743527341928,57.763671875
1993,19.93,1536,1532,2369,2361,1,0,1,40.97419435122675,40.86749072010376,57.8369140625
1994,19.94,1536,1525,2364,2361,1,0,1,40.97419435122675,40.68075936563854,57.71484375
1995,19.95,1536,1529,2370,2361,1,0,1,40.97419435122675,40.78746299676152,57.861328125
1996,19.96,1536,1527,2367,2361,1,0,1,40.97419435122675,40.73411118120003,57.7880859375
1997,19.97,1536,1525,2369,2361,1,0,1,40.97419435122675,40.68075936563854,57.8369140625
1998,19.98,1536,1527,2370,2361,1,0,1,40.97419435122675,40.73411118120003,57.861328125
1999,19.99,1536,1526,2369,2361,1,0,1,40.97419435122675,40.70743527341928,57.8369140625
2000,20.0,1536,1529,2369,2361,1,0,1,40.97419435122675,40.78746299676152,57.8369140625
2001,20.01,1536,1528,2367,2361,1,0,1,40.97419435122675,40.76078708898078,57.7880859375
2002,20.02,1536,1527,2368,2361,1,0,1,40.97419435122675,40.73411118120003,57.8125
2003,20.03,1536,1525,2369,2361,1,0,1,40.97419435122675,40.68075936563854,57.8369140625
2004,20.04,1536,1527,2370,2361,1,0,1,40.97419435122675,40.73411118120003,57.861328125
2005,20.05,1536,1526,2369,2361,1,0,1,40.97419435122675,40.70743527341928,57.8369140625
2006,20.06,1536,1531,2369,2361,1,0,1,40.97419435122675,40.84081481232302,57.8369140625
2007,20.07,1536,1527,2365,2361,1,0,1,40.97419435122675,40.73411118120003,57.7392578125
2008,20.08,1536,1525,2369,2361,1,0,1,40.97419435122675,40.68075936563854,57.8369140625
2009,20.09,1536,1530,2370,2361,1,0,1,40.97419435122675,40.81413890454227,57.861328125
2010,20.1,1536,1526,2366,2361,1,0,1,40.97419435122675,40.70743527341928,57.763671875
2011,20.11,1536,1532,2369,2361,1,0,1,40.97419435122675,40.86749072010376,57.8369140625
2012,20.12,1536,1526,2364,2361,1,0,1,40.97419435122675,40.70743527341928,57.71484375
2013,20.13,1536,1530,2369,2361,1,0,1,40.97419435122675,40.81413890454227,57.8369140625
2014,20.14,1536,1530,2366,2361,1,0,1,40.97419435122675,40.81413890454227,57.763671875
2015,20.15,1536,1526,2366,2361,1,0,1,40.97419435122675,40.70743527341928,57.763671875
2016,20.16,1536,1529,2369,2361,1,0,1,40.97419435122675,40.78746299676152,57.8369140625
2017,20.17,1536,1528,2367,2361,1,0,1,40.97419435122675,40.76078708898078,57.7880859375
2018,20.18,1536,1531,2368,2361,1,0,1,40.97419435122675,40.84081481232302,57.8125
2019,20.19,1536,1530,2365,2361,1,0,1,40.97419435122675,40.81413890454227,57.7392578125
2020,20.2,1536,1529,2366,2361,1,0,1,40.97419435122675,40.78746299676152,57.763671875
2021,20.21,1536,1527,2367,2361,1,0,1,40.97419435122675,40.73411118120003,57.7880859375
2022,20.22,1536,1529,2369,2361,1,0,1,40.97419435122675,40.78746299676152,57.8369140625
2023,20.23,1536,1529,2367,2361,1,0,1,40.97419435122675,40.78746299676152,57.7880859375
2024,20.24,1536,1533,2367,2361,1,0,1,40.97419435122675,40.89416662788451,57.7880859375
2025,20.25,1536,1528,2363,2361,1,0,1,40.97419435122675,40.76078708898078,57.6904296875
2026,20.26,1536,1526,2368,2361,1,0,1,40.97419435122675,40.70743527341928,57.8125
2027,20.27,1536,1531,2369,2361,1,0,1,40.97419435122675,40.84081481232302,57.8369140625
2028,20.28,1536,1526,2365,2361,1,0,1,40.97419435122675,40.70743527341928,57.7392578125
2029,20.29,1536,1533,2369,2361,1,0,1,40.97419435122675,40.89416662788451,57.8369140625
2030,20.3,1536,1527,2363,2361,1,0,1,40.97419435122675,40.73411118120003,57.6904296875
2031,20.31,1536,1531,2369,2361,1,0,1,40.97419435122675,40.84081481232302,57.8369140625
2032,20.32,1536,1531,2365,2361,1,0,1,40.97419435122675,40.84081481232302,57.7392578125
2033,20.33,1536,1527,2365,2361,1,0,1,40.97419435122675,40.73411118120003,57.7392578125
2034,20.34,1536,1530,2369,2361,1,0,1,40.97419435122675,40.81413890454227,57.8369140625
2035,20.35,1536,1529,2366,2361,1,0,1,40.97419435122675,40.78746299676152,57.763671875
2036,20.36,1536,1532,2367,2361,1,0,1,40.97419435122675,40.86749072010376,57.7880859375
2037,20.37,1536,1530,2364,2361,1,0,1,40.97419435122675,40.81413890454227,57.71484375
2038,20.38,1536,1528,2366,2361,1,0,1,40.97419435122675,40.76078708898078,57.763671875
2039,20.39,1536,1527,2368,2361,1,0,1,40.97419435122675,40.73411118120003,57.8125
2040,20.4,1536,1529,2369,2361,1,0,1,40.97419435122675,40.78746299676152,57.8369140625
2041,20.41,1536,1528,2367,2361,1,0,1,40.97419435122675,40.76078708898078,57.7880859375
2042,20.42,1536,1533,2368,2361,1,0,1,40.97419435122675,40.89416662788451,57.8125
2043,20.43,1536,1528,2363,2361,1,0,1,40.97419435122675,40.76078708898078,57.6904296875
2044,20.44,1536,1526,2368,2361,1,0,1,40.97419435122675,40.70743527341928,57.8125
2045,20.45,1536,1531,2369,2361,1,0,1,40.97419435122675,40.84081481232302,57.8369140625
2046,20.46,1536,1527,2365,2361,1,0,1,40.97419435122675,40.73411118120003,57.7392578125
2047,20.47,1536,1532,2369,2361,1,0,1,40.97419435122675,40.86749072010376,57.8369140625
2048,20.48,1536,1527,2364,2361,1,0,1,40.97419435122675,40.73411118120003,57.71484375
2049,20.49,1536,1530,2369,2361,1,0,1,40.97419435122675,40.81413890454227,57.8369140625
2050,20.5,1536,1530,2366,2361,1,0,1,40.97419435122675,40.81413890454227,57.763671875
2051,20.51,1536,1525,2366,2361,1,0,1,40.97419435122675,40.68075936563854,57.763671875
2052,20.52,1536,1528,2370,2361,1,0,1,40.97419435122675,40.76078708898078,57.861328125
2053,20.53,1536,1526,2368,2361,1,0,1,40.97419435122675,40.70743527341928,57.8125
2054,20.54,1536,1529,2369,2361,1,0,1,40.97419435122675,40.78746299676152,57.8369140625
2055,20.55,1536,1528,2367,2361,1,0,1,40.97419435122675,40.76078708898078,57.7880859375
2056,20.56,1536,1527,2368,2361,1,0,1,40.97419435122675,40.73411118120003,57.8125
2057,20.57,1536,1527,2369,2361,1,0,1,40.97419435122675,40.73411118120003,57.8369140625
2058,20.58,1536,1526,2369,2361,1,0,1,40.97419435122675,40.70743527341928,57.8369140625
2059,20.59,1536,1527,2369,2361,1,0,1,40.97419435122675,40.73411118120003,57.8369140625
2060,20.6,1536,1532,2369,2361,1,0,1,40.97419435122675,40.86749072010376,57.8369140625
2061,20.61,1536,1527,2364,2361,1,0,1,40.97419435122675,40.73411118120003,57.71484375
2062,20.62,1536,1524,2369,2361,1,0,1,40.97419435122675,40.65408345785779,57.8369140625
2063,20.63,1536,1529,2371,2361,1,0,1,40.97419435122675,40.78746299676152,57.8857421875
2064,20.64,1536,1526,2367,2361,1,0,1,40.97419435122675,40.70743527341928,57.7880859375
2065,20.65,1536,1531,2369,2361,1,0,1,40.97419435122675,40.84081481232302,57.8369140625
2066,20.66,1536,1525,2365,2361,1,0,1,40.97419435122675,40.68075936563854,57.7392578125
2067,20.67,1536,1528,2370,2361,1,0,1,40.97419435122675,40.76078708898078,57.861328125
2068,20.68,1536,1528,2368,2361,1,0,1,40.97419435122675,40.76078708898078,57.8125
2069,20.69,1536,1523,2368,2361,1,0,1,40.97419435122675,40.627407550077045,57.8125
2070,20.7,1536,1526,2372,2361,1,0,1,40.97419435122675,40.70743527341928,57.91015625
2071,20.71,1536,1524,2369,2361,1,0,1,40.97419435122675,40.65408345785779,57.8369140625
2072,20.72,1536,1527,2371,2361,1,0,1,40.97419435122675,40.73411118120003,57.8857421875
2073,20.73,1536,1525,2369,2361,1,0,1,40.97419435122675,40.68075936563854,57.8369140625
2074,20.74,1536,1524,2370,2361,1,0,1,40.97419435122675,40.65408345785779,57.861328125
2075,20.75,1536,1525,2371,2361,1,0,1,40.97419435122675,40.68075936563854,57.8857421875
2076,20.76,1536,1524,2370,2361,1,0,1,40.97419435122675,40.65408345785779,57.861328125
2077,20.77,1536,1524,2371,2361,1,0,1,40.97419435122675,40.65408345785779,57.8857421875
2078,20.78,1536,1526,2371,2361,1,0,1,40.97419435122675,40.70743527341928,57.8857421875
2079,20.79,1536,1525,2369,2361,1,0,1,40.97419435122675,40.68075936563854,57.8369140625
2080,20.8,1536,1522,2370,2361,1,0,1,40.97419435122675,40.600731642296296,57.861328125
2081,20.81,1536,1524,2373,2361,1,0,1,40.97419435122675,40.65408345785779,57.9345703125
2082,20.82,1536,1525,2371,2361,1,0,1,40.97419435122675,40.68075936563854,57.8857421875
2083,20.83,1536,1530,2370,2361,1,0,1,40.97419435122675,40.81413890454227,57.861328125
2084,20.84,1536,1524,2366,2361,1,0,1,40.97419435122675,40.65408345785779,57.763671875
2085,20.85,1536,1522,2371,2361,1,0,1,40.97419435122675,40.600731642296296,57.8857421875
2086,20.86,1536,1528,2373,2361,1,0,1,40.97419435122675,40.76078708898078,57.9345703125
2087,20.87,1536,1524,2368,2361,1,0,1,40.97419435122675,40.65408345785779,57.8125
2088,20.88,1536,1530,2371,2361,1,0,1,40.97419435122675,40.81413890454227,57.8857421875
2089,20.89,1536,1525,2366,2361,1,0,1,40.97419435122675,40.68075936563854,57.763671875
2090,20.9,1536,1529,2370,2361,1,0,1,40.97419435122675,40.78746299676152,57.861328125
2091,20.91,1536,1528,2367,2361,1,0,1,40.97419435122675,40.76078708898078,57.7880859375
2092,20.92,1536,1525,2368,2361,1,0,1,40.97419435122675,40.68075936563854,57.8125
2093,20.93,1536,1527,2370,2361,1,0,1,40.97419435122675,40.73411118120003,57.861328125
2094,20.94,1536,1527,2369,2361,1,0,1,40.97419435122675,40.73411118120003,57.8369140625
2095,20.95,1536,1530,2369,2361,1,0,1,40.97419435122675,40.81413890454227,57.8369140625
2096,20.96,1536,1528,2366,2361,1,0,1,40.97419435122675,40.76078708898078,57.763671875
2097,20.97,1536,1528,2368,2361,1,0,1,40.97419435122675,40.76078708898078,57.8125
2098,20.98,1536,1526,2368,2361,1,0,1,40.97419435122675,40.70743527341928,57.8125
2099,20.99,1536,1528,2369,2361,1,0,1,40.97419435122675,40.76078708898078,57.8369140625
2100,21.0,1536,1528,2368,2361,1,0,1,40.97419435122675,40.76078708898078,57.8125
2101,21.01,1536,1533,2368,2361,1,0,1,40.97419435122675,40.89416662788451,57.8125
2102,21.02,1536,1529,2363,2361,1,0,1,40.97419435122675,40.78746299676152,57.6904296875
2103,21.03,1536,1527,2367,2361,1,0,1,40.97419435122675,40.73411118120003,57.7880859375
2104,21.04,1536,1532,2369,2361,1,0,1,40.97419435122675,40.86749072010376,57.8369140625
2105,21.05,1536,1528,2364,2361,1,0,1,40.97419435122675,40.76078708898078,57.71484375
2106,21.06,1536,1534,2368,2361,1,0,1,40.97419435122675,40.92084253566525,57.8125
2107,21.07,1536,1528,2362,2361,1,0,1,40.97419435122675,40.76078708898078,57.666015625
2108,21.08,1536,1532,2368,2361,1,0,1,40.97419435122675,40.86749072010376,57.8125
2109,21.09,1536,1530,2364,2361,1,0,1,40.97419435122675,40.81413890454227,57.71484375
2110,21.1,1536,1528,2366,2361,1,0,1,40.97419435122675,40.76078708898078,57.763671875
2111,21.11,1536,1530,2368,2361,1,0,1,40.97419435122675,40.81413890454227,57.8125
2112,21.12,1536,1529,2366,2361,1,0,1,40.97419435122675,40.78746299676152,57.763671875
2113,21.13,1536,1532,2367,2361,1,0,1,40.97419435122675,40.86749072010376,57.7880859375
2114,21.14,1536,1530,2364,2361,1,0,1,40.97419435122675,40.81413890454227,57.71484375
2115,21.15,1536,1529,2366,2361,1,0,1,40.97419435122675,40.78746299676152,57.763671875
2116,21.16,1536,1526,2367,2361,1,0,1,40.97419435122675,40.70743527341928,57.7880859375
2117,21.17,1536,1528,2369,2361,1,0,1,40.97419435122675,40.76078708898078,57.8369140625
2118,21.18,1536,1528,2368,2361,1,0,1,40.97419435122675,40.76078708898078,57.8125
2119,21.19,1536,1533,2368,2361,1,0,1,40.97419435122675,40.89416662788451,57.8125
2120,21.2,1536,1527,2363,2361,1,0,1,40.97419435122675,40.73411118120003,57.6904296875
2121,21.21,1536,1525,2369,2361,1,0,1,40.97419435122675,40.68075936563854,57.8369140625
2122,21.22,1536,1529,2370,2361,1,0,1,40.97419435122675,40.78746299676152,57.861328125
2123,21.23,1536,1525,2367,2361,1,0,1,40.97419435122675,40.68075936563854,57.7880859375
2124,21.24,1536,1531,2370,2361,1,0,1,40.97419435122675,40.84081481232302,57.861328125
2125,21.25,1536,1525,2365,2361,1,0,1,40.97419435122675,40.68075936563854,57.7392578125
2126,21.26,1536,1528,2370,2361,1,0,1,40.97419435122675,40.76078708898078,57.861328125
2127,21.27,1536,1527,2368,2361,1,0,1,40.97419435122675,40.73411118120003,57.8125
2128,21.28,1536,1522,2369,2361,1,0,1,40.97419435122675,40.600731642296296,57.8369140625
2129,21.29,1536,1525,2373,2361,1,0,1,40.97419435122675,40.68075936563854,57.9345703125
2130,21.3,1536,1522,2370,2361,1,0,1,40.97419435122675,40.600731642296296,57.861328125
2131,21.31,1536,1525,2373,2361,1,0,1,40.97419435122675,40.68075936563854,57.9345703125
2132,21.32,1536,1523,2370,2361,1,0,1,40.97419435122675,40.627407550077045,57.861328125
2133,21.33,1536,1522,2372,2361,1,0,1,40.97419435122675,40.600731642296296,57.91015625
2134,21.34,1536,1523,2373,2361,1,0,1,40.97419435122675,40.627407550077045,57.9345703125
2135,21.35,1536,1521,2372,2361,1,0,1,40.97419435122675,40.57405573451555,57.91015625
2136,21.36,1536,1521,2374,2361,1,0,1,40.97419435122675,40.57405573451555,57.958984375
2137,21.37,1536,1522,2374,2361,1,0,1,40.97419435122675,40.600731642296296,57.958984375
2138,21.38,1536,1521,2373,2361,1,0,1,40.97419435122675,40.57405573451555,57.9345703125
2139,21.39,1536,1519,2374,2361,1,0,1,40.97419435122675,40.520703918954055,57.958984375
2140,21.4,1536,1521,2377,2362,1,0,1,40.97419435122675,40.57405573451555,58.0322265625
2141,21.41,1536,1521,2375,2362,1,0,1,40.97419435122675,40.57405573451555,57.9833984375
2142,21.42,1536,1526,2375,2362,1,0,1,40.97419435122675,40.70743527341928,57.9833984375
2143,21.43,1536,1521,2370,2362,1,0,1,40.97419435122675,40.57405573451555,57.861328125
2144,21.44,1536,1519,2375,2362,1,0,1,40.97419435122675,40.520703918954055,57.9833984375
2145,21.45,1536,1524,2378,2363,1,0,1,40.97419435122675,40.65408345785779,58.056640625
2146,21.46,1536,1519,2373,2363,1,0,1,40.97419435122675,40.520703918954055,57.9345703125
2147,21.47,1536,1526,2379,2364,1,0,1,40.97419435122675,40.70743527341928,58.0810546875
2148,21.48,1536,1520,2372,2364,1,0,1,40.97419435122675,40.547379826734804,57.91015625
2149,21.49,1536,1524,2378,2364,1,0,1,40.97419435122675,40.65408345785779,58.056640625
2150,21.5,1536,1524,2374,2364,1,0,1,40.97419435122675,40.65408345785779,57.958984375
2151,21.51,1536,1520,2374,2364,1,0,1,40.97419435122675,40.547379826734804,57.958984375
2152,21.52,1536,1522,2378,2364,1,0,1,40.97419435122675,40.600731642296296,58.056640625
2153,21.53,1536,1521,2376,2364,1,0,1,40.97419435122675,40.57405573451555,58.0078125
2154,21.54,1536,1524,2377,2364,1,0,1,40.97419435122675,40.65408345785779,58.0322265625
2155,21.55,1536,1522,2374,2364,1,0,1,40.97419435122675,40.600731642296296,57.958984375
2156,21.56,1536,1522,2376,2364,1,0,1,40.97419435122675,40.600731642296296,58.0078125
2157,21.57,1536,1523,2376,2364,1,0,1,40.97419435122675,40.627407550077045,58.0078125
2158,21.58,1536,1521,2375,2364,1,0,1,40.97419435122675,40.57405573451555,57.9833984375
2159,21.59,1536,1522,2377,2364,1,0,1,40.97419435122675,40.600731642296296,58.0322265625
2160,21.6,1536,1523,2376,2364,1,0,1,40.97419435122675,40.627407550077045,58.0078125
2161,21.61,1536,1522,2375,2364,1,0,1,40.97419435122675,40.600731642296296,57.9833984375
2162,21.62,1536,1520,2376,2364,1,0,1,40.97419435122675,40.547379826734804,58.0078125
2163,21.63,1536,1523,2378,2364,1,0,1,40.97419435122675,40.627407550077045,58.056640625
2164,21.64,1536,1523,2375,2364,1,0,1,40.97419435122675,40.627407550077045,57.9833984375
2165,21.65,1536,1528,2375,2364,1,0,1,40.97419435122675,40.76078708898078,57.9833984375
2166,21.66,1536,1523,2371,2364,1,0,1,40.97419435122675,40.627407550077045,57.8857421875
2167,21.67,1536,1522,2375,2364,1,0,1,40.97419435122675,40.600731642296296,57.9833984375
2168,21.68,1536,1527,2376,2364,1,0,1,40.97419435122675,40.73411118120003,58.0078125
2169,21.69,1536,1523,2372,2364,1,0,1,40.97419435122675,40.627407550077045,57.91015625
2170,21.7,1536,1530,2375,2364,1,0,1,40.97419435122675,40.81413890454227,57.9833984375
2171,21.71,1536,1525,2369,2364,1,0,1,40.97419435122675,40.68075936563854,57.8369140625
2172,21.72,1536,1529,2373,2364,1,0,1,40.97419435122675,40.78746299676152,57.9345703125
2173,21.73,1536,1529,2370,2364,1,0,1,40.97419435122675,40.78746299676152,57.861328125
2174,21.74,1536,1525,2370,2364,1,0,1,40.97419435122675,40.68075936563854,57.861328125
2175,21.75,1536,1527,2373,2364,1,0,1,40.97419435122675,40.73411118120003,57.9345703125
2176,21.76,1536,1527,2372,2364,1,0,1,40.97419435122675,40.73411118120003,57.91015625
2177,21.77,1536,1529,2372,2364,1,0,1,40.97419435122675,40.78746299676152,57.91015625
2178,21.78,1536,1528,2370,2364,1,0,1,40.97419435122675,40.76078708898078,57.861328125
2179,21.79,1536,1527,2371,2364,1,0,1,40.97419435122675,40.73411118120003,57.8857421875
2180,21.8,1536,1528,2372,2364,1,0,1,40.97419435122675,40.76078708898078,57.91015625
2181,21.81,1536,1528,2371,2364,1,0,1,40.97419435122675,40.76078708898078,57.8857421875
2182,21.82,1536,1527,2371,2364,1,0,1,40.97419435122675,40.73411118120003,57.8857421875
2183,21.83,1536,1533,2372,2364,1,0,1,40.97419435122675,40.89416662788451,57.91015625
2184,21.84,1536,1528,2366,2364,1,0,1,40.97419435122675,40.76078708898078,57.763671875
2185,21.85,1536,1526,2371,2364,1,0,1,40.97419435122675,40.70743527341928,57.8857421875
2186,21.86,1536,1531,2372,2364,1,0,1,40.97419435122675,40.84081481232302,57.91015625
2187,21.87,1536,1528,2368,2364,1,0,1,40.97419435122675,40.76078708898078,57.8125
2188,21.88,1536,1533,2371,2364,1,0,1,40.97419435122675,40.89416662788451,57.8857421875
2189,21.89,1536,1528,2366,2364,1,0,1,40.97419435122675,40.76078708898078,57.763671875
2190,21.9,1536,1530,2371,2364,1,0,1,40.97419435122675,40.81413890454227,57.8857421875
2191,21.91,1536,1531,2369,2364,1,0,1,40.97419435122675,40.84081481232302,57.8369140625
2192,21.92,1536,1527,2368,2364,1,0,1,40.97419435122675,40.73411118120003,57.8125
2193,21.93,1536,1529,2372,2364,1,0,1,40.97419435122675,40.78746299676152,57.91015625
2194,21.94,1536,1528,2370,2364,1,0,1,40.97419435122675,40.76078708898078,57.861328125
2195,21.95,1536,1531,2371,2364,1,0,1,40.97419435122675,40.84081481232302,57.8857421875
2196,21.96,1536,1529,2368,2364,1,0,1,40.97419435122675,40.78746299676152,57.8125
2197,21.97,1536,1528,2370,2364,1,0,1,40.97419435122675,40.76078708898078,57.861328125
2198,21.98,1536,1529,2371,2364,1,0,1,40.97419435122675,40.78746299676152,57.8857421875
2199,21.99,1536,1528,2370,2364,1,0,1,40.97419435122675,40.76078708898078,57.861328125
2200,22.0,1536,1528,2371,2364,1,0,1,40.97419435122675,40.76078708898078,57.8857421875
2201,22.01,1536,1533,2371,2364,1,0,1,40.97419435122675,40.89416662788451,57.8857421875
2202,22.02,1536,1528,2366,2364,1,0,1,40.97419435122675,40.76078708898078,57.763671875
2203,22.03,1536,1526,2371,2364,1,0,1,40.97419435122675,40.70743527341928,57.8857421875
2204,22.04,1536,1531,2372,2364,1,0,1,40.97419435122675,40.84081481232302,57.91015625
2205,22.05,1536,1528,2368,2364,1,0,1,40.97419435122675,40.76078708898078,57.8125
2206,22.06,1536,1533,2371,2364,1,0,1,40.97419435122675,40.89416662788451,57.8857421875
2207,22.07,1536,1527,2366,2364,1,0,1,40.97419435122675,40.73411118120003,57.763671875
2208,22.08,1536,1530,2372,2364,1,0,1,40.97419435122675,40.81413890454227,57.91015625
2209,22.09,1536,1530,2369,2364,1,0,1,40.97419435122675,40.81413890454227,57.8369140625
2210,22.1,1536,1526,2369,2364,1,0,1,40.97419435122675,40.70743527341928,57.8369140625
2211,22.11,1536,1528,2372,2364,1,0,1,40.97419435122675,40.76078708898078,57.91015625
2212,22.12,1536,1526,2371,2364,1,0,1,40.97419435122675,40.70743527341928,57.8857421875
2213,22.13,1536,1530,2372,2364,1,0,1,40.97419435122675,40.81413890454227,57.91015625
2214,22.14,1536,1528,2369,2364,1,0,1,40.97419435122675,40.76078708898078,57.8369140625
2215,22.15,1536,1527,2371,2364,1,0,1,40.97419435122675,40.73411118120003,57.8857421875
2216,22.16,1536,1528,2372,2364,1,0,1,40.97419435122675,40.76078708898078,57.91015625
2217,22.17,1536,1527,2371,2364,1,0,1,40.97419435122675,40.73411118120003,57.8857421875
2218,22.18,1536,1527,2372,2364,1,0,1,40.97419435122675,40.73411118120003,57.91015625
2219,22.19,1536,1532,2372,2364,1,0,1,40.97419435122675,40.86749072010376,57.91015625
2220,22.2,1536,1527,2367,2364,1,0,1,40.97419435122675,40.73411118120003,57.7880859375
2221,22.21,1536,1524,2372,2364,1,0,1,40.97419435122675,40.65408345785779,57.91015625
2222,22.22,1536,1529,2374,2364,1,0,1,40.97419435122675,40.78746299676152,57.958984375
2223,22.23,1536,1526,2370,2364,1,0,1,40.97419435122675,40.70743527341928,57.861328125
2224,22.24,1536,1532,2372,2364,1,0,1,40.97419435122675,40.86749072010376,57.91015625
2225,22.25,1536,1526,2367,2364,1,0,1,40.97419435122675,40.70743527341928,57.7880859375
2226,22.26,1536,1530,2372,2364,1,0,1,40.97419435122675,40.81413890454227,57.91015625
2227,22.27,1536,1530,2369,2364,1,0,1,40.97419435122675,40.81413890454227,57.8369140625
2228,22.28,1536,1525,2369,2364,1,0,1,40.97419435122675,40.68075936563854,57.8369140625
2229,22.29,1536,1529,2373,2364,1,0,1,40.97419435122675,40.78746299676152,57.9345703125
2230,22.3,1536,1527,2370,2364,1,0,1,40.97419435122675,40.73411118120003,57.861328125
2231,22.31,1536,1531,2372,2364,1,0,1,40.97419435122675,40.84081481232302,57.91015625
2232,22.32,1536,1529,2368,2364,1,0,1,40.97419435122675,40.78746299676152,57.8125
2233,22.33,1536,1528,2370,2364,1,0,1,40.97419435122675,40.76078708898078,57.861328125
2234,22.34,1536,1529,2371,2364,1,0,1,40.97419435122675,40.78746299676152,57.8857421875
2235,22.35,1536,1528,2370,2364,1,0,1,40.97419435122675,40.76078708898078,57.861328125
2236,22.36,1536,1529,2371,2364,1,0,1,40.97419435122675,40.78746299676152,57.8857421875
2237,22.37,1536,1530,2370,2364,1,0,1,40.97419435122675,40.81413890454227,57.861328125
2238,22.38,1536,1530,2369,2364,1,0,1,40.97419435122675,40.81413890454227,57.8369140625
2239,22.39,1536,1528,2369,2364,1,0,1,40.97419435122675,40.76078708898078,57.8369140625
2240,22.4,1536,1533,2371,2364,1,0,1,40.97419435122675,40.89416662788451,57.8857421875
2241,22.41,1536,1530,2366,2364,1,0,1,40.97419435122675,40.81413890454227,57.763671875
2242,22.42,1536,1536,2369,2364,1,0,1,40.97419435122675,40.97419435122675,57.8369140625
2243,22.43,1536,1530,2364,2364,1,0,1,40.97419435122675,40.81413890454227,57.71484375
2244,22.44,1536,1534,2369,2364,1,0,1,40.97419435122675,40.92084253566525,57.8369140625
2245,22.45,1536,1534,2365,2364,1,0,1,40.97419435122675,40.92084253566525,57.7392578125
2246,22.46,1536,1530,2365,2364,1,0,1,40.97419435122675,40.81413890454227,57.7392578125
2247,22.47,1536,1532,2369,2364,1,0,1,40.97419435122675,40.86749072010376,57.8369140625
2248,22.48,1536,1531,2367,2364,1,0,1,40.97419435122675,40.84081481232302,57.7880859375
2249,22.49,1536,1534,2368,2364,1,0,1,40.97419435122675,40.92084253566525,57.8125
2250,22.5,1536,1532,2365,2364,1,0,1,40.97419435122675,40.86749072010376,57.7392578125
2251,22.51,1536,1532,2367,2364,1,0,1,40.97419435122675,40.86749072010376,57.7880859375
2252,22.52,1536,1533,2367,2364,1,0,1,40.97419435122675,40.89416662788451,57.7880859375
2253,22.53,1536,1532,2366,2364,1,0,1,40.97419435122675,40.86749072010376,57.763671875
2254,22.54,1536,1532,2367,2364,1,0,1,40.97419435122675,40.86749072010376,57.7880859375
2255,22.55,1536,1537,2367,2364,1,0,1,40.97419435122675,41.00087025900749,57.7880859375
2256,22.56,1536,1532,2362,2363,1,0,1,40.97419435122675,40.86749072010376,57.666015625
2257,22.57,1536,1530,2366,2363,1,0,1,40.97419435122675,40.81413890454227,57.763671875
2258,22.58,1536,1534,2368,2363,1,0,1,40.97419435122675,40.92084253566525,57.8125
2259,22.59,1536,1530,2364,2363,1,0,1,40.97419435122675,40.81413890454227,57.71484375
2260,22.6,1536,1537,2368,2363,1,0,1,40.97419435122675,41.00087025900749,57.8125
2261,22.61,1536,1530,2361,2362,1,0,1,40.97419435122675,40.81413890454227,57.6416015625
2262,22.62,1536,1534,2367,2362,1,0,1,40.97419435122675,40.92084253566525,57.7880859375
2263,22.63,1536,1534,2363,2362,1,0,1,40.97419435122675,40.92084253566525,57.6904296875
2264,22.64,1536,1528,2363,2362,1,0,1,40.97419435122675,40.76078708898078,57.6904296875
2265,22.65,1536,1531,2369,2362,1,0,1,40.97419435122675,40.84081481232302,57.8369140625
2266,22.66,1536,1530,2366,2362,1,0,1,40.97419435122675,40.81413890454227,57.763671875
2267,22.67,1536,1532,2367,2362,1,0,1,40.97419435122675,40.86749072010376,57.7880859375
2268,22.68,1536,1530,2365,2362,1,0,1,40.97419435122675,40.81413890454227,57.7392578125
2269,22.69,1536,1528,2367,2362,1,0,1,40.97419435122675,40.76078708898078,57.7880859375
2270,22.7,1536,1526,2369,2362,1,0,1,40.97419435122675,40.70743527341928,57.8369140625
2271,22.71,1536,1529,2370,2362,1,0,1,40.97419435122675,40.78746299676152,57.861328125
2272,22.72,1536,1529,2368,2362,1,0,1,40.97419435122675,40.78746299676152,57.8125
2273,22.73,1536,1533,2368,2362,1,0,1,40.97419435122675,40.89416662788451,57.8125
2274,22.74,1536,1528,2364,2362,1,0,1,40.97419435122675,40.76078708898078,57.71484375
2275,22.75,1536,1526,2369,2362,1,0,1,40.97419435122675,40.70743527341928,57.8369140625
2276,22.76,1536,1531,2370,2362,1,0,1,40.97419435122675,40.84081481232302,57.861328125
2277,22.77,1536,1527,2366,2362,1,0,1,40.97419435122675,40.73411118120003,57.763671875
2278,22.78,1536,1533,2370,2362,1,0,1,40.97419435122675,40.89416662788451,57.861328125
2279,22.79,1536,1527,2364,2362,1,0,1,40.97419435122675,40.73411118120003,57.71484375
2280,22.8,1536,1531,2370,2362,1,0,1,40.97419435122675,40.84081481232302,57.861328125
2281,22.81,1536,1531,2366,2362,1,0,1,40.97419435122675,40.84081481232302,57.763671875
2282,22.82,1536,1526,2366,2362,1,0,1,40.97419435122675,40.70743527341928,57.763671875
2283,22.83,1536,1529,2370,2362,1,0,1,40.97419435122675,40.78746299676152,57.861328125
2284,22.84,1536,1528,2368,2362,1,0,1,40.97419435122675,40.76078708898078,57.8125
2285,22.85,1536,1530,2369,2362,1,0,1,40.97419435122675,40.81413890454227,57.8369140625
2286,22.86,1536,1529,2367,2362,1,0,1,40.97419435122675,40.78746299676152,57.7880859375
2287,22.87,1536,1528,2368,2362,1,0,1,40.97419435122675,40.76078708898078,57.8125
2288,22.88,1536,1526,2369,2362,1,0,1,40.97419435122675,40.70743527341928,57.8369140625
2289,22.89,1536,1527,2370,2362,1,0,1,40.97419435122675,40.73411118120003,57.861328125
2290,22.9,1536,1528,2370,2362,1,0,1,40.97419435122675,40.76078708898078,57.861328125
2291,22.91,1536,1533,2369,2362,1,0,1,40.97419435122675,40.89416662788451,57.8369140625
2292,22.92,1536,1528,2364,2362,1,0,1,40.97419435122675,40.76078708898078,57.71484375
2293,22.93,1536,1526,2369,2362,1,0,1,40.97419435122675,40.70743527341928,57.8369140625
2294,22.94,1536,1531,2370,2362,1,0,1,40.97419435122675,40.84081481232302,57.861328125
2295,22.95,1536,1526,2366,2362,1,0,1,40.97419435122675,40.70743527341928,57.763671875
2296,22.96,1536,1533,2370,2362,1,0,1,40.97419435122675,40.89416662788451,57.861328125
2297,22.97,1536,1527,2364,2362,1,0,1,40.97419435122675,40.73411118120003,57.71484375
2298,22.98,1536,1531,2370,2362,1,0,1,40.97419435122675,40.84081481232302,57.861328125
2299,22.99,1536,1531,2366,2362,1,0,1,40.97419435122675,40.84081481232302,57.763671875
2300,23.0,1536,1527,2366,2362,1,0,1,40.97419435122675,40.73411118120003,57.763671875
2301,23.01,1536,1530,2370,2362,1,0,1,40.97419435122675,40.81413890454227,57.861328125
2302,23.02,1536,1528,2367,2362,1,0,1,40.97419435122675,40.76078708898078,57.7880859375
2303,23.03,1536,1531,2369,2362,1,0,1,40.97419435122675,40.84081481232302,57.8369140625
2304,23.04,1536,1530,2366,2362,1,0,1,40.97419435122675,40.81413890454227,57.763671875
2305,23.05,1536,1528,2367,2362,1,0,1,40.97419435122675,40.76078708898078,57.7880859375
2306,23.06,1536,1527,2369,2362,1,0,1,40.97419435122675,40.73411118120003,57.8369140625
2307,23.07,1536,1528,2370,2362,1,0,1,40.97419435122675,40.76078708898078,57.861328125
2308,23.08,1536,1528,2369,2362,1,0,1,40.97419435122675,40.76078708898078,57.8369140625
2309,23.09,1536,1534,2369,2362,1,0,1,40.97419435122675,40.92084253566525,57.8369140625
2310,23.1,1536,1529,2363,2362,1,0,1,40.97419435122675,40.78746299676152,57.6904296875
2311,23.11,1536,1527,2368,2362,1,0,1,40.97419435122675,40.73411118120003,57.8125
2312,23.12,1536,1532,2370,2362,1,0,1,40.97419435122675,40.86749072010376,57.861328125
2313,23.13,1536,1528,2365,2362,1,0,1,40.97419435122675,40.76078708898078,57.7392578125
2314,23.14,1536,1534,2369,2362,1,0,1,40.97419435122675,40.92084253566525,57.8369140625
2315,23.15,1536,1528,2363,2362,1,0,1,40.97419435122675,40.76078708898078,57.6904296875
2316,23.16,1536,1531,2369,2362,1,0,1,40.97419435122675,40.84081481232302,57.8369140625
2317,23.17,1536,1532,2366,2362,1,0,1,40.97419435122675,40.86749072010376,57.763671875
2318,23.18,1536,1528,2365,2362,1,0,1,40.97419435122675,40.76078708898078,57.7392578125
2319,23.19,1536,1530,2369,2362,1,0,1,40.97419435122675,40.81413890454227,57.8369140625
2320,23.2,1536,1529,2367,2362,1,0,1,40.97419435122675,40.78746299676152,57.7880859375
2321,23.21,1536,1531,2368,2362,1,0,1,40.97419435122675,40.84081481232302,57.8125
2322,23.22,1536,1530,2366,2362,1,0,1,40.97419435122675,40.81413890454227,57.763671875
2323,23.23,1536,1529,2367,2362,1,0,1,40.97419435122675,40.78746299676152,57.7880859375
2324,23.24,1536,1527,2368,2362,1,0,1,40.97419435122675,40.73411118120003,57.8125
2325,23.25,1536,1529,2370,2362,1,0,1,40.97419435122675,40.78746299676152,57.861328125
2326,23.26,1536,1529,2368,2362,1,0,1,40.97419435122675,40.78746299676152,57.8125
2327,23.27,1536,1534,2368,2362,1,0,1,40.97419435122675,40.92084253566525,57.8125
2328,23.28,1536,1530,2363,2362,1,0,1,40.97419435122675,40.81413890454227,57.6904296875
2329,23.29,1536,1527,2367,2362,1,0,1,40.97419435122675,40.73411118120003,57.7880859375
2330,23.3,1536,1533,2370,2362,1,0,1,40.97419435122675,40.89416662788451,57.861328125
2331,23.31,1536,1528,2364,2362,1,0,1,40.97419435122675,40.76078708898078,57.71484375
2332,23.32,1536,1534,2369,2362,1,0,1,40.97419435122675,40.92084253566525,57.8369140625
2333,23.33,1536,1529,2363,2362,1,0,1,40.97419435122675,40.78746299676152,57.6904296875
2334,23.34,1536,1532,2368,2362,1,0,1,40.97419435122675,40.86749072010376,57.8125
2335,23.35,1536,1530,2365,2362,1,0,1,40.97419435122675,40.81413890454227,57.7392578125
2336,23.36,1536,1528,2367,2362,1,0,1,40.97419435122675,40.76078708898078,57.7880859375
2337,23.37,1536,1530,2369,2362,1,0,1,40.97419435122675,40.81413890454227,57.8369140625
2338,23.38,1536,1530,2367,2362,1,0,1,40.97419435122675,40.81413890454227,57.7880859375
2339,23.39,1536,1533,2367,2362,1,0,1,40.97419435122675,40.89416662788451,57.7880859375
2340,23.4,1536,1531,2364,2362,1,0,1,40.97419435122675,40.84081481232302,57.71484375
2341,23.41,1536,1530,2366,2362,1,0,1,40.97419435122675,40.81413890454227,57.763671875
2342,23.42,1536,1527,2367,2362,1,0,1,40.97419435122675,40.73411118120003,57.7880859375
2343,23.43,1536,1529,2370,2362,1,0,1,40.97419435122675,40.78746299676152,57.861328125
2344,23.44,1536,1529,2368,2362,1,0,1,40.97419435122675,40.78746299676152,57.8125
2345,23.45,1536,1535,2368,2362,1,0,1,40.97419435122675,40.947518443446,57.8125
2346,23.46,1536,1529,2362,2362,1,0,1,40.97419435122675,40.78746299676152,57.666015625
2347,23.47,1536,1528,2368,2362,1,0,1,40.97419435122675,40.76078708898078,57.8125
2348,23.48,1536,1533,2369,2362,1,0,1,40.97419435122675,40.89416662788451,57.8369140625
2349,23.49,1536,1529,2364,2362,1,0,1,40.97419435122675,40.78746299676152,57.71484375
2350,23.5,1536,1535,2368,2362,1,0,1,40.97419435122675,40.947518443446,57.8125
2351,23.51,1536,1529,2362,2362,1,0,1,40.97419435122675,40.78746299676152,57.666015625
2352,23.52,1536,1533,2368,2362,1,0,1,40.97419435122675,40.89416662788451,57.8125
2353,23.53,1536,1531,2364,2362,1,0,1,40.97419435122675,40.84081481232302,57.71484375
2354,23.54,1536,1528,2366,2362,1,0,1,40.97419435122675,40.76078708898078,57.763671875
2355,23.55,1536,1531,2369,2362,1,0,1,40.97419435122675,40.84081481232302,57.8369140625
2356,23.56,1536,1531,2366,2362,1,0,1,40.97419435122675,40.84081481232302,57.763671875
2357,23.57,1536,1531,2366,2362,1,0,1,40.97419435122675,40.84081481232302,57.763671875
2358,23.58,1536,1531,2366,2362,1,0,1,40.97419435122675,40.84081481232302,57.763671875
2359,23.59,1536,1531,2366,2362,1,0,1,40.97419435122675,40.84081481232302,57.763671875
2360,23.6,1536,1528,2366,2362,1,0,1,40.97419435122675,40.76078708898078,57.763671875
2361,23.61,1536,1534,2369,2362,1,0,1,40.97419435122675,40.92084253566525,57.8369140625
2362,23.62,1536,1530,2363,2362,1,0,1,40.97419435122675,40.81413890454227,57.6904296875
2363,23.63,1536,1535,2367,2362,1,0,1,40.97419435122675,40.947518443446,57.7880859375
2364,23.64,1536,1530,2362,2362,1,0,1,40.97419435122675,40.81413890454227,57.666015625
2365,23.65,1536,1529,2367,2362,1,0,1,40.97419435122675,40.78746299676152,57.7880859375
2366,23.66,1536,1534,2368,2362,1,0,1,40.97419435122675,40.92084253566525,57.8125
2367,23.67,1536,1530,2363,2362,1,0,1,40.97419435122675,40.81413890454227,57.6904296875
2368,23.68,1536,1532,2367,2362,1,0,1,40.97419435122675,40.86749072010376,57.7880859375
2369,23.69,1536,1531,2365,2362,1,0,1,40.97419435122675,40.84081481232302,57.7392578125
2370,23.7,1536,1535,2366,2362,1,0,1,40.97419435122675,40.947518443446,57.763671875
2371,23.71,1536,1533,2362,2362,1,0,1,40.97419435122675,40.89416662788451,57.666015625
2372,23.72,1536,1532,2364,2362,1,0,1,40.97419435122675,40.86749072010376,57.71484375
2373,23.73,1536,1533,2365,2362,1,0,1,40.97419435122675,40.89416662788451,57.7392578125
2374,23.74,1536,1532,2364,2362,1,0,1,40.97419435122675,40.86749072010376,57.71484375
2375,23.75,1536,1532,2365,2362,1,0,1,40.97419435122675,40.86749072010376,57.7392578125
2376,23.76,1536,1538,2365,2362,1,0,1,40.97419435122675,41.02754616678824,57.7392578125
2377,23.77,1536,1533,2359,2361,1,0,1,40.97419435122675,40.89416662788451,57.5927734375
2378,23.78,1536,1531,2363,2361,1,0,1,40.97419435122675,40.84081481232302,57.6904296875
2379,23.79,1536,1536,2365,2361,1,0,1,40.97419435122675,40.97419435122675,57.7392578125
2380,23.8,1536,1531,2361,2361,1,0,1,40.97419435122675,40.84081481232302,57.6416015625
2381,23.81,1536,1538,2365,2361,1,0,1,40.97419435122675,41.02754616678824,57.7392578125
2382,23.82,1536,1533,2358,2360,1,0,1,40.97419435122675,40.89416662788451,57.568359375
2383,23.83,1536,1536,2362,2360,1,0,1,40.97419435122675,40.97419435122675,57.666015625
2384,23.84,1536,1536,2360,2360,1,0,1,40.97419435122675,40.97419435122675,57.6171875
2385,23.85,1536,1531,2360,2360,1,0,1,40.97419435122675,40.84081481232302,57.6171875
2386,23.86,1536,1534,2364,2360,1,0,1,40.97419435122675,40.92084253566525,57.71484375
2387,23.87,1536,1533,2361,2360,1,0,1,40.97419435122675,40.89416662788451,57.6416015625
2388,23.88,1536,1536,2362,2360,1,0,1,40.97419435122675,40.97419435122675,57.666015625
2389,23.89,1536,1534,2360,2360,1,0,1,40.97419435122675,40.92084253566525,57.6171875
2390,23.9,1536,1534,2361,2360,1,0,1,40.97419435122675,40.92084253566525,57.6416015625
2391,23.91,1536,1532,2361,2360,1,0,1,40.97419435122675,40.86749072010376,57.6416015625
2392,23.92,1536,1534,2363,2360,1,0,1,40.97419435122675,40.92084253566525,57.6904296875
2393,23.93,1536,1534,2361,2360,1,0,1,40.97419435122675,40.92084253566525,57.6416015625
2394,23.94,1536,1539,2361,2360,1,0,1,40.97419435122675,41.05422207456899,57.6416015625
2395,23.95,1536,1533,2356,2359,1,0,1,40.97419435122675,40.89416662788451,57.51953125
2396,23.96,1536,1532,2361,2359,1,0,1,40.97419435122675,40.86749072010376,57.6416015625
2397,23.97,1536,1537,2362,2359,1,0,1,40.97419435122675,41.00087025900749,57.666015625
2398,23.98,1536,1532,2357,2358,1,0,1,40.97419435122675,40.86749072010376,57.5439453125
2399,23.99,1536,1535,2361,2358,1,0,1,40.97419435122675,40.947518443446,57.6416015625
2400,24.0,1536,1532,2358,2358,1,0,1,40.97419435122675,40.86749072010376,57.568359375
2401,24.01,1536,1536,2361,2358,1,0,1,40.97419435122675,40.97419435122675,57.6416015625
2402,24.02,1536,1534,2358,2358,1,0,1,40.97419435122675,40.92084253566525,57.568359375
2403,24.03,1536,1533,2359,2358,1,0,1,40.97419435122675,40.89416662788451,57.5927734375
2404,24.04,1536,1534,2360,2358,1,0,1,40.97419435122675,40.92084253566525,57.6171875
2405,24.05,1536,1533,2359,2358,1,0,1,40.97419435122675,40.89416662788451,57.5927734375
2406,24.06,1536,1532,2360,2358,1,0,1,40.97419435122675,40.86749072010376,57.6171875
2407,24.07,1536,1537,2361,2358,1,0,1,40.97419435122675,41.00087025900749,57.6416015625
2408,24.08,1536,1532,2356,2357,1,0,1,40.97419435122675,40.86749072010376,57.51953125
2409,24.09,1536,1530,2360,2357,1,0,1,40.97419435122675,40.81413890454227,57.6171875
2410,24.1,1536,1535,2362,2357,1,0,1,40.97419435122675,40.947518443446,57.666015625
2411,24.11,1536,1530,2357,2357,1,0,1,40.97419435122675,40.81413890454227,57.5439453125
2412,24.12,1536,1536,2362,2357,1,0,1,40.97419435122675,40.97419435122675,57.666015625
2413,24.13,1536,1531,2357,2357,1,0,1,40.97419435122675,40.84081481232302,57.5439453125
2414,24.14,1536,1535,2361,2357,1,0,1,40.97419435122675,40.947518443446,57.6416015625
2415,24.15,1536,1534,2357,2357,1,0,1,40.97419435122675,40.92084253566525,57.5439453125
2416,24.16,1536,1530,2358,2357,1,0,1,40.97419435122675,40.81413890454227,57.568359375
2417,24.17,1536,1532,2362,2357,1,0,1,40.97419435122675,40.86749072010376,57.666015625
2418,24.18,1536,1531,2360,2357,1,0,1,40.97419435122675,40.84081481232302,57.6171875
2419,24.19,1536,1533,2361,2357,1,0,1,40.97419435122675,40.89416662788451,57.6416015625
2420,24.2,1536,1531,2359,2357,1,0,1,40.97419435122675,40.84081481232302,57.5927734375
2421,24.21,1536,1530,2361,2357,1,0,1,40.97419435122675,40.81413890454227,57.6416015625
2422,24.22,1536,1529,2362,2357,1,0,1,40.97419435122675,40.78746299676152,57.666015625
2423,24.23,1536,1531,2363,2357,1,0,1,40.97419435122675,40.84081481232302,57.6904296875
2424,24.24,1536,1531,2361,2357,1,0,1,40.97419435122675,40.84081481232302,57.6416015625
2425,24.25,1536,1536,2361,2357,1,0,1,40.97419435122675,40.97419435122675,57.6416015625
2426,24.26,1536,1531,2357,2357,1,0,1,40.97419435122675,40.84081481232302,57.5439453125
2427,24.27,1536,1530,2361,2357,1,0,1,40.97419435122675,40.81413890454227,57.6416015625
2428,24.28,1536,1535,2362,2357,1,0,1,40.97419435122675,40.947518443446,57.666015625
2429,24.29,1536,1530,2357,2357,1,0,1,40.97419435122675,40.81413890454227,57.5439453125
2430,24.3,1536,1536,2362,2357,1,0,1,40.97419435122675,40.97419435122675,57.666015625
2431,24.31,1536,1530,2357,2357,1,0,1,40.97419435122675,40.81413890454227,57.5439453125
2432,24.32,1536,1533,2362,2357,1,0,1,40.97419435122675,40.89416662788451,57.666015625
2433,24.33,1536,1531,2359,2357,1,0,1,40.97419435122675,40.84081481232302,57.5927734375
2434,24.34,1536,1530,2361,2357,1,0,1,40.97419435122675,40.81413890454227,57.6416015625
2435,24.35,1536,1532,2362,2357,1,0,1,40.97419435122675,40.86749072010376,57.666015625
2436,24.36,1536,1532,2360,2357,1,0,1,40.97419435122675,40.86749072010376,57.6171875
2437,24.37,1536,1531,2360,2357,1,0,1,40.97419435122675,40.84081481232302,57.6171875
2438,24.38,1536,1532,2361,2357,1,0,1,40.97419435122675,40.86749072010376,57.6416015625
2439,24.39,1536,1531,2360,2357,1,0,1,40.97419435122675,40.84081481232302,57.6171875
2440,24.4,1536,1529,2361,2357,1,0,1,40.97419435122675,40.78746299676152,57.6416015625
2441,24.41,1536,1535,2363,2357,1,0,1,40.97419435122675,40.947518443446,57.6904296875
2442,24.42,1536,1532,2357,2357,1,0,1,40.97419435122675,40.86749072010376,57.5439453125
2443,24.43,1536,1537,2360,2357,1,0,1,40.97419435122675,41.00087025900749,57.6171875
2444,24.44,1536,1531,2355,2356,1,0,1,40.97419435122675,40.84081481232302,57.4951171875
2445,24.45,1536,1535,2360,2356,1,0,1,40.97419435122675,40.947518443446,57.6171875
2446,24.46,1536,1535,2356,2356,1,0,1,40.97419435122675,40.947518443446,57.51953125
2447,24.47,1536,1530,2356,2356,1,0,1,40.97419435122675,40.81413890454227,57.51953125
2448,24.48,1536,1533,2361,2356,1,0,1,40.97419435122675,40.89416662788451,57.6416015625
2449,24.49,1536,1531,2358,2356,1,0,1,40.97419435122675,40.84081481232302,57.568359375
2450,24.5,1536,1534,2360,2356,1,0,1,40.97419435122675,40.92084253566525,57.6171875
2451,24.51,1536,1532,2357,2356,1,0,1,40.97419435122675,40.86749072010376,57.5439453125
2452,24.52,1536,1532,2359,2356,1,0,1,40.97419435122675,40.86749072010376,57.5927734375
2453,24.53,1536,1532,2359,2356,1,0,1,40.97419435122675,40.86749072010376,57.5927734375
2454,24.54,1536,1531,2359,2356,1,0,1,40.97419435122675,40.84081481232302,57.5927734375
2455,24.55,1536,1532,2360,2356,1,0,1,40.97419435122675,40.86749072010376,57.6171875
2456,24.56,1536,1536,2359,2356,1,0,1,40.97419435122675,40.97419435122675,57.5927734375
2457,24.57,1536,1530,2356,2356,1,0,1,40.97419435122675,40.81413890454227,57.51953125
2458,24.58,1536,1528,2361,2356,1,0,1,40.97419435122675,40.76078708898078,57.6416015625
2459,24.59,1536,1534,2363,2356,1,0,1,40.97419435122675,40.92084253566525,57.6904296875
2460,24.6,1536,1529,2357,2356,1,0,1,40.97419435122675,40.78746299676152,57.5439453125
2461,24.61,1536,1536,2362,2356,1,0,1,40.97419435122675,40.97419435122675,57.666015625
2462,24.62,1536,1529,2356,2356,1,0,1,40.97419435122675,40.78746299676152,57.51953125
2463,24.63,1536,1532,2362,2356,1,0,1,40.97419435122675,40.86749072010376,57.666015625
2464,24.64,1536,1532,2359,2356,1,0,1,40.97419435122675,40.86749072010376,57.5927734375
2465,24.65,1536,1527,2359,2356,1,0,1,40.97419435122675,40.73411118120003,57.5927734375
2466,24.66,1536,1530,2364,2356,1,0,1,40.97419435122675,40.81413890454227,57.71484375
2467,24.67,1536,1528,2361,2356,1,0,1,40.97419435122675,40.76078708898078,57.6416015625
2468,24.68,1536,1530,2363,2356,1,0,1,40.97419435122675,40.81413890454227,57.6904296875
2469,24.69,1536,1529,2361,2356,1,0,1,40.97419435122675,40.78746299676152,57.6416015625
2470,24.7,1536,1528,2362,2356,1,0,1,40.97419435122675,40.76078708898078,57.666015625
2471,24.71,1536,1529,2363,2356,1,0,1,40.97419435122675,40.78746299676152,57.6904296875
2472,24.72,1536,1527,2362,2356,1,0,1,40.97419435122675,40.73411118120003,57.666015625
2473,24.73,1536,1527,2364,2356,1,0,1,40.97419435122675,40.73411118120003,57.71484375
2474,24.74,1536,1531,2364,2356,1,0,1,40.97419435122675,40.84081481232302,57.71484375
2475,24.75,1536,1527,2360,2356,1,0,1,40.97419435122675,40.73411118120003,57.6171875
2476,24.76,1536,1524,2364,2356,1,0,1,40.97419435122675,40.65408345785779,57.71484375
2477,24.77,1536,1528,2366,2356,1,0,1,40.97419435122675,40.76078708898078,57.763671875
2478,24.78,1536,1525,2363,2356,1,0,1,40.97419435122675,40.68075936563854,57.6904296875
2479,24.79,1536,1530,2365,2356,1,0,1,40.97419435122675,40.81413890454227,57.7392578125
2480,24.8,1536,1524,2361,2356,1,0,1,40.97419435122675,40.65408345785779,57.6416015625
2481,24.81,1536,1527,2366,2356,1,0,1,40.97419435122675,40.73411118120003,57.763671875
2482,24.82,1536,1527,2364,2356,1,0,1,40.97419435122675,40.73411118120003,57.71484375
2483,24.83,1536,1522,2364,2356,1,0,1,40.97419435122675,40.600731642296296,57.71484375
2484,24.84,1536,1524,2368,2356,1,0,1,40.97419435122675,40.65408345785779,57.8125
2485,24.85,1536,1522,2366,2356,1,0,1,40.97419435122675,40.600731642296296,57.763671875
2486,24.86,1536,1525,2368,2356,1,0,1,40.97419435122675,40.68075936563854,57.8125
2487,24.87,1536,1524,2365,2356,1,0,1,40.97419435122675,40.65408345785779,57.7392578125
2488,24.88,1536,1522,2366,2356,1,0,1,40.97419435122675,40.600731642296296,57.763671875
2489,24.89,1536,1523,2368,2356,1,0,1,40.97419435122675,40.627407550077045,57.8125
2490,24.9,1536,1522,2367,2356,1,0,1,40.97419435122675,40.600731642296296,57.7880859375
2491,24.91,1536,1523,2368,2356,1,0,1,40.97419435122675,40.627407550077045,57.8125
2492,24.92,1536,1523,2367,2356,1,0,1,40.97419435122675,40.627407550077045,57.7880859375
2493,24.93,1536,1523,2367,2356,1,0,1,40.97419435122675,40.627407550077045,57.7880859375
2494,24.94,1536,1521,2367,2356,1,0,1,40.97419435122675,40.57405573451555,57.7880859375
2495,24.95,1536,1523,2369,2356,1,0,1,40.97419435122675,40.627407550077045,57.8369140625
2496,24.96,1536,1523,2367,2356,1,0,1,40.97419435122675,40.627407550077045,57.7880859375
2497,24.97,1536,1528,2367,2356,1,0,1,40.97419435122675,40.76078708898078,57.7880859375
2498,24.98,1536,1524,2363,2356,1,0,1,40.97419435122675,40.65408345785779,57.6904296875
2499,24.99,1536,1522,2366,2356,1,0,1,40.97419435122675,40.600731642296296,57.763671875
2500,25.0,1536,1528,2368,2356,1,0,1,40.97419435122675,40.76078708898078,57.8125
2501,25.01,1536,1524,2363,2356,1,0,1,40.97419435122675,40.65408345785779,57.6904296875
2502,25.02,1536,1530,2366,2356,1,0,1,40.97419435122675,40.81413890454227,57.763671875
2503,25.03,1536,1524,2361,2356,1,0,1,40.97419435122675,40.65408345785779,57.6416015625
2504,25.04,1536,1528,2366,2356,1,0,1,40.97419435122675,40.76078708898078,57.763671875
2505,25.05,1536,1528,2363,2356,1,0,1,40.97419435122675,40.76078708898078,57.6904296875
2506,25.06,1536,1524,2363,2356,1,0,1,40.97419435122675,40.65408345785779,57.6904296875
2507,25.07,1536,1526,2366,2356,1,0,1,40.97419435122675,40.70743527341928,57.763671875
2508,25.08,1536,1526,2364,2356,1,0,1,40.97419435122675,40.70743527341928,57.71484375
2509,25.09,1536,1529,2364,2356,1,0,1,40.97419435122675,40.78746299676152,57.71484375
2510,25.1,1536,1526,2362,2356,1,0,1,40.97419435122675,40.70743527341928,57.666015625
2511,25.11,1536,1526,2364,2356,1,0,1,40.97419435122675,40.70743527341928,57.71484375
2512,25.12,1536,1527,2364,2356,1,0,1,40.97419435122675,40.73411118120003,57.71484375
2513,25.13,1536,1526,2364,2356,1,0,1,40.97419435122675,40.70743527341928,57.71484375
2514,25.14,1536,1527,2364,2356,1,0,1,40.97419435122675,40.73411118120003,57.71484375
2515,25.15,1536,1531,2364,2356,1,0,1,40.97419435122675,40.84081481232302,57.71484375
2516,25.16,1536,1527,2360,2356,1,0,1,40.97419435122675,40.73411118120003,57.6171875
2517,25.17,1536,1525,2364,2356,1,0,1,40.97419435122675,40.68075936563854,57.71484375
2518,25.18,1536,1530,2365,2356,1,0,1,40.97419435122675,40.81413890454227,57.7392578125
2519,25.19,1536,1526,2361,2356,1,0,1,40.97419435122675,40.70743527341928,57.6416015625
2520,25.2,1536,1532,2364,2356,1,0,1,40.97419435122675,40.86749072010376,57.71484375
2521,25.21,1536,1526,2359,2356,1,0,1,40.97419435122675,40.70743527341928,57.5927734375
2522,25.22,1536,1529,2364,2356,1,0,1,40.97419435122675,40.78746299676152,57.71484375
2523,25.23,1536,1530,2362,2356,1,0,1,40.97419435122675,40.81413890454227,57.666015625
2524,25.24,1536,1526,2361,2356,1,0,1,40.97419435122675,40.70743527341928,57.6416015625
2525,25.25,1536,1528,2364,2356,1,0,1,40.97419435122675,40.76078708898078,57.71484375
2526,25.26,1536,1526,2363,2356,1,0,1,40.97419435122675,40.70743527341928,57.6904296875
2527,25.27,1536,1529,2364,2356,1,0,1,40.97419435122675,40.78746299676152,57.71484375
2528,25.28,1536,1527,2362,2356,1,0,1,40.97419435122675,40.73411118120003,57.666015625
2529,25.29,1536,1527,2364,2356,1,0,1,40.97419435122675,40.73411118120003,57.71484375
2530,25.3,1536,1527,2364,2356,1,0,1,40.97419435122675,40.73411118120003,57.71484375
2531,25.31,1536,1527,2364,2356,1,0,1,40.97419435122675,40.73411118120003,57.71484375
2532,25.32,1536,1527,2364,2356,1,0,1,40.97419435122675,40.73411118120003,57.71484375
2533,25.33,1536,1528,2364,2356,1,0,1,40.97419435122675,40.76078708898078,57.71484375
2534,25.34,1536,1527,2363,2356,1,0,1,40.97419435122675,40.73411118120003,57.6904296875
2535,25.35,1536,1524,2364,2356,1,0,1,40.97419435122675,40.65408345785779,57.71484375
2536,25.36,1536,1529,2366,2356,1,0,1,40.97419435122675,40.78746299676152,57.763671875
2537,25.37,1536,1527,2362,2356,1,0,1,40.97419435122675,40.73411118120003,57.666015625
2538,25.38,1536,1532,2364,2356,1,0,1,40.97419435122675,40.86749072010376,57.71484375
2539,25.39,1536,1525,2359,2356,1,0,1,40.97419435122675,40.68075936563854,57.5927734375
2540,25.4,1536,1524,2365,2356,1,0,1,40.97419435122675,40.65408345785779,57.7392578125
2541,25.41,1536,1529,2366,2356,1,0,1,40.97419435122675,40.78746299676152,57.763671875
2542,25.42,1536,1525,2362,2356,1,0,1,40.97419435122675,40.68075936563854,57.666015625
2543,25.43,1536,1527,2365,2356,1,0,1,40.97419435122675,40.73411118120003,57.7392578125
2544,25.44,1536,1525,2364,2356,1,0,1,40.97419435122675,40.68075936563854,57.71484375
2545,25.45,1536,1528,2365,2356,1,0,1,40.97419435122675,40.76078708898078,57.7392578125
2546,25.46,1536,1526,2363,2356,1,0,1,40.97419435122675,40.70743527341928,57.6904296875
2547,25.47,1536,1524,2364,2356,1,0,1,40.97419435122675,40.65408345785779,57.71484375
2548,25.48,1536,1525,2366,2356,1,0,1,40.97419435122675,40.68075936563854,57.763671875
2549,25.49,1536,1524,2365,2356,1,0,1,40.97419435122675,40.65408345785779,57.7392578125
2550,25.5,1536,1527,2366,2356,1,0,1,40.97419435122675,40.73411118120003,57.763671875
2551,25.51,1536,1524,2364,2356,1,0,1,40.97419435122675,40.65408345785779,57.71484375
2552,25.52,1536,1523,2366,2356,1,0,1,40.97419435122675,40.627407550077045,57.763671875
2553,25.53,1536,1521,2367,2356,1,0,1,40.97419435122675,40.57405573451555,57.7880859375
2554,25.54,1536,1521,2369,2356,1,0,1,40.97419435122675,40.57405573451555,57.8369140625
2555,25.55,1536,1521,2369,2356,1,0,1,40.97419435122675,40.57405573451555,57.8369140625
2556,25.56,1536,1526,2369,2356,1,0,1,40.97419435122675,40.70743527341928,57.8369140625
2557,25.57,1536,1521,2364,2356,1,0,1,40.97419435122675,40.57405573451555,57.71484375
2558,25.58,1536,1519,2369,2356,1,0,1,40.97419435122675,40.520703918954055,57.8369140625
2559,25.59,1536,1524,2372,2357,1,0,1,40.97419435122675,40.65408345785779,57.91015625
2560,25.6,1536,1520,2367,2357,1,0,1,40.97419435122675,40.547379826734804,57.7880859375
2561,25.61,1536,1526,2371,2357,1,0,1,40.97419435122675,40.70743527341928,57.8857421875
2562,25.62,1536,1520,2365,2357,1,0,1,40.97419435122675,40.547379826734804,57.7392578125
2563,25.63,1536,1518,2371,2357,1,0,1,40.97419435122675,40.494028011173306,57.8857421875
2564,25.64,1536,1524,2374,2358,1,0,1,40.97419435122675,40.65408345785779,57.958984375
2565,25.65,1536,1519,2368,2358,1,0,1,40.97419435122675,40.520703918954055,57.8125
2566,25.66,1536,1522,2374,2359,1,0,1,40.97419435122675,40.600731642296296,57.958984375
2567,25.67,1536,1521,2371,2359,1,0,1,40.97419435122675,40.57405573451555,57.8857421875
2568,25.68,1536,1525,2372,2359,1,0,1,40.97419435122675,40.68075936563854,57.91015625
2569,25.69,1536,1523,2368,2359,1,0,1,40.97419435122675,40.627407550077045,57.8125
2570,25.7,1536,1522,2370,2359,1,0,1,40.97419435122675,40.600731642296296,57.861328125
2571,25.71,1536,1523,2371,2359,1,0,1,40.97419435122675,40.627407550077045,57.8857421875
2572,25.72,1536,1523,2370,2359,1,0,1,40.97419435122675,40.627407550077045,57.861328125
2573,25.73,1536,1526,2370,2359,1,0,1,40.97419435122675,40.70743527341928,57.861328125
2574,25.74,1536,1525,2367,2359,1,0,1,40.97419435122675,40.68075936563854,57.7880859375
2575,25.75,1536,1525,2368,2359,1,0,1,40.97419435122675,40.68075936563854,57.8125
2576,25.76,1536,1526,2368,2359,1,0,1,40.97419435122675,40.70743527341928,57.8125
2577,25.77,1536,1525,2367,2359,1,0,1,40.97419435122675,40.68075936563854,57.7880859375
2578,25.78,1536,1525,2368,2359,1,0,1,40.97419435122675,40.68075936563854,57.8125
2579,25.79,1536,1531,2368,2359,1,0,1,40.97419435122675,40.84081481232302,57.8125
2580,25.8,1536,1526,2363,2359,1,0,1,40.97419435122675,40.70743527341928,57.6904296875
2581,25.81,1536,1524,2367,2359,1,0,1,40.97419435122675,40.65408345785779,57.7880859375
2582,25.82,1536,1530,2369,2359,1,0,1,40.97419435122675,40.81413890454227,57.8369140625
2583,25.83,1536,1526,2364,2359,1,0,1,40.97419435122675,40.70743527341928,57.71484375
2584,25.84,1536,1532,2367,2359,1,0,1,40.97419435122675,40.86749072010376,57.7880859375
2585,25.85,1536,1526,2362,2359,1,0,1,40.97419435122675,40.70743527341928,57.666015625
2586,25.86,1536,1529,2367,2359,1,0,1,40.97419435122675,40.78746299676152,57.7880859375
2587,25.87,1536,1530,2365,2359,1,0,1,40.97419435122675,40.81413890454227,57.7392578125
2588,25.88,1536,1525,2364,2359,1,0,1,40.97419435122675,40.68075936563854,57.71484375
2589,25.89,1536,1528,2368,2359,1,0,1,40.97419435122675,40.76078708898078,57.8125
2590,25.9,1536,1526,2366,2359,1,0,1,40.97419435122675,40.70743527341928,57.763671875
2591,25.91,1536,1530,2367,2359,1,0,1,40.97419435122675,40.81413890454227,57.7880859375
2592,25.92,1536,1528,2364,2359,1,0,1,40.97419435122675,40.76078708898078,57.71484375
2593,25.93,1536,1527,2366,2359,1,0,1,40.97419435122675,40.73411118120003,57.763671875
2594,25.94,1536,1528,2367,2359,1,0,1,40.97419435122675,40.76078708898078,57.7880859375
2595,25.95,1536,1526,2366,2359,1,0,1,40.97419435122675,40.70743527341928,57.763671875
2596,25.96,1536,1526,2367,2359,1,0,1,40.97419435122675,40.70743527341928,57.7880859375
2597,25.97,1536,1527,2367,2359,1,0,1,40.97419435122675,40.73411118120003,57.7880859375
2598,25.98,1536,1526,2367,2359,1,0,1,40.97419435122675,40.70743527341928,57.7880859375
2599,25.99,1536,1524,2367,2359,1,0,1,40.97419435122675,40.65408345785779,57.7880859375
2600,26.0,1536,1529,2369,2359,1,0,1,40.97419435122675,40.78746299676152,57.8369140625
2601,26.01,1536,1526,2365,2359,1,0,1,40.97419435122675,40.70743527341928,57.7392578125
2602,26.02,1536,1531,2367,2359,1,0,1,40.97419435122675,40.84081481232302,57.7880859375
2603,26.03,1536,1525,2363,2359,1,0,1,40.97419435122675,40.68075936563854,57.6904296875
2604,26.04,1536,1524,2368,2359,1,0,1,40.97419435122675,40.65408345785779,57.8125
2605,26.05,1536,1529,2369,2359,1,0,1,40.97419435122675,40.78746299676152,57.8369140625
2606,26.06,1536,1525,2365,2359,1,0,1,40.97419435122675,40.68075936563854,57.7392578125
2607,26.07,1536,1527,2368,2359,1,0,1,40.97419435122675,40.73411118120003,57.8125
2608,26.08,1536,1525,2367,2359,1,0,1,40.97419435122675,40.68075936563854,57.7880859375
2609,26.09,1536,1529,2368,2359,1,0,1,40.97419435122675,40.78746299676152,57.8125
2610,26.1,1536,1527,2365,2359,1,0,1,40.97419435122675,40.73411118120003,57.7392578125
2611,26.11,1536,1525,2367,2359,1,0,1,40.97419435122675,40.68075936563854,57.7880859375
2612,26.12,1536,1527,2368,2359,1,0,1,40.97419435122675,40.73411118120003,57.8125
2613,26.13,1536,1526,2367,2359,1,0,1,40.97419435122675,40.70743527341928,57.7880859375
2614,26.14,1536,1526,2367,2359,1,0,1,40.97419435122675,40.70743527341928,57.7880859375
2615,26.15,1536,1527,2367,2359,1,0,1,40.97419435122675,40.73411118120003,57.7880859375
2616,26.16,1536,1526,2367,2359,1,0,1,40.97419435122675,40.70743527341928,57.7880859375
2617,26.17,1536,1524,2367,2359,1,0,1,40.97419435122675,40.65408345785779,57.7880859375
2618,26.18,1536,1526,2369,2359,1,0,1,40.97419435122675,40.70743527341928,57.8369140625
2619,26.19,1536,1526,2367,2359,1,0,1,40.97419435122675,40.70743527341928,57.7880859375
2620,26.2,1536,1531,2367,2359,1,0,1,40.97419435122675,40.84081481232302,57.7880859375
2621,26.21,1536,1525,2363,2359,1,0,1,40.97419435122675,40.68075936563854,57.6904296875
2622,26.22,1536,1524,2368,2359,1,0,1,40.97419435122675,40.65408345785779,57.8125
2623,26.23,1536,1529,2369,2359,1,0,1,40.97419435122675,40.78746299676152,57.8369140625
2624,26.24,1536,1524,2365,2359,1,0,1,40.97419435122675,40.65408345785779,57.7392578125
2625,26.25,1536,1531,2369,2359,1,0,1,40.97419435122675,40.84081481232302,57.8369140625
2626,26.26,1536,1525,2363,2359,1,0,1,40.97419435122675,40.68075936563854,57.6904296875
2627,26.27,1536,1529,2368,2359,1,0,1,40.97419435122675,40.78746299676152,57.8125
2628,26.28,1536,1529,2365,2359,1,0,1,40.97419435122675,40.78746299676152,57.7392578125
2629,26.29,1536,1524,2365,2359,1,0,1,40.97419435122675,40.65408345785779,57.7392578125
2630,26.3,1536,1526,2369,2359,1,0,1,40.97419435122675,40.70743527341928,57.8369140625
2631,26.31,1536,1525,2367,2359,1,0,1,40.97419435122675,40.68075936563854,57.7880859375
2632,26.32,1536,1528,2368,2359,1,0,1,40.97419435122675,40.76078708898078,57.8125
2633,26.33,1536,1525,2366,2359,1,0,1,40.97419435122675,40.68075936563854,57.763671875
2634,26.34,1536,1525,2368,2359,1,0,1,40.97419435122675,40.68075936563854,57.8125
2635,26.35,1536,1526,2368,2359,1,0,1,40.97419435122675,40.70743527341928,57.8125
2636,26.36,1536,1525,2367,2359,1,0,1,40.97419435122675,40.68075936563854,57.7880859375
2637,26.37,1536,1525,2368,2359,1,0,1,40.97419435122675,40.68075936563854,57.8125
2638,26.38,1536,1530,2368,2359,1,0,1,40.97419435122675,40.81413890454227,57.8125
2639,26.39,1536,1525,2364,2359,1,0,1,40.97419435122675,40.68075936563854,57.71484375
2640,26.4,1536,1524,2368,2359,1,0,1,40.97419435122675,40.65408345785779,57.8125
2641,26.41,1536,1529,2369,2359,1,0,1,40.97419435122675,40.78746299676152,57.8369140625
2642,26.42,1536,1526,2365,2359,1,0,1,40.97419435122675,40.70743527341928,57.7392578125
2643,26.43,1536,1531,2367,2359,1,0,1,40.97419435122675,40.84081481232302,57.7880859375
2644,26.44,1536,1525,2363,2359,1,0,1,40.97419435122675,40.68075936563854,57.6904296875
2645,26.45,1536,1530,2368,2359,1,0,1,40.97419435122675,40.81413890454227,57.8125
2646,26.46,1536,1530,2364,2359,1,0,1,40.97419435122675,40.81413890454227,57.71484375
2647,26.47,1536,1525,2364,2359,1,0,1,40.97419435122675,40.68075936563854,57.71484375
2648,26.48,1536,1528,2368,2359,1,0,1,40.97419435122675,40.76078708898078,57.8125
2649,26.49,1536,1526,2366,2359,1,0,1,40.97419435122675,40.70743527341928,57.763671875
2650,26.5,1536,1530,2367,2359,1,0,1,40.97419435122675,40.81413890454227,57.7880859375
2651,26.51,1536,1529,2364,2359,1,0,1,40.97419435122675,40.78746299676152,57.71484375
2652,26.52,1536,1528,2365,2359,1,0,1,40.97419435122675,40.76078708898078,57.7392578125
2653,26.53,1536,1529,2366,2359,1,0,1,40.97419435122675,40.78746299676152,57.763671875
2654,26.54,1536,1528,2365,2359,1,0,1,40.97419435122675,40.76078708898078,57.7392578125
2655,26.55,1536,1528,2366,2359,1,0,1,40.97419435122675,40.76078708898078,57.763671875
2656,26.56,1536,1529,2366,2359,1,0,1,40.97419435122675,40.78746299676152,57.763671875
2657,26.57,1536,1528,2365,2359,1,0,1,40.97419435122675,40.76078708898078,57.7392578125
2658,26.58,1536,1526,2366,2359,1,0,1,40.97419435122675,40.70743527341928,57.763671875
2659,26.59,1536,1531,2367,2359,1,0,1,40.97419435122675,40.84081481232302,57.7880859375
2660,26.6,1536,1529,2363,2359,1,0,1,40.97419435122675,40.78746299676152,57.6904296875
2661,26.61,1536,1533,2365,2359,1,0,1,40.97419435122675,40.89416662788451,57.7392578125
2662,26.62,1536,1528,2361,2359,1,0,1,40.97419435122675,40.76078708898078,57.6416015625
2663,26.63,1536,1532,2366,2359,1,0,1,40.97419435122675,40.86749072010376,57.763671875
2664,26.64,1536,1532,2362,2359,1,0,1,40.97419435122675,40.86749072010376,57.666015625
2665,26.65,1536,1527,2362,2359,1,0,1,40.97419435122675,40.73411118120003,57.666015625
2666,26.66,1536,1530,2367,2359,1,0,1,40.97419435122675,40.81413890454227,57.7880859375
2667,26.67,1536,1528,2364,2359,1,0,1,40.97419435122675,40.76078708898078,57.71484375
2668,26.68,1536,1532,2366,2359,1,0,1,40.97419435122675,40.86749072010376,57.763671875
2669,26.69,1536,1531,2362,2359,1,0,1,40.97419435122675,40.84081481232302,57.666015625
2670,26.7,1536,1530,2363,2359,1,0,1,40.97419435122675,40.81413890454227,57.6904296875
2671,26.71,1536,1531,2364,2359,1,0,1,40.97419435122675,40.84081481232302,57.71484375
2672,26.72,1536,1531,2363,2359,1,0,1,40.97419435122675,40.84081481232302,57.6904296875
2673,26.73,1536,1531,2363,2359,1,0,1,40.97419435122675,40.84081481232302,57.6904296875
2674,26.74,1536,1536,2363,2359,1,0,1,40.97419435122675,40.97419435122675,57.6904296875
2675,26.75,1536,1531,2359,2359,1,0,1,40.97419435122675,40.84081481232302,57.5927734375
2676,26.76,1536,1529,2363,2359,1,0,1,40.97419435122675,40.78746299676152,57.6904296875
2677,26.77,1536,1535,2365,2359,1,0,1,40.97419435122675,40.947518443446,57.7392578125
2678,26.78,1536,1532,2359,2359,1,0,1,40.97419435122675,40.86749072010376,57.5927734375
2679,26.79,1536,1536,2362,2359,1,0,1,40.97419435122675,40.97419435122675,57.666015625
2680,26.8,1536,1530,2359,2359,1,0,1,40.97419435122675,40.81413890454227,57.5927734375
2681,26.81,1536,1534,2364,2359,1,0,1,40.97419435122675,40.92084253566525,57.71484375
2682,26.82,1536,1534,2360,2359,1,0,1,40.97419435122675,40.92084253566525,57.6171875
2683,26.83,1536,1530,2360,2359,1,0,1,40.97419435122675,40.81413890454227,57.6171875
2684,26.84,1536,1532,2364,2359,1,0,1,40.97419435122675,40.86749072010376,57.71484375
2685,26.85,1536,1532,2362,2359,1,0,1,40.97419435122675,40.86749072010376,57.666015625
2686,26.86,1536,1533,2362,2359,1,0,1,40.97419435122675,40.89416662788451,57.666015625
2687,26.87,1536,1532,2361,2359,1,0,1,40.97419435122675,40.86749072010376,57.6416015625
2688,26.88,1536,1531,2362,2359,1,0,1,40.97419435122675,40.84081481232302,57.666015625
2689,26.89,1536,1529,2363,2359,1,0,1,40.97419435122675,40.78746299676152,57.6904296875
2690,26.9,1536,1531,2365,2359,1,0,1,40.97419435122675,40.84081481232302,57.7392578125
2691,26.91,1536,1530,2363,2359,1,0,1,40.97419435122675,40.81413890454227,57.6904296875
2692,26.92,1536,1535,2364,2359,1,0,1,40.97419435122675,40.947518443446,57.71484375
2693,26.93,1536,1530,2359,2359,1,0,1,40.97419435122675,40.81413890454227,57.5927734375
2694,26.94,1536,1527,2364,2359,1,0,1,40.97419435122675,40.73411118120003,57.71484375
2695,26.95,1536,1532,2367,2359,1,0,1,40.97419435122675,40.86749072010376,57.7880859375
2696,26.96,1536,1527,2362,2359,1,0,1,40.97419435122675,40.73411118120003,57.666015625
2697,26.97,1536,1534,2367,2359,1,0,1,40.97419435122675,40.92084253566525,57.7880859375
2698,26.98,1536,1528,2360,2359,1,0,1,40.97419435122675,40.76078708898078,57.6171875
2699,26.99,1536,1532,2366,2359,1,0,1,40.97419435122675,40.86749072010376,57.763671875
2700,27.0,1536,1529,2362,2359,1,0,1,40.97419435122675,40.78746299676152,57.666015625
2701,27.01,1536,1526,2365,2359,1,0,1,40.97419435122675,40.70743527341928,57.7392578125
2702,27.02,1536,1529,2367,2359,1,0,1,40.97419435122675,40.78746299676152,57.7880859375
2703,27.03,1536,1527,2365,2359,1,0,1,40.97419435122675,40.73411118120003,57.7392578125
2704,27.04,1536,1530,2367,2359,1,0,1,40.97419435122675,40.81413890454227,57.7880859375
2705,27.05,1536,1528,2364,2359,1,0,1,40.97419435122675,40.76078708898078,57.71484375
2706,27.06,1536,1527,2366,2359,1,0,1,40.97419435122675,40.73411118120003,57.763671875
2707,27.07,1536,1524,2367,2359,1,0,1,40.97419435122675,40.65408345785779,57.7880859375
2708,27.08,1536,1527,2369,2359,1,0,1,40.97419435122675,40.73411118120003,57.8369140625
2709,27.09,1536,1527,2367,2359,1,0,1,40.97419435122675,40.73411118120003,57.7880859375
2710,27.1,1536,1532,2367,2359,1,0,1,40.97419435122675,40.86749072010376,57.7880859375
2711,27.11,1536,1527,2362,2359,1,0,1,40.97419435122675,40.73411118120003,57.666015625
2712,27.12,1536,1525,2367,2359,1,0,1,40.97419435122675,40.68075936563854,57.7880859375
2713,27.13,1536,1530,2368,2359,1,0,1,40.97419435122675,40.81413890454227,57.8125
2714,27.14,1536,1526,2364,2359,1,0,1,40.97419435122675,40.70743527341928,57.71484375
2715,27.15,1536,1532,2367,2359,1,0,1,40.97419435122675,40.86749072010376,57.7880859375
2716,27.16,1536,1527,2362,2359,1,0,1,40.97419435122675,40.73411118120003,57.666015625
2717,27.17,1536,1531,2367,2359,1,0,1,40.97419435122675,40.84081481232302,57.7880859375
2718,27.18,1536,1531,2363,2359,1,0,1,40.97419435122675,40.84081481232302,57.6904296875
2719,27.19,1536,1527,2363,2359,1,0,1,40.97419435122675,40.73411118120003,57.6904296875
2720,27.2,1536,1529,2367,2359,1,0,1,40.97419435122675,40.78746299676152,57.7880859375
2721,27.21,1536,1528,2365,2359,1,0,1,40.97419435122675,40.76078708898078,57.7392578125
2722,27.22,1536,1532,2366,2359,1,0,1,40.97419435122675,40.86749072010376,57.763671875
2723,27.23,1536,1530,2362,2359,1,0,1,40.97419435122675,40.81413890454227,57.666015625
2724,27.24,1536,1530,2364,2359,1,0,1,40.97419435122675,40.81413890454227,57.71484375
2725,27.25,1536,1530,2364,2359,1,0,1,40.97419435122675,40.81413890454227,57.71484375
2726,27.26,1536,1530,2364,2359,1,0,1,40.97419435122675,40.81413890454227,57.71484375
2727,27.27,1536,1530,2364,2359,1,0,1,40.97419435122675,40.81413890454227,57.71484375
2728,27.28,1536,1535,2364,2359,1,0,1,40.97419435122675,40.947518443446,57.71484375
2729,27.29,1536,1531,2359,2359,1,0,1,40.97419435122675,40.84081481232302,57.5927734375
2730,27.3,1536,1529,2363,2359,1,0,1,40.97419435122675,40.78746299676152,57.6904296875
2731,27.31,1536,1534,2365,2359,1,0,1,40.97419435122675,40.92084253566525,57.7392578125
2732,27.32,1536,1530,2360,2359,1,0,1,40.97419435122675,40.81413890454227,57.6171875
2733,27.33,1536,1536,2364,2359,1,0,1,40.97419435122675,40.97419435122675,57.71484375
2734,27.34,1536,1530,2359,2359,1,0,1,40.97419435122675,40.81413890454227,57.5927734375
2735,27.35,1536,1534,2364,2359,1,0,1,40.97419435122675,40.92084253566525,57.71484375
2736,27.36,1536,1531,2360,2359,1,0,1,40.97419435122675,40.84081481232302,57.6171875
2737,27.37,1536,1529,2363,2359,1,0,1,40.97419435122675,40.78746299676152,57.6904296875
2738,27.38,1536,1532,2365,2359,1,0,1,40.97419435122675,40.86749072010376,57.7392578125
2739,27.39,1536,1531,2362,2359,1,0,1,40.97419435122675,40.84081481232302,57.666015625
2740,27.4,1536,1533,2363,2359,1,0,1,40.97419435122675,40.89416662788451,57.6904296875
2741,27.41,1536,1532,2361,2359,1,0,1,40.97419435122675,40.86749072010376,57.6416015625
2742,27.42,1536,1530,2362,2359,1,0,1,40.97419435122675,40.81413890454227,57.666015625
2743,27.43,1536,1528,2364,2359,1,0,1,40.97419435122675,40.76078708898078,57.71484375
2744,27.44,1536,1530,2366,2359,1,0,1,40.97419435122675,40.81413890454227,57.763671875
2745,27.45,1536,1530,2364,2359,1,0,1,40.97419435122675,40.81413890454227,57.71484375
2746,27.46,1536,1535,2364,2359,1,0,1,40.97419435122675,40.947518443446,57.71484375
2747,27.47,1536,1529,2359,2359,1,0,1,40.97419435122675,40.78746299676152,57.5927734375
2748,27.48,1536,1527,2365,2359,1,0,1,40.97419435122675,40.73411118120003,57.7392578125
2749,27.49,1536,1532,2367,2359,1,0,1,40.97419435122675,40.86749072010376,57.7880859375
2750,27.5,1536,1527,2362,2359,1,0,1,40.97419435122675,40.73411118120003,57.666015625
2751,27.51,1536,1534,2367,2359,1,0,1,40.97419435122675,40.92084253566525,57.7880859375
2752,27.52,1536,1528,2360,2359,1,0,1,40.97419435122675,40.76078708898078,57.6171875
2753,27.53,1536,1531,2366,2359,1,0,1,40.97419435122675,40.84081481232302,57.763671875
2754,27.54,1536,1530,2363,2359,1,0,1,40.97419435122675,40.81413890454227,57.6904296875
2755,27.55,1536,1527,2364,2359,1,0,1,40.97419435122675,40.73411118120003,57.71484375
2756,27.56,1536,1529,2367,2359,1,0,1,40.97419435122675,40.78746299676152,57.7880859375
2757,27.57,1536,1528,2365,2359,1,0,1,40.97419435122675,40.76078708898078,57.7392578125
2758,27.58,1536,1528,2366,2359,1,0,1,40.97419435122675,40.76078708898078,57.763671875
2759,27.59,1536,1529,2366,2359,1,0,1,40.97419435122675,40.78746299676152,57.763671875
2760,27.6,1536,1528,2365,2359,1,0,1,40.97419435122675,40.76078708898078,57.7392578125
2761,27.61,1536,1526,2366,2359,1,0,1,40.97419435122675,40.70743527341928,57.763671875
2762,27.62,1536,1528,2367,2359,1,0,1,40.97419435122675,40.76078708898078,57.7880859375
2763,27.63,1536,1528,2366,2359,1,0,1,40.97419435122675,40.76078708898078,57.763671875
2764,27.64,1536,1533,2366,2359,1,0,1,40.97419435122675,40.89416662788451,57.763671875
2765,27.65,1536,1527,2361,2359,1,0,1,40.97419435122675,40.73411118120003,57.6416015625
2766,27.66,1536,1526,2367,2359,1,0,1,40.97419435122675,40.70743527341928,57.7880859375
2767,27.67,1536,1531,2367,2359,1,0,1,40.97419435122675,40.84081481232302,57.7880859375
2768,27.68,1536,1526,2363,2359,1,0,1,40.97419435122675,40.70743527341928,57.6904296875
2769,27.69,1536,1533,2367,2359,1,0,1,40.97419435122675,40.89416662788451,57.7880859375
2770,27.7,1536,1526,2361,2359,1,0,1,40.97419435122675,40.70743527341928,57.6416015625
2771,27.71,1536,1530,2367,2359,1,0,1,40.97419435122675,40.81413890454227,57.7880859375
2772,27.72,1536,1528,2364,2359,1,0,1,40.97419435122675,40.76078708898078,57.71484375
2773,27.73,1536,1525,2366,2359,1,0,1,40.97419435122675,40.68075936563854,57.763671875
2774,27.74,1536,1527,2368,2359,1,0,1,40.97419435122675,40.73411118120003,57.8125
2775,27.75,1536,1526,2367,2359,1,0,1,40.97419435122675,40.70743527341928,57.7880859375
2776,27.76,1536,1529,2367,2359,1,0,1,40.97419435122675,40.78746299676152,57.7880859375
2777,27.77,1536,1527,2365,2359,1,0,1,40.97419435122675,40.73411118120003,57.7392578125
2778,27.78,1536,1526,2367,2359,1,0,1,40.97419435122675,40.70743527341928,57.7880859375
2779,27.79,1536,1524,2367,2359,1,0,1,40.97419435122675,40.65408345785779,57.7880859375
2780,27.8,1536,1526,2369,2359,1,0,1,40.97419435122675,40.70743527341928,57.8369140625
2781,27.81,1536,1526,2367,2359,1,0,1,40.97419435122675,40.70743527341928,57.7880859375
2782,27.82,1536,1530,2367,2359,1,0,1,40.97419435122675,40.81413890454227,57.7880859375
2783,27.83,1536,1525,2364,2359,1,0,1,40.97419435122675,40.68075936563854,57.71484375
2784,27.84,1536,1524,2368,2359,1,0,1,40.97419435122675,40.65408345785779,57.8125
2785,27.85,1536,1529,2369,2359,1,0,1,40.97419435122675,40.78746299676152,57.8369140625
2786,27.86,1536,1525,2365,2359,1,0,1,40.97419435122675,40.68075936563854,57.7392578125
2787,27.87,1536,1531,2368,2359,1,0,1,40.97419435122675,40.84081481232302,57.8125
2788,27.88,1536,1526,2363,2359,1,0,1,40.97419435122675,40.70743527341928,57.6904296875
2789,27.89,1536,1529,2367,2359,1,0,1,40.97419435122675,40.78746299676152,57.7880859375
2790,27.9,1536,1530,2365,2359,1,0,1,40.97419435122675,40.81413890454227,57.7392578125
2791,27.91,1536,1525,2364,2359,1,0,1,40.97419435122675,40.68075936563854,57.71484375
2792,27.92,1536,1528,2368,2359,1,0,1,40.97419435122675,40.76078708898078,57.8125
2793,27.93,1536,1526,2366,2359,1,0,1,40.97419435122675,40.70743527341928,57.763671875
2794,27.94,1536,1529,2367,2359,1,0,1,40.97419435122675,40.78746299676152,57.7880859375
2795,27.95,1536,1528,2365,2359,1,0,1,40.97419435122675,40.76078708898078,57.7392578125
2796,27.96,1536,1527,2366,2359,1,0,1,40.97419435122675,40.73411118120003,57.763671875
2797,27.97,1536,1528,2367,2359,1,0,1,40.97419435122675,40.76078708898078,57.7880859375
2798,27.98,1536,1528,2366,2359,1,0,1,40.97419435122675,40.76078708898078,57.763671875
2799,27.99,1536,1528,2366,2359,1,0,1,40.97419435122675,40.76078708898078,57.763671875
2800,28.0,1536,1533,2366,2359,1,0,1,40.97419435122675,40.89416662788451,57.763671875
2801,28.01,1536,1529,2361,2359,1,0,1,40.97419435122675,40.78746299676152,57.6416015625
2802,28.02,1536,1526,2365,2359,1,0,1,40.97419435122675,40.70743527341928,57.7392578125
2803,28.03,1536,1532,2367,2359,1,0,1,40.97419435122675,40.86749072010376,57.7880859375
2804,28.04,1536,1529,2362,2359,1,0,1,40.97419435122675,40.78746299676152,57.666015625
2805,28.05,1536,1534,2365,2359,1,0,1,40.97419435122675,40.92084253566525,57.7392578125
2806,28.06,1536,1528,2360,2359,1,0,1,40.97419435122675,40.76078708898078,57.6171875
2807,28.07,1536,1532,2366,2359,1,0,1,40.97419435122675,40.86749072010376,57.763671875
2808,28.08,1536,1532,2362,2359,1,0,1,40.97419435122675,40.86749072010376,57.666015625
2809,28.09,1536,1528,2362,2359,1,0,1,40.97419435122675,40.76078708898078,57.666015625
2810,28.1,1536,1530,2366,2359,1,0,1,40.97419435122675,40.81413890454227,57.763671875
2811,28.11,1536,1529,2364,2359,1,0,1,40.97419435122675,40.78746299676152,57.71484375
2812,28.12,1536,1532,2365,2359,1,0,1,40.97419435122675,40.86749072010376,57.7392578125
2813,28.13,1536,1530,2362,2359,1,0,1,40.97419435122675,40.81413890454227,57.666015625
2814,28.14,1536,1529,2364,2359,1,0,1,40.97419435122675,40.78746299676152,57.71484375
2815,28.15,1536,1530,2365,2359,1,0,1,40.97419435122675,40.81413890454227,57.7392578125
2816,28.16,1536,1529,2364,2359,1,0,1,40.97419435122675,40.78746299676152,57.71484375
2817,28.17,1536,1529,2365,2359,1,0,1,40.97419435122675,40.78746299676152,57.7392578125
2818,28.18,1536,1534,2365,2359,1,0,1,40.97419435122675,40.92084253566525,57.7392578125
2819,28.19,1536,1529,2360,2359,1,0,1,40.97419435122675,40.78746299676152,57.6171875
2820,28.2,1536,1527,2365,2359,1,0,1,40.97419435122675,40.73411118120003,57.7392578125
2821,28.21,1536,1532,2367,2359,1,0,1,40.97419435122675,40.86749072010376,57.7880859375
2822,28.22,1536,1527,2362,2359,1,0,1,40.97419435122675,40.73411118120003,57.666015625
2823,28.23,1536,1534,2367,2359,1,0,1,40.97419435122675,40.92084253566525,57.7880859375
2824,28.24,1536,1528,2360,2359,1,0,1,40.97419435122675,40.76078708898078,57.6171875
2825,28.25,1536,1531,2366,2359,1,0,1,40.97419435122675,40.84081481232302,57.763671875
2826,28.26,1536,1531,2363,2359,1,0,1,40.97419435122675,40.84081481232302,57.6904296875
2827,28.27,1536,1527,2363,2359,1,0,1,40.97419435122675,40.73411118120003,57.6904296875
2828,28.28,1536,1529,2367,2359,1,0,1,40.97419435122675,40.78746299676152,57.7880859375
2829,28.29,1536,1528,2365,2359,1,0,1,40.97419435122675,40.76078708898078,57.7392578125
2830,28.3,1536,1530,2366,2359,1,0,1,40.97419435122675,40.81413890454227,57.763671875
2831,28.31,1536,1528,2364,2359,1,0,1,40.97419435122675,40.76078708898078,57.71484375
2832,28.32,1536,1527,2366,2359,1,0,1,40.97419435122675,40.73411118120003,57.763671875
2833,28.33,1536,1528,2367,2359,1,0,1,40.97419435122675,40.76078708898078,57.7880859375
2834,28.34,1536,1527,2366,2359,1,0,1,40.97419435122675,40.73411118120003,57.763671875
2835,28.35,1536,1527,2367,2359,1,0,1,40.97419435122675,40.73411118120003,57.7880859375
2836,28.36,1536,1532,2367,2359,1,0,1,40.97419435122675,40.86749072010376,57.7880859375
2837,28.37,1536,1526,2362,2359,1,0,1,40.97419435122675,40.70743527341928,57.666015625
2838,28.38,1536,1525,2367,2359,1,0,1,40.97419435122675,40.68075936563854,57.7880859375
2839,28.39,1536,1530,2368,2359,1,0,1,40.97419435122675,40.81413890454227,57.8125
2840,28.4,1536,1527,2364,2359,1,0,1,40.97419435122675,40.73411118120003,57.71484375
2841,28.41,1536,1532,2367,2359,1,0,1,40.97419435122675,40.86749072010376,57.7880859375
2842,28.42,1536,1525,2362,2359,1,0,1,40.97419435122675,40.68075936563854,57.666015625
2843,28.43,1536,1529,2368,2359,1,0,1,40.97419435122675,40.78746299676152,57.8125
2844,28.44,1536,1529,2365,2359,1,0,1,40.97419435122675,40.78746299676152,57.7392578125
2845,28.45,1536,1524,2365,2359,1,0,1,40.97419435122675,40.65408345785779,57.7392578125
2846,28.46,1536,1526,2369,2359,1,0,1,40.97419435122675,40.70743527341928,57.8369140625
2847,28.47,1536,1525,2367,2359,1,0,1,40.97419435122675,40.68075936563854,57.7880859375
2848,28.48,1536,1528,2368,2359,1,0,1,40.97419435122675,40.76078708898078,57.8125
2849,28.49,1536,1527,2366,2359,1,0,1,40.97419435122675,40.73411118120003,57.763671875
2850,28.5,1536,1526,2367,2359,1,0,1,40.97419435122675,40.70743527341928,57.7880859375
2851,28.51,1536,1526,2367,2359,1,0,1,40.97419435122675,40.70743527341928,57.7880859375
2852,28.52,1536,1526,2367,2359,1,0,1,40.97419435122675,40.70743527341928,57.7880859375
2853,28.53,1536,1526,2367,2359,1,0,1,40.97419435122675,40.70743527341928,57.7880859375
2854,28.54,1536,1527,2367,2359,1,0,1,40.97419435122675,40.73411118120003,57.7880859375
2855,28.55,1536,1527,2367,2359,1,0,1,40.97419435122675,40.73411118120003,57.7880859375
2856,28.56,1536,1525,2367,2359,1,0,1,40.97419435122675,40.68075936563854,57.7880859375
2857,28.57,1536,1529,2368,2359,1,0,1,40.97419435122675,40.78746299676152,57.8125
2858,28.58,1536,1527,2365,2359,1,0,1,40.97419435122675,40.73411118120003,57.7392578125
2859,28.59,1536,1532,2367,2359,1,0,1,40.97419435122675,40.86749072010376,57.7880859375
2860,28.6,1536,1526,2362,2359,1,0,1,40.97419435122675,40.70743527341928,57.666015625
2861,28.61,1536,1525,2367,2359,1,0,1,40.97419435122675,40.68075936563854,57.7880859375
2862,28.62,1536,1531,2368,2359,1,0,1,40.97419435122675,40.84081481232302,57.8125
2863,28.63,1536,1527,2363,2359,1,0,1,40.97419435122675,40.73411118120003,57.6904296875
2864,28.64,1536,1530,2367,2359,1,0,1,40.97419435122675,40.81413890454227,57.7880859375
2865,28.65,1536,1528,2364,2359,1,0,1,40.97419435122675,40.76078708898078,57.71484375
2866,28.66,1536,1531,2366,2359,1,0,1,40.97419435122675,40.84081481232302,57.763671875
2867,28.67,1536,1529,2363,2359,1,0,1,40.97419435122675,40.78746299676152,57.6904296875
2868,28.68,1536,1528,2365,2359,1,0,1,40.97419435122675,40.76078708898078,57.7392578125
2869,28.69,1536,1530,2366,2359,1,0,1,40.97419435122675,40.81413890454227,57.763671875
2870,28.7,1536,1530,2364,2359,1,0,1,40.97419435122675,40.81413890454227,57.71484375
2871,28.71,1536,1530,2364,2359,1,0,1,40.97419435122675,40.81413890454227,57.71484375
2872,28.72,1536,1531,2364,2359,1,0,1,40.97419435122675,40.84081481232302,57.71484375
2873,28.73,1536,1530,2363,2359,1,0,1,40.97419435122675,40.81413890454227,57.6904296875
2874,28.74,1536,1528,2364,2359,1,0,1,40.97419435122675,40.76078708898078,57.71484375
2875,28.75,1536,1533,2366,2359,1,0,1,40.97419435122675,40.89416662788451,57.763671875
2876,28.76,1536,1530,2361,2359,1,0,1,40.97419435122675,40.81413890454227,57.6416015625
2877,28.77,1536,1535,2364,2359,1,0,1,40.97419435122675,40.947518443446,57.71484375
2878,28.78,1536,1530,2359,2359,1,0,1,40.97419435122675,40.81413890454227,57.5927734375
2879,28.79,1536,1529,2364,2359,1,0,1,40.97419435122675,40.78746299676152,57.71484375
2880,28.8,1536,1534,2365,2359,1,0,1,40.97419435122675,40.92084253566525,57.7392578125
2881,28.81,1536,1530,2360,2359,1,0,1,40.97419435122675,40.81413890454227,57.6171875
2882,28.82,1536,1531,2364,2359,1,0,1,40.97419435122675,40.84081481232302,57.71484375
2883,28.83,1536,1530,2363,2359,1,0,1,40.97419435122675,40.81413890454227,57.6904296875
2884,28.84,1536,1533,2364,2359,1,0,1,40.97419435122675,40.89416662788451,57.71484375
2885,28.85,1536,1532,2361,2359,1,0,1,40.97419435122675,40.86749072010376,57.6416015625
2886,28.86,1536,1531,2362,2359,1,0,1,40.97419435122675,40.84081481232302,57.666015625
2887,28.87,1536,1532,2363,2359,1,0,1,40.97419435122675,40.86749072010376,57.6904296875
2888,28.88,1536,1531,2362,2359,1,0,1,40.97419435122675,40.84081481232302,57.666015625
2889,28.89,1536,1531,2363,2359,1,0,1,40.97419435122675,40.84081481232302,57.6904296875
2890,28.9,1536,1536,2363,2359,1,0,1,40.97419435122675,40.97419435122675,57.6904296875
2891,28.91,1536,1531,2359,2359,1,0,1,40.97419435122675,40.84081481232302,57.5927734375
2892,28.92,1536,1529,2363,2359,1,0,1,40.97419435122675,40.78746299676152,57.6904296875
2893,28.93,1536,1534,2365,2359,1,0,1,40.97419435122675,40.92084253566525,57.7392578125
2894,28.94,1536,1530,2360,2359,1,0,1,40.97419435122675,40.81413890454227,57.6171875
2895,28.95,1536,1534,2364,2359,1,0,1,40.97419435122675,40.92084253566525,57.71484375
2896,28.96,1536,1529,2360,2359,1,0,1,40.97419435122675,40.78746299676152,57.6171875
2897,28.97,1536,1532,2365,2359,1,0,1,40.97419435122675,40.86749072010376,57.7392578125
2898,28.98,1536,1532,2362,2359,1,0,1,40.97419435122675,40.86749072010376,57.666015625
2899,28.99,1536,1527,2362,2359,1,0,1,40.97419435122675,40.73411118120003,57.666015625
2900,29.0,1536,1529,2367,2359,1,0,1,40.97419435122675,40.78746299676152,57.7880859375
2901,29.01,1536,1529,2365,2359,1,0,1,40.97419435122675,40.78746299676152,57.7392578125
2902,29.02,1536,1532,2365,2359,1,0,1,40.97419435122675,40.86749072010376,57.7392578125
2903,29.03,1536,1530,2362,2359,1,0,1,40.97419435122675,40.81413890454227,57.666015625
2904,29.04,1536,1529,2364,2359,1,0,1,40.97419435122675,40.78746299676152,57.71484375
2905,29.05,1536,1529,2365,2359,1,0,1,40.97419435122675,40.78746299676152,57.7392578125
2906,29.06,1536,1528,2365,2359,1,0,1,40.97419435122675,40.76078708898078,57.7392578125
2907,29.07,1536,1528,2366,2359,1,0,1,40.97419435122675,40.76078708898078,57.763671875
2908,29.08,1536,1532,2366,2359,1,0,1,40.97419435122675,40.86749072010376,57.763671875
2909,29.09,1536,1528,2362,2359,1,0,1,40.97419435122675,40.76078708898078,57.666015625
2910,29.1,1536,1525,2366,2359,1,0,1,40.97419435122675,40.68075936563854,57.763671875
2911,29.11,1536,1530,2368,2359,1,0,1,40.97419435122675,40.81413890454227,57.8125
2912,29.12,1536,1527,2364,2359,1,0,1,40.97419435122675,40.73411118120003,57.71484375
2913,29.13,1536,1532,2367,2359,1,0,1,40.97419435122675,40.86749072010376,57.7880859375
2914,29.14,1536,1526,2362,2359,1,0,1,40.97419435122675,40.70743527341928,57.666015625
2915,29.15,1536,1529,2367,2359,1,0,1,40.97419435122675,40.78746299676152,57.7880859375
2916,29.16,1536,1530,2365,2359,1,0,1,40.97419435122675,40.81413890454227,57.7392578125
2917,29.17,1536,1526,2364,2359,1,0,1,40.97419435122675,40.70743527341928,57.71484375
2918,29.18,1536,1528,2367,2359,1,0,1,40.97419435122675,40.76078708898078,57.7880859375
2919,29.19,1536,1526,2366,2359,1,0,1,40.97419435122675,40.70743527341928,57.763671875
2920,29.2,1536,1530,2367,2359,1,0,1,40.97419435122675,40.81413890454227,57.7880859375
2921,29.21,1536,1528,2364,2359,1,0,1,40.97419435122675,40.76078708898078,57.71484375
2922,29.22,1536,1527,2366,2359,1,0,1,40.97419435122675,40.73411118120003,57.763671875
2923,29.23,1536,1528,2367,2359,1,0,1,40.97419435122675,40.76078708898078,57.7880859375
2924,29.24,1536,1527,2366,2359,1,0,1,40.97419435122675,40.73411118120003,57.763671875
2925,29.25,1536,1527,2367,2359,1,0,1,40.97419435122675,40.73411118120003,57.7880859375
2926,29.26,1536,1528,2367,2359,1,0,1,40.97419435122675,40.76078708898078,57.7880859375
2927,29.27,1536,1527,2366,2359,1,0,1,40.97419435122675,40.73411118120003,57.763671875
2928,29.28,1536,1525,2367,2359,1,0,1,40.97419435122675,40.68075936563854,57.7880859375
2929,29.29,1536,1531,2368,2359,1,0,1,40.97419435122675,40.84081481232302,57.8125
2930,29.3,1536,1528,2363,2359,1,0,1,40.97419435122675,40.76078708898078,57.6904296875
2931,29.31,1536,1533,2366,2359,1,0,1,40.97419435122675,40.89416662788451,57.763671875
2932,29.32,1536,1528,2361,2359,1,0,1,40.97419435122675,40.76078708898078,57.6416015625
2933,29.33,1536,1531,2366,2359,1,0,1,40.97419435122675,40.84081481232302,57.763671875
2934,29.34,1536,1531,2363,2359,1,0,1,40.97419435122675,40.84081481232302,57.6904296875
2935,29.35,1536,1527,2363,2359,1,0,1,40.97419435122675,40.73411118120003,57.6904296875
2936,29.36,1536,1530,2367,2359,1,0,1,40.97419435122675,40.81413890454227,57.7880859375
2937,29.37,1536,1528,2364,2359,1,0,1,40.97419435122675,40.76078708898078,57.71484375
2938,29.38,1536,1532,2366,2359,1,0,1,40.97419435122675,40.86749072010376,57.763671875
2939,29.39,1536,1531,2362,2359,1,0,1,40.97419435122675,40.84081481232302,57.666015625
2940,29.4,1536,1531,2363,2359,1,0,1,40.97419435122675,40.84081481232302,57.6904296875
2941,29.41,1536,1531,2363,2359,1,0,1,40.97419435122675,40.84081481232302,57.6904296875
2942,29.42,1536,1531,2363,2359,1,0,1,40.97419435122675,40.84081481232302,57.6904296875
2943,29.43,1536,1531,2363,2359,1,0,1,40.97419435122675,40.84081481232302,57.6904296875
2944,29.44,1536,1537,2363,2359,1,0,1,40.97419435122675,41.00087025900749,57.6904296875
2945,29.45,1536,1532,2357,2358,1,0,1,40.97419435122675,40.86749072010376,57.5439453125
2946,29.46,1536,1530,2361,2358,1,0,1,40.97419435122675,40.81413890454227,57.6416015625
2947,29.47,1536,1535,2363,2358,1,0,1,40.97419435122675,40.947518443446,57.6904296875
2948,29.48,1536,1532,2358,2358,1,0,1,40.97419435122675,40.86749072010376,57.568359375
2949,29.49,1536,1537,2361,2358,1,0,1,40.97419435122675,41.00087025900749,57.6416015625
2950,29.5,1536,1531,2356,2357,1,0,1,40.97419435122675,40.84081481232302,57.51953125
2951,29.51,1536,1535,2361,2357,1,0,1,40.97419435122675,40.947518443446,57.6416015625
2952,29.52,1536,1535,2357,2357,1,0,1,40.97419435122675,40.947518443446,57.5439453125
2953,29.53,1536,1531,2357,2357,1,0,1,40.97419435122675,40.84081481232302,57.5439453125
2954,29.54,1536,1533,2361,2357,1,0,1,40.97419435122675,40.89416662788451,57.6416015625
2955,29.55,1536,1532,2359,2357,1,0,1,40.97419435122675,40.86749072010376,57.5927734375
2956,29.56,1536,1535,2360,2357,1,0,1,40.97419435122675,40.947518443446,57.6171875
2957,29.57,1536,1533,2357,2357,1,0,1,40.97419435122675,40.89416662788451,57.5439453125
2958,29.58,1536,1532,2359,2357,1,0,1,40.97419435122675,40.86749072010376,57.5927734375
2959,29.59,1536,1530,2360,2357,1,0,1,40.97419435122675,40.81413890454227,57.6171875
2960,29.6,1536,1532,2362,2357,1,0,1,40.97419435122675,40.86749072010376,57.666015625
2961,29.61,1536,1531,2360,2357,1,0,1,40.97419435122675,40.84081481232302,57.6171875
2962,29.62,1536,1536,2361,2357,1,0,1,40.97419435122675,40.97419435122675,57.6416015625
2963,29.63,1536,1531,2357,2357,1,0,1,40.97419435122675,40.84081481232302,57.5439453125
2964,29.64,1536,1530,2361,2357,1,0,1,40.97419435122675,40.81413890454227,57.6416015625
2965,29.65,1536,1534,2362,2357,1,0,1,40.97419435122675,40.92084253566525,57.666015625
2966,29.66,1536,1529,2358,2357,1,0,1,40.97419435122675,40.78746299676152,57.568359375
2967,29.67,1536,1535,2363,2357,1,0,1,40.97419435122675,40.947518443446,57.6904296875
2968,29.68,1536,1530,2357,2357,1,0,1,40.97419435122675,40.81413890454227,57.5439453125
2969,29.69,1536,1532,2362,2357,1,0,1,40.97419435122675,40.86749072010376,57.666015625
2970,29.7,1536,1530,2360,2357,1,0,1,40.97419435122675,40.81413890454227,57.6171875
2971,29.71,1536,1528,2362,2357,1,0,1,40.97419435122675,40.76078708898078,57.666015625
2972,29.72,1536,1529,2364,2357,1,0,1,40.97419435122675,40.78746299676152,57.71484375
2973,29.73,1536,1528,2363,2357,1,0,1,40.97419435122675,40.76078708898078,57.6904296875
2974,29.74,1536,1528,2364,2357,1,0,1,40.97419435122675,40.76078708898078,57.71484375
2975,29.75,1536,1529,2364,2357,1,0,1,40.97419435122675,40.78746299676152,57.71484375
2976,29.76,1536,1528,2363,2357,1,0,1,40.97419435122675,40.76078708898078,57.6904296875
2977,29.77,1536,1525,2364,2357,1,0,1,40.97419435122675,40.68075936563854,57.71484375
2978,29.78,1536,1527,2366,2357,1,0,1,40.97419435122675,40.73411118120003,57.763671875
2979,29.79,1536,1527,2365,2357,1,0,1,40.97419435122675,40.73411118120003,57.7392578125
2980,29.8,1536,1532,2365,2357,1,0,1,40.97419435122675,40.86749072010376,57.7392578125
2981,29.81,1536,1526,2360,2357,1,0,1,40.97419435122675,40.70743527341928,57.6171875
2982,29.82,1536,1525,2365,2357,1,0,1,40.97419435122675,40.68075936563854,57.7392578125
2983,29.83,1536,1530,2366,2357,1,0,1,40.97419435122675,40.81413890454227,57.763671875
2984,29.84,1536,1523,2362,2357,1,0,1,40.97419435122675,40.627407550077045,57.666015625
2985,29.85,1536,1529,2368,2357,1,0,1,40.97419435122675,40.78746299676152,57.8125
2986,29.86,1536,1522,2363,2357,1,0,1,40.97419435122675,40.600731642296296,57.6904296875
2987,29.87,1536,1525,2369,2357,1,0,1,40.97419435122675,40.68075936563854,57.8369140625
2988,29.88,1536,1525,2366,2357,1,0,1,40.97419435122675,40.68075936563854,57.763671875
2989,29.89,1536,1520,2366,2357,1,0,1,40.97419435122675,40.547379826734804,57.763671875
2990,29.9,1536,1522,2371,2357,1,0,1,40.97419435122675,40.600731642296296,57.8857421875
2991,29.91,1536,1520,2369,2357,1,0,1,40.97419435122675,40.547379826734804,57.8369140625
2992,29.92,1536,1523,2371,2357,1,0,1,40.97419435122675,40.627407550077045,57.8857421875
2993,29.93,1536,1521,2368,2357,1,0,1,40.97419435122675,40.57405573451555,57.8125
2994,29.94,1536,1520,2370,2357,1,0,1,40.97419435122675,40.547379826734804,57.861328125
2995,29.95,1536,1521,2371,2357,1,0,1,40.97419435122675,40.57405573451555,57.8857421875
2996,29.96,1536,1520,2370,2357,1,0,1,40.97419435122675,40.547379826734804,57.861328125
2997,29.97,1536,1520,2371,2357,1,0,1,40.97419435122675,40.547379826734804,57.8857421875
2998,29.98,1536,1521,2371,2357,1,0,1,40.97419435122675,40.57405573451555,57.8857421875
2999,29.99,1536,1521,2370,2357,1,0,1,40.97419435122675,40.57405573451555,57.861328125
3000,30.0,1536,1519,2370,2357,1,0,1,40.97419435122675,40.520703918954055,57.861328125
3001,30.01,1536,1521,2373,2358,1,0,1,40.97419435122675,40.57405573451555,57.9345703125
3002,30.02,1536,1521,2371,2358,1,0,1,40.97419435122675,40.57405573451555,57.8857421875
