sample,time_s,reference_q12,measured_q12,duty_q12,integral_q12,armed,fault,enabled,target_rpm,measured_rpm,duty_percent
0,0.0,1024,1137,2070,1968,1,0,1,27.3161295674845,30.33050714670886,50.537109375
1,0.01,1024,910,1859,1961,1,0,1,27.3161295674845,24.275076080479387,45.3857421875
2,0.02,1024,910,2069,1967,1,0,1,27.3161295674845,24.275076080479387,50.5126953125
3,0.03,1024,1137,2075,1973,1,0,1,27.3161295674845,30.33050714670886,50.6591796875
4,0.04,1024,910,1864,1966,1,0,1,27.3161295674845,24.275076080479387,45.5078125
5,0.05,1024,1137,2074,1972,1,0,1,27.3161295674845,30.33050714670886,50.634765625
6,0.06,1024,910,1863,1965,1,0,1,27.3161295674845,24.275076080479387,45.4833984375
7,0.07,1024,1137,2073,1971,1,0,1,27.3161295674845,30.33050714670886,50.6103515625
8,0.08,1024,910,1862,1964,1,0,1,27.3161295674845,24.275076080479387,45.458984375
9,0.09,1024,1137,2072,1970,1,0,1,27.3161295674845,30.33050714670886,50.5859375
10,0.1,1024,910,1861,1963,1,0,1,27.3161295674845,24.275076080479387,45.4345703125
11,0.11,1024,1137,2071,1969,1,0,1,27.3161295674845,30.33050714670886,50.5615234375
12,0.12,1024,910,1860,1962,1,0,1,27.3161295674845,24.275076080479387,45.41015625
13,0.13,1024,910,2070,1968,1,0,1,27.3161295674845,24.275076080479387,50.537109375
14,0.14,1024,1137,2076,1974,1,0,1,27.3161295674845,30.33050714670886,50.68359375
15,0.15,1024,910,1865,1967,1,0,1,27.3161295674845,24.275076080479387,45.5322265625
16,0.16,1024,1137,2075,1973,1,0,1,27.3161295674845,30.33050714670886,50.6591796875
17,0.17,1024,910,1864,1966,1,0,1,27.3161295674845,24.275076080479387,45.5078125
18,0.18,1024,1137,2074,1972,1,0,1,27.3161295674845,30.33050714670886,50.634765625
19,0.19,1024,910,1863,1965,1,0,1,27.3161295674845,24.275076080479387,45.4833984375
20,0.2,1024,1137,2073,1971,1,0,1,27.3161295674845,30.33050714670886,50.6103515625
21,0.21,1024,910,1862,1964,1,0,1,27.3161295674845,24.275076080479387,45.458984375
22,0.22,1024,1137,2072,1970,1,0,1,27.3161295674845,30.33050714670886,50.5859375
23,0.23,1024,910,1861,1963,1,0,1,27.3161295674845,24.275076080479387,45.4345703125
24,0.24,1024,1137,2071,1969,1,0,1,27.3161295674845,30.33050714670886,50.5615234375
25,0.25,1024,910,1860,1962,1,0,1,27.3161295674845,24.275076080479387,45.41015625
26,0.26,1024,910,2070,1968,1,0,1,27.3161295674845,24.275076080479387,50.537109375
27,0.27,1024,1137,2076,1974,1,0,1,27.3161295674845,30.33050714670886,50.68359375
28,0.28,1024,910,1865,1967,1,0,1,27.3161295674845,24.275076080479387,45.5322265625
29,0.29,1024,1137,2075,1973,1,0,1,27.3161295674845,30.33050714670886,50.6591796875
30,0.3,1024,910,1864,1966,1,0,1,27.3161295674845,24.275076080479387,45.5078125
31,0.31,1024,1137,2074,1972,1,0,1,27.3161295674845,30.33050714670886,50.634765625
32,0.32,1024,910,1863,1965,1,0,1,27.3161295674845,24.275076080479387,45.4833984375
33,0.33,1024,1137,2073,1971,1,0,1,27.3161295674845,30.33050714670886,50.6103515625
34,0.34,1024,910,1862,1964,1,0,1,27.3161295674845,24.275076080479387,45.458984375
35,0.35,1024,1137,2072,1970,1,0,1,27.3161295674845,30.33050714670886,50.5859375
36,0.36,1024,910,1861,1963,1,0,1,27.3161295674845,24.275076080479387,45.4345703125
37,0.37,1024,1137,2071,1969,1,0,1,27.3161295674845,30.33050714670886,50.5615234375
38,0.38,1024,910,1860,1962,1,0,1,27.3161295674845,24.275076080479387,45.41015625
39,0.39,1024,910,2070,1968,1,0,1,27.3161295674845,24.275076080479387,50.537109375
40,0.4,1024,1137,2076,1974,1,0,1,27.3161295674845,30.33050714670886,50.68359375
41,0.41,1024,910,1865,1967,1,0,1,27.3161295674845,24.275076080479387,45.5322265625
42,0.42,1024,1137,2075,1973,1,0,1,27.3161295674845,30.33050714670886,50.6591796875
43,0.43,1024,910,1864,1966,1,0,1,27.3161295674845,24.275076080479387,45.5078125
44,0.44,1024,1137,2074,1972,1,0,1,27.3161295674845,30.33050714670886,50.634765625
45,0.45,1024,910,1863,1965,1,0,1,27.3161295674845,24.275076080479387,45.4833984375
46,0.46,1024,1137,2073,1971,1,0,1,27.3161295674845,30.33050714670886,50.6103515625
47,0.47,1024,910,1862,1964,1,0,1,27.3161295674845,24.275076080479387,45.458984375
48,0.48,1024,1137,2072,1970,1,0,1,27.3161295674845,30.33050714670886,50.5859375
49,0.49,1024,910,1861,1963,1,0,1,27.3161295674845,24.275076080479387,45.4345703125
50,0.5,1024,1137,2071,1969,1,0,1,27.3161295674845,30.33050714670886,50.5615234375
51,0.51,1024,910,1860,1962,1,0,1,27.3161295674845,24.275076080479387,45.41015625
52,0.52,1024,1137,2070,1968,1,0,1,27.3161295674845,30.33050714670886,50.537109375
53,0.53,1024,910,1859,1961,1,0,1,27.3161295674845,24.275076080479387,45.3857421875
54,0.54,1024,910,2069,1967,1,0,1,27.3161295674845,24.275076080479387,50.5126953125
55,0.55,1024,1137,2075,1973,1,0,1,27.3161295674845,30.33050714670886,50.6591796875
56,0.56,1024,910,1864,1966,1,0,1,27.3161295674845,24.275076080479387,45.5078125
57,0.57,1024,1137,2074,1972,1,0,1,27.3161295674845,30.33050714670886,50.634765625
58,0.58,1024,910,1863,1965,1,0,1,27.3161295674845,24.275076080479387,45.4833984375
59,0.59,1024,1137,2073,1971,1,0,1,27.3161295674845,30.33050714670886,50.6103515625
60,0.6,1024,910,1862,1964,1,0,1,27.3161295674845,24.275076080479387,45.458984375
61,0.61,1024,1137,2072,1970,1,0,1,27.3161295674845,30.33050714670886,50.5859375
62,0.62,1024,910,1861,1963,1,0,1,27.3161295674845,24.275076080479387,45.4345703125
63,0.63,1024,1137,2071,1969,1,0,1,27.3161295674845,30.33050714670886,50.5615234375
64,0.64,1024,910,1860,1962,1,0,1,27.3161295674845,24.275076080479387,45.41015625
65,0.65,1024,1137,2070,1968,1,0,1,27.3161295674845,30.33050714670886,50.537109375
66,0.66,1024,910,1859,1961,1,0,1,27.3161295674845,24.275076080479387,45.3857421875
67,0.67,1024,1137,2069,1967,1,0,1,27.3161295674845,30.33050714670886,50.5126953125
68,0.68,1024,910,1858,1960,1,0,1,27.3161295674845,24.275076080479387,45.361328125
69,0.69,1024,1137,2068,1966,1,0,1,27.3161295674845,30.33050714670886,50.48828125
70,0.7,1024,910,1857,1959,1,0,1,27.3161295674845,24.275076080479387,45.3369140625
71,0.71,1024,910,2067,1965,1,0,1,27.3161295674845,24.275076080479387,50.4638671875
72,0.72,1024,1137,2073,1971,1,0,1,27.3161295674845,30.33050714670886,50.6103515625
73,0.73,1024,910,1862,1964,1,0,1,27.3161295674845,24.275076080479387,45.458984375
74,0.74,1024,1137,2072,1970,1,0,1,27.3161295674845,30.33050714670886,50.5859375
75,0.75,1024,910,1861,1963,1,0,1,27.3161295674845,24.275076080479387,45.4345703125
76,0.76,1024,1137,2071,1969,1,0,1,27.3161295674845,30.33050714670886,50.5615234375
77,0.77,1024,910,1860,1962,1,0,1,27.3161295674845,24.275076080479387,45.41015625
78,0.78,1024,1137,2070,1968,1,0,1,27.3161295674845,30.33050714670886,50.537109375
79,0.79,1024,910,1859,1961,1,0,1,27.3161295674845,24.275076080479387,45.3857421875
80,0.8,1024,1137,2069,1967,1,0,1,27.3161295674845,30.33050714670886,50.5126953125
81,0.81,1024,910,1858,1960,1,0,1,27.3161295674845,24.275076080479387,45.361328125
82,0.82,1024,1137,2068,1966,1,0,1,27.3161295674845,30.33050714670886,50.48828125
83,0.83,1024,910,1857,1959,1,0,1,27.3161295674845,24.275076080479387,45.3369140625
84,0.84,1024,1137,2067,1965,1,0,1,27.3161295674845,30.33050714670886,50.4638671875
85,0.85,1024,910,1856,1958,1,0,1,27.3161295674845,24.275076080479387,45.3125
86,0.86,1024,1137,2066,1964,1,0,1,27.3161295674845,30.33050714670886,50.439453125
87,0.87,1024,910,1855,1957,1,0,1,27.3161295674845,24.275076080479387,45.2880859375
88,0.88,1024,910,2065,1963,1,0,1,27.3161295674845,24.275076080479387,50.4150390625
89,0.89,1024,1137,2071,1969,1,0,1,27.3161295674845,30.33050714670886,50.5615234375
90,0.9,1024,910,1860,1962,1,0,1,27.3161295674845,24.275076080479387,45.41015625
91,0.91,1024,1137,2070,1968,1,0,1,27.3161295674845,30.33050714670886,50.537109375
92,0.92,1024,910,1859,1961,1,0,1,27.3161295674845,24.275076080479387,45.3857421875
93,0.93,1024,1137,2069,1967,1,0,1,27.3161295674845,30.33050714670886,50.5126953125
94,0.94,1024,910,1858,1960,1,0,1,27.3161295674845,24.275076080479387,45.361328125
95,0.95,1024,1137,2068,1966,1,0,1,27.3161295674845,30.33050714670886,50.48828125
96,0.96,1024,910,1857,1959,1,0,1,27.3161295674845,24.275076080479387,45.3369140625
97,0.97,1024,1137,2067,1965,1,0,1,27.3161295674845,30.33050714670886,50.4638671875
98,0.98,1024,910,1856,1958,1,0,1,27.3161295674845,24.275076080479387,45.3125
99,0.99,1024,1137,2066,1964,1,0,1,27.3161295674845,30.33050714670886,50.439453125
100,1.0,1024,910,1855,1957,1,0,1,27.3161295674845,24.275076080479387,45.2880859375
101,1.01,1024,910,2065,1963,1,0,1,27.3161295674845,24.275076080479387,50.4150390625
102,1.02,1024,1137,2071,1969,1,0,1,27.3161295674845,30.33050714670886,50.5615234375
103,1.03,1024,910,1860,1962,1,0,1,27.3161295674845,24.275076080479387,45.41015625
104,1.04,1024,1137,2070,1968,1,0,1,27.3161295674845,30.33050714670886,50.537109375
105,1.05,1024,910,1859,1961,1,0,1,27.3161295674845,24.275076080479387,45.3857421875
106,1.06,1024,1137,2069,1967,1,0,1,27.3161295674845,30.33050714670886,50.5126953125
107,1.07,1024,910,1858,1960,1,0,1,27.3161295674845,24.275076080479387,45.361328125
108,1.08,1024,1137,2068,1966,1,0,1,27.3161295674845,30.33050714670886,50.48828125
109,1.09,1024,910,1857,1959,1,0,1,27.3161295674845,24.275076080479387,45.3369140625
110,1.1,1024,1137,2067,1965,1,0,1,27.3161295674845,30.33050714670886,50.4638671875
111,1.11,1024,910,1856,1958,1,0,1,27.3161295674845,24.275076080479387,45.3125
112,1.12,1024,1137,2066,1964,1,0,1,27.3161295674845,30.33050714670886,50.439453125
113,1.13,1024,910,1855,1957,1,0,1,27.3161295674845,24.275076080479387,45.2880859375
114,1.14,1024,910,2065,1963,1,0,1,27.3161295674845,24.275076080479387,50.4150390625
115,1.15,1024,1137,2071,1969,1,0,1,27.3161295674845,30.33050714670886,50.5615234375
116,1.16,1024,910,1860,1962,1,0,1,27.3161295674845,24.275076080479387,45.41015625
117,1.17,1024,1137,2070,1968,1,0,1,27.3161295674845,30.33050714670886,50.537109375
118,1.18,1024,910,1859,1961,1,0,1,27.3161295674845,24.275076080479387,45.3857421875
119,1.19,1024,1137,2069,1967,1,0,1,27.3161295674845,30.33050714670886,50.5126953125
120,1.2,1024,910,1858,1960,1,0,1,27.3161295674845,24.275076080479387,45.361328125
121,1.21,1024,1137,2068,1966,1,0,1,27.3161295674845,30.33050714670886,50.48828125
122,1.22,1024,910,1857,1959,1,0,1,27.3161295674845,24.275076080479387,45.3369140625
123,1.23,1024,1137,2067,1965,1,0,1,27.3161295674845,30.33050714670886,50.4638671875
124,1.24,1024,910,1856,1958,1,0,1,27.3161295674845,24.275076080479387,45.3125
125,1.25,1024,1137,2066,1964,1,0,1,27.3161295674845,30.33050714670886,50.439453125
126,1.26,1024,910,1855,1957,1,0,1,27.3161295674845,24.275076080479387,45.2880859375
127,1.27,1024,910,2065,1963,1,0,1,27.3161295674845,24.275076080479387,50.4150390625
128,1.28,1024,1137,2071,1969,1,0,1,27.3161295674845,30.33050714670886,50.5615234375
129,1.29,1024,910,1860,1962,1,0,1,27.3161295674845,24.275076080479387,45.41015625
130,1.3,1024,1137,2070,1968,1,0,1,27.3161295674845,30.33050714670886,50.537109375
131,1.31,1024,910,1859,1961,1,0,1,27.3161295674845,24.275076080479387,45.3857421875
132,1.32,1024,1137,2069,1967,1,0,1,27.3161295674845,30.33050714670886,50.5126953125
133,1.33,1024,910,1858,1960,1,0,1,27.3161295674845,24.275076080479387,45.361328125
134,1.34,1024,1137,2068,1966,1,0,1,27.3161295674845,30.33050714670886,50.48828125
135,1.35,1024,910,1857,1959,1,0,1,27.3161295674845,24.275076080479387,45.3369140625
136,1.36,1024,1137,2067,1965,1,0,1,27.3161295674845,30.33050714670886,50.4638671875
137,1.37,1024,910,1856,1958,1,0,1,27.3161295674845,24.275076080479387,45.3125
138,1.38,1024,1137,2066,1964,1,0,1,27.3161295674845,30.33050714670886,50.439453125
139,1.39,1024,910,1855,1957,1,0,1,27.3161295674845,24.275076080479387,45.2880859375
140,1.4,1024,910,2065,1963,1,0,1,27.3161295674845,24.275076080479387,50.4150390625
141,1.41,1024,1137,2071,1969,1,0,1,27.3161295674845,30.33050714670886,50.5615234375
142,1.42,1024,910,1860,1962,1,0,1,27.3161295674845,24.275076080479387,45.41015625
143,1.43,1024,1137,2070,1968,1,0,1,27.3161295674845,30.33050714670886,50.537109375
144,1.44,1024,910,1859,1961,1,0,1,27.3161295674845,24.275076080479387,45.3857421875
145,1.45,1024,1137,2069,1967,1,0,1,27.3161295674845,30.33050714670886,50.5126953125
146,1.46,1024,910,1858,1960,1,0,1,27.3161295674845,24.275076080479387,45.361328125
147,1.47,1024,1137,2068,1966,1,0,1,27.3161295674845,30.33050714670886,50.48828125
148,1.48,1024,910,1857,1959,1,0,1,27.3161295674845,24.275076080479387,45.3369140625
149,1.49,1024,910,2067,1965,1,0,1,27.3161295674845,24.275076080479387,50.4638671875
150,1.5,1024,1137,2073,1971,1,0,1,27.3161295674845,30.33050714670886,50.6103515625
151,1.51,1024,910,1862,1964,1,0,1,27.3161295674845,24.275076080479387,45.458984375
152,1.52,1024,1137,2072,1970,1,0,1,27.3161295674845,30.33050714670886,50.5859375
153,1.53,1024,910,1861,1963,1,0,1,27.3161295674845,24.275076080479387,45.4345703125
154,1.54,1024,1137,2071,1969,1,0,1,27.3161295674845,30.33050714670886,50.5615234375
155,1.55,1024,910,1860,1962,1,0,1,27.3161295674845,24.275076080479387,45.41015625
156,1.56,1024,910,2070,1968,1,0,1,27.3161295674845,24.275076080479387,50.537109375
157,1.57,1024,1137,2076,1974,1,0,1,27.3161295674845,30.33050714670886,50.68359375
158,1.58,1024,910,1865,1967,1,0,1,27.3161295674845,24.275076080479387,45.5322265625
159,1.59,1024,1137,2075,1973,1,0,1,27.3161295674845,30.33050714670886,50.6591796875
160,1.6,1024,910,1864,1966,1,0,1,27.3161295674845,24.275076080479387,45.5078125
161,1.61,1024,1137,2074,1972,1,0,1,27.3161295674845,30.33050714670886,50.634765625
162,1.62,1024,910,1863,1965,1,0,1,27.3161295674845,24.275076080479387,45.4833984375
163,1.63,1024,1137,2073,1971,1,0,1,27.3161295674845,30.33050714670886,50.6103515625
164,1.64,1024,910,1862,1964,1,0,1,27.3161295674845,24.275076080479387,45.458984375
165,1.65,1024,910,2072,1970,1,0,1,27.3161295674845,24.275076080479387,50.5859375
166,1.66,1024,1137,2078,1976,1,0,1,27.3161295674845,30.33050714670886,50.732421875
167,1.67,1024,910,1867,1969,1,0,1,27.3161295674845,24.275076080479387,45.5810546875
168,1.68,1024,1137,2077,1975,1,0,1,27.3161295674845,30.33050714670886,50.7080078125
169,1.69,1024,910,1866,1968,1,0,1,27.3161295674845,24.275076080479387,45.556640625
170,1.7,1024,1137,2076,1974,1,0,1,27.3161295674845,30.33050714670886,50.68359375
171,1.71,1024,910,1865,1967,1,0,1,27.3161295674845,24.275076080479387,45.5322265625
172,1.72,1024,1137,2075,1973,1,0,1,27.3161295674845,30.33050714670886,50.6591796875
173,1.73,1024,910,1864,1966,1,0,1,27.3161295674845,24.275076080479387,45.5078125
174,1.74,1024,910,2074,1972,1,0,1,27.3161295674845,24.275076080479387,50.634765625
175,1.75,1024,1137,2080,1978,1,0,1,27.3161295674845,30.33050714670886,50.78125
176,1.76,1024,910,1869,1971,1,0,1,27.3161295674845,24.275076080479387,45.6298828125
177,1.77,1024,1137,2079,1977,1,0,1,27.3161295674845,30.33050714670886,50.7568359375
178,1.78,1024,910,1868,1970,1,0,1,27.3161295674845,24.275076080479387,45.60546875
179,1.79,1024,1137,2078,1976,1,0,1,27.3161295674845,30.33050714670886,50.732421875
180,1.8,1024,910,1867,1969,1,0,1,27.3161295674845,24.275076080479387,45.5810546875
181,1.81,1024,1137,2077,1975,1,0,1,27.3161295674845,30.33050714670886,50.7080078125
182,1.82,1024,910,1866,1968,1,0,1,27.3161295674845,24.275076080479387,45.556640625
183,1.83,1024,1137,2076,1974,1,0,1,27.3161295674845,30.33050714670886,50.68359375
184,1.84,1024,910,1865,1967,1,0,1,27.3161295674845,24.275076080479387,45.5322265625
185,1.85,1024,1137,2075,1973,1,0,1,27.3161295674845,30.33050714670886,50.6591796875
186,1.86,1024,910,1864,1966,1,0,1,27.3161295674845,24.275076080479387,45.5078125
187,1.87,1024,910,2074,1972,1,0,1,27.3161295674845,24.275076080479387,50.634765625
188,1.88,1024,1137,2080,1978,1,0,1,27.3161295674845,30.33050714670886,50.78125
189,1.89,1024,910,1869,1971,1,0,1,27.3161295674845,24.275076080479387,45.6298828125
190,1.9,1024,1137,2079,1977,1,0,1,27.3161295674845,30.33050714670886,50.7568359375
191,1.91,1024,910,1868,1970,1,0,1,27.3161295674845,24.275076080479387,45.60546875
192,1.92,1024,1137,2078,1976,1,0,1,27.3161295674845,30.33050714670886,50.732421875
193,1.93,1024,910,1867,1969,1,0,1,27.3161295674845,24.275076080479387,45.5810546875
194,1.94,1024,1137,2077,1975,1,0,1,27.3161295674845,30.33050714670886,50.7080078125
195,1.95,1024,910,1866,1968,1,0,1,27.3161295674845,24.275076080479387,45.556640625
196,1.96,1024,1137,2076,1974,1,0,1,27.3161295674845,30.33050714670886,50.68359375
197,1.97,1024,910,1865,1967,1,0,1,27.3161295674845,24.275076080479387,45.5322265625
198,1.98,1024,1137,2075,1973,1,0,1,27.3161295674845,30.33050714670886,50.6591796875
199,1.99,1024,910,1864,1966,1,0,1,27.3161295674845,24.275076080479387,45.5078125
200,2.0,1024,910,2074,1972,1,0,1,27.3161295674845,24.275076080479387,50.634765625
201,2.01,1024,1137,2080,1978,1,0,1,27.3161295674845,30.33050714670886,50.78125
202,2.02,1024,910,1869,1971,1,0,1,27.3161295674845,24.275076080479387,45.6298828125
203,2.03,1024,1137,2079,1977,1,0,1,27.3161295674845,30.33050714670886,50.7568359375
204,2.04,1024,910,1868,1970,1,0,1,27.3161295674845,24.275076080479387,45.60546875
205,2.05,1024,1137,2078,1976,1,0,1,27.3161295674845,30.33050714670886,50.732421875
206,2.06,1024,910,1867,1969,1,0,1,27.3161295674845,24.275076080479387,45.5810546875
207,2.07,1024,1137,2077,1975,1,0,1,27.3161295674845,30.33050714670886,50.7080078125
208,2.08,1024,910,1866,1968,1,0,1,27.3161295674845,24.275076080479387,45.556640625
209,2.09,1024,1137,2076,1974,1,0,1,27.3161295674845,30.33050714670886,50.68359375
210,2.1,1024,910,1865,1967,1,0,1,27.3161295674845,24.275076080479387,45.5322265625
211,2.11,1024,1137,2075,1973,1,0,1,27.3161295674845,30.33050714670886,50.6591796875
212,2.12,1024,910,1864,1966,1,0,1,27.3161295674845,24.275076080479387,45.5078125
213,2.13,1024,1137,2074,1972,1,0,1,27.3161295674845,30.33050714670886,50.634765625
214,2.14,1024,910,1863,1965,1,0,1,27.3161295674845,24.275076080479387,45.4833984375
215,2.15,1024,910,2073,1971,1,0,1,27.3161295674845,24.275076080479387,50.6103515625
216,2.16,1024,1137,2079,1977,1,0,1,27.3161295674845,30.33050714670886,50.7568359375
217,2.17,1024,910,1868,1970,1,0,1,27.3161295674845,24.275076080479387,45.60546875
218,2.18,1024,1137,2078,1976,1,0,1,27.3161295674845,30.33050714670886,50.732421875
219,2.19,1024,910,1867,1969,1,0,1,27.3161295674845,24.275076080479387,45.5810546875
220,2.2,1024,1137,2077,1975,1,0,1,27.3161295674845,30.33050714670886,50.7080078125
221,2.21,1024,910,1866,1968,1,0,1,27.3161295674845,24.275076080479387,45.556640625
222,2.22,1024,1137,2076,1974,1,0,1,27.3161295674845,30.33050714670886,50.68359375
223,2.23,1024,910,1865,1967,1,0,1,27.3161295674845,24.275076080479387,45.5322265625
224,2.24,1024,1137,2075,1973,1,0,1,27.3161295674845,30.33050714670886,50.6591796875
225,2.25,1024,910,1864,1966,1,0,1,27.3161295674845,24.275076080479387,45.5078125
226,2.26,1024,1137,2074,1972,1,0,1,27.3161295674845,30.33050714670886,50.634765625
227,2.27,1024,910,1863,1965,1,0,1,27.3161295674845,24.275076080479387,45.4833984375
228,2.28,1024,1137,2073,1971,1,0,1,27.3161295674845,30.33050714670886,50.6103515625
229,2.29,1024,910,1862,1964,1,0,1,27.3161295674845,24.275076080479387,45.458984375
230,2.3,1024,1137,2072,1970,1,0,1,27.3161295674845,30.33050714670886,50.5859375
231,2.31,1024,910,1861,1963,1,0,1,27.3161295674845,24.275076080479387,45.4345703125
232,2.32,1024,910,2071,1969,1,0,1,27.3161295674845,24.275076080479387,50.5615234375
233,2.33,1024,1137,2077,1975,1,0,1,27.3161295674845,30.33050714670886,50.7080078125
234,2.34,1024,910,1866,1968,1,0,1,27.3161295674845,24.275076080479387,45.556640625
235,2.35,1024,1137,2076,1974,1,0,1,27.3161295674845,30.33050714670886,50.68359375
236,2.36,1024,910,1865,1967,1,0,1,27.3161295674845,24.275076080479387,45.5322265625
237,2.37,1024,1137,2075,1973,1,0,1,27.3161295674845,30.33050714670886,50.6591796875
238,2.38,1024,910,1864,1966,1,0,1,27.3161295674845,24.275076080479387,45.5078125
239,2.39,1024,1137,2074,1972,1,0,1,27.3161295674845,30.33050714670886,50.634765625
240,2.4,1024,910,1863,1965,1,0,1,27.3161295674845,24.275076080479387,45.4833984375
241,2.41,1024,1137,2073,1971,1,0,1,27.3161295674845,30.33050714670886,50.6103515625
242,2.42,1024,910,1862,1964,1,0,1,27.3161295674845,24.275076080479387,45.458984375
243,2.43,1024,1137,2072,1970,1,0,1,27.3161295674845,30.33050714670886,50.5859375
244,2.44,1024,910,1861,1963,1,0,1,27.3161295674845,24.275076080479387,45.4345703125
245,2.45,1024,1137,2071,1969,1,0,1,27.3161295674845,30.33050714670886,50.5615234375
246,2.46,1024,910,1860,1962,1,0,1,27.3161295674845,24.275076080479387,45.41015625
247,2.47,1024,1137,2070,1968,1,0,1,27.3161295674845,30.33050714670886,50.537109375
248,2.48,1024,910,1859,1961,1,0,1,27.3161295674845,24.275076080479387,45.3857421875
249,2.49,1024,1137,2069,1967,1,0,1,27.3161295674845,30.33050714670886,50.5126953125
250,2.5,1024,910,1858,1960,1,0,1,27.3161295674845,24.275076080479387,45.361328125
251,2.51,1024,910,2068,1966,1,0,1,27.3161295674845,24.275076080479387,50.48828125
252,2.52,1024,1137,2074,1972,1,0,1,27.3161295674845,30.33050714670886,50.634765625
253,2.53,1024,910,1863,1965,1,0,1,27.3161295674845,24.275076080479387,45.4833984375
254,2.54,1024,1137,2073,1971,1,0,1,27.3161295674845,30.33050714670886,50.6103515625
255,2.55,1024,910,1862,1964,1,0,1,27.3161295674845,24.275076080479387,45.458984375
256,2.56,1024,1137,2072,1970,1,0,1,27.3161295674845,30.33050714670886,50.5859375
257,2.57,1024,910,1861,1963,1,0,1,27.3161295674845,24.275076080479387,45.4345703125
258,2.58,1024,1137,2071,1969,1,0,1,27.3161295674845,30.33050714670886,50.5615234375
259,2.59,1024,910,1860,1962,1,0,1,27.3161295674845,24.275076080479387,45.41015625
260,2.6,1024,1137,2070,1968,1,0,1,27.3161295674845,30.33050714670886,50.537109375
261,2.61,1024,910,1859,1961,1,0,1,27.3161295674845,24.275076080479387,45.3857421875
262,2.62,1024,1137,2069,1967,1,0,1,27.3161295674845,30.33050714670886,50.5126953125
263,2.63,1024,910,1858,1960,1,0,1,27.3161295674845,24.275076080479387,45.361328125
264,2.64,1024,1137,2068,1966,1,0,1,27.3161295674845,30.33050714670886,50.48828125
265,2.65,1024,910,1857,1959,1,0,1,27.3161295674845,24.275076080479387,45.3369140625
266,2.66,1024,910,2067,1965,1,0,1,27.3161295674845,24.275076080479387,50.4638671875
267,2.67,1024,1137,2073,1971,1,0,1,27.3161295674845,30.33050714670886,50.6103515625
268,2.68,1024,910,1862,1964,1,0,1,27.3161295674845,24.275076080479387,45.458984375
269,2.69,1024,1137,2072,1970,1,0,1,27.3161295674845,30.33050714670886,50.5859375
270,2.7,1024,910,1861,1963,1,0,1,27.3161295674845,24.275076080479387,45.4345703125
271,2.71,1024,1137,2071,1969,1,0,1,27.3161295674845,30.33050714670886,50.5615234375
272,2.72,1024,910,1860,1962,1,0,1,27.3161295674845,24.275076080479387,45.41015625
273,2.73,1024,1137,2070,1968,1,0,1,27.3161295674845,30.33050714670886,50.537109375
274,2.74,1024,910,1859,1961,1,0,1,27.3161295674845,24.275076080479387,45.3857421875
275,2.75,1024,1137,2069,1967,1,0,1,27.3161295674845,30.33050714670886,50.5126953125
276,2.76,1024,910,1858,1960,1,0,1,27.3161295674845,24.275076080479387,45.361328125
277,2.77,1024,910,2068,1966,1,0,1,27.3161295674845,24.275076080479387,50.48828125
278,2.78,1024,1137,2074,1972,1,0,1,27.3161295674845,30.33050714670886,50.634765625
279,2.79,1024,910,1863,1965,1,0,1,27.3161295674845,24.275076080479387,45.4833984375
280,2.8,1024,1137,2073,1971,1,0,1,27.3161295674845,30.33050714670886,50.6103515625
281,2.81,1024,910,1862,1964,1,0,1,27.3161295674845,24.275076080479387,45.458984375
282,2.82,1024,1137,2072,1970,1,0,1,27.3161295674845,30.33050714670886,50.5859375
283,2.83,1024,910,1861,1963,1,0,1,27.3161295674845,24.275076080479387,45.4345703125
284,2.84,1024,1365,2071,1969,1,0,1,27.3161295674845,36.412614120719084,50.5615234375
285,2.85,1024,910,1641,1948,1,0,1,27.3161295674845,24.275076080479387,40.0634765625
286,2.86,1024,1137,2056,1954,1,0,1,27.3161295674845,30.33050714670886,50.1953125
287,2.87,1024,910,1845,1947,1,0,1,27.3161295674845,24.275076080479387,45.0439453125
288,2.88,1024,910,2055,1953,1,0,1,27.3161295674845,24.275076080479387,50.1708984375
289,2.89,1024,1137,2061,1959,1,0,1,27.3161295674845,30.33050714670886,50.3173828125
290,2.9,1024,910,1850,1952,1,0,1,27.3161295674845,24.275076080479387,45.166015625
291,2.91,1024,1137,2060,1958,1,0,1,27.3161295674845,30.33050714670886,50.29296875
292,2.92,1024,910,1849,1951,1,0,1,27.3161295674845,24.275076080479387,45.1416015625
293,2.93,1024,1137,2059,1957,1,0,1,27.3161295674845,30.33050714670886,50.2685546875
294,2.94,1024,910,1848,1950,1,0,1,27.3161295674845,24.275076080479387,45.1171875
295,2.95,1024,910,2058,1956,1,0,1,27.3161295674845,24.275076080479387,50.244140625
296,2.96,1024,1137,2064,1962,1,0,1,27.3161295674845,30.33050714670886,50.390625
297,2.97,1024,910,1853,1955,1,0,1,27.3161295674845,24.275076080479387,45.2392578125
298,2.98,1024,1137,2063,1961,1,0,1,27.3161295674845,30.33050714670886,50.3662109375
299,2.99,1024,910,1852,1954,1,0,1,27.3161295674845,24.275076080479387,45.21484375
300,3.0,1024,1137,2062,1960,1,0,1,27.3161295674845,30.33050714670886,50.341796875
301,3.01,1024,910,1851,1953,1,0,1,27.3161295674845,24.275076080479387,45.1904296875
302,3.02,1024,910,2061,1959,1,0,1,27.3161295674845,24.275076080479387,50.3173828125
303,3.03,1024,1137,2067,1965,1,0,1,27.3161295674845,30.33050714670886,50.4638671875
304,3.04,1024,910,1856,1958,1,0,1,27.3161295674845,24.275076080479387,45.3125
305,3.05,1024,1137,2066,1964,1,0,1,27.3161295674845,30.33050714670886,50.439453125
306,3.06,1024,910,1855,1957,1,0,1,27.3161295674845,24.275076080479387,45.2880859375
307,3.07,1024,1137,2065,1963,1,0,1,27.3161295674845,30.33050714670886,50.4150390625
308,3.08,1024,910,1854,1956,1,0,1,27.3161295674845,24.275076080479387,45.263671875
309,3.09,1024,910,2064,1962,1,0,1,27.3161295674845,24.275076080479387,50.390625
310,3.1,1024,1137,2070,1968,1,0,1,27.3161295674845,30.33050714670886,50.537109375
311,3.11,1024,910,1859,1961,1,0,1,27.3161295674845,24.275076080479387,45.3857421875
312,3.12,1024,1137,2069,1967,1,0,1,27.3161295674845,30.33050714670886,50.5126953125
313,3.13,1024,910,1858,1960,1,0,1,27.3161295674845,24.275076080479387,45.361328125
314,3.14,1024,910,2068,1966,1,0,1,27.3161295674845,24.275076080479387,50.48828125
315,3.15,1024,1137,2074,1972,1,0,1,27.3161295674845,30.33050714670886,50.634765625
316,3.16,1024,910,1863,1965,1,0,1,27.3161295674845,24.275076080479387,45.4833984375
317,3.17,1024,1137,2073,1971,1,0,1,27.3161295674845,30.33050714670886,50.6103515625
318,3.18,1024,910,1862,1964,1,0,1,27.3161295674845,24.275076080479387,45.458984375
319,3.19,1024,1137,2072,1970,1,0,1,27.3161295674845,30.33050714670886,50.5859375
320,3.2,1024,910,1861,1963,1,0,1,27.3161295674845,24.275076080479387,45.4345703125
321,3.21,1024,1137,2071,1969,1,0,1,27.3161295674845,30.33050714670886,50.5615234375
322,3.22,1024,910,1860,1962,1,0,1,27.3161295674845,24.275076080479387,45.41015625
323,3.23,1024,910,2070,1968,1,0,1,27.3161295674845,24.275076080479387,50.537109375
324,3.24,1024,1137,2076,1974,1,0,1,27.3161295674845,30.33050714670886,50.68359375
325,3.25,1024,910,1865,1967,1,0,1,27.3161295674845,24.275076080479387,45.5322265625
326,3.26,1024,1137,2075,1973,1,0,1,27.3161295674845,30.33050714670886,50.6591796875
327,3.27,1024,910,1864,1966,1,0,1,27.3161295674845,24.275076080479387,45.5078125
328,3.28,1024,1137,2074,1972,1,0,1,27.3161295674845,30.33050714670886,50.634765625
329,3.29,1024,910,1863,1965,1,0,1,27.3161295674845,24.275076080479387,45.4833984375
330,3.3,1024,910,2073,1971,1,0,1,27.3161295674845,24.275076080479387,50.6103515625
331,3.31,1024,1137,2079,1977,1,0,1,27.3161295674845,30.33050714670886,50.7568359375
332,3.32,1024,910,1868,1970,1,0,1,27.3161295674845,24.275076080479387,45.60546875
333,3.33,1024,1137,2078,1976,1,0,1,27.3161295674845,30.33050714670886,50.732421875
334,3.34,1024,910,1867,1969,1,0,1,27.3161295674845,24.275076080479387,45.5810546875
335,3.35,1024,1137,2077,1975,1,0,1,27.3161295674845,30.33050714670886,50.7080078125
336,3.36,1024,910,1866,1968,1,0,1,27.3161295674845,24.275076080479387,45.556640625
337,3.37,1024,1137,2076,1974,1,0,1,27.3161295674845,30.33050714670886,50.68359375
338,3.38,1024,910,1865,1967,1,0,1,27.3161295674845,24.275076080479387,45.5322265625
339,3.39,1024,910,2075,1973,1,0,1,27.3161295674845,24.275076080479387,50.6591796875
340,3.4,1024,1137,2081,1979,1,0,1,27.3161295674845,30.33050714670886,50.8056640625
341,3.41,1024,910,1870,1972,1,0,1,27.3161295674845,24.275076080479387,45.654296875
342,3.42,1024,1137,2080,1978,1,0,1,27.3161295674845,30.33050714670886,50.78125
343,3.43,1024,910,1869,1971,1,0,1,27.3161295674845,24.275076080479387,45.6298828125
344,3.44,1024,1137,2079,1977,1,0,1,27.3161295674845,30.33050714670886,50.7568359375
345,3.45,1024,910,1868,1970,1,0,1,27.3161295674845,24.275076080479387,45.60546875
346,3.46,1024,1137,2078,1976,1,0,1,27.3161295674845,30.33050714670886,50.732421875
347,3.47,1024,910,1867,1969,1,0,1,27.3161295674845,24.275076080479387,45.5810546875
348,3.48,1024,1137,2077,1975,1,0,1,27.3161295674845,30.33050714670886,50.7080078125
349,3.49,1024,910,1866,1968,1,0,1,27.3161295674845,24.275076080479387,45.556640625
350,3.5,1024,910,2076,1974,1,0,1,27.3161295674845,24.275076080479387,50.68359375
351,3.51,1024,1137,2082,1980,1,0,1,27.3161295674845,30.33050714670886,50.830078125
352,3.52,1024,910,1871,1973,1,0,1,27.3161295674845,24.275076080479387,45.6787109375
353,3.53,1024,1137,2081,1979,1,0,1,27.3161295674845,30.33050714670886,50.8056640625
354,3.54,1024,910,1870,1972,1,0,1,27.3161295674845,24.275076080479387,45.654296875
355,3.55,1024,1137,2080,1978,1,0,1,27.3161295674845,30.33050714670886,50.78125
356,3.56,1024,910,1869,1971,1,0,1,27.3161295674845,24.275076080479387,45.6298828125
357,3.57,1024,1137,2079,1977,1,0,1,27.3161295674845,30.33050714670886,50.7568359375
358,3.58,1024,910,1868,1970,1,0,1,27.3161295674845,24.275076080479387,45.60546875
359,3.59,1024,1137,2078,1976,1,0,1,27.3161295674845,30.33050714670886,50.732421875
360,3.6,1024,910,1867,1969,1,0,1,27.3161295674845,24.275076080479387,45.5810546875
361,3.61,1024,1137,2077,1975,1,0,1,27.3161295674845,30.33050714670886,50.7080078125
362,3.62,1024,910,1866,1968,1,0,1,27.3161295674845,24.275076080479387,45.556640625
363,3.63,1024,1137,2076,1974,1,0,1,27.3161295674845,30.33050714670886,50.68359375
364,3.64,1024,910,1865,1967,1,0,1,27.3161295674845,24.275076080479387,45.5322265625
365,3.65,1024,910,2075,1973,1,0,1,27.3161295674845,24.275076080479387,50.6591796875
366,3.66,1024,1137,2081,1979,1,0,1,27.3161295674845,30.33050714670886,50.8056640625
367,3.67,1024,910,1870,1972,1,0,1,27.3161295674845,24.275076080479387,45.654296875
368,3.68,1024,1137,2080,1978,1,0,1,27.3161295674845,30.33050714670886,50.78125
369,3.69,1024,910,1869,1971,1,0,1,27.3161295674845,24.275076080479387,45.6298828125
370,3.7,1024,1137,2079,1977,1,0,1,27.3161295674845,30.33050714670886,50.7568359375
371,3.71,1024,910,1868,1970,1,0,1,27.3161295674845,24.275076080479387,45.60546875
372,3.72,1024,1137,2078,1976,1,0,1,27.3161295674845,30.33050714670886,50.732421875
373,3.73,1024,910,1867,1969,1,0,1,27.3161295674845,24.275076080479387,45.5810546875
374,3.74,1024,1137,2077,1975,1,0,1,27.3161295674845,30.33050714670886,50.7080078125
375,3.75,1024,910,1866,1968,1,0,1,27.3161295674845,24.275076080479387,45.556640625
376,3.76,1024,1137,2076,1974,1,0,1,27.3161295674845,30.33050714670886,50.68359375
377,3.77,1024,910,1865,1967,1,0,1,27.3161295674845,24.275076080479387,45.5322265625
378,3.78,1024,910,2075,1973,1,0,1,27.3161295674845,24.275076080479387,50.6591796875
379,3.79,1024,1137,2081,1979,1,0,1,27.3161295674845,30.33050714670886,50.8056640625
380,3.8,1024,910,1870,1972,1,0,1,27.3161295674845,24.275076080479387,45.654296875
381,3.81,1024,1137,2080,1978,1,0,1,27.3161295674845,30.33050714670886,50.78125
382,3.82,1024,910,1869,1971,1,0,1,27.3161295674845,24.275076080479387,45.6298828125
383,3.83,1024,1137,2079,1977,1,0,1,27.3161295674845,30.33050714670886,50.7568359375
384,3.84,1024,910,1868,1970,1,0,1,27.3161295674845,24.275076080479387,45.60546875
385,3.85,1024,1137,2078,1976,1,0,1,27.3161295674845,30.33050714670886,50.732421875
386,3.86,1024,910,1867,1969,1,0,1,27.3161295674845,24.275076080479387,45.5810546875
387,3.87,1024,1137,2077,1975,1,0,1,27.3161295674845,30.33050714670886,50.7080078125
388,3.88,1024,910,1866,1968,1,0,1,27.3161295674845,24.275076080479387,45.556640625
389,3.89,1024,910,2076,1974,1,0,1,27.3161295674845,24.275076080479387,50.68359375
390,3.9,1024,1137,2082,1980,1,0,1,27.3161295674845,30.33050714670886,50.830078125
391,3.91,1024,910,1871,1973,1,0,1,27.3161295674845,24.275076080479387,45.6787109375
392,3.92,1024,1137,2081,1979,1,0,1,27.3161295674845,30.33050714670886,50.8056640625
393,3.93,1024,910,1870,1972,1,0,1,27.3161295674845,24.275076080479387,45.654296875
394,3.94,1024,1137,2080,1978,1,0,1,27.3161295674845,30.33050714670886,50.78125
395,3.95,1024,910,1869,1971,1,0,1,27.3161295674845,24.275076080479387,45.6298828125
396,3.96,1024,1137,2079,1977,1,0,1,27.3161295674845,30.33050714670886,50.7568359375
397,3.97,1024,910,1868,1970,1,0,1,27.3161295674845,24.275076080479387,45.60546875
398,3.98,1024,1137,2078,1976,1,0,1,27.3161295674845,30.33050714670886,50.732421875
399,3.99,1024,910,1867,1969,1,0,1,27.3161295674845,24.275076080479387,45.5810546875
400,4.0,1024,1137,2077,1975,1,0,1,27.3161295674845,30.33050714670886,50.7080078125
401,4.01,1024,910,1866,1968,1,0,1,27.3161295674845,24.275076080479387,45.556640625
402,4.02,1024,910,2076,1974,1,0,1,27.3161295674845,24.275076080479387,50.68359375
403,4.03,1024,1137,2082,1980,1,0,1,27.3161295674845,30.33050714670886,50.830078125
404,4.04,1024,910,1871,1973,1,0,1,27.3161295674845,24.275076080479387,45.6787109375
405,4.05,1024,1137,2081,1979,1,0,1,27.3161295674845,30.33050714670886,50.8056640625
406,4.06,1024,910,1870,1972,1,0,1,27.3161295674845,24.275076080479387,45.654296875
407,4.07,1024,1137,2080,1978,1,0,1,27.3161295674845,30.33050714670886,50.78125
408,4.08,1024,910,1869,1971,1,0,1,27.3161295674845,24.275076080479387,45.6298828125
409,4.09,1024,1137,2079,1977,1,0,1,27.3161295674845,30.33050714670886,50.7568359375
410,4.1,1024,910,1868,1970,1,0,1,27.3161295674845,24.275076080479387,45.60546875
411,4.11,1024,1137,2078,1976,1,0,1,27.3161295674845,30.33050714670886,50.732421875
412,4.12,1024,910,1867,1969,1,0,1,27.3161295674845,24.275076080479387,45.5810546875
413,4.13,1024,1137,2077,1975,1,0,1,27.3161295674845,30.33050714670886,50.7080078125
414,4.14,1024,910,1866,1968,1,0,1,27.3161295674845,24.275076080479387,45.556640625
415,4.15,1024,910,2076,1974,1,0,1,27.3161295674845,24.275076080479387,50.68359375
416,4.16,1024,1137,2082,1980,1,0,1,27.3161295674845,30.33050714670886,50.830078125
417,4.17,1024,910,1871,1973,1,0,1,27.3161295674845,24.275076080479387,45.6787109375
418,4.18,1024,1137,2081,1979,1,0,1,27.3161295674845,30.33050714670886,50.8056640625
419,4.19,1024,910,1870,1972,1,0,1,27.3161295674845,24.275076080479387,45.654296875
420,4.2,1024,1137,2080,1978,1,0,1,27.3161295674845,30.33050714670886,50.78125
421,4.21,1024,910,1869,1971,1,0,1,27.3161295674845,24.275076080479387,45.6298828125
422,4.22,1024,1137,2079,1977,1,0,1,27.3161295674845,30.33050714670886,50.7568359375
423,4.23,1024,910,1868,1970,1,0,1,27.3161295674845,24.275076080479387,45.60546875
424,4.24,1024,1137,2078,1976,1,0,1,27.3161295674845,30.33050714670886,50.732421875
425,4.25,1024,910,1867,1969,1,0,1,27.3161295674845,24.275076080479387,45.5810546875
426,4.26,1024,910,2077,1975,1,0,1,27.3161295674845,24.275076080479387,50.7080078125
427,4.27,1024,1137,2083,1981,1,0,1,27.3161295674845,30.33050714670886,50.8544921875
428,4.28,1024,910,1872,1974,1,0,1,27.3161295674845,24.275076080479387,45.703125
429,4.29,1024,1137,2082,1980,1,0,1,27.3161295674845,30.33050714670886,50.830078125
430,4.3,1024,910,1871,1973,1,0,1,27.3161295674845,24.275076080479387,45.6787109375
431,4.31,1024,1137,2081,1979,1,0,1,27.3161295674845,30.33050714670886,50.8056640625
432,4.32,1024,910,1870,1972,1,0,1,27.3161295674845,24.275076080479387,45.654296875
433,4.33,1024,1137,2080,1978,1,0,1,27.3161295674845,30.33050714670886,50.78125
434,4.34,1024,910,1869,1971,1,0,1,27.3161295674845,24.275076080479387,45.6298828125
435,4.35,1024,1137,2079,1977,1,0,1,27.3161295674845,30.33050714670886,50.7568359375
436,4.36,1024,910,1868,1970,1,0,1,27.3161295674845,24.275076080479387,45.60546875
437,4.37,1024,1137,2078,1976,1,0,1,27.3161295674845,30.33050714670886,50.732421875
438,4.38,1024,1137,1867,1969,1,0,1,27.3161295674845,30.33050714670886,45.5810546875
439,4.39,1024,910,1860,1962,1,0,1,27.3161295674845,24.275076080479387,45.41015625
440,4.4,1024,1137,2070,1968,1,0,1,27.3161295674845,30.33050714670886,50.537109375
441,4.41,1024,910,1859,1961,1,0,1,27.3161295674845,24.275076080479387,45.3857421875
442,4.42,1024,1137,2069,1967,1,0,1,27.3161295674845,30.33050714670886,50.5126953125
443,4.43,1024,910,1858,1960,1,0,1,27.3161295674845,24.275076080479387,45.361328125
444,4.44,1024,1137,2068,1966,1,0,1,27.3161295674845,30.33050714670886,50.48828125
445,4.45,1024,910,1857,1959,1,0,1,27.3161295674845,24.275076080479387,45.3369140625
446,4.46,1024,1137,2067,1965,1,0,1,27.3161295674845,30.33050714670886,50.4638671875
447,4.47,1024,910,1856,1958,1,0,1,27.3161295674845,24.275076080479387,45.3125
448,4.48,1024,1137,2066,1964,1,0,1,27.3161295674845,30.33050714670886,50.439453125
449,4.49,1024,910,1855,1957,1,0,1,27.3161295674845,24.275076080479387,45.2880859375
450,4.5,1024,910,2065,1963,1,0,1,27.3161295674845,24.275076080479387,50.4150390625
451,4.51,1024,1137,2071,1969,1,0,1,27.3161295674845,30.33050714670886,50.5615234375
452,4.52,1024,910,1860,1962,1,0,1,27.3161295674845,24.275076080479387,45.41015625
453,4.53,1024,1137,2070,1968,1,0,1,27.3161295674845,30.33050714670886,50.537109375
454,4.54,1024,910,1859,1961,1,0,1,27.3161295674845,24.275076080479387,45.3857421875
455,4.55,1024,1137,2069,1967,1,0,1,27.3161295674845,30.33050714670886,50.5126953125
456,4.56,1024,910,1858,1960,1,0,1,27.3161295674845,24.275076080479387,45.361328125
457,4.57,1024,1137,2068,1966,1,0,1,27.3161295674845,30.33050714670886,50.48828125
458,4.58,1024,910,1857,1959,1,0,1,27.3161295674845,24.275076080479387,45.3369140625
459,4.59,1024,910,2067,1965,1,0,1,27.3161295674845,24.275076080479387,50.4638671875
460,4.6,1024,1137,2073,1971,1,0,1,27.3161295674845,30.33050714670886,50.6103515625
461,4.61,1024,910,1862,1964,1,0,1,27.3161295674845,24.275076080479387,45.458984375
462,4.62,1024,1137,2072,1970,1,0,1,27.3161295674845,30.33050714670886,50.5859375
463,4.63,1024,910,1861,1963,1,0,1,27.3161295674845,24.275076080479387,45.4345703125
464,4.64,1024,1137,2071,1969,1,0,1,27.3161295674845,30.33050714670886,50.5615234375
465,4.65,1024,910,1860,1962,1,0,1,27.3161295674845,24.275076080479387,45.41015625
466,4.66,1024,1137,2070,1968,1,0,1,27.3161295674845,30.33050714670886,50.537109375
467,4.67,1024,910,1859,1961,1,0,1,27.3161295674845,24.275076080479387,45.3857421875
468,4.68,1024,1137,2069,1967,1,0,1,27.3161295674845,30.33050714670886,50.5126953125
469,4.69,1024,910,1858,1960,1,0,1,27.3161295674845,24.275076080479387,45.361328125
470,4.7,1024,910,2068,1966,1,0,1,27.3161295674845,24.275076080479387,50.48828125
471,4.71,1024,1137,2074,1972,1,0,1,27.3161295674845,30.33050714670886,50.634765625
472,4.72,1024,910,1863,1965,1,0,1,27.3161295674845,24.275076080479387,45.4833984375
473,4.73,1024,1137,2073,1971,1,0,1,27.3161295674845,30.33050714670886,50.6103515625
474,4.74,1024,910,1862,1964,1,0,1,27.3161295674845,24.275076080479387,45.458984375
475,4.75,1024,1137,2072,1970,1,0,1,27.3161295674845,30.33050714670886,50.5859375
476,4.76,1024,910,1861,1963,1,0,1,27.3161295674845,24.275076080479387,45.4345703125
477,4.77,1024,1137,2071,1969,1,0,1,27.3161295674845,30.33050714670886,50.5615234375
478,4.78,1024,910,1860,1962,1,0,1,27.3161295674845,24.275076080479387,45.41015625
479,4.79,1024,1137,2070,1968,1,0,1,27.3161295674845,30.33050714670886,50.537109375
480,4.8,1024,910,1859,1961,1,0,1,27.3161295674845,24.275076080479387,45.3857421875
481,4.81,1024,910,2069,1967,1,0,1,27.3161295674845,24.275076080479387,50.5126953125
482,4.82,1024,1137,2075,1973,1,0,1,27.3161295674845,30.33050714670886,50.6591796875
483,4.83,1024,910,1864,1966,1,0,1,27.3161295674845,24.275076080479387,45.5078125
484,4.84,1024,1137,2074,1972,1,0,1,27.3161295674845,30.33050714670886,50.634765625
485,4.85,1024,910,1863,1965,1,0,1,27.3161295674845,24.275076080479387,45.4833984375
486,4.86,1024,1137,2073,1971,1,0,1,27.3161295674845,30.33050714670886,50.6103515625
487,4.87,1024,910,1862,1964,1,0,1,27.3161295674845,24.275076080479387,45.458984375
488,4.88,1024,1137,2072,1970,1,0,1,27.3161295674845,30.33050714670886,50.5859375
489,4.89,1024,910,1861,1963,1,0,1,27.3161295674845,24.275076080479387,45.4345703125
490,4.9,1024,1137,2071,1969,1,0,1,27.3161295674845,30.33050714670886,50.5615234375
491,4.91,1024,910,1860,1962,1,0,1,27.3161295674845,24.275076080479387,45.41015625
492,4.92,1024,910,2070,1968,1,0,1,27.3161295674845,24.275076080479387,50.537109375
493,4.93,1024,1137,2076,1974,1,0,1,27.3161295674845,30.33050714670886,50.68359375
494,4.94,1024,910,1865,1967,1,0,1,27.3161295674845,24.275076080479387,45.5322265625
495,4.95,1024,1137,2075,1973,1,0,1,27.3161295674845,30.33050714670886,50.6591796875
496,4.96,1024,910,1864,1966,1,0,1,27.3161295674845,24.275076080479387,45.5078125
497,4.97,1024,1137,2074,1972,1,0,1,27.3161295674845,30.33050714670886,50.634765625
498,4.98,1024,910,1863,1965,1,0,1,27.3161295674845,24.275076080479387,45.4833984375
499,4.99,1024,1137,2073,1971,1,0,1,27.3161295674845,30.33050714670886,50.6103515625
500,5.0,1024,910,1862,1964,1,0,1,27.3161295674845,24.275076080479387,45.458984375
501,5.01,1024,910,2072,1970,1,0,1,27.3161295674845,24.275076080479387,50.5859375
502,5.02,1024,1137,2078,1976,1,0,1,27.3161295674845,30.33050714670886,50.732421875
503,5.03,1024,910,1867,1969,1,0,1,27.3161295674845,24.275076080479387,45.5810546875
504,5.04,1024,1137,2077,1975,1,0,1,27.3161295674845,30.33050714670886,50.7080078125
505,5.05,1024,910,1866,1968,1,0,1,27.3161295674845,24.275076080479387,45.556640625
506,5.06,1024,1137,2076,1974,1,0,1,27.3161295674845,30.33050714670886,50.68359375
507,5.07,1024,910,1865,1967,1,0,1,27.3161295674845,24.275076080479387,45.5322265625
508,5.08,1024,1137,2075,1973,1,0,1,27.3161295674845,30.33050714670886,50.6591796875
509,5.09,1024,910,1864,1966,1,0,1,27.3161295674845,24.275076080479387,45.5078125
510,5.1,1024,1137,2074,1972,1,0,1,27.3161295674845,30.33050714670886,50.634765625
511,5.11,1024,910,1863,1965,1,0,1,27.3161295674845,24.275076080479387,45.4833984375
512,5.12,1024,910,2073,1971,1,0,1,27.3161295674845,24.275076080479387,50.6103515625
513,5.13,1024,1137,2079,1977,1,0,1,27.3161295674845,30.33050714670886,50.7568359375
514,5.14,1024,910,1868,1970,1,0,1,27.3161295674845,24.275076080479387,45.60546875
515,5.15,1024,1137,2078,1976,1,0,1,27.3161295674845,30.33050714670886,50.732421875
516,5.16,1024,910,1867,1969,1,0,1,27.3161295674845,24.275076080479387,45.5810546875
517,5.17,1024,1137,2077,1975,1,0,1,27.3161295674845,30.33050714670886,50.7080078125
518,5.18,1024,910,1866,1968,1,0,1,27.3161295674845,24.275076080479387,45.556640625
519,5.19,1024,1137,2076,1974,1,0,1,27.3161295674845,30.33050714670886,50.68359375
520,5.2,1024,910,1865,1967,1,0,1,27.3161295674845,24.275076080479387,45.5322265625
521,5.21,1024,910,2075,1973,1,0,1,27.3161295674845,24.275076080479387,50.6591796875
522,5.22,1024,1137,2081,1979,1,0,1,27.3161295674845,30.33050714670886,50.8056640625
523,5.23,1024,910,1870,1972,1,0,1,27.3161295674845,24.275076080479387,45.654296875
524,5.24,1024,1137,2080,1978,1,0,1,27.3161295674845,30.33050714670886,50.78125
525,5.25,1024,910,1869,1971,1,0,1,27.3161295674845,24.275076080479387,45.6298828125
526,5.26,1024,1137,2079,1977,1,0,1,27.3161295674845,30.33050714670886,50.7568359375
527,5.27,1024,910,1868,1970,1,0,1,27.3161295674845,24.275076080479387,45.60546875
528,5.28,1024,1137,2078,1976,1,0,1,27.3161295674845,30.33050714670886,50.732421875
529,5.29,1024,910,1867,1969,1,0,1,27.3161295674845,24.275076080479387,45.5810546875
530,5.3,1024,1137,2077,1975,1,0,1,27.3161295674845,30.33050714670886,50.7080078125
531,5.31,1024,910,1866,1968,1,0,1,27.3161295674845,24.275076080479387,45.556640625
532,5.32,1024,910,2076,1974,1,0,1,27.3161295674845,24.275076080479387,50.68359375
533,5.33,1024,1137,2082,1980,1,0,1,27.3161295674845,30.33050714670886,50.830078125
534,5.34,1024,910,1871,1973,1,0,1,27.3161295674845,24.275076080479387,45.6787109375
535,5.35,1024,1137,2081,1979,1,0,1,27.3161295674845,30.33050714670886,50.8056640625
536,5.36,1024,910,1870,1972,1,0,1,27.3161295674845,24.275076080479387,45.654296875
537,5.37,1024,1137,2080,1978,1,0,1,27.3161295674845,30.33050714670886,50.78125
538,5.38,1024,910,1869,1971,1,0,1,27.3161295674845,24.275076080479387,45.6298828125
539,5.39,1024,1137,2079,1977,1,0,1,27.3161295674845,30.33050714670886,50.7568359375
540,5.4,1024,910,1868,1970,1,0,1,27.3161295674845,24.275076080479387,45.60546875
541,5.41,1024,1137,2078,1976,1,0,1,27.3161295674845,30.33050714670886,50.732421875
542,5.42,1024,910,1867,1969,1,0,1,27.3161295674845,24.275076080479387,45.5810546875
543,5.43,1024,910,2077,1975,1,0,1,27.3161295674845,24.275076080479387,50.7080078125
544,5.44,1024,1137,2083,1981,1,0,1,27.3161295674845,30.33050714670886,50.8544921875
545,5.45,1024,910,1872,1974,1,0,1,27.3161295674845,24.275076080479387,45.703125
546,5.46,1024,1137,2082,1980,1,0,1,27.3161295674845,30.33050714670886,50.830078125
547,5.47,1024,910,1871,1973,1,0,1,27.3161295674845,24.275076080479387,45.6787109375
548,5.48,1024,1137,2081,1979,1,0,1,27.3161295674845,30.33050714670886,50.8056640625
549,5.49,1024,910,1870,1972,1,0,1,27.3161295674845,24.275076080479387,45.654296875
550,5.5,1024,1137,2080,1978,1,0,1,27.3161295674845,30.33050714670886,50.78125
551,5.51,1024,910,1869,1971,1,0,1,27.3161295674845,24.275076080479387,45.6298828125
552,5.52,1024,1137,2079,1977,1,0,1,27.3161295674845,30.33050714670886,50.7568359375
553,5.53,1024,910,1868,1970,1,0,1,27.3161295674845,24.275076080479387,45.60546875
554,5.54,1024,1137,2078,1976,1,0,1,27.3161295674845,30.33050714670886,50.732421875
555,5.55,1024,910,1867,1969,1,0,1,27.3161295674845,24.275076080479387,45.5810546875
556,5.56,1024,910,2077,1975,1,0,1,27.3161295674845,24.275076080479387,50.7080078125
557,5.57,1024,1137,2083,1981,1,0,1,27.3161295674845,30.33050714670886,50.8544921875
558,5.58,1024,910,1872,1974,1,0,1,27.3161295674845,24.275076080479387,45.703125
559,5.59,1024,1137,2082,1980,1,0,1,27.3161295674845,30.33050714670886,50.830078125
560,5.6,1024,910,1871,1973,1,0,1,27.3161295674845,24.275076080479387,45.6787109375
561,5.61,1024,1137,2081,1979,1,0,1,27.3161295674845,30.33050714670886,50.8056640625
562,5.62,1024,910,1870,1972,1,0,1,27.3161295674845,24.275076080479387,45.654296875
563,5.63,1024,1137,2080,1978,1,0,1,27.3161295674845,30.33050714670886,50.78125
564,5.64,1024,910,1869,1971,1,0,1,27.3161295674845,24.275076080479387,45.6298828125
565,5.65,1024,1137,2079,1977,1,0,1,27.3161295674845,30.33050714670886,50.7568359375
566,5.66,1024,910,1868,1970,1,0,1,27.3161295674845,24.275076080479387,45.60546875
567,5.67,1024,1137,2078,1976,1,0,1,27.3161295674845,30.33050714670886,50.732421875
568,5.68,1024,910,1867,1969,1,0,1,27.3161295674845,24.275076080479387,45.5810546875
569,5.69,1024,1137,2077,1975,1,0,1,27.3161295674845,30.33050714670886,50.7080078125
570,5.7,1024,910,1866,1968,1,0,1,27.3161295674845,24.275076080479387,45.556640625
571,5.71,1024,1137,2076,1974,1,0,1,27.3161295674845,30.33050714670886,50.68359375
572,5.72,1024,910,1865,1967,1,0,1,27.3161295674845,24.275076080479387,45.5322265625
573,5.73,1024,1137,2075,1973,1,0,1,27.3161295674845,30.33050714670886,50.6591796875
574,5.74,1024,910,1864,1966,1,0,1,27.3161295674845,24.275076080479387,45.5078125
575,5.75,1024,910,2074,1972,1,0,1,27.3161295674845,24.275076080479387,50.634765625
576,5.76,1024,1137,2080,1978,1,0,1,27.3161295674845,30.33050714670886,50.78125
577,5.77,1024,910,1869,1971,1,0,1,27.3161295674845,24.275076080479387,45.6298828125
578,5.78,1024,1137,2079,1977,1,0,1,27.3161295674845,30.33050714670886,50.7568359375
579,5.79,1024,910,1868,1970,1,0,1,27.3161295674845,24.275076080479387,45.60546875
580,5.8,1024,1137,2078,1976,1,0,1,27.3161295674845,30.33050714670886,50.732421875
581,5.81,1024,910,1867,1969,1,0,1,27.3161295674845,24.275076080479387,45.5810546875
582,5.82,1024,1137,2077,1975,1,0,1,27.3161295674845,30.33050714670886,50.7080078125
583,5.83,1024,910,1866,1968,1,0,1,27.3161295674845,24.275076080479387,45.556640625
584,5.84,1024,1137,2076,1974,1,0,1,27.3161295674845,30.33050714670886,50.68359375
585,5.85,1024,910,1865,1967,1,0,1,27.3161295674845,24.275076080479387,45.5322265625
586,5.86,1024,910,2075,1973,1,0,1,27.3161295674845,24.275076080479387,50.6591796875
587,5.87,1024,1137,2081,1979,1,0,1,27.3161295674845,30.33050714670886,50.8056640625
588,5.88,1024,910,1870,1972,1,0,1,27.3161295674845,24.275076080479387,45.654296875
589,5.89,1024,1137,2080,1978,1,0,1,27.3161295674845,30.33050714670886,50.78125
590,5.9,1024,910,1869,1971,1,0,1,27.3161295674845,24.275076080479387,45.6298828125
591,5.91,1024,1137,2079,1977,1,0,1,27.3161295674845,30.33050714670886,50.7568359375
592,5.92,1024,910,1868,1970,1,0,1,27.3161295674845,24.275076080479387,45.60546875
593,5.93,1024,910,2078,1976,1,0,1,27.3161295674845,24.275076080479387,50.732421875
594,5.94,1024,1137,2084,1982,1,0,1,27.3161295674845,30.33050714670886,50.87890625
595,5.95,1024,910,1873,1975,1,0,1,27.3161295674845,24.275076080479387,45.7275390625
596,5.96,1024,1137,2083,1981,1,0,1,27.3161295674845,30.33050714670886,50.8544921875
597,5.97,1024,910,1872,1974,1,0,1,27.3161295674845,24.275076080479387,45.703125
598,5.98,1024,1137,2082,1980,1,0,1,27.3161295674845,30.33050714670886,50.830078125
599,5.99,1024,910,1871,1973,1,0,1,27.3161295674845,24.275076080479387,45.6787109375
600,6.0,1024,910,2081,1979,1,0,1,27.3161295674845,24.275076080479387,50.8056640625
601,6.01,1024,1137,2087,1985,1,0,1,27.3161295674845,30.33050714670886,50.9521484375
602,6.02,1024,910,1876,1978,1,0,1,27.3161295674845,24.275076080479387,45.80078125
603,6.03,1024,1137,2086,1984,1,0,1,27.3161295674845,30.33050714670886,50.927734375
604,6.04,1024,910,1875,1977,1,0,1,27.3161295674845,24.275076080479387,45.7763671875
605,6.05,1024,1137,2085,1983,1,0,1,27.3161295674845,30.33050714670886,50.9033203125
606,6.06,1024,910,1874,1976,1,0,1,27.3161295674845,24.275076080479387,45.751953125
607,6.07,1024,910,2084,1982,1,0,1,27.3161295674845,24.275076080479387,50.87890625
608,6.08,1024,1137,2090,1988,1,0,1,27.3161295674845,30.33050714670886,51.025390625
609,6.09,1024,910,1879,1981,1,0,1,27.3161295674845,24.275076080479387,45.8740234375
610,6.1,1024,1137,2089,1987,1,0,1,27.3161295674845,30.33050714670886,51.0009765625
611,6.11,1024,910,1878,1980,1,0,1,27.3161295674845,24.275076080479387,45.849609375
612,6.12,1024,1137,2088,1986,1,0,1,27.3161295674845,30.33050714670886,50.9765625
613,6.13,1024,910,1877,1979,1,0,1,27.3161295674845,24.275076080479387,45.8251953125
614,6.14,1024,1137,2087,1985,1,0,1,27.3161295674845,30.33050714670886,50.9521484375
615,6.15,1024,910,1876,1978,1,0,1,27.3161295674845,24.275076080479387,45.80078125
616,6.16,1024,910,2086,1984,1,0,1,27.3161295674845,24.275076080479387,50.927734375
617,6.17,1024,1137,2092,1990,1,0,1,27.3161295674845,30.33050714670886,51.07421875
618,6.18,1024,910,1881,1983,1,0,1,27.3161295674845,24.275076080479387,45.9228515625
619,6.19,1024,1137,2091,1989,1,0,1,27.3161295674845,30.33050714670886,51.0498046875
620,6.2,1024,910,1880,1982,1,0,1,27.3161295674845,24.275076080479387,45.8984375
621,6.21,1024,1137,2090,1988,1,0,1,27.3161295674845,30.33050714670886,51.025390625
622,6.22,1024,910,1879,1981,1,0,1,27.3161295674845,24.275076080479387,45.8740234375
623,6.23,1024,1137,2089,1987,1,0,1,27.3161295674845,30.33050714670886,51.0009765625
624,6.24,1024,910,1878,1980,1,0,1,27.3161295674845,24.275076080479387,45.849609375
625,6.25,1024,910,2088,1986,1,0,1,27.3161295674845,24.275076080479387,50.9765625
626,6.26,1024,1137,2094,1992,1,0,1,27.3161295674845,30.33050714670886,51.123046875
627,6.27,1024,910,1883,1985,1,0,1,27.3161295674845,24.275076080479387,45.9716796875
628,6.28,1024,1137,2093,1991,1,0,1,27.3161295674845,30.33050714670886,51.0986328125
629,6.29,1024,910,1882,1984,1,0,1,27.3161295674845,24.275076080479387,45.947265625
630,6.3,1024,1137,2092,1990,1,0,1,27.3161295674845,30.33050714670886,51.07421875
631,6.31,1024,910,1881,1983,1,0,1,27.3161295674845,24.275076080479387,45.9228515625
632,6.32,1024,1137,2091,1989,1,0,1,27.3161295674845,30.33050714670886,51.0498046875
633,6.33,1024,910,1880,1982,1,0,1,27.3161295674845,24.275076080479387,45.8984375
634,6.34,1024,1137,2090,1988,1,0,1,27.3161295674845,30.33050714670886,51.025390625
635,6.35,1024,910,1879,1981,1,0,1,27.3161295674845,24.275076080479387,45.8740234375
636,6.36,1024,1137,2089,1987,1,0,1,27.3161295674845,30.33050714670886,51.0009765625
637,6.37,1024,910,1878,1980,1,0,1,27.3161295674845,24.275076080479387,45.849609375
638,6.38,1024,910,2088,1986,1,0,1,27.3161295674845,24.275076080479387,50.9765625
639,6.39,1024,1137,2094,1992,1,0,1,27.3161295674845,30.33050714670886,51.123046875
640,6.4,1024,910,1883,1985,1,0,1,27.3161295674845,24.275076080479387,45.9716796875
641,6.41,1024,1137,2093,1991,1,0,1,27.3161295674845,30.33050714670886,51.0986328125
642,6.42,1024,910,1882,1984,1,0,1,27.3161295674845,24.275076080479387,45.947265625
643,6.43,1024,1137,2092,1990,1,0,1,27.3161295674845,30.33050714670886,51.07421875
644,6.44,1024,910,1881,1983,1,0,1,27.3161295674845,24.275076080479387,45.9228515625
645,6.45,1024,1137,2091,1989,1,0,1,27.3161295674845,30.33050714670886,51.0498046875
646,6.46,1024,910,1880,1982,1,0,1,27.3161295674845,24.275076080479387,45.8984375
647,6.47,1024,1137,2090,1988,1,0,1,27.3161295674845,30.33050714670886,51.025390625
648,6.48,1024,910,1879,1981,1,0,1,27.3161295674845,24.275076080479387,45.8740234375
649,6.49,1024,910,2089,1987,1,0,1,27.3161295674845,24.275076080479387,51.0009765625
650,6.5,1024,1137,2095,1993,1,0,1,27.3161295674845,30.33050714670886,51.1474609375
651,6.51,1024,910,1884,1986,1,0,1,27.3161295674845,24.275076080479387,45.99609375
652,6.52,1024,1137,2094,1992,1,0,1,27.3161295674845,30.33050714670886,51.123046875
653,6.53,1024,910,1883,1985,1,0,1,27.3161295674845,24.275076080479387,45.9716796875
654,6.54,1024,1137,2093,1991,1,0,1,27.3161295674845,30.33050714670886,51.0986328125
655,6.55,1024,910,1882,1984,1,0,1,27.3161295674845,24.275076080479387,45.947265625
656,6.56,1024,1137,2092,1990,1,0,1,27.3161295674845,30.33050714670886,51.07421875
657,6.57,1024,910,1881,1983,1,0,1,27.3161295674845,24.275076080479387,45.9228515625
658,6.58,1024,1137,2091,1989,1,0,1,27.3161295674845,30.33050714670886,51.0498046875
659,6.59,1024,910,1880,1982,1,0,1,27.3161295674845,24.275076080479387,45.8984375
660,6.6,1024,1137,2090,1988,1,0,1,27.3161295674845,30.33050714670886,51.025390625
661,6.61,1024,910,1879,1981,1,0,1,27.3161295674845,24.275076080479387,45.8740234375
662,6.62,1024,910,2089,1987,1,0,1,27.3161295674845,24.275076080479387,51.0009765625
663,6.63,1024,1137,2095,1993,1,0,1,27.3161295674845,30.33050714670886,51.1474609375
664,6.64,1024,910,1884,1986,1,0,1,27.3161295674845,24.275076080479387,45.99609375
665,6.65,1024,1137,2094,1992,1,0,1,27.3161295674845,30.33050714670886,51.123046875
666,6.66,1024,910,1883,1985,1,0,1,27.3161295674845,24.275076080479387,45.9716796875
667,6.67,1024,1137,2093,1991,1,0,1,27.3161295674845,30.33050714670886,51.0986328125
668,6.68,1024,910,1882,1984,1,0,1,27.3161295674845,24.275076080479387,45.947265625
669,6.69,1024,1137,2092,1990,1,0,1,27.3161295674845,30.33050714670886,51.07421875
670,6.7,1024,910,1881,1983,1,0,1,27.3161295674845,24.275076080479387,45.9228515625
671,6.71,1024,1137,2091,1989,1,0,1,27.3161295674845,30.33050714670886,51.0498046875
672,6.72,1024,910,1880,1982,1,0,1,27.3161295674845,24.275076080479387,45.8984375
673,6.73,1024,1137,2090,1988,1,0,1,27.3161295674845,30.33050714670886,51.025390625
674,6.74,1024,910,1879,1981,1,0,1,27.3161295674845,24.275076080479387,45.8740234375
675,6.75,1024,1137,2089,1987,1,0,1,27.3161295674845,30.33050714670886,51.0009765625
676,6.76,1024,910,1878,1980,1,0,1,27.3161295674845,24.275076080479387,45.849609375
677,6.77,1024,1137,2088,1986,1,0,1,27.3161295674845,30.33050714670886,50.9765625
678,6.78,1024,910,1877,1979,1,0,1,27.3161295674845,24.275076080479387,45.8251953125
679,6.79,1024,1137,2087,1985,1,0,1,27.3161295674845,30.33050714670886,50.9521484375
680,6.8,1024,910,1876,1978,1,0,1,27.3161295674845,24.275076080479387,45.80078125
681,6.81,1024,1137,2086,1984,1,0,1,27.3161295674845,30.33050714670886,50.927734375
682,6.82,1024,910,1875,1977,1,0,1,27.3161295674845,24.275076080479387,45.7763671875
683,6.83,1024,1137,2085,1983,1,0,1,27.3161295674845,30.33050714670886,50.9033203125
684,6.84,1024,910,1874,1976,1,0,1,27.3161295674845,24.275076080479387,45.751953125
685,6.85,1024,1137,2084,1982,1,0,1,27.3161295674845,30.33050714670886,50.87890625
686,6.86,1024,910,1873,1975,1,0,1,27.3161295674845,24.275076080479387,45.7275390625
687,6.87,1024,1137,2083,1981,1,0,1,27.3161295674845,30.33050714670886,50.8544921875
688,6.88,1024,910,1872,1974,1,0,1,27.3161295674845,24.275076080479387,45.703125
689,6.89,1024,1137,2082,1980,1,0,1,27.3161295674845,30.33050714670886,50.830078125
690,6.9,1024,910,1871,1973,1,0,1,27.3161295674845,24.275076080479387,45.6787109375
691,6.91,1024,1137,2081,1979,1,0,1,27.3161295674845,30.33050714670886,50.8056640625
692,6.92,1024,910,1870,1972,1,0,1,27.3161295674845,24.275076080479387,45.654296875
693,6.93,1024,910,2080,1978,1,0,1,27.3161295674845,24.275076080479387,50.78125
694,6.94,1024,1137,2086,1984,1,0,1,27.3161295674845,30.33050714670886,50.927734375
695,6.95,1024,910,1875,1977,1,0,1,27.3161295674845,24.275076080479387,45.7763671875
696,6.96,1024,1137,2085,1983,1,0,1,27.3161295674845,30.33050714670886,50.9033203125
697,6.97,1024,910,1874,1976,1,0,1,27.3161295674845,24.275076080479387,45.751953125
698,6.98,1024,1137,2084,1982,1,0,1,27.3161295674845,30.33050714670886,50.87890625
699,6.99,1024,910,1873,1975,1,0,1,27.3161295674845,24.275076080479387,45.7275390625
700,7.0,1024,1137,2083,1981,1,0,1,27.3161295674845,30.33050714670886,50.8544921875
701,7.01,1024,910,1872,1974,1,0,1,27.3161295674845,24.275076080479387,45.703125
702,7.02,1024,1137,2082,1980,1,0,1,27.3161295674845,30.33050714670886,50.830078125
703,7.03,1024,910,1871,1973,1,0,1,27.3161295674845,24.275076080479387,45.6787109375
704,7.04,1024,1137,2081,1979,1,0,1,27.3161295674845,30.33050714670886,50.8056640625
705,7.05,1024,910,1870,1972,1,0,1,27.3161295674845,24.275076080479387,45.654296875
706,7.06,1024,1137,2080,1978,1,0,1,27.3161295674845,30.33050714670886,50.78125
707,7.07,1024,910,1869,1971,1,0,1,27.3161295674845,24.275076080479387,45.6298828125
708,7.08,1024,1137,2079,1977,1,0,1,27.3161295674845,30.33050714670886,50.7568359375
709,7.09,1024,910,1868,1970,1,0,1,27.3161295674845,24.275076080479387,45.60546875
710,7.1,1024,1137,2078,1976,1,0,1,27.3161295674845,30.33050714670886,50.732421875
711,7.11,1024,910,1867,1969,1,0,1,27.3161295674845,24.275076080479387,45.5810546875
712,7.12,1024,1137,2077,1975,1,0,1,27.3161295674845,30.33050714670886,50.7080078125
713,7.13,1024,910,1866,1968,1,0,1,27.3161295674845,24.275076080479387,45.556640625
714,7.14,1024,1137,2076,1974,1,0,1,27.3161295674845,30.33050714670886,50.68359375
715,7.15,1024,910,1865,1967,1,0,1,27.3161295674845,24.275076080479387,45.5322265625
716,7.16,1024,910,2075,1973,1,0,1,27.3161295674845,24.275076080479387,50.6591796875
717,7.17,1024,1137,2081,1979,1,0,1,27.3161295674845,30.33050714670886,50.8056640625
718,7.18,1024,910,1870,1972,1,0,1,27.3161295674845,24.275076080479387,45.654296875
719,7.19,1024,1137,2080,1978,1,0,1,27.3161295674845,30.33050714670886,50.78125
720,7.2,1024,910,1869,1971,1,0,1,27.3161295674845,24.275076080479387,45.6298828125
721,7.21,1024,1137,2079,1977,1,0,1,27.3161295674845,30.33050714670886,50.7568359375
722,7.22,1024,910,1868,1970,1,0,1,27.3161295674845,24.275076080479387,45.60546875
723,7.23,1024,1137,2078,1976,1,0,1,27.3161295674845,30.33050714670886,50.732421875
724,7.24,1024,910,1867,1969,1,0,1,27.3161295674845,24.275076080479387,45.5810546875
725,7.25,1024,1137,2077,1975,1,0,1,27.3161295674845,30.33050714670886,50.7080078125
726,7.26,1024,910,1866,1968,1,0,1,27.3161295674845,24.275076080479387,45.556640625
727,7.27,1024,1137,2076,1974,1,0,1,27.3161295674845,30.33050714670886,50.68359375
728,7.28,1024,910,1865,1967,1,0,1,27.3161295674845,24.275076080479387,45.5322265625
729,7.29,1024,1137,2075,1973,1,0,1,27.3161295674845,30.33050714670886,50.6591796875
730,7.3,1024,910,1864,1966,1,0,1,27.3161295674845,24.275076080479387,45.5078125
731,7.31,1024,910,2074,1972,1,0,1,27.3161295674845,24.275076080479387,50.634765625
732,7.32,1024,1137,2080,1978,1,0,1,27.3161295674845,30.33050714670886,50.78125
733,7.33,1024,910,1869,1971,1,0,1,27.3161295674845,24.275076080479387,45.6298828125
734,7.34,1024,1137,2079,1977,1,0,1,27.3161295674845,30.33050714670886,50.7568359375
735,7.35,1024,910,1868,1970,1,0,1,27.3161295674845,24.275076080479387,45.60546875
736,7.36,1024,1137,2078,1976,1,0,1,27.3161295674845,30.33050714670886,50.732421875
737,7.37,1024,910,1867,1969,1,0,1,27.3161295674845,24.275076080479387,45.5810546875
738,7.38,1024,1137,2077,1975,1,0,1,27.3161295674845,30.33050714670886,50.7080078125
739,7.39,1024,910,1866,1968,1,0,1,27.3161295674845,24.275076080479387,45.556640625
740,7.4,1024,1137,2076,1974,1,0,1,27.3161295674845,30.33050714670886,50.68359375
741,7.41,1024,910,1865,1967,1,0,1,27.3161295674845,24.275076080479387,45.5322265625
742,7.42,1024,1137,2075,1973,1,0,1,27.3161295674845,30.33050714670886,50.6591796875
743,7.43,1024,910,1864,1966,1,0,1,27.3161295674845,24.275076080479387,45.5078125
744,7.44,1024,910,2074,1972,1,0,1,27.3161295674845,24.275076080479387,50.634765625
745,7.45,1024,1137,2080,1978,1,0,1,27.3161295674845,30.33050714670886,50.78125
746,7.46,1024,910,1869,1971,1,0,1,27.3161295674845,24.275076080479387,45.6298828125
747,7.47,1024,1137,2079,1977,1,0,1,27.3161295674845,30.33050714670886,50.7568359375
748,7.48,1024,910,1868,1970,1,0,1,27.3161295674845,24.275076080479387,45.60546875
749,7.49,1024,1137,2078,1976,1,0,1,27.3161295674845,30.33050714670886,50.732421875
750,7.5,1024,910,1867,1969,1,0,1,27.3161295674845,24.275076080479387,45.5810546875
751,7.51,1024,1137,2077,1975,1,0,1,27.3161295674845,30.33050714670886,50.7080078125
752,7.52,1024,910,1866,1968,1,0,1,27.3161295674845,24.275076080479387,45.556640625
753,7.53,1024,1137,2076,1974,1,0,1,27.3161295674845,30.33050714670886,50.68359375
754,7.54,1024,910,1865,1967,1,0,1,27.3161295674845,24.275076080479387,45.5322265625
755,7.55,1024,910,2075,1973,1,0,1,27.3161295674845,24.275076080479387,50.6591796875
756,7.56,1024,1137,2081,1979,1,0,1,27.3161295674845,30.33050714670886,50.8056640625
757,7.57,1024,910,1870,1972,1,0,1,27.3161295674845,24.275076080479387,45.654296875
758,7.58,1024,1137,2080,1978,1,0,1,27.3161295674845,30.33050714670886,50.78125
759,7.59,1024,910,1869,1971,1,0,1,27.3161295674845,24.275076080479387,45.6298828125
760,7.6,1024,1137,2079,1977,1,0,1,27.3161295674845,30.33050714670886,50.7568359375
761,7.61,1024,910,1868,1970,1,0,1,27.3161295674845,24.275076080479387,45.60546875
762,7.62,1024,1137,2078,1976,1,0,1,27.3161295674845,30.33050714670886,50.732421875
763,7.63,1024,910,1867,1969,1,0,1,27.3161295674845,24.275076080479387,45.5810546875
764,7.64,1024,1137,2077,1975,1,0,1,27.3161295674845,30.33050714670886,50.7080078125
765,7.65,1024,910,1866,1968,1,0,1,27.3161295674845,24.275076080479387,45.556640625
766,7.66,1024,910,2076,1974,1,0,1,27.3161295674845,24.275076080479387,50.68359375
767,7.67,1024,1137,2082,1980,1,0,1,27.3161295674845,30.33050714670886,50.830078125
768,7.68,1024,910,1871,1973,1,0,1,27.3161295674845,24.275076080479387,45.6787109375
769,7.69,1024,1137,2081,1979,1,0,1,27.3161295674845,30.33050714670886,50.8056640625
770,7.7,1024,910,1870,1972,1,0,1,27.3161295674845,24.275076080479387,45.654296875
771,7.71,1024,1137,2080,1978,1,0,1,27.3161295674845,30.33050714670886,50.78125
772,7.72,1024,910,1869,1971,1,0,1,27.3161295674845,24.275076080479387,45.6298828125
773,7.73,1024,1137,2079,1977,1,0,1,27.3161295674845,30.33050714670886,50.7568359375
774,7.74,1024,910,1868,1970,1,0,1,27.3161295674845,24.275076080479387,45.60546875
775,7.75,1024,1137,2078,1976,1,0,1,27.3161295674845,30.33050714670886,50.732421875
776,7.76,1024,910,1867,1969,1,0,1,27.3161295674845,24.275076080479387,45.5810546875
777,7.77,1024,910,2077,1975,1,0,1,27.3161295674845,24.275076080479387,50.7080078125
778,7.78,1024,1137,2083,1981,1,0,1,27.3161295674845,30.33050714670886,50.8544921875
779,7.79,1024,910,1872,1974,1,0,1,27.3161295674845,24.275076080479387,45.703125
780,7.8,1024,1137,2082,1980,1,0,1,27.3161295674845,30.33050714670886,50.830078125
781,7.81,1024,910,1871,1973,1,0,1,27.3161295674845,24.275076080479387,45.6787109375
782,7.82,1024,1137,2081,1979,1,0,1,27.3161295674845,30.33050714670886,50.8056640625
783,7.83,1024,910,1870,1972,1,0,1,27.3161295674845,24.275076080479387,45.654296875
784,7.84,1024,1137,2080,1978,1,0,1,27.3161295674845,30.33050714670886,50.78125
785,7.85,1024,910,1869,1971,1,0,1,27.3161295674845,24.275076080479387,45.6298828125
786,7.86,1024,1137,2079,1977,1,0,1,27.3161295674845,30.33050714670886,50.7568359375
787,7.87,1024,910,1868,1970,1,0,1,27.3161295674845,24.275076080479387,45.60546875
788,7.88,1024,1137,2078,1976,1,0,1,27.3161295674845,30.33050714670886,50.732421875
789,7.89,1024,910,1867,1969,1,0,1,27.3161295674845,24.275076080479387,45.5810546875
790,7.9,1024,1137,2077,1975,1,0,1,27.3161295674845,30.33050714670886,50.7080078125
791,7.91,1024,910,1866,1968,1,0,1,27.3161295674845,24.275076080479387,45.556640625
792,7.92,1024,910,2076,1974,1,0,1,27.3161295674845,24.275076080479387,50.68359375
793,7.93,1024,1137,2082,1980,1,0,1,27.3161295674845,30.33050714670886,50.830078125
794,7.94,1024,910,1871,1973,1,0,1,27.3161295674845,24.275076080479387,45.6787109375
795,7.95,1024,1137,2081,1979,1,0,1,27.3161295674845,30.33050714670886,50.8056640625
796,7.96,1024,910,1870,1972,1,0,1,27.3161295674845,24.275076080479387,45.654296875
797,7.97,1024,1137,2080,1978,1,0,1,27.3161295674845,30.33050714670886,50.78125
798,7.98,1024,910,1869,1971,1,0,1,27.3161295674845,24.275076080479387,45.6298828125
799,7.99,1024,1137,2079,1977,1,0,1,27.3161295674845,30.33050714670886,50.7568359375
800,8.0,1024,910,1868,1970,1,0,1,27.3161295674845,24.275076080479387,45.60546875
801,8.01,1024,1137,2078,1976,1,0,1,27.3161295674845,30.33050714670886,50.732421875
802,8.02,1024,910,1867,1969,1,0,1,27.3161295674845,24.275076080479387,45.5810546875
803,8.03,1024,1137,2077,1975,1,0,1,27.3161295674845,30.33050714670886,50.7080078125
804,8.04,1024,910,1866,1968,1,0,1,27.3161295674845,24.275076080479387,45.556640625
805,8.05,1024,1137,2076,1974,1,0,1,27.3161295674845,30.33050714670886,50.68359375
806,8.06,1024,910,1865,1967,1,0,1,27.3161295674845,24.275076080479387,45.5322265625
807,8.07,1024,1137,2075,1973,1,0,1,27.3161295674845,30.33050714670886,50.6591796875
808,8.08,1024,910,1864,1966,1,0,1,27.3161295674845,24.275076080479387,45.5078125
809,8.09,1024,910,2074,1972,1,0,1,27.3161295674845,24.275076080479387,50.634765625
810,8.1,1024,1137,2080,1978,1,0,1,27.3161295674845,30.33050714670886,50.78125
811,8.11,1024,910,1869,1971,1,0,1,27.3161295674845,24.275076080479387,45.6298828125
812,8.12,1024,1137,2079,1977,1,0,1,27.3161295674845,30.33050714670886,50.7568359375
813,8.13,1024,910,1868,1970,1,0,1,27.3161295674845,24.275076080479387,45.60546875
814,8.14,1024,1137,2078,1976,1,0,1,27.3161295674845,30.33050714670886,50.732421875
815,8.15,1024,910,1867,1969,1,0,1,27.3161295674845,24.275076080479387,45.5810546875
816,8.16,1024,1137,2077,1975,1,0,1,27.3161295674845,30.33050714670886,50.7080078125
817,8.17,1024,910,1866,1968,1,0,1,27.3161295674845,24.275076080479387,45.556640625
818,8.18,1024,1137,2076,1974,1,0,1,27.3161295674845,30.33050714670886,50.68359375
819,8.19,1024,910,1865,1967,1,0,1,27.3161295674845,24.275076080479387,45.5322265625
820,8.2,1024,1137,2075,1973,1,0,1,27.3161295674845,30.33050714670886,50.6591796875
821,8.21,1024,910,1864,1966,1,0,1,27.3161295674845,24.275076080479387,45.5078125
822,8.22,1024,910,2074,1972,1,0,1,27.3161295674845,24.275076080479387,50.634765625
823,8.23,1024,1137,2080,1978,1,0,1,27.3161295674845,30.33050714670886,50.78125
824,8.24,1024,910,1869,1971,1,0,1,27.3161295674845,24.275076080479387,45.6298828125
825,8.25,1024,1137,2079,1977,1,0,1,27.3161295674845,30.33050714670886,50.7568359375
826,8.26,1024,910,1868,1970,1,0,1,27.3161295674845,24.275076080479387,45.60546875
827,8.27,1024,1137,2078,1976,1,0,1,27.3161295674845,30.33050714670886,50.732421875
828,8.28,1024,910,1867,1969,1,0,1,27.3161295674845,24.275076080479387,45.5810546875
829,8.29,1024,1137,2077,1975,1,0,1,27.3161295674845,30.33050714670886,50.7080078125
830,8.3,1024,910,1866,1968,1,0,1,27.3161295674845,24.275076080479387,45.556640625
831,8.31,1024,1137,2076,1974,1,0,1,27.3161295674845,30.33050714670886,50.68359375
832,8.32,1024,910,1865,1967,1,0,1,27.3161295674845,24.275076080479387,45.5322265625
833,8.33,1024,910,2075,1973,1,0,1,27.3161295674845,24.275076080479387,50.6591796875
834,8.34,1024,1137,2081,1979,1,0,1,27.3161295674845,30.33050714670886,50.8056640625
835,8.35,1024,910,1870,1972,1,0,1,27.3161295674845,24.275076080479387,45.654296875
836,8.36,1024,1137,2080,1978,1,0,1,27.3161295674845,30.33050714670886,50.78125
837,8.37,1024,910,1869,1971,1,0,1,27.3161295674845,24.275076080479387,45.6298828125
838,8.38,1024,1137,2079,1977,1,0,1,27.3161295674845,30.33050714670886,50.7568359375
839,8.39,1024,910,1868,1970,1,0,1,27.3161295674845,24.275076080479387,45.60546875
840,8.4,1024,1137,2078,1976,1,0,1,27.3161295674845,30.33050714670886,50.732421875
841,8.41,1024,910,1867,1969,1,0,1,27.3161295674845,24.275076080479387,45.5810546875
842,8.42,1024,1137,2077,1975,1,0,1,27.3161295674845,30.33050714670886,50.7080078125
843,8.43,1024,910,1866,1968,1,0,1,27.3161295674845,24.275076080479387,45.556640625
844,8.44,1024,1137,2076,1974,1,0,1,27.3161295674845,30.33050714670886,50.68359375
845,8.45,1024,910,1865,1967,1,0,1,27.3161295674845,24.275076080479387,45.5322265625
846,8.46,1024,910,2075,1973,1,0,1,27.3161295674845,24.275076080479387,50.6591796875
847,8.47,1024,1137,2081,1979,1,0,1,27.3161295674845,30.33050714670886,50.8056640625
848,8.48,1024,910,1870,1972,1,0,1,27.3161295674845,24.275076080479387,45.654296875
849,8.49,1024,1137,2080,1978,1,0,1,27.3161295674845,30.33050714670886,50.78125
850,8.5,1024,910,1869,1971,1,0,1,27.3161295674845,24.275076080479387,45.6298828125
851,8.51,1024,1137,2079,1977,1,0,1,27.3161295674845,30.33050714670886,50.7568359375
852,8.52,1024,910,1868,1970,1,0,1,27.3161295674845,24.275076080479387,45.60546875
853,8.53,1024,1137,2078,1976,1,0,1,27.3161295674845,30.33050714670886,50.732421875
854,8.54,1024,910,1867,1969,1,0,1,27.3161295674845,24.275076080479387,45.5810546875
855,8.55,1024,1137,2077,1975,1,0,1,27.3161295674845,30.33050714670886,50.7080078125
856,8.56,1024,910,1866,1968,1,0,1,27.3161295674845,24.275076080479387,45.556640625
857,8.57,1024,910,2076,1974,1,0,1,27.3161295674845,24.275076080479387,50.68359375
858,8.58,1024,1137,2082,1980,1,0,1,27.3161295674845,30.33050714670886,50.830078125
859,8.59,1024,910,1871,1973,1,0,1,27.3161295674845,24.275076080479387,45.6787109375
860,8.6,1024,1137,2081,1979,1,0,1,27.3161295674845,30.33050714670886,50.8056640625
861,8.61,1024,910,1870,1972,1,0,1,27.3161295674845,24.275076080479387,45.654296875
862,8.62,1024,1137,2080,1978,1,0,1,27.3161295674845,30.33050714670886,50.78125
863,8.63,1024,910,1869,1971,1,0,1,27.3161295674845,24.275076080479387,45.6298828125
864,8.64,1024,1137,2079,1977,1,0,1,27.3161295674845,30.33050714670886,50.7568359375
865,8.65,1024,910,1868,1970,1,0,1,27.3161295674845,24.275076080479387,45.60546875
866,8.66,1024,1137,2078,1976,1,0,1,27.3161295674845,30.33050714670886,50.732421875
867,8.67,1024,910,1867,1969,1,0,1,27.3161295674845,24.275076080479387,45.5810546875
868,8.68,1024,910,2077,1975,1,0,1,27.3161295674845,24.275076080479387,50.7080078125
869,8.69,1024,1137,2083,1981,1,0,1,27.3161295674845,30.33050714670886,50.8544921875
870,8.7,1024,910,1872,1974,1,0,1,27.3161295674845,24.275076080479387,45.703125
871,8.71,1024,1137,2082,1980,1,0,1,27.3161295674845,30.33050714670886,50.830078125
872,8.72,1024,910,1871,1973,1,0,1,27.3161295674845,24.275076080479387,45.6787109375
873,8.73,1024,1137,2081,1979,1,0,1,27.3161295674845,30.33050714670886,50.8056640625
874,8.74,1024,910,1870,1972,1,0,1,27.3161295674845,24.275076080479387,45.654296875
875,8.75,1024,1137,2080,1978,1,0,1,27.3161295674845,30.33050714670886,50.78125
876,8.76,1024,910,1869,1971,1,0,1,27.3161295674845,24.275076080479387,45.6298828125
877,8.77,1024,1137,2079,1977,1,0,1,27.3161295674845,30.33050714670886,50.7568359375
878,8.78,1024,910,1868,1970,1,0,1,27.3161295674845,24.275076080479387,45.60546875
879,8.79,1024,910,2078,1976,1,0,1,27.3161295674845,24.275076080479387,50.732421875
880,8.8,1024,1137,2084,1982,1,0,1,27.3161295674845,30.33050714670886,50.87890625
881,8.81,1024,910,1873,1975,1,0,1,27.3161295674845,24.275076080479387,45.7275390625
882,8.82,1024,1137,2083,1981,1,0,1,27.3161295674845,30.33050714670886,50.8544921875
883,8.83,1024,910,1872,1974,1,0,1,27.3161295674845,24.275076080479387,45.703125
884,8.84,1024,1137,2082,1980,1,0,1,27.3161295674845,30.33050714670886,50.830078125
885,8.85,1024,910,1871,1973,1,0,1,27.3161295674845,24.275076080479387,45.6787109375
886,8.86,1024,1137,2081,1979,1,0,1,27.3161295674845,30.33050714670886,50.8056640625
887,8.87,1024,910,1870,1972,1,0,1,27.3161295674845,24.275076080479387,45.654296875
888,8.88,1024,1137,2080,1978,1,0,1,27.3161295674845,30.33050714670886,50.78125
889,8.89,1024,910,1869,1971,1,0,1,27.3161295674845,24.275076080479387,45.6298828125
890,8.9,1024,1137,2079,1977,1,0,1,27.3161295674845,30.33050714670886,50.7568359375
891,8.91,1024,910,1868,1970,1,0,1,27.3161295674845,24.275076080479387,45.60546875
892,8.92,1024,1137,2078,1976,1,0,1,27.3161295674845,30.33050714670886,50.732421875
893,8.93,1024,910,1867,1969,1,0,1,27.3161295674845,24.275076080479387,45.5810546875
894,8.94,1024,910,2077,1975,1,0,1,27.3161295674845,24.275076080479387,50.7080078125
895,8.95,1024,1137,2083,1981,1,0,1,27.3161295674845,30.33050714670886,50.8544921875
896,8.96,1024,910,1872,1974,1,0,1,27.3161295674845,24.275076080479387,45.703125
897,8.97,1024,1137,2082,1980,1,0,1,27.3161295674845,30.33050714670886,50.830078125
898,8.98,1024,910,1871,1973,1,0,1,27.3161295674845,24.275076080479387,45.6787109375
899,8.99,1024,1137,2081,1979,1,0,1,27.3161295674845,30.33050714670886,50.8056640625
900,9.0,1024,910,1870,1972,1,0,1,27.3161295674845,24.275076080479387,45.654296875
901,9.01,1024,1137,2080,1978,1,0,1,27.3161295674845,30.33050714670886,50.78125
902,9.02,1024,910,1869,1971,1,0,1,27.3161295674845,24.275076080479387,45.6298828125
903,9.03,1024,1137,2079,1977,1,0,1,27.3161295674845,30.33050714670886,50.7568359375
904,9.04,1024,910,1868,1970,1,0,1,27.3161295674845,24.275076080479387,45.60546875
905,9.05,1024,1137,2078,1976,1,0,1,27.3161295674845,30.33050714670886,50.732421875
906,9.06,1024,910,1867,1969,1,0,1,27.3161295674845,24.275076080479387,45.5810546875
907,9.07,1024,1137,2077,1975,1,0,1,27.3161295674845,30.33050714670886,50.7080078125
908,9.08,1024,910,1866,1968,1,0,1,27.3161295674845,24.275076080479387,45.556640625
909,9.09,1024,1137,2076,1974,1,0,1,27.3161295674845,30.33050714670886,50.68359375
910,9.1,1024,910,1865,1967,1,0,1,27.3161295674845,24.275076080479387,45.5322265625
911,9.11,1024,910,2075,1973,1,0,1,27.3161295674845,24.275076080479387,50.6591796875
912,9.12,1024,1137,2081,1979,1,0,1,27.3161295674845,30.33050714670886,50.8056640625
913,9.13,1024,910,1870,1972,1,0,1,27.3161295674845,24.275076080479387,45.654296875
914,9.14,1024,1137,2080,1978,1,0,1,27.3161295674845,30.33050714670886,50.78125
915,9.15,1024,910,1869,1971,1,0,1,27.3161295674845,24.275076080479387,45.6298828125
916,9.16,1024,1137,2079,1977,1,0,1,27.3161295674845,30.33050714670886,50.7568359375
917,9.17,1024,910,1868,1970,1,0,1,27.3161295674845,24.275076080479387,45.60546875
918,9.18,1024,1137,2078,1976,1,0,1,27.3161295674845,30.33050714670886,50.732421875
919,9.19,1024,910,1867,1969,1,0,1,27.3161295674845,24.275076080479387,45.5810546875
920,9.2,1024,1137,2077,1975,1,0,1,27.3161295674845,30.33050714670886,50.7080078125
921,9.21,1024,910,1866,1968,1,0,1,27.3161295674845,24.275076080479387,45.556640625
922,9.22,1024,1137,2076,1974,1,0,1,27.3161295674845,30.33050714670886,50.68359375
923,9.23,1024,910,1865,1967,1,0,1,27.3161295674845,24.275076080479387,45.5322265625
924,9.24,1024,1137,2075,1973,1,0,1,27.3161295674845,30.33050714670886,50.6591796875
925,9.25,1024,910,1864,1966,1,0,1,27.3161295674845,24.275076080479387,45.5078125
926,9.26,1024,1137,2074,1972,1,0,1,27.3161295674845,30.33050714670886,50.634765625
927,9.27,1024,910,1863,1965,1,0,1,27.3161295674845,24.275076080479387,45.4833984375
928,9.28,1024,910,2073,1971,1,0,1,27.3161295674845,24.275076080479387,50.6103515625
929,9.29,1024,1137,2079,1977,1,0,1,27.3161295674845,30.33050714670886,50.7568359375
930,9.3,1024,910,1868,1970,1,0,1,27.3161295674845,24.275076080479387,45.60546875
931,9.31,1024,1137,2078,1976,1,0,1,27.3161295674845,30.33050714670886,50.732421875
932,9.32,1024,910,1867,1969,1,0,1,27.3161295674845,24.275076080479387,45.5810546875
933,9.33,1024,1137,2077,1975,1,0,1,27.3161295674845,30.33050714670886,50.7080078125
934,9.34,1024,910,1866,1968,1,0,1,27.3161295674845,24.275076080479387,45.556640625
935,9.35,1024,1137,2076,1974,1,0,1,27.3161295674845,30.33050714670886,50.68359375
936,9.36,1024,910,1865,1967,1,0,1,27.3161295674845,24.275076080479387,45.5322265625
937,9.37,1024,1137,2075,1973,1,0,1,27.3161295674845,30.33050714670886,50.6591796875
938,9.38,1024,910,1864,1966,1,0,1,27.3161295674845,24.275076080479387,45.5078125
939,9.39,1024,910,2074,1972,1,0,1,27.3161295674845,24.275076080479387,50.634765625
940,9.4,1024,1137,2080,1978,1,0,1,27.3161295674845,30.33050714670886,50.78125
941,9.41,1024,910,1869,1971,1,0,1,27.3161295674845,24.275076080479387,45.6298828125
942,9.42,1024,1137,2079,1977,1,0,1,27.3161295674845,30.33050714670886,50.7568359375
943,9.43,1024,910,1868,1970,1,0,1,27.3161295674845,24.275076080479387,45.60546875
944,9.44,1024,1137,2078,1976,1,0,1,27.3161295674845,30.33050714670886,50.732421875
945,9.45,1024,910,1867,1969,1,0,1,27.3161295674845,24.275076080479387,45.5810546875
946,9.46,1024,1137,2077,1975,1,0,1,27.3161295674845,30.33050714670886,50.7080078125
947,9.47,1024,910,1866,1968,1,0,1,27.3161295674845,24.275076080479387,45.556640625
948,9.48,1024,1137,2076,1974,1,0,1,27.3161295674845,30.33050714670886,50.68359375
949,9.49,1024,910,1865,1967,1,0,1,27.3161295674845,24.275076080479387,45.5322265625
950,9.5,1024,910,2075,1973,1,0,1,27.3161295674845,24.275076080479387,50.6591796875
951,9.51,1024,1137,2081,1979,1,0,1,27.3161295674845,30.33050714670886,50.8056640625
952,9.52,1024,910,1870,1972,1,0,1,27.3161295674845,24.275076080479387,45.654296875
953,9.53,1024,1137,2080,1978,1,0,1,27.3161295674845,30.33050714670886,50.78125
954,9.54,1024,910,1869,1971,1,0,1,27.3161295674845,24.275076080479387,45.6298828125
955,9.55,1024,1137,2079,1977,1,0,1,27.3161295674845,30.33050714670886,50.7568359375
956,9.56,1024,910,1868,1970,1,0,1,27.3161295674845,24.275076080479387,45.60546875
957,9.57,1024,1137,2078,1976,1,0,1,27.3161295674845,30.33050714670886,50.732421875
958,9.58,1024,910,1867,1969,1,0,1,27.3161295674845,24.275076080479387,45.5810546875
959,9.59,1024,910,2077,1975,1,0,1,27.3161295674845,24.275076080479387,50.7080078125
960,9.6,1024,1137,2083,1981,1,0,1,27.3161295674845,30.33050714670886,50.8544921875
961,9.61,1024,910,1872,1974,1,0,1,27.3161295674845,24.275076080479387,45.703125
962,9.62,1024,1137,2082,1980,1,0,1,27.3161295674845,30.33050714670886,50.830078125
963,9.63,1024,910,1871,1973,1,0,1,27.3161295674845,24.275076080479387,45.6787109375
964,9.64,1024,1137,2081,1979,1,0,1,27.3161295674845,30.33050714670886,50.8056640625
965,9.65,1024,910,1870,1972,1,0,1,27.3161295674845,24.275076080479387,45.654296875
966,9.66,1024,1137,2080,1978,1,0,1,27.3161295674845,30.33050714670886,50.78125
967,9.67,1024,910,1869,1971,1,0,1,27.3161295674845,24.275076080479387,45.6298828125
968,9.68,1024,1137,2079,1977,1,0,1,27.3161295674845,30.33050714670886,50.7568359375
969,9.69,1024,910,1868,1970,1,0,1,27.3161295674845,24.275076080479387,45.60546875
970,9.7,1024,910,2078,1976,1,0,1,27.3161295674845,24.275076080479387,50.732421875
971,9.71,1024,1137,2084,1982,1,0,1,27.3161295674845,30.33050714670886,50.87890625
972,9.72,1024,910,1873,1975,1,0,1,27.3161295674845,24.275076080479387,45.7275390625
973,9.73,1024,1137,2083,1981,1,0,1,27.3161295674845,30.33050714670886,50.8544921875
974,9.74,1024,910,1872,1974,1,0,1,27.3161295674845,24.275076080479387,45.703125
975,9.75,1024,1137,2082,1980,1,0,1,27.3161295674845,30.33050714670886,50.830078125
976,9.76,1024,910,1871,1973,1,0,1,27.3161295674845,24.275076080479387,45.6787109375
977,9.77,1024,1137,2081,1979,1,0,1,27.3161295674845,30.33050714670886,50.8056640625
978,9.78,1024,910,1870,1972,1,0,1,27.3161295674845,24.275076080479387,45.654296875
979,9.79,1024,910,2080,1978,1,0,1,27.3161295674845,24.275076080479387,50.78125
980,9.8,1024,1137,2086,1984,1,0,1,27.3161295674845,30.33050714670886,50.927734375
981,9.81,1024,910,1875,1977,1,0,1,27.3161295674845,24.275076080479387,45.7763671875
982,9.82,1024,1137,2085,1983,1,0,1,27.3161295674845,30.33050714670886,50.9033203125
983,9.83,1024,910,1874,1976,1,0,1,27.3161295674845,24.275076080479387,45.751953125
984,9.84,1024,1137,2084,1982,1,0,1,27.3161295674845,30.33050714670886,50.87890625
985,9.85,1024,910,1873,1975,1,0,1,27.3161295674845,24.275076080479387,45.7275390625
986,9.86,1024,1137,2083,1981,1,0,1,27.3161295674845,30.33050714670886,50.8544921875
987,9.87,1024,910,1872,1974,1,0,1,27.3161295674845,24.275076080479387,45.703125
988,9.88,1024,1137,2082,1980,1,0,1,27.3161295674845,30.33050714670886,50.830078125
989,9.89,1024,910,1871,1973,1,0,1,27.3161295674845,24.275076080479387,45.6787109375
990,9.9,1024,1137,2081,1979,1,0,1,27.3161295674845,30.33050714670886,50.8056640625
991,9.91,1024,910,1870,1972,1,0,1,27.3161295674845,24.275076080479387,45.654296875
992,9.92,1024,910,2080,1978,1,0,1,27.3161295674845,24.275076080479387,50.78125
993,9.93,1024,1137,2086,1984,1,0,1,27.3161295674845,30.33050714670886,50.927734375
994,9.94,1024,910,1875,1977,1,0,1,27.3161295674845,24.275076080479387,45.7763671875
995,9.95,1024,1137,2085,1983,1,0,1,27.3161295674845,30.33050714670886,50.9033203125
996,9.96,1024,910,1874,1976,1,0,1,27.3161295674845,24.275076080479387,45.751953125
997,9.97,1024,1137,2084,1982,1,0,1,27.3161295674845,30.33050714670886,50.87890625
998,9.98,1024,910,1873,1975,1,0,1,27.3161295674845,24.275076080479387,45.7275390625
999,9.99,1024,1137,2083,1981,1,0,1,27.3161295674845,30.33050714670886,50.8544921875
1000,10.0,1024,910,1872,1974,1,0,1,27.3161295674845,24.275076080479387,45.703125
1001,10.01,1024,1137,2082,1980,1,0,1,27.3161295674845,30.33050714670886,50.830078125
1002,10.02,1024,910,1871,1973,1,0,1,27.3161295674845,24.275076080479387,45.6787109375
1003,10.03,1024,1137,2081,1979,1,0,1,27.3161295674845,30.33050714670886,50.8056640625
1004,10.04,1024,910,1870,1972,1,0,1,27.3161295674845,24.275076080479387,45.654296875
1005,10.05,1024,910,2080,1978,1,0,1,27.3161295674845,24.275076080479387,50.78125
1006,10.06,1024,1137,2086,1984,1,0,1,27.3161295674845,30.33050714670886,50.927734375
1007,10.07,1024,910,1875,1977,1,0,1,27.3161295674845,24.275076080479387,45.7763671875
1008,10.08,1024,1137,2085,1983,1,0,1,27.3161295674845,30.33050714670886,50.9033203125
1009,10.09,1024,910,1874,1976,1,0,1,27.3161295674845,24.275076080479387,45.751953125
1010,10.1,1024,1137,2084,1982,1,0,1,27.3161295674845,30.33050714670886,50.87890625
1011,10.11,1024,910,1873,1975,1,0,1,27.3161295674845,24.275076080479387,45.7275390625
1012,10.12,1024,1137,2083,1981,1,0,1,27.3161295674845,30.33050714670886,50.8544921875
1013,10.13,1024,910,1872,1974,1,0,1,27.3161295674845,24.275076080479387,45.703125
1014,10.14,1024,1137,2082,1980,1,0,1,27.3161295674845,30.33050714670886,50.830078125
1015,10.15,1024,910,1871,1973,1,0,1,27.3161295674845,24.275076080479387,45.6787109375
1016,10.16,1024,1137,2081,1979,1,0,1,27.3161295674845,30.33050714670886,50.8056640625
1017,10.17,1024,910,1870,1972,1,0,1,27.3161295674845,24.275076080479387,45.654296875
1018,10.18,1024,1137,2080,1978,1,0,1,27.3161295674845,30.33050714670886,50.78125
1019,10.19,1024,910,1869,1971,1,0,1,27.3161295674845,24.275076080479387,45.6298828125
1020,10.2,1024,1137,2079,1977,1,0,1,27.3161295674845,30.33050714670886,50.7568359375
1021,10.21,1024,910,1868,1970,1,0,1,27.3161295674845,24.275076080479387,45.60546875
1022,10.22,1024,1137,2078,1976,1,0,1,27.3161295674845,30.33050714670886,50.732421875
1023,10.23,1024,910,1867,1969,1,0,1,27.3161295674845,24.275076080479387,45.5810546875
1024,10.24,1024,1137,2077,1975,1,0,1,27.3161295674845,30.33050714670886,50.7080078125
1025,10.25,1024,910,1866,1968,1,0,1,27.3161295674845,24.275076080479387,45.556640625
1026,10.26,1024,910,2076,1974,1,0,1,27.3161295674845,24.275076080479387,50.68359375
1027,10.27,1024,1137,2082,1980,1,0,1,27.3161295674845,30.33050714670886,50.830078125
1028,10.28,1024,910,1871,1973,1,0,1,27.3161295674845,24.275076080479387,45.6787109375
1029,10.29,1024,1137,2081,1979,1,0,1,27.3161295674845,30.33050714670886,50.8056640625
1030,10.3,1024,910,1870,1972,1,0,1,27.3161295674845,24.275076080479387,45.654296875
1031,10.31,1024,1137,2080,1978,1,0,1,27.3161295674845,30.33050714670886,50.78125
1032,10.32,1024,910,1869,1971,1,0,1,27.3161295674845,24.275076080479387,45.6298828125
1033,10.33,1024,1137,2079,1977,1,0,1,27.3161295674845,30.33050714670886,50.7568359375
1034,10.34,1024,910,1868,1970,1,0,1,27.3161295674845,24.275076080479387,45.60546875
1035,10.35,1024,1137,2078,1976,1,0,1,27.3161295674845,30.33050714670886,50.732421875
1036,10.36,1024,910,1867,1969,1,0,1,27.3161295674845,24.275076080479387,45.5810546875
1037,10.37,1024,1137,2077,1975,1,0,1,27.3161295674845,30.33050714670886,50.7080078125
1038,10.38,1024,910,1866,1968,1,0,1,27.3161295674845,24.275076080479387,45.556640625
1039,10.39,1024,1137,2076,1974,1,0,1,27.3161295674845,30.33050714670886,50.68359375
1040,10.4,1024,910,1865,1967,1,0,1,27.3161295674845,24.275076080479387,45.5322265625
1041,10.41,1024,1137,2075,1973,1,0,1,27.3161295674845,30.33050714670886,50.6591796875
1042,10.42,1024,910,1864,1966,1,0,1,27.3161295674845,24.275076080479387,45.5078125
1043,10.43,1024,910,2074,1972,1,0,1,27.3161295674845,24.275076080479387,50.634765625
1044,10.44,1024,1137,2080,1978,1,0,1,27.3161295674845,30.33050714670886,50.78125
1045,10.45,1024,910,1869,1971,1,0,1,27.3161295674845,24.275076080479387,45.6298828125
1046,10.46,1024,1137,2079,1977,1,0,1,27.3161295674845,30.33050714670886,50.7568359375
1047,10.47,1024,910,1868,1970,1,0,1,27.3161295674845,24.275076080479387,45.60546875
1048,10.48,1024,1137,2078,1976,1,0,1,27.3161295674845,30.33050714670886,50.732421875
1049,10.49,1024,910,1867,1969,1,0,1,27.3161295674845,24.275076080479387,45.5810546875
1050,10.5,1024,1137,2077,1975,1,0,1,27.3161295674845,30.33050714670886,50.7080078125
1051,10.51,1024,910,1866,1968,1,0,1,27.3161295674845,24.275076080479387,45.556640625
1052,10.52,1024,910,2076,1974,1,0,1,27.3161295674845,24.275076080479387,50.68359375
1053,10.53,1024,1137,2082,1980,1,0,1,27.3161295674845,30.33050714670886,50.830078125
1054,10.54,1024,910,1871,1973,1,0,1,27.3161295674845,24.275076080479387,45.6787109375
1055,10.55,1024,1137,2081,1979,1,0,1,27.3161295674845,30.33050714670886,50.8056640625
1056,10.56,1024,910,1870,1972,1,0,1,27.3161295674845,24.275076080479387,45.654296875
1057,10.57,1024,1137,2080,1978,1,0,1,27.3161295674845,30.33050714670886,50.78125
1058,10.58,1024,910,1869,1971,1,0,1,27.3161295674845,24.275076080479387,45.6298828125
1059,10.59,1024,1137,2079,1977,1,0,1,27.3161295674845,30.33050714670886,50.7568359375
1060,10.6,1024,910,1868,1970,1,0,1,27.3161295674845,24.275076080479387,45.60546875
1061,10.61,1024,910,2078,1976,1,0,1,27.3161295674845,24.275076080479387,50.732421875
1062,10.62,1024,1137,2084,1982,1,0,1,27.3161295674845,30.33050714670886,50.87890625
1063,10.63,1024,910,1873,1975,1,0,1,27.3161295674845,24.275076080479387,45.7275390625
1064,10.64,1024,1137,2083,1981,1,0,1,27.3161295674845,30.33050714670886,50.8544921875
1065,10.65,1024,910,1872,1974,1,0,1,27.3161295674845,24.275076080479387,45.703125
1066,10.66,1024,1137,2082,1980,1,0,1,27.3161295674845,30.33050714670886,50.830078125
1067,10.67,1024,910,1871,1973,1,0,1,27.3161295674845,24.275076080479387,45.6787109375
1068,10.68,1024,910,2081,1979,1,0,1,27.3161295674845,24.275076080479387,50.8056640625
1069,10.69,1024,1137,2087,1985,1,0,1,27.3161295674845,30.33050714670886,50.9521484375
1070,10.7,1024,910,1876,1978,1,0,1,27.3161295674845,24.275076080479387,45.80078125
1071,10.71,1024,1137,2086,1984,1,0,1,27.3161295674845,30.33050714670886,50.927734375
1072,10.72,1024,910,1875,1977,1,0,1,27.3161295674845,24.275076080479387,45.7763671875
1073,10.73,1024,1137,2085,1983,1,0,1,27.3161295674845,30.33050714670886,50.9033203125
1074,10.74,1024,910,1874,1976,1,0,1,27.3161295674845,24.275076080479387,45.751953125
1075,10.75,1024,910,2084,1982,1,0,1,27.3161295674845,24.275076080479387,50.87890625
1076,10.76,1024,1137,2090,1988,1,0,1,27.3161295674845,30.33050714670886,51.025390625
1077,10.77,1024,910,1879,1981,1,0,1,27.3161295674845,24.275076080479387,45.8740234375
1078,10.78,1024,1137,2089,1987,1,0,1,27.3161295674845,30.33050714670886,51.0009765625
1079,10.79,1024,910,1878,1980,1,0,1,27.3161295674845,24.275076080479387,45.849609375
1080,10.8,1024,1137,2088,1986,1,0,1,27.3161295674845,30.33050714670886,50.9765625
1081,10.81,1024,910,1877,1979,1,0,1,27.3161295674845,24.275076080479387,45.8251953125
1082,10.82,1024,1137,2087,1985,1,0,1,27.3161295674845,30.33050714670886,50.9521484375
1083,10.83,1024,910,1876,1978,1,0,1,27.3161295674845,24.275076080479387,45.80078125
1084,10.84,1024,910,2086,1984,1,0,1,27.3161295674845,24.275076080479387,50.927734375
1085,10.85,1024,1137,2092,1990,1,0,1,27.3161295674845,30.33050714670886,51.07421875
1086,10.86,1024,910,1881,1983,1,0,1,27.3161295674845,24.275076080479387,45.9228515625
1087,10.87,1024,1137,2091,1989,1,0,1,27.3161295674845,30.33050714670886,51.0498046875
1088,10.88,1024,910,1880,1982,1,0,1,27.3161295674845,24.275076080479387,45.8984375
1089,10.89,1024,1137,2090,1988,1,0,1,27.3161295674845,30.33050714670886,51.025390625
1090,10.9,1024,910,1879,1981,1,0,1,27.3161295674845,24.275076080479387,45.8740234375
1091,10.91,1024,1137,2089,1987,1,0,1,27.3161295674845,30.33050714670886,51.0009765625
1092,10.92,1024,910,1878,1980,1,0,1,27.3161295674845,24.275076080479387,45.849609375
1093,10.93,1024,910,2088,1986,1,0,1,27.3161295674845,24.275076080479387,50.9765625
1094,10.94,1024,1137,2094,1992,1,0,1,27.3161295674845,30.33050714670886,51.123046875
1095,10.95,1024,910,1883,1985,1,0,1,27.3161295674845,24.275076080479387,45.9716796875
1096,10.96,1024,1137,2093,1991,1,0,1,27.3161295674845,30.33050714670886,51.0986328125
1097,10.97,1024,910,1882,1984,1,0,1,27.3161295674845,24.275076080479387,45.947265625
1098,10.98,1024,1137,2092,1990,1,0,1,27.3161295674845,30.33050714670886,51.07421875
1099,10.99,1024,910,1881,1983,1,0,1,27.3161295674845,24.275076080479387,45.9228515625
1100,11.0,1024,1137,2091,1989,1,0,1,27.3161295674845,30.33050714670886,51.0498046875
1101,11.01,1024,910,1880,1982,1,0,1,27.3161295674845,24.275076080479387,45.8984375
1102,11.02,1024,1137,2090,1988,1,0,1,27.3161295674845,30.33050714670886,51.025390625
1103,11.03,1024,910,1879,1981,1,0,1,27.3161295674845,24.275076080479387,45.8740234375
1104,11.04,1024,910,2089,1987,1,0,1,27.3161295674845,24.275076080479387,51.0009765625
1105,11.05,1024,1137,2095,1993,1,0,1,27.3161295674845,30.33050714670886,51.1474609375
1106,11.06,1024,910,1884,1986,1,0,1,27.3161295674845,24.275076080479387,45.99609375
1107,11.07,1024,1137,2094,1992,1,0,1,27.3161295674845,30.33050714670886,51.123046875
1108,11.08,1024,910,1883,1985,1,0,1,27.3161295674845,24.275076080479387,45.9716796875
1109,11.09,1024,1137,2093,1991,1,0,1,27.3161295674845,30.33050714670886,51.0986328125
1110,11.1,1024,910,1882,1984,1,0,1,27.3161295674845,24.275076080479387,45.947265625
1111,11.11,1024,1137,2092,1990,1,0,1,27.3161295674845,30.33050714670886,51.07421875
1112,11.12,1024,910,1881,1983,1,0,1,27.3161295674845,24.275076080479387,45.9228515625
1113,11.13,1024,910,2091,1989,1,0,1,27.3161295674845,24.275076080479387,51.0498046875
1114,11.14,1024,1137,2097,1995,1,0,1,27.3161295674845,30.33050714670886,51.1962890625
1115,11.15,1024,910,1886,1988,1,0,1,27.3161295674845,24.275076080479387,46.044921875
1116,11.16,1024,1137,2096,1994,1,0,1,27.3161295674845,30.33050714670886,51.171875
1117,11.17,1024,910,1885,1987,1,0,1,27.3161295674845,24.275076080479387,46.0205078125
1118,11.18,1024,1137,2095,1993,1,0,1,27.3161295674845,30.33050714670886,51.1474609375
1119,11.19,1024,910,1884,1986,1,0,1,27.3161295674845,24.275076080479387,45.99609375
1120,11.2,1024,910,2094,1992,1,0,1,27.3161295674845,24.275076080479387,51.123046875
1121,11.21,1024,1137,2100,1998,1,0,1,27.3161295674845,30.33050714670886,51.26953125
1122,11.22,1024,910,1889,1991,1,0,1,27.3161295674845,24.275076080479387,46.1181640625
1123,11.23,1024,1137,2099,1997,1,0,1,27.3161295674845,30.33050714670886,51.2451171875
1124,11.24,1024,910,1888,1990,1,0,1,27.3161295674845,24.275076080479387,46.09375
1125,11.25,1024,1137,2098,1996,1,0,1,27.3161295674845,30.33050714670886,51.220703125
1126,11.26,1024,910,1887,1989,1,0,1,27.3161295674845,24.275076080479387,46.0693359375
1127,11.27,1024,1137,2097,1995,1,0,1,27.3161295674845,30.33050714670886,51.1962890625
1128,11.28,1024,910,1886,1988,1,0,1,27.3161295674845,24.275076080479387,46.044921875
1129,11.29,1024,910,2096,1994,1,0,1,27.3161295674845,24.275076080479387,51.171875
1130,11.3,1024,1137,2102,2000,1,0,1,27.3161295674845,30.33050714670886,51.318359375
1131,11.31,1024,910,1891,1993,1,0,1,27.3161295674845,24.275076080479387,46.1669921875
1132,11.32,1024,1137,2101,1999,1,0,1,27.3161295674845,30.33050714670886,51.2939453125
1133,11.33,1024,910,1890,1992,1,0,1,27.3161295674845,24.275076080479387,46.142578125
1134,11.34,1024,1137,2100,1998,1,0,1,27.3161295674845,30.33050714670886,51.26953125
1135,11.35,1024,910,1889,1991,1,0,1,27.3161295674845,24.275076080479387,46.1181640625
1136,11.36,1024,1137,2099,1997,1,0,1,27.3161295674845,30.33050714670886,51.2451171875
1137,11.37,1024,910,1888,1990,1,0,1,27.3161295674845,24.275076080479387,46.09375
1138,11.38,1024,1137,2098,1996,1,0,1,27.3161295674845,30.33050714670886,51.220703125
1139,11.39,1024,910,1887,1989,1,0,1,27.3161295674845,24.275076080479387,46.0693359375
1140,11.4,1024,1137,2097,1995,1,0,1,27.3161295674845,30.33050714670886,51.1962890625
1141,11.41,1024,910,1886,1988,1,0,1,27.3161295674845,24.275076080479387,46.044921875
1142,11.42,1024,910,2096,1994,1,0,1,27.3161295674845,24.275076080479387,51.171875
1143,11.43,1024,1137,2102,2000,1,0,1,27.3161295674845,30.33050714670886,51.318359375
1144,11.44,1024,910,1891,1993,1,0,1,27.3161295674845,24.275076080479387,46.1669921875
1145,11.45,1024,1137,2101,1999,1,0,1,27.3161295674845,30.33050714670886,51.2939453125
1146,11.46,1024,910,1890,1992,1,0,1,27.3161295674845,24.275076080479387,46.142578125
1147,11.47,1024,1137,2100,1998,1,0,1,27.3161295674845,30.33050714670886,51.26953125
1148,11.48,1024,910,1889,1991,1,0,1,27.3161295674845,24.275076080479387,46.1181640625
1149,11.49,1024,1137,2099,1997,1,0,1,27.3161295674845,30.33050714670886,51.2451171875
1150,11.5,1024,910,1888,1990,1,0,1,27.3161295674845,24.275076080479387,46.09375
1151,11.51,1024,1137,2098,1996,1,0,1,27.3161295674845,30.33050714670886,51.220703125
1152,11.52,1024,910,1887,1989,1,0,1,27.3161295674845,24.275076080479387,46.0693359375
1153,11.53,1024,1137,2097,1995,1,0,1,27.3161295674845,30.33050714670886,51.1962890625
1154,11.54,1024,910,1886,1988,1,0,1,27.3161295674845,24.275076080479387,46.044921875
1155,11.55,1024,910,2096,1994,1,0,1,27.3161295674845,24.275076080479387,51.171875
1156,11.56,1024,1137,2102,2000,1,0,1,27.3161295674845,30.33050714670886,51.318359375
1157,11.57,1024,910,1891,1993,1,0,1,27.3161295674845,24.275076080479387,46.1669921875
1158,11.58,1024,1137,2101,1999,1,0,1,27.3161295674845,30.33050714670886,51.2939453125
1159,11.59,1024,910,1890,1992,1,0,1,27.3161295674845,24.275076080479387,46.142578125
1160,11.6,1024,1137,2100,1998,1,0,1,27.3161295674845,30.33050714670886,51.26953125
1161,11.61,1024,910,1889,1991,1,0,1,27.3161295674845,24.275076080479387,46.1181640625
1162,11.62,1024,1137,2099,1997,1,0,1,27.3161295674845,30.33050714670886,51.2451171875
1163,11.63,1024,910,1888,1990,1,0,1,27.3161295674845,24.275076080479387,46.09375
1164,11.64,1024,1137,2098,1996,1,0,1,27.3161295674845,30.33050714670886,51.220703125
1165,11.65,1024,910,1887,1989,1,0,1,27.3161295674845,24.275076080479387,46.0693359375
1166,11.66,1024,1137,2097,1995,1,0,1,27.3161295674845,30.33050714670886,51.1962890625
1167,11.67,1024,910,1886,1988,1,0,1,27.3161295674845,24.275076080479387,46.044921875
1168,11.68,1024,910,2096,1994,1,0,1,27.3161295674845,24.275076080479387,51.171875
1169,11.69,1024,1137,2102,2000,1,0,1,27.3161295674845,30.33050714670886,51.318359375
1170,11.7,1024,910,1891,1993,1,0,1,27.3161295674845,24.275076080479387,46.1669921875
1171,11.71,1024,1137,2101,1999,1,0,1,27.3161295674845,30.33050714670886,51.2939453125
1172,11.72,1024,910,1890,1992,1,0,1,27.3161295674845,24.275076080479387,46.142578125
1173,11.73,1024,1137,2100,1998,1,0,1,27.3161295674845,30.33050714670886,51.26953125
1174,11.74,1024,910,1889,1991,1,0,1,27.3161295674845,24.275076080479387,46.1181640625
1175,11.75,1024,1137,2099,1997,1,0,1,27.3161295674845,30.33050714670886,51.2451171875
1176,11.76,1024,910,1888,1990,1,0,1,27.3161295674845,24.275076080479387,46.09375
1177,11.77,1024,1137,2098,1996,1,0,1,27.3161295674845,30.33050714670886,51.220703125
1178,11.78,1024,910,1887,1989,1,0,1,27.3161295674845,24.275076080479387,46.0693359375
1179,11.79,1024,1137,2097,1995,1,0,1,27.3161295674845,30.33050714670886,51.1962890625
1180,11.8,1024,910,1886,1988,1,0,1,27.3161295674845,24.275076080479387,46.044921875
1181,11.81,1024,1137,2096,1994,1,0,1,27.3161295674845,30.33050714670886,51.171875
1182,11.82,1024,910,1885,1987,1,0,1,27.3161295674845,24.275076080479387,46.0205078125
1183,11.83,1024,910,2095,1993,1,0,1,27.3161295674845,24.275076080479387,51.1474609375
1184,11.84,1024,1137,2101,1999,1,0,1,27.3161295674845,30.33050714670886,51.2939453125
1185,11.85,1024,910,1890,1992,1,0,1,27.3161295674845,24.275076080479387,46.142578125
1186,11.86,1024,1137,2100,1998,1,0,1,27.3161295674845,30.33050714670886,51.26953125
1187,11.87,1024,910,1889,1991,1,0,1,27.3161295674845,24.275076080479387,46.1181640625
1188,11.88,1024,1137,2099,1997,1,0,1,27.3161295674845,30.33050714670886,51.2451171875
1189,11.89,1024,910,1888,1990,1,0,1,27.3161295674845,24.275076080479387,46.09375
1190,11.9,1024,1137,2098,1996,1,0,1,27.3161295674845,30.33050714670886,51.220703125
1191,11.91,1024,910,1887,1989,1,0,1,27.3161295674845,24.275076080479387,46.0693359375
1192,11.92,1024,1137,2097,1995,1,0,1,27.3161295674845,30.33050714670886,51.1962890625
1193,11.93,1024,910,1886,1988,1,0,1,27.3161295674845,24.275076080479387,46.044921875
1194,11.94,1024,1137,2096,1994,1,0,1,27.3161295674845,30.33050714670886,51.171875
1195,11.95,1024,910,1885,1987,1,0,1,27.3161295674845,24.275076080479387,46.0205078125
1196,11.96,1024,1137,2095,1993,1,0,1,27.3161295674845,30.33050714670886,51.1474609375
1197,11.97,1024,910,1884,1986,1,0,1,27.3161295674845,24.275076080479387,45.99609375
1198,11.98,1024,910,2094,1992,1,0,1,27.3161295674845,24.275076080479387,51.123046875
1199,11.99,1024,1137,2100,1998,1,0,1,27.3161295674845,30.33050714670886,51.26953125
1200,12.0,1024,910,1889,1991,1,0,1,27.3161295674845,24.275076080479387,46.1181640625
1201,12.01,1024,1137,2099,1997,1,0,1,27.3161295674845,30.33050714670886,51.2451171875
1202,12.02,1024,910,1888,1990,1,0,1,27.3161295674845,24.275076080479387,46.09375
1203,12.03,1024,1137,2098,1996,1,0,1,27.3161295674845,30.33050714670886,51.220703125
1204,12.04,1024,910,1887,1989,1,0,1,27.3161295674845,24.275076080479387,46.0693359375
1205,12.05,1024,1137,2097,1995,1,0,1,27.3161295674845,30.33050714670886,51.1962890625
1206,12.06,1024,910,1886,1988,1,0,1,27.3161295674845,24.275076080479387,46.044921875
1207,12.07,1024,1137,2096,1994,1,0,1,27.3161295674845,30.33050714670886,51.171875
1208,12.08,1024,910,1885,1987,1,0,1,27.3161295674845,24.275076080479387,46.0205078125
1209,12.09,1024,1137,2095,1993,1,0,1,27.3161295674845,30.33050714670886,51.1474609375
1210,12.1,1024,910,1884,1986,1,0,1,27.3161295674845,24.275076080479387,45.99609375
1211,12.11,1024,1137,2094,1992,1,0,1,27.3161295674845,30.33050714670886,51.123046875
1212,12.12,1024,910,1883,1985,1,0,1,27.3161295674845,24.275076080479387,45.9716796875
1213,12.13,1024,910,2093,1991,1,0,1,27.3161295674845,24.275076080479387,51.0986328125
1214,12.14,1024,1137,2099,1997,1,0,1,27.3161295674845,30.33050714670886,51.2451171875
1215,12.15,1024,910,1888,1990,1,0,1,27.3161295674845,24.275076080479387,46.09375
1216,12.16,1024,1137,2098,1996,1,0,1,27.3161295674845,30.33050714670886,51.220703125
1217,12.17,1024,910,1887,1989,1,0,1,27.3161295674845,24.275076080479387,46.0693359375
1218,12.18,1024,1137,2097,1995,1,0,1,27.3161295674845,30.33050714670886,51.1962890625
1219,12.19,1024,910,1886,1988,1,0,1,27.3161295674845,24.275076080479387,46.044921875
1220,12.2,1024,1137,2096,1994,1,0,1,27.3161295674845,30.33050714670886,51.171875
1221,12.21,1024,910,1885,1987,1,0,1,27.3161295674845,24.275076080479387,46.0205078125
1222,12.22,1024,1137,2095,1993,1,0,1,27.3161295674845,30.33050714670886,51.1474609375
1223,12.23,1024,910,1884,1986,1,0,1,27.3161295674845,24.275076080479387,45.99609375
1224,12.24,1024,1137,2094,1992,1,0,1,27.3161295674845,30.33050714670886,51.123046875
1225,12.25,1024,910,1883,1985,1,0,1,27.3161295674845,24.275076080479387,45.9716796875
1226,12.26,1024,1137,2093,1991,1,0,1,27.3161295674845,30.33050714670886,51.0986328125
1227,12.27,1024,910,1882,1984,1,0,1,27.3161295674845,24.275076080479387,45.947265625
1228,12.28,1024,1137,2092,1990,1,0,1,27.3161295674845,30.33050714670886,51.07421875
1229,12.29,1024,910,1881,1983,1,0,1,27.3161295674845,24.275076080479387,45.9228515625
1230,12.3,1024,1137,2091,1989,1,0,1,27.3161295674845,30.33050714670886,51.0498046875
1231,12.31,1024,910,1880,1982,1,0,1,27.3161295674845,24.275076080479387,45.8984375
1232,12.32,1024,1137,2090,1988,1,0,1,27.3161295674845,30.33050714670886,51.025390625
1233,12.33,1024,910,1879,1981,1,0,1,27.3161295674845,24.275076080479387,45.8740234375
1234,12.34,1024,1137,2089,1987,1,0,1,27.3161295674845,30.33050714670886,51.0009765625
1235,12.35,1024,910,1878,1980,1,0,1,27.3161295674845,24.275076080479387,45.849609375
1236,12.36,1024,1137,2088,1986,1,0,1,27.3161295674845,30.33050714670886,50.9765625
1237,12.37,1024,910,1877,1979,1,0,1,27.3161295674845,24.275076080479387,45.8251953125
1238,12.38,1024,910,2087,1985,1,0,1,27.3161295674845,24.275076080479387,50.9521484375
1239,12.39,1024,1137,2093,1991,1,0,1,27.3161295674845,30.33050714670886,51.0986328125
1240,12.4,1024,910,1882,1984,1,0,1,27.3161295674845,24.275076080479387,45.947265625
1241,12.41,1024,1137,2092,1990,1,0,1,27.3161295674845,30.33050714670886,51.07421875
1242,12.42,1024,910,1881,1983,1,0,1,27.3161295674845,24.275076080479387,45.9228515625
1243,12.43,1024,1137,2091,1989,1,0,1,27.3161295674845,30.33050714670886,51.0498046875
1244,12.44,1024,910,1880,1982,1,0,1,27.3161295674845,24.275076080479387,45.8984375
1245,12.45,1024,1137,2090,1988,1,0,1,27.3161295674845,30.33050714670886,51.025390625
1246,12.46,1024,910,1879,1981,1,0,1,27.3161295674845,24.275076080479387,45.8740234375
1247,12.47,1024,1137,2089,1987,1,0,1,27.3161295674845,30.33050714670886,51.0009765625
1248,12.48,1024,910,1878,1980,1,0,1,27.3161295674845,24.275076080479387,45.849609375
1249,12.49,1024,1137,2088,1986,1,0,1,27.3161295674845,30.33050714670886,50.9765625
1250,12.5,1024,910,1877,1979,1,0,1,27.3161295674845,24.275076080479387,45.8251953125
1251,12.51,1024,1137,2087,1985,1,0,1,27.3161295674845,30.33050714670886,50.9521484375
1252,12.52,1024,910,1876,1978,1,0,1,27.3161295674845,24.275076080479387,45.80078125
1253,12.53,1024,1137,2086,1984,1,0,1,27.3161295674845,30.33050714670886,50.927734375
1254,12.54,1024,910,1875,1977,1,0,1,27.3161295674845,24.275076080479387,45.7763671875
1255,12.55,1024,1137,2085,1983,1,0,1,27.3161295674845,30.33050714670886,50.9033203125
1256,12.56,1024,910,1874,1976,1,0,1,27.3161295674845,24.275076080479387,45.751953125
1257,12.57,1024,910,2084,1982,1,0,1,27.3161295674845,24.275076080479387,50.87890625
1258,12.58,1024,1137,2090,1988,1,0,1,27.3161295674845,30.33050714670886,51.025390625
1259,12.59,1024,910,1879,1981,1,0,1,27.3161295674845,24.275076080479387,45.8740234375
1260,12.6,1024,1137,2089,1987,1,0,1,27.3161295674845,30.33050714670886,51.0009765625
1261,12.61,1024,910,1878,1980,1,0,1,27.3161295674845,24.275076080479387,45.849609375
1262,12.62,1024,1137,2088,1986,1,0,1,27.3161295674845,30.33050714670886,50.9765625
1263,12.63,1024,910,1877,1979,1,0,1,27.3161295674845,24.275076080479387,45.8251953125
1264,12.64,1024,1137,2087,1985,1,0,1,27.3161295674845,30.33050714670886,50.9521484375
1265,12.65,1024,910,1876,1978,1,0,1,27.3161295674845,24.275076080479387,45.80078125
1266,12.66,1024,1137,2086,1984,1,0,1,27.3161295674845,30.33050714670886,50.927734375
1267,12.67,1024,910,1875,1977,1,0,1,27.3161295674845,24.275076080479387,45.7763671875
1268,12.68,1024,1137,2085,1983,1,0,1,27.3161295674845,30.33050714670886,50.9033203125
1269,12.69,1024,910,1874,1976,1,0,1,27.3161295674845,24.275076080479387,45.751953125
1270,12.7,1024,910,2084,1982,1,0,1,27.3161295674845,24.275076080479387,50.87890625
1271,12.71,1024,1137,2090,1988,1,0,1,27.3161295674845,30.33050714670886,51.025390625
1272,12.72,1024,910,1879,1981,1,0,1,27.3161295674845,24.275076080479387,45.8740234375
1273,12.73,1024,1137,2089,1987,1,0,1,27.3161295674845,30.33050714670886,51.0009765625
1274,12.74,1024,910,1878,1980,1,0,1,27.3161295674845,24.275076080479387,45.849609375
1275,12.75,1024,1137,2088,1986,1,0,1,27.3161295674845,30.33050714670886,50.9765625
1276,12.76,1024,910,1877,1979,1,0,1,27.3161295674845,24.275076080479387,45.8251953125
1277,12.77,1024,1137,2087,1985,1,0,1,27.3161295674845,30.33050714670886,50.9521484375
1278,12.78,1024,910,1876,1978,1,0,1,27.3161295674845,24.275076080479387,45.80078125
1279,12.79,1024,910,2086,1984,1,0,1,27.3161295674845,24.275076080479387,50.927734375
1280,12.8,1024,1137,2092,1990,1,0,1,27.3161295674845,30.33050714670886,51.07421875
1281,12.81,1024,910,1881,1983,1,0,1,27.3161295674845,24.275076080479387,45.9228515625
1282,12.82,1024,1137,2091,1989,1,0,1,27.3161295674845,30.33050714670886,51.0498046875
1283,12.83,1024,910,1880,1982,1,0,1,27.3161295674845,24.275076080479387,45.8984375
1284,12.84,1024,1137,2090,1988,1,0,1,27.3161295674845,30.33050714670886,51.025390625
1285,12.85,1024,910,1879,1981,1,0,1,27.3161295674845,24.275076080479387,45.8740234375
1286,12.86,1024,1137,2089,1987,1,0,1,27.3161295674845,30.33050714670886,51.0009765625
1287,12.87,1024,910,1878,1980,1,0,1,27.3161295674845,24.275076080479387,45.849609375
1288,12.88,1024,1137,2088,1986,1,0,1,27.3161295674845,30.33050714670886,50.9765625
1289,12.89,1024,910,1877,1979,1,0,1,27.3161295674845,24.275076080479387,45.8251953125
1290,12.9,1024,910,2087,1985,1,0,1,27.3161295674845,24.275076080479387,50.9521484375
1291,12.91,1024,1137,2093,1991,1,0,1,27.3161295674845,30.33050714670886,51.0986328125
1292,12.92,1024,910,1882,1984,1,0,1,27.3161295674845,24.275076080479387,45.947265625
1293,12.93,1024,1137,2092,1990,1,0,1,27.3161295674845,30.33050714670886,51.07421875
1294,12.94,1024,910,1881,1983,1,0,1,27.3161295674845,24.275076080479387,45.9228515625
1295,12.95,1024,1137,2091,1989,1,0,1,27.3161295674845,30.33050714670886,51.0498046875
1296,12.96,1024,910,1880,1982,1,0,1,27.3161295674845,24.275076080479387,45.8984375
1297,12.97,1024,1137,2090,1988,1,0,1,27.3161295674845,30.33050714670886,51.025390625
1298,12.98,1024,910,1879,1981,1,0,1,27.3161295674845,24.275076080479387,45.8740234375
1299,12.99,1024,910,2089,1987,1,0,1,27.3161295674845,24.275076080479387,51.0009765625
1300,13.0,1024,1137,2095,1993,1,0,1,27.3161295674845,30.33050714670886,51.1474609375
1301,13.01,1024,910,1884,1986,1,0,1,27.3161295674845,24.275076080479387,45.99609375
1302,13.02,1024,1137,2094,1992,1,0,1,27.3161295674845,30.33050714670886,51.123046875
1303,13.03,1024,910,1883,1985,1,0,1,27.3161295674845,24.275076080479387,45.9716796875
1304,13.04,1024,1137,2093,1991,1,0,1,27.3161295674845,30.33050714670886,51.0986328125
1305,13.05,1024,910,1882,1984,1,0,1,27.3161295674845,24.275076080479387,45.947265625
1306,13.06,1024,1137,2092,1990,1,0,1,27.3161295674845,30.33050714670886,51.07421875
1307,13.07,1024,910,1881,1983,1,0,1,27.3161295674845,24.275076080479387,45.9228515625
1308,13.08,1024,1137,2091,1989,1,0,1,27.3161295674845,30.33050714670886,51.0498046875
1309,13.09,1024,910,1880,1982,1,0,1,27.3161295674845,24.275076080479387,45.8984375
1310,13.1,1024,1137,2090,1988,1,0,1,27.3161295674845,30.33050714670886,51.025390625
1311,13.11,1024,910,1879,1981,1,0,1,27.3161295674845,24.275076080479387,45.8740234375
1312,13.12,1024,910,2089,1987,1,0,1,27.3161295674845,24.275076080479387,51.0009765625
1313,13.13,1024,1137,2095,1993,1,0,1,27.3161295674845,30.33050714670886,51.1474609375
1314,13.14,1024,910,1884,1986,1,0,1,27.3161295674845,24.275076080479387,45.99609375
1315,13.15,1024,1137,2094,1992,1,0,1,27.3161295674845,30.33050714670886,51.123046875
1316,13.16,1024,910,1883,1985,1,0,1,27.3161295674845,24.275076080479387,45.9716796875
1317,13.17,1024,1137,2093,1991,1,0,1,27.3161295674845,30.33050714670886,51.0986328125
1318,13.18,1024,910,1882,1984,1,0,1,27.3161295674845,24.275076080479387,45.947265625
1319,13.19,1024,1137,2092,1990,1,0,1,27.3161295674845,30.33050714670886,51.07421875
1320,13.2,1024,910,1881,1983,1,0,1,27.3161295674845,24.275076080479387,45.9228515625
1321,13.21,1024,1137,2091,1989,1,0,1,27.3161295674845,30.33050714670886,51.0498046875
1322,13.22,1024,910,1880,1982,1,0,1,27.3161295674845,24.275076080479387,45.8984375
1323,13.23,1024,910,2090,1988,1,0,1,27.3161295674845,24.275076080479387,51.025390625
1324,13.24,1024,1137,2096,1994,1,0,1,27.3161295674845,30.33050714670886,51.171875
1325,13.25,1024,910,1885,1987,1,0,1,27.3161295674845,24.275076080479387,46.0205078125
1326,13.26,1024,1137,2095,1993,1,0,1,27.3161295674845,30.33050714670886,51.1474609375
1327,13.27,1024,910,1884,1986,1,0,1,27.3161295674845,24.275076080479387,45.99609375
1328,13.28,1024,1137,2094,1992,1,0,1,27.3161295674845,30.33050714670886,51.123046875
1329,13.29,1024,910,1883,1985,1,0,1,27.3161295674845,24.275076080479387,45.9716796875
1330,13.3,1024,1137,2093,1991,1,0,1,27.3161295674845,30.33050714670886,51.0986328125
1331,13.31,1024,910,1882,1984,1,0,1,27.3161295674845,24.275076080479387,45.947265625
1332,13.32,1024,1137,2092,1990,1,0,1,27.3161295674845,30.33050714670886,51.07421875
1333,13.33,1024,910,1881,1983,1,0,1,27.3161295674845,24.275076080479387,45.9228515625
1334,13.34,1024,1137,2091,1989,1,0,1,27.3161295674845,30.33050714670886,51.0498046875
1335,13.35,1024,910,1880,1982,1,0,1,27.3161295674845,24.275076080479387,45.8984375
1336,13.36,1024,1137,2090,1988,1,0,1,27.3161295674845,30.33050714670886,51.025390625
1337,13.37,1024,910,1879,1981,1,0,1,27.3161295674845,24.275076080479387,45.8740234375
1338,13.38,1024,1137,2089,1987,1,0,1,27.3161295674845,30.33050714670886,51.0009765625
1339,13.39,1024,910,1878,1980,1,0,1,27.3161295674845,24.275076080479387,45.849609375
1340,13.4,1024,910,2088,1986,1,0,1,27.3161295674845,24.275076080479387,50.9765625
1341,13.41,1024,1137,2094,1992,1,0,1,27.3161295674845,30.33050714670886,51.123046875
1342,13.42,1024,910,1883,1985,1,0,1,27.3161295674845,24.275076080479387,45.9716796875
1343,13.43,1024,1137,2093,1991,1,0,1,27.3161295674845,30.33050714670886,51.0986328125
1344,13.44,1024,910,1882,1984,1,0,1,27.3161295674845,24.275076080479387,45.947265625
1345,13.45,1024,1137,2092,1990,1,0,1,27.3161295674845,30.33050714670886,51.07421875
1346,13.46,1024,910,1881,1983,1,0,1,27.3161295674845,24.275076080479387,45.9228515625
1347,13.47,1024,1137,2091,1989,1,0,1,27.3161295674845,30.33050714670886,51.0498046875
1348,13.48,1024,910,1880,1982,1,0,1,27.3161295674845,24.275076080479387,45.8984375
1349,13.49,1024,1137,2090,1988,1,0,1,27.3161295674845,30.33050714670886,51.025390625
1350,13.5,1024,910,1879,1981,1,0,1,27.3161295674845,24.275076080479387,45.8740234375
1351,13.51,1024,1137,2089,1987,1,0,1,27.3161295674845,30.33050714670886,51.0009765625
1352,13.52,1024,910,1878,1980,1,0,1,27.3161295674845,24.275076080479387,45.849609375
1353,13.53,1024,1137,2088,1986,1,0,1,27.3161295674845,30.33050714670886,50.9765625
1354,13.54,1024,910,1877,1979,1,0,1,27.3161295674845,24.275076080479387,45.8251953125
1355,13.55,1024,1137,2087,1985,1,0,1,27.3161295674845,30.33050714670886,50.9521484375
1356,13.56,1024,910,1876,1978,1,0,1,27.3161295674845,24.275076080479387,45.80078125
1357,13.57,1024,1137,2086,1984,1,0,1,27.3161295674845,30.33050714670886,50.927734375
1358,13.58,1024,910,1875,1977,1,0,1,27.3161295674845,24.275076080479387,45.7763671875
1359,13.59,1024,1137,2085,1983,1,0,1,27.3161295674845,30.33050714670886,50.9033203125
1360,13.6,1024,910,1874,1976,1,0,1,27.3161295674845,24.275076080479387,45.751953125
1361,13.61,1024,1137,2084,1982,1,0,1,27.3161295674845,30.33050714670886,50.87890625
1362,13.62,1024,910,1873,1975,1,0,1,27.3161295674845,24.275076080479387,45.7275390625
1363,13.63,1024,910,2083,1981,1,0,1,27.3161295674845,24.275076080479387,50.8544921875
1364,13.64,1024,1137,2089,1987,1,0,1,27.3161295674845,30.33050714670886,51.0009765625
1365,13.65,1024,910,1878,1980,1,0,1,27.3161295674845,24.275076080479387,45.849609375
1366,13.66,1024,1137,2088,1986,1,0,1,27.3161295674845,30.33050714670886,50.9765625
1367,13.67,1024,910,1877,1979,1,0,1,27.3161295674845,24.275076080479387,45.8251953125
1368,13.68,1024,1137,2087,1985,1,0,1,27.3161295674845,30.33050714670886,50.9521484375
1369,13.69,1024,910,1876,1978,1,0,1,27.3161295674845,24.275076080479387,45.80078125
1370,13.7,1024,1137,2086,1984,1,0,1,27.3161295674845,30.33050714670886,50.927734375
1371,13.71,1024,910,1875,1977,1,0,1,27.3161295674845,24.275076080479387,45.7763671875
1372,13.72,1024,1137,2085,1983,1,0,1,27.3161295674845,30.33050714670886,50.9033203125
1373,13.73,1024,910,1874,1976,1,0,1,27.3161295674845,24.275076080479387,45.751953125
1374,13.74,1024,1137,2084,1982,1,0,1,27.3161295674845,30.33050714670886,50.87890625
1375,13.75,1024,910,1873,1975,1,0,1,27.3161295674845,24.275076080479387,45.7275390625
1376,13.76,1024,1137,2083,1981,1,0,1,27.3161295674845,30.33050714670886,50.8544921875
1377,13.77,1024,910,1872,1974,1,0,1,27.3161295674845,24.275076080479387,45.703125
1378,13.78,1024,910,2082,1980,1,0,1,27.3161295674845,24.275076080479387,50.830078125
1379,13.79,1024,1137,2088,1986,1,0,1,27.3161295674845,30.33050714670886,50.9765625
1380,13.8,1024,910,1877,1979,1,0,1,27.3161295674845,24.275076080479387,45.8251953125
1381,13.81,1024,1137,2087,1985,1,0,1,27.3161295674845,30.33050714670886,50.9521484375
1382,13.82,1024,910,1876,1978,1,0,1,27.3161295674845,24.275076080479387,45.80078125
1383,13.83,1024,1137,2086,1984,1,0,1,27.3161295674845,30.33050714670886,50.927734375
1384,13.84,1024,910,1875,1977,1,0,1,27.3161295674845,24.275076080479387,45.7763671875
1385,13.85,1024,1137,2085,1983,1,0,1,27.3161295674845,30.33050714670886,50.9033203125
1386,13.86,1024,910,1874,1976,1,0,1,27.3161295674845,24.275076080479387,45.751953125
1387,13.87,1024,1137,2084,1982,1,0,1,27.3161295674845,30.33050714670886,50.87890625
1388,13.88,1024,910,1873,1975,1,0,1,27.3161295674845,24.275076080479387,45.7275390625
1389,13.89,1024,1137,2083,1981,1,0,1,27.3161295674845,30.33050714670886,50.8544921875
1390,13.9,1024,910,1872,1974,1,0,1,27.3161295674845,24.275076080479387,45.703125
1391,13.91,1024,910,2082,1980,1,0,1,27.3161295674845,24.275076080479387,50.830078125
1392,13.92,1024,1137,2088,1986,1,0,1,27.3161295674845,30.33050714670886,50.9765625
1393,13.93,1024,910,1877,1979,1,0,1,27.3161295674845,24.275076080479387,45.8251953125
1394,13.94,1024,1137,2087,1985,1,0,1,27.3161295674845,30.33050714670886,50.9521484375
1395,13.95,1024,910,1876,1978,1,0,1,27.3161295674845,24.275076080479387,45.80078125
1396,13.96,1024,1137,2086,1984,1,0,1,27.3161295674845,30.33050714670886,50.927734375
1397,13.97,1024,910,1875,1977,1,0,1,27.3161295674845,24.275076080479387,45.7763671875
1398,13.98,1024,1137,2085,1983,1,0,1,27.3161295674845,30.33050714670886,50.9033203125
1399,13.99,1024,910,1874,1976,1,0,1,27.3161295674845,24.275076080479387,45.751953125
1400,14.0,1024,1137,2084,1982,1,0,1,27.3161295674845,30.33050714670886,50.87890625
1401,14.01,1024,910,1873,1975,1,0,1,27.3161295674845,24.275076080479387,45.7275390625
1402,14.02,1024,910,2083,1981,1,0,1,27.3161295674845,24.275076080479387,50.8544921875
1403,14.03,1024,1137,2089,1987,1,0,1,27.3161295674845,30.33050714670886,51.0009765625
1404,14.04,1024,910,1878,1980,1,0,1,27.3161295674845,24.275076080479387,45.849609375
1405,14.05,1024,1137,2088,1986,1,0,1,27.3161295674845,30.33050714670886,50.9765625
1406,14.06,1024,910,1877,1979,1,0,1,27.3161295674845,24.275076080479387,45.8251953125
1407,14.07,1024,1137,2087,1985,1,0,1,27.3161295674845,30.33050714670886,50.9521484375
1408,14.08,1024,910,1876,1978,1,0,1,27.3161295674845,24.275076080479387,45.80078125
1409,14.09,1024,1137,2086,1984,1,0,1,27.3161295674845,30.33050714670886,50.927734375
1410,14.1,1024,910,1875,1977,1,0,1,27.3161295674845,24.275076080479387,45.7763671875
1411,14.11,1024,910,2085,1983,1,0,1,27.3161295674845,24.275076080479387,50.9033203125
1412,14.12,1024,1137,2091,1989,1,0,1,27.3161295674845,30.33050714670886,51.0498046875
1413,14.13,1024,910,1880,1982,1,0,1,27.3161295674845,24.275076080479387,45.8984375
1414,14.14,1024,1137,2090,1988,1,0,1,27.3161295674845,30.33050714670886,51.025390625
1415,14.15,1024,910,1879,1981,1,0,1,27.3161295674845,24.275076080479387,45.8740234375
1416,14.16,1024,1137,2089,1987,1,0,1,27.3161295674845,30.33050714670886,51.0009765625
1417,14.17,1024,910,1878,1980,1,0,1,27.3161295674845,24.275076080479387,45.849609375
1418,14.18,1024,1137,2088,1986,1,0,1,27.3161295674845,30.33050714670886,50.9765625
1419,14.19,1024,910,1877,1979,1,0,1,27.3161295674845,24.275076080479387,45.8251953125
1420,14.2,1024,1137,2087,1985,1,0,1,27.3161295674845,30.33050714670886,50.9521484375
1421,14.21,1024,910,1876,1978,1,0,1,27.3161295674845,24.275076080479387,45.80078125
1422,14.22,1024,910,2086,1984,1,0,1,27.3161295674845,24.275076080479387,50.927734375
1423,14.23,1024,1137,2092,1990,1,0,1,27.3161295674845,30.33050714670886,51.07421875
1424,14.24,1024,910,1881,1983,1,0,1,27.3161295674845,24.275076080479387,45.9228515625
1425,14.25,1024,1137,2091,1989,1,0,1,27.3161295674845,30.33050714670886,51.0498046875
1426,14.26,1024,910,1880,1982,1,0,1,27.3161295674845,24.275076080479387,45.8984375
1427,14.27,1024,1137,2090,1988,1,0,1,27.3161295674845,30.33050714670886,51.025390625
1428,14.28,1024,910,1879,1981,1,0,1,27.3161295674845,24.275076080479387,45.8740234375
1429,14.29,1024,1137,2089,1987,1,0,1,27.3161295674845,30.33050714670886,51.0009765625
1430,14.3,1024,910,1878,1980,1,0,1,27.3161295674845,24.275076080479387,45.849609375
1431,14.31,1024,1137,2088,1986,1,0,1,27.3161295674845,30.33050714670886,50.9765625
1432,14.32,1024,910,1877,1979,1,0,1,27.3161295674845,24.275076080479387,45.8251953125
1433,14.33,1024,910,2087,1985,1,0,1,27.3161295674845,24.275076080479387,50.9521484375
1434,14.34,1024,1137,2093,1991,1,0,1,27.3161295674845,30.33050714670886,51.0986328125
1435,14.35,1024,910,1882,1984,1,0,1,27.3161295674845,24.275076080479387,45.947265625
1436,14.36,1024,1137,2092,1990,1,0,1,27.3161295674845,30.33050714670886,51.07421875
1437,14.37,1024,910,1881,1983,1,0,1,27.3161295674845,24.275076080479387,45.9228515625
1438,14.38,1024,1137,2091,1989,1,0,1,27.3161295674845,30.33050714670886,51.0498046875
1439,14.39,1024,910,1880,1982,1,0,1,27.3161295674845,24.275076080479387,45.8984375
1440,14.4,1024,1137,2090,1988,1,0,1,27.3161295674845,30.33050714670886,51.025390625
1441,14.41,1024,910,1879,1981,1,0,1,27.3161295674845,24.275076080479387,45.8740234375
1442,14.42,1024,1137,2089,1987,1,0,1,27.3161295674845,30.33050714670886,51.0009765625
1443,14.43,1024,910,1878,1980,1,0,1,27.3161295674845,24.275076080479387,45.849609375
1444,14.44,1024,1137,2088,1986,1,0,1,27.3161295674845,30.33050714670886,50.9765625
1445,14.45,1024,910,1877,1979,1,0,1,27.3161295674845,24.275076080479387,45.8251953125
1446,14.46,1024,910,2087,1985,1,0,1,27.3161295674845,24.275076080479387,50.9521484375
1447,14.47,1024,1137,2093,1991,1,0,1,27.3161295674845,30.33050714670886,51.0986328125
1448,14.48,1024,910,1882,1984,1,0,1,27.3161295674845,24.275076080479387,45.947265625
1449,14.49,1024,1137,2092,1990,1,0,1,27.3161295674845,30.33050714670886,51.07421875
1450,14.5,1024,910,1881,1983,1,0,1,27.3161295674845,24.275076080479387,45.9228515625
1451,14.51,1024,1137,2091,1989,1,0,1,27.3161295674845,30.33050714670886,51.0498046875
1452,14.52,1024,910,1880,1982,1,0,1,27.3161295674845,24.275076080479387,45.8984375
1453,14.53,1024,1137,2090,1988,1,0,1,27.3161295674845,30.33050714670886,51.025390625
1454,14.54,1024,910,1879,1981,1,0,1,27.3161295674845,24.275076080479387,45.8740234375
1455,14.55,1024,1137,2089,1987,1,0,1,27.3161295674845,30.33050714670886,51.0009765625
1456,14.56,1024,910,1878,1980,1,0,1,27.3161295674845,24.275076080479387,45.849609375
1457,14.57,1024,1137,2088,1986,1,0,1,27.3161295674845,30.33050714670886,50.9765625
1458,14.58,1024,910,1877,1979,1,0,1,27.3161295674845,24.275076080479387,45.8251953125
1459,14.59,1024,1137,2087,1985,1,0,1,27.3161295674845,30.33050714670886,50.9521484375
1460,14.6,1024,910,1876,1978,1,0,1,27.3161295674845,24.275076080479387,45.80078125
1461,14.61,1024,1137,2086,1984,1,0,1,27.3161295674845,30.33050714670886,50.927734375
1462,14.62,1024,910,1875,1977,1,0,1,27.3161295674845,24.275076080479387,45.7763671875
1463,14.63,1024,1137,2085,1983,1,0,1,27.3161295674845,30.33050714670886,50.9033203125
1464,14.64,1024,910,1874,1976,1,0,1,27.3161295674845,24.275076080479387,45.751953125
1465,14.65,1024,910,2084,1982,1,0,1,27.3161295674845,24.275076080479387,50.87890625
1466,14.66,1024,1137,2090,1988,1,0,1,27.3161295674845,30.33050714670886,51.025390625
1467,14.67,1024,910,1879,1981,1,0,1,27.3161295674845,24.275076080479387,45.8740234375
1468,14.68,1024,1137,2089,1987,1,0,1,27.3161295674845,30.33050714670886,51.0009765625
1469,14.69,1024,910,1878,1980,1,0,1,27.3161295674845,24.275076080479387,45.849609375
1470,14.7,1024,1137,2088,1986,1,0,1,27.3161295674845,30.33050714670886,50.9765625
1471,14.71,1024,910,1877,1979,1,0,1,27.3161295674845,24.275076080479387,45.8251953125
1472,14.72,1024,1137,2087,1985,1,0,1,27.3161295674845,30.33050714670886,50.9521484375
1473,14.73,1024,910,1876,1978,1,0,1,27.3161295674845,24.275076080479387,45.80078125
1474,14.74,1024,1137,2086,1984,1,0,1,27.3161295674845,30.33050714670886,50.927734375
1475,14.75,1024,910,1875,1977,1,0,1,27.3161295674845,24.275076080479387,45.7763671875
1476,14.76,1024,1137,2085,1983,1,0,1,27.3161295674845,30.33050714670886,50.9033203125
1477,14.77,1024,910,1874,1976,1,0,1,27.3161295674845,24.275076080479387,45.751953125
1478,14.78,1024,1137,2084,1982,1,0,1,27.3161295674845,30.33050714670886,50.87890625
1479,14.79,1024,910,1873,1975,1,0,1,27.3161295674845,24.275076080479387,45.7275390625
1480,14.8,1024,1137,2083,1981,1,0,1,27.3161295674845,30.33050714670886,50.8544921875
1481,14.81,1024,910,1872,1974,1,0,1,27.3161295674845,24.275076080479387,45.703125
1482,14.82,1024,1137,2082,1980,1,0,1,27.3161295674845,30.33050714670886,50.830078125
1483,14.83,1024,910,1871,1973,1,0,1,27.3161295674845,24.275076080479387,45.6787109375
1484,14.84,1024,910,2081,1979,1,0,1,27.3161295674845,24.275076080479387,50.8056640625
1485,14.85,1024,1137,2087,1985,1,0,1,27.3161295674845,30.33050714670886,50.9521484375
1486,14.86,1024,910,1876,1978,1,0,1,27.3161295674845,24.275076080479387,45.80078125
1487,14.87,1024,1137,2086,1984,1,0,1,27.3161295674845,30.33050714670886,50.927734375
1488,14.88,1024,910,1875,1977,1,0,1,27.3161295674845,24.275076080479387,45.7763671875
1489,14.89,1024,1137,2085,1983,1,0,1,27.3161295674845,30.33050714670886,50.9033203125
1490,14.9,1024,910,1874,1976,1,0,1,27.3161295674845,24.275076080479387,45.751953125
1491,14.91,1024,1137,2084,1982,1,0,1,27.3161295674845,30.33050714670886,50.87890625
1492,14.92,1024,910,1873,1975,1,0,1,27.3161295674845,24.275076080479387,45.7275390625
1493,14.93,1024,1137,2083,1981,1,0,1,27.3161295674845,30.33050714670886,50.8544921875
1494,14.94,1024,910,1872,1974,1,0,1,27.3161295674845,24.275076080479387,45.703125
1495,14.95,1024,1137,2082,1980,1,0,1,27.3161295674845,30.33050714670886,50.830078125
1496,14.96,1024,910,1871,1973,1,0,1,27.3161295674845,24.275076080479387,45.6787109375
1497,14.97,1024,910,2081,1979,1,0,1,27.3161295674845,24.275076080479387,50.8056640625
1498,14.98,1024,1137,2087,1985,1,0,1,27.3161295674845,30.33050714670886,50.9521484375
1499,14.99,1024,910,1876,1978,1,0,1,27.3161295674845,24.275076080479387,45.80078125
1500,15.0,1024,1137,2086,1984,1,0,1,27.3161295674845,30.33050714670886,50.927734375
1501,15.01,1024,910,1875,1977,1,0,1,27.3161295674845,24.275076080479387,45.7763671875
1502,15.02,1024,1137,2085,1983,1,0,1,27.3161295674845,30.33050714670886,50.9033203125
1503,15.03,1024,910,1874,1976,1,0,1,27.3161295674845,24.275076080479387,45.751953125
1504,15.04,1024,1137,2084,1982,1,0,1,27.3161295674845,30.33050714670886,50.87890625
1505,15.05,1024,910,1873,1975,1,0,1,27.3161295674845,24.275076080479387,45.7275390625
1506,15.06,1024,1137,2083,1981,1,0,1,27.3161295674845,30.33050714670886,50.8544921875
1507,15.07,1024,910,1872,1974,1,0,1,27.3161295674845,24.275076080479387,45.703125
1508,15.08,1024,910,2082,1980,1,0,1,27.3161295674845,24.275076080479387,50.830078125
1509,15.09,1024,1137,2088,1986,1,0,1,27.3161295674845,30.33050714670886,50.9765625
1510,15.1,1024,910,1877,1979,1,0,1,27.3161295674845,24.275076080479387,45.8251953125
1511,15.11,1024,1137,2087,1985,1,0,1,27.3161295674845,30.33050714670886,50.9521484375
1512,15.12,1024,910,1876,1978,1,0,1,27.3161295674845,24.275076080479387,45.80078125
1513,15.13,1024,1137,2086,1984,1,0,1,27.3161295674845,30.33050714670886,50.927734375
1514,15.14,1024,910,1875,1977,1,0,1,27.3161295674845,24.275076080479387,45.7763671875
1515,15.15,1024,1137,2085,1983,1,0,1,27.3161295674845,30.33050714670886,50.9033203125
1516,15.16,1024,910,1874,1976,1,0,1,27.3161295674845,24.275076080479387,45.751953125
1517,15.17,1024,1137,2084,1982,1,0,1,27.3161295674845,30.33050714670886,50.87890625
1518,15.18,1024,910,1873,1975,1,0,1,27.3161295674845,24.275076080479387,45.7275390625
1519,15.19,1024,910,2083,1981,1,0,1,27.3161295674845,24.275076080479387,50.8544921875
1520,15.2,1024,1137,2089,1987,1,0,1,27.3161295674845,30.33050714670886,51.0009765625
1521,15.21,1024,910,1878,1980,1,0,1,27.3161295674845,24.275076080479387,45.849609375
1522,15.22,1024,1137,2088,1986,1,0,1,27.3161295674845,30.33050714670886,50.9765625
1523,15.23,1024,910,1877,1979,1,0,1,27.3161295674845,24.275076080479387,45.8251953125
1524,15.24,1024,1137,2087,1985,1,0,1,27.3161295674845,30.33050714670886,50.9521484375
1525,15.25,1024,910,1876,1978,1,0,1,27.3161295674845,24.275076080479387,45.80078125
1526,15.26,1024,1137,2086,1984,1,0,1,27.3161295674845,30.33050714670886,50.927734375
1527,15.27,1024,910,1875,1977,1,0,1,27.3161295674845,24.275076080479387,45.7763671875
1528,15.28,1024,1137,2085,1983,1,0,1,27.3161295674845,30.33050714670886,50.9033203125
1529,15.29,1024,910,1874,1976,1,0,1,27.3161295674845,24.275076080479387,45.751953125
1530,15.3,1024,1137,2084,1982,1,0,1,27.3161295674845,30.33050714670886,50.87890625
1531,15.31,1024,910,1873,1975,1,0,1,27.3161295674845,24.275076080479387,45.7275390625
1532,15.32,1024,910,2083,1981,1,0,1,27.3161295674845,24.275076080479387,50.8544921875
1533,15.33,1024,1137,2089,1987,1,0,1,27.3161295674845,30.33050714670886,51.0009765625
1534,15.34,1024,910,1878,1980,1,0,1,27.3161295674845,24.275076080479387,45.849609375
1535,15.35,1024,1137,2088,1986,1,0,1,27.3161295674845,30.33050714670886,50.9765625
1536,15.36,1024,910,1877,1979,1,0,1,27.3161295674845,24.275076080479387,45.8251953125
1537,15.37,1024,1137,2087,1985,1,0,1,27.3161295674845,30.33050714670886,50.9521484375
1538,15.38,1024,910,1876,1978,1,0,1,27.3161295674845,24.275076080479387,45.80078125
1539,15.39,1024,1137,2086,1984,1,0,1,27.3161295674845,30.33050714670886,50.927734375
1540,15.4,1024,910,1875,1977,1,0,1,27.3161295674845,24.275076080479387,45.7763671875
1541,15.41,1024,1137,2085,1983,1,0,1,27.3161295674845,30.33050714670886,50.9033203125
1542,15.42,1024,910,1874,1976,1,0,1,27.3161295674845,24.275076080479387,45.751953125
1543,15.43,1024,910,2084,1982,1,0,1,27.3161295674845,24.275076080479387,50.87890625
1544,15.44,1024,1137,2090,1988,1,0,1,27.3161295674845,30.33050714670886,51.025390625
1545,15.45,1024,910,1879,1981,1,0,1,27.3161295674845,24.275076080479387,45.8740234375
1546,15.46,1024,1137,2089,1987,1,0,1,27.3161295674845,30.33050714670886,51.0009765625
1547,15.47,1024,910,1878,1980,1,0,1,27.3161295674845,24.275076080479387,45.849609375
1548,15.48,1024,1137,2088,1986,1,0,1,27.3161295674845,30.33050714670886,50.9765625
1549,15.49,1024,910,1877,1979,1,0,1,27.3161295674845,24.275076080479387,45.8251953125
1550,15.5,1024,1137,2087,1985,1,0,1,27.3161295674845,30.33050714670886,50.9521484375
1551,15.51,1024,910,1876,1978,1,0,1,27.3161295674845,24.275076080479387,45.80078125
1552,15.52,1024,1137,2086,1984,1,0,1,27.3161295674845,30.33050714670886,50.927734375
1553,15.53,1024,910,1875,1977,1,0,1,27.3161295674845,24.275076080479387,45.7763671875
1554,15.54,1024,1137,2085,1983,1,0,1,27.3161295674845,30.33050714670886,50.9033203125
1555,15.55,1024,910,1874,1976,1,0,1,27.3161295674845,24.275076080479387,45.751953125
1556,15.56,1024,1137,2084,1982,1,0,1,27.3161295674845,30.33050714670886,50.87890625
1557,15.57,1024,910,1873,1975,1,0,1,27.3161295674845,24.275076080479387,45.7275390625
1558,15.58,1024,910,2083,1981,1,0,1,27.3161295674845,24.275076080479387,50.8544921875
1559,15.59,1024,1137,2089,1987,1,0,1,27.3161295674845,30.33050714670886,51.0009765625
1560,15.6,1024,910,1878,1980,1,0,1,27.3161295674845,24.275076080479387,45.849609375
1561,15.61,1024,1137,2088,1986,1,0,1,27.3161295674845,30.33050714670886,50.9765625
1562,15.62,1024,910,1877,1979,1,0,1,27.3161295674845,24.275076080479387,45.8251953125
1563,15.63,1024,1137,2087,1985,1,0,1,27.3161295674845,30.33050714670886,50.9521484375
1564,15.64,1024,910,1876,1978,1,0,1,27.3161295674845,24.275076080479387,45.80078125
1565,15.65,1024,1137,2086,1984,1,0,1,27.3161295674845,30.33050714670886,50.927734375
1566,15.66,1024,910,1875,1977,1,0,1,27.3161295674845,24.275076080479387,45.7763671875
1567,15.67,1024,1137,2085,1983,1,0,1,27.3161295674845,30.33050714670886,50.9033203125
1568,15.68,1024,910,1874,1976,1,0,1,27.3161295674845,24.275076080479387,45.751953125
1569,15.69,1024,1137,2084,1982,1,0,1,27.3161295674845,30.33050714670886,50.87890625
1570,15.7,1024,910,1873,1975,1,0,1,27.3161295674845,24.275076080479387,45.7275390625
1571,15.71,1024,1137,2083,1981,1,0,1,27.3161295674845,30.33050714670886,50.8544921875
1572,15.72,1024,910,1872,1974,1,0,1,27.3161295674845,24.275076080479387,45.703125
1573,15.73,1024,910,2082,1980,1,0,1,27.3161295674845,24.275076080479387,50.830078125
1574,15.74,1024,1137,2088,1986,1,0,1,27.3161295674845,30.33050714670886,50.9765625
1575,15.75,1024,910,1877,1979,1,0,1,27.3161295674845,24.275076080479387,45.8251953125
1576,15.76,1024,1137,2087,1985,1,0,1,27.3161295674845,30.33050714670886,50.9521484375
1577,15.77,1024,910,1876,1978,1,0,1,27.3161295674845,24.275076080479387,45.80078125
1578,15.78,1024,1137,2086,1984,1,0,1,27.3161295674845,30.33050714670886,50.927734375
1579,15.79,1024,910,1875,1977,1,0,1,27.3161295674845,24.275076080479387,45.7763671875
1580,15.8,1024,1137,2085,1983,1,0,1,27.3161295674845,30.33050714670886,50.9033203125
1581,15.81,1024,910,1874,1976,1,0,1,27.3161295674845,24.275076080479387,45.751953125
1582,15.82,1024,1137,2084,1982,1,0,1,27.3161295674845,30.33050714670886,50.87890625
1583,15.83,1024,910,1873,1975,1,0,1,27.3161295674845,24.275076080479387,45.7275390625
1584,15.84,1024,1137,2083,1981,1,0,1,27.3161295674845,30.33050714670886,50.8544921875
1585,15.85,1024,910,1872,1974,1,0,1,27.3161295674845,24.275076080479387,45.703125
1586,15.86,1024,1137,2082,1980,1,0,1,27.3161295674845,30.33050714670886,50.830078125
1587,15.87,1536,910,2362,2003,1,0,1,40.97419435122675,24.275076080479387,57.666015625
1588,15.88,1536,1137,2603,2040,1,0,1,40.97419435122675,30.33050714670886,63.5498046875
1589,15.89,1536,910,2422,2063,1,0,1,40.97419435122675,24.275076080479387,59.130859375
1590,15.9,1536,1137,2663,2100,1,0,1,40.97419435122675,30.33050714670886,65.0146484375
1591,15.91,1536,1137,2482,2123,1,0,1,40.97419435122675,30.33050714670886,60.595703125
1592,15.92,1536,910,2505,2146,1,0,1,40.97419435122675,24.275076080479387,61.1572265625
1593,15.93,1536,1137,2746,2183,1,0,1,40.97419435122675,30.33050714670886,67.041015625
1594,15.94,1536,1137,2565,2206,1,0,1,40.97419435122675,30.33050714670886,62.6220703125
1595,15.95,1536,1137,2588,2229,1,0,1,40.97419435122675,30.33050714670886,63.18359375
1596,15.96,1536,1365,2611,2252,1,0,1,40.97419435122675,36.412614120719084,63.7451171875
1597,15.97,1536,1137,2415,2262,1,0,1,40.97419435122675,30.33050714670886,58.9599609375
1598,15.98,1536,1137,2644,2285,1,0,1,40.97419435122675,30.33050714670886,64.55078125
1599,15.99,1536,1137,2667,2308,1,0,1,40.97419435122675,30.33050714670886,65.1123046875
1600,16.0,1536,1365,2690,2331,1,0,1,40.97419435122675,36.412614120719084,65.673828125
1601,16.01,1536,1365,2494,2341,1,0,1,40.97419435122675,36.412614120719084,60.888671875
1602,16.02,1536,1137,2504,2351,1,0,1,40.97419435122675,30.33050714670886,61.1328125
1603,16.03,1536,1365,2733,2374,1,0,1,40.97419435122675,36.412614120719084,66.7236328125
1604,16.04,1536,1137,2537,2384,1,0,1,40.97419435122675,30.33050714670886,61.9384765625
1605,16.05,1536,1365,2766,2407,1,0,1,40.97419435122675,36.412614120719084,67.529296875
1606,16.06,1536,1365,2570,2417,1,0,1,40.97419435122675,36.412614120719084,62.744140625
1607,16.07,1536,1365,2580,2427,1,0,1,40.97419435122675,36.412614120719084,62.98828125
1608,16.08,1536,1365,2590,2437,1,0,1,40.97419435122675,36.412614120719084,63.232421875
1609,16.09,1536,1365,2600,2447,1,0,1,40.97419435122675,36.412614120719084,63.4765625
1610,16.1,1536,1365,2610,2457,1,0,1,40.97419435122675,36.412614120719084,63.720703125
1611,16.11,1536,1365,2620,2467,1,0,1,40.97419435122675,36.412614120719084,63.96484375
1612,16.12,1536,1365,2630,2477,1,0,1,40.97419435122675,36.412614120719084,64.208984375
1613,16.13,1536,1365,2640,2487,1,0,1,40.97419435122675,36.412614120719084,64.453125
1614,16.14,1536,1592,2650,2497,1,0,1,40.97419435122675,42.46804518694856,64.697265625
1615,16.15,1536,1365,2442,2493,1,0,1,40.97419435122675,36.412614120719084,59.619140625
1616,16.16,1536,1365,2656,2503,1,0,1,40.97419435122675,36.412614120719084,64.84375
1617,16.17,1536,1592,2666,2513,1,0,1,40.97419435122675,42.46804518694856,65.087890625
1618,16.18,1536,1365,2458,2509,1,0,1,40.97419435122675,36.412614120719084,60.009765625
1619,16.19,1536,1365,2672,2519,1,0,1,40.97419435122675,36.412614120719084,65.234375
1620,16.2,1536,1592,2682,2529,1,0,1,40.97419435122675,42.46804518694856,65.478515625
1621,16.21,1536,1365,2474,2525,1,0,1,40.97419435122675,36.412614120719084,60.400390625
1622,16.22,1536,1592,2688,2535,1,0,1,40.97419435122675,42.46804518694856,65.625
1623,16.23,1536,1592,2480,2531,1,0,1,40.97419435122675,42.46804518694856,60.546875
1624,16.24,1536,1365,2476,2527,1,0,1,40.97419435122675,36.412614120719084,60.44921875
1625,16.25,1536,1592,2690,2537,1,0,1,40.97419435122675,42.46804518694856,65.673828125
1626,16.26,1536,1365,2482,2533,1,0,1,40.97419435122675,36.412614120719084,60.595703125
1627,16.27,1536,1592,2696,2543,1,0,1,40.97419435122675,42.46804518694856,65.8203125
1628,16.28,1536,1592,2488,2539,1,0,1,40.97419435122675,42.46804518694856,60.7421875
1629,16.29,1536,1365,2484,2535,1,0,1,40.97419435122675,36.412614120719084,60.64453125
1630,16.3,1536,1592,2698,2545,1,0,1,40.97419435122675,42.46804518694856,65.869140625
1631,16.31,1536,1592,2490,2541,1,0,1,40.97419435122675,42.46804518694856,60.791015625
1632,16.32,1536,1592,2486,2537,1,0,1,40.97419435122675,42.46804518694856,60.693359375
1633,16.33,1536,1365,2482,2533,1,0,1,40.97419435122675,36.412614120719084,60.595703125
1634,16.34,1536,1592,2696,2543,1,0,1,40.97419435122675,42.46804518694856,65.8203125
1635,16.35,1536,1592,2488,2539,1,0,1,40.97419435122675,42.46804518694856,60.7421875
1636,16.36,1536,1592,2484,2535,1,0,1,40.97419435122675,42.46804518694856,60.64453125
1637,16.37,1536,1592,2480,2531,1,0,1,40.97419435122675,42.46804518694856,60.546875
1638,16.38,1536,1365,2476,2527,1,0,1,40.97419435122675,36.412614120719084,60.44921875
1639,16.39,1536,1592,2690,2537,1,0,1,40.97419435122675,42.46804518694856,65.673828125
1640,16.4,1536,1592,2482,2533,1,0,1,40.97419435122675,42.46804518694856,60.595703125
1641,16.41,1536,1592,2478,2529,1,0,1,40.97419435122675,42.46804518694856,60.498046875
1642,16.42,1536,1592,2474,2525,1,0,1,40.97419435122675,42.46804518694856,60.400390625
1643,16.43,1536,1592,2470,2521,1,0,1,40.97419435122675,42.46804518694856,60.302734375
1644,16.44,1536,1592,2466,2517,1,0,1,40.97419435122675,42.46804518694856,60.205078125
1645,16.45,1536,1365,2462,2513,1,0,1,40.97419435122675,36.412614120719084,60.107421875
1646,16.46,1536,1592,2676,2523,1,0,1,40.97419435122675,42.46804518694856,65.33203125
1647,16.47,1536,1592,2468,2519,1,0,1,40.97419435122675,42.46804518694856,60.25390625
1648,16.48,1536,1592,2464,2515,1,0,1,40.97419435122675,42.46804518694856,60.15625
1649,16.49,1536,1592,2460,2511,1,0,1,40.97419435122675,42.46804518694856,60.05859375
1650,16.5,1536,1592,2456,2507,1,0,1,40.97419435122675,42.46804518694856,59.9609375
1651,16.51,1536,1592,2452,2503,1,0,1,40.97419435122675,42.46804518694856,59.86328125
1652,16.52,1536,1592,2448,2499,1,0,1,40.97419435122675,42.46804518694856,59.765625
1653,16.53,1536,1592,2444,2495,1,0,1,40.97419435122675,42.46804518694856,59.66796875
1654,16.54,1536,1592,2440,2491,1,0,1,40.97419435122675,42.46804518694856,59.5703125
1655,16.55,1536,1365,2436,2487,1,0,1,40.97419435122675,36.412614120719084,59.47265625
1656,16.56,1536,1592,2650,2497,1,0,1,40.97419435122675,42.46804518694856,64.697265625
1657,16.57,1536,1592,2442,2493,1,0,1,40.97419435122675,42.46804518694856,59.619140625
1658,16.58,1536,1592,2438,2489,1,0,1,40.97419435122675,42.46804518694856,59.521484375
1659,16.59,1536,1592,2434,2485,1,0,1,40.97419435122675,42.46804518694856,59.423828125
1660,16.6,1536,1592,2430,2481,1,0,1,40.97419435122675,42.46804518694856,59.326171875
1661,16.61,1536,1592,2426,2477,1,0,1,40.97419435122675,42.46804518694856,59.228515625
1662,16.62,1536,1592,2422,2473,1,0,1,40.97419435122675,42.46804518694856,59.130859375
1663,16.63,1536,1592,2418,2469,1,0,1,40.97419435122675,42.46804518694856,59.033203125
1664,16.64,1536,1592,2414,2465,1,0,1,40.97419435122675,42.46804518694856,58.935546875
1665,16.65,1536,1365,2410,2461,1,0,1,40.97419435122675,36.412614120719084,58.837890625
1666,16.66,1536,1592,2624,2471,1,0,1,40.97419435122675,42.46804518694856,64.0625
1667,16.67,1536,1592,2416,2467,1,0,1,40.97419435122675,42.46804518694856,58.984375
1668,16.68,1536,1592,2412,2463,1,0,1,40.97419435122675,42.46804518694856,58.88671875
1669,16.69,1536,1592,2408,2459,1,0,1,40.97419435122675,42.46804518694856,58.7890625
1670,16.7,1536,1592,2404,2455,1,0,1,40.97419435122675,42.46804518694856,58.69140625
1671,16.71,1536,1592,2400,2451,1,0,1,40.97419435122675,42.46804518694856,58.59375
1672,16.72,1536,1592,2396,2447,1,0,1,40.97419435122675,42.46804518694856,58.49609375
1673,16.73,1536,1365,2392,2443,1,0,1,40.97419435122675,36.412614120719084,58.3984375
1674,16.74,1536,1592,2606,2453,1,0,1,40.97419435122675,42.46804518694856,63.623046875
1675,16.75,1536,1592,2398,2449,1,0,1,40.97419435122675,42.46804518694856,58.544921875
1676,16.76,1536,1592,2394,2445,1,0,1,40.97419435122675,42.46804518694856,58.447265625
1677,16.77,1536,1592,2390,2441,1,0,1,40.97419435122675,42.46804518694856,58.349609375
1678,16.78,1536,1592,2386,2437,1,0,1,40.97419435122675,42.46804518694856,58.251953125
1679,16.79,1536,1365,2382,2433,1,0,1,40.97419435122675,36.412614120719084,58.154296875
1680,16.8,1536,1592,2596,2443,1,0,1,40.97419435122675,42.46804518694856,63.37890625
1681,16.81,1536,1592,2388,2439,1,0,1,40.97419435122675,42.46804518694856,58.30078125
1682,16.82,1536,1592,2384,2435,1,0,1,40.97419435122675,42.46804518694856,58.203125
1683,16.83,1536,1592,2380,2431,1,0,1,40.97419435122675,42.46804518694856,58.10546875
1684,16.84,1536,1592,2376,2427,1,0,1,40.97419435122675,42.46804518694856,58.0078125
1685,16.85,1536,1365,2372,2423,1,0,1,40.97419435122675,36.412614120719084,57.91015625
1686,16.86,1536,1592,2586,2433,1,0,1,40.97419435122675,42.46804518694856,63.134765625
1687,16.87,1536,1592,2378,2429,1,0,1,40.97419435122675,42.46804518694856,58.056640625
1688,16.88,1536,1592,2374,2425,1,0,1,40.97419435122675,42.46804518694856,57.958984375
1689,16.89,1536,1592,2370,2421,1,0,1,40.97419435122675,42.46804518694856,57.861328125
1690,16.9,1536,1365,2366,2417,1,0,1,40.97419435122675,36.412614120719084,57.763671875
1691,16.91,1536,1592,2580,2427,1,0,1,40.97419435122675,42.46804518694856,62.98828125
1692,16.92,1536,1592,2372,2423,1,0,1,40.97419435122675,42.46804518694856,57.91015625
1693,16.93,1536,1592,2368,2419,1,0,1,40.97419435122675,42.46804518694856,57.8125
1694,16.94,1536,1592,2364,2415,1,0,1,40.97419435122675,42.46804518694856,57.71484375
1695,16.95,1536,1365,2360,2411,1,0,1,40.97419435122675,36.412614120719084,57.6171875
1696,16.96,1536,1592,2574,2421,1,0,1,40.97419435122675,42.46804518694856,62.841796875
1697,16.97,1536,1592,2366,2417,1,0,1,40.97419435122675,42.46804518694856,57.763671875
1698,16.98,1536,1592,2362,2413,1,0,1,40.97419435122675,42.46804518694856,57.666015625
1699,16.99,1536,1365,2358,2409,1,0,1,40.97419435122675,36.412614120719084,57.568359375
1700,17.0,1536,1592,2572,2419,1,0,1,40.97419435122675,42.46804518694856,62.79296875
1701,17.01,1536,1592,2364,2415,1,0,1,40.97419435122675,42.46804518694856,57.71484375
1702,17.02,1536,1592,2360,2411,1,0,1,40.97419435122675,42.46804518694856,57.6171875
1703,17.03,1536,1820,2356,2407,1,0,1,40.97419435122675,48.550152160958774,57.51953125
1704,17.04,1536,1365,2133,2389,1,0,1,40.97419435122675,36.412614120719084,52.0751953125
1705,17.05,1536,1592,2552,2399,1,0,1,40.97419435122675,42.46804518694856,62.3046875
1706,17.06,1536,1592,2344,2395,1,0,1,40.97419435122675,42.46804518694856,57.2265625
1707,17.07,1536,1592,2340,2391,1,0,1,40.97419435122675,42.46804518694856,57.12890625
1708,17.08,1536,1365,2336,2387,1,0,1,40.97419435122675,36.412614120719084,57.03125
1709,17.09,1536,1592,2550,2397,1,0,1,40.97419435122675,42.46804518694856,62.255859375
1710,17.1,1536,1592,2342,2393,1,0,1,40.97419435122675,42.46804518694856,57.177734375
1711,17.11,1536,1365,2338,2389,1,0,1,40.97419435122675,36.412614120719084,57.080078125
1712,17.12,1536,1592,2552,2399,1,0,1,40.97419435122675,42.46804518694856,62.3046875
1713,17.13,1536,1592,2344,2395,1,0,1,40.97419435122675,42.46804518694856,57.2265625
1714,17.14,1536,1592,2340,2391,1,0,1,40.97419435122675,42.46804518694856,57.12890625
1715,17.15,1536,1365,2336,2387,1,0,1,40.97419435122675,36.412614120719084,57.03125
1716,17.16,1536,1592,2550,2397,1,0,1,40.97419435122675,42.46804518694856,62.255859375
1717,17.17,1536,1592,2342,2393,1,0,1,40.97419435122675,42.46804518694856,57.177734375
1718,17.18,1536,1365,2338,2389,1,0,1,40.97419435122675,36.412614120719084,57.080078125
1719,17.19,1536,1592,2552,2399,1,0,1,40.97419435122675,42.46804518694856,62.3046875
1720,17.2,1536,1592,2344,2395,1,0,1,40.97419435122675,42.46804518694856,57.2265625
1721,17.21,1536,1592,2340,2391,1,0,1,40.97419435122675,42.46804518694856,57.12890625
1722,17.22,1536,1365,2336,2387,1,0,1,40.97419435122675,36.412614120719084,57.03125
1723,17.23,1536,1592,2550,2397,1,0,1,40.97419435122675,42.46804518694856,62.255859375
1724,17.24,1536,1592,2342,2393,1,0,1,40.97419435122675,42.46804518694856,57.177734375
1725,17.25,1536,1365,2338,2389,1,0,1,40.97419435122675,36.412614120719084,57.080078125
1726,17.26,1536,1592,2552,2399,1,0,1,40.97419435122675,42.46804518694856,62.3046875
1727,17.27,1536,1592,2344,2395,1,0,1,40.97419435122675,42.46804518694856,57.2265625
1728,17.28,1536,1592,2340,2391,1,0,1,40.97419435122675,42.46804518694856,57.12890625
1729,17.29,1536,1365,2336,2387,1,0,1,40.97419435122675,36.412614120719084,57.03125
1730,17.3,1536,1592,2550,2397,1,0,1,40.97419435122675,42.46804518694856,62.255859375
1731,17.31,1536,1592,2342,2393,1,0,1,40.97419435122675,42.46804518694856,57.177734375
1732,17.32,1536,1365,2338,2389,1,0,1,40.97419435122675,36.412614120719084,57.080078125
1733,17.33,1536,1592,2552,2399,1,0,1,40.97419435122675,42.46804518694856,62.3046875
1734,17.34,1536,1592,2344,2395,1,0,1,40.97419435122675,42.46804518694856,57.2265625
1735,17.35,1536,1365,2340,2391,1,0,1,40.97419435122675,36.412614120719084,57.12890625
1736,17.36,1536,1592,2554,2401,1,0,1,40.97419435122675,42.46804518694856,62.353515625
1737,17.37,1536,1592,2346,2397,1,0,1,40.97419435122675,42.46804518694856,57.275390625
1738,17.38,1536,1592,2342,2393,1,0,1,40.97419435122675,42.46804518694856,57.177734375
1739,17.39,1536,1365,2338,2389,1,0,1,40.97419435122675,36.412614120719084,57.080078125
1740,17.4,1536,1592,2552,2399,1,0,1,40.97419435122675,42.46804518694856,62.3046875
1741,17.41,1536,1592,2344,2395,1,0,1,40.97419435122675,42.46804518694856,57.2265625
1742,17.42,1536,1365,2340,2391,1,0,1,40.97419435122675,36.412614120719084,57.12890625
1743,17.43,1536,1592,2554,2401,1,0,1,40.97419435122675,42.46804518694856,62.353515625
1744,17.44,1536,1592,2346,2397,1,0,1,40.97419435122675,42.46804518694856,57.275390625
1745,17.45,1536,1592,2342,2393,1,0,1,40.97419435122675,42.46804518694856,57.177734375
1746,17.46,1536,1365,2338,2389,1,0,1,40.97419435122675,36.412614120719084,57.080078125
1747,17.47,1536,1592,2552,2399,1,0,1,40.97419435122675,42.46804518694856,62.3046875
1748,17.48,1536,1592,2344,2395,1,0,1,40.97419435122675,42.46804518694856,57.2265625
1749,17.49,1536,1365,2340,2391,1,0,1,40.97419435122675,36.412614120719084,57.12890625
1750,17.5,1536,1592,2554,2401,1,0,1,40.97419435122675,42.46804518694856,62.353515625
1751,17.51,1536,1592,2346,2397,1,0,1,40.97419435122675,42.46804518694856,57.275390625
1752,17.52,1536,1592,2342,2393,1,0,1,40.97419435122675,42.46804518694856,57.177734375
1753,17.53,1536,1365,2338,2389,1,0,1,40.97419435122675,36.412614120719084,57.080078125
1754,17.54,1536,1592,2552,2399,1,0,1,40.97419435122675,42.46804518694856,62.3046875
1755,17.55,1536,1592,2344,2395,1,0,1,40.97419435122675,42.46804518694856,57.2265625
1756,17.56,1536,1365,2340,2391,1,0,1,40.97419435122675,36.412614120719084,57.12890625
1757,17.57,1536,1592,2554,2401,1,0,1,40.97419435122675,42.46804518694856,62.353515625
1758,17.58,1536,1592,2346,2397,1,0,1,40.97419435122675,42.46804518694856,57.275390625
1759,17.59,1536,1592,2342,2393,1,0,1,40.97419435122675,42.46804518694856,57.177734375
1760,17.6,1536,1365,2338,2389,1,0,1,40.97419435122675,36.412614120719084,57.080078125
1761,17.61,1536,1592,2552,2399,1,0,1,40.97419435122675,42.46804518694856,62.3046875
1762,17.62,1536,1592,2344,2395,1,0,1,40.97419435122675,42.46804518694856,57.2265625
1763,17.63,1536,1592,2340,2391,1,0,1,40.97419435122675,42.46804518694856,57.12890625
1764,17.64,1536,1365,2336,2387,1,0,1,40.97419435122675,36.412614120719084,57.03125
1765,17.65,1536,1592,2550,2397,1,0,1,40.97419435122675,42.46804518694856,62.255859375
1766,17.66,1536,1592,2342,2393,1,0,1,40.97419435122675,42.46804518694856,57.177734375
1767,17.67,1536,1365,2338,2389,1,0,1,40.97419435122675,36.412614120719084,57.080078125
1768,17.68,1536,1592,2552,2399,1,0,1,40.97419435122675,42.46804518694856,62.3046875
1769,17.69,1536,1592,2344,2395,1,0,1,40.97419435122675,42.46804518694856,57.2265625
1770,17.7,1536,1592,2340,2391,1,0,1,40.97419435122675,42.46804518694856,57.12890625
1771,17.71,1536,1365,2336,2387,1,0,1,40.97419435122675,36.412614120719084,57.03125
1772,17.72,1536,1592,2550,2397,1,0,1,40.97419435122675,42.46804518694856,62.255859375
1773,17.73,1536,1592,2342,2393,1,0,1,40.97419435122675,42.46804518694856,57.177734375
1774,17.74,1536,1365,2338,2389,1,0,1,40.97419435122675,36.412614120719084,57.080078125
1775,17.75,1536,1592,2552,2399,1,0,1,40.97419435122675,42.46804518694856,62.3046875
1776,17.76,1536,1592,2344,2395,1,0,1,40.97419435122675,42.46804518694856,57.2265625
1777,17.77,1536,1592,2340,2391,1,0,1,40.97419435122675,42.46804518694856,57.12890625
1778,17.78,1536,1365,2336,2387,1,0,1,40.97419435122675,36.412614120719084,57.03125
1779,17.79,1536,1592,2550,2397,1,0,1,40.97419435122675,42.46804518694856,62.255859375
1780,17.8,1536,1592,2342,2393,1,0,1,40.97419435122675,42.46804518694856,57.177734375
1781,17.81,1536,1365,2338,2389,1,0,1,40.97419435122675,36.412614120719084,57.080078125
1782,17.82,1536,1592,2552,2399,1,0,1,40.97419435122675,42.46804518694856,62.3046875
1783,17.83,1536,1592,2344,2395,1,0,1,40.97419435122675,42.46804518694856,57.2265625
1784,17.84,1536,1592,2340,2391,1,0,1,40.97419435122675,42.46804518694856,57.12890625
1785,17.85,1536,1365,2336,2387,1,0,1,40.97419435122675,36.412614120719084,57.03125
1786,17.86,1536,1592,2550,2397,1,0,1,40.97419435122675,42.46804518694856,62.255859375
1787,17.87,1536,1592,2342,2393,1,0,1,40.97419435122675,42.46804518694856,57.177734375
1788,17.88,1536,1592,2338,2389,1,0,1,40.97419435122675,42.46804518694856,57.080078125
1789,17.89,1536,1365,2334,2385,1,0,1,40.97419435122675,36.412614120719084,56.982421875
1790,17.9,1536,1592,2548,2395,1,0,1,40.97419435122675,42.46804518694856,62.20703125
1791,17.91,1536,1592,2340,2391,1,0,1,40.97419435122675,42.46804518694856,57.12890625
1792,17.92,1536,1365,2336,2387,1,0,1,40.97419435122675,36.412614120719084,57.03125
1793,17.93,1536,1592,2550,2397,1,0,1,40.97419435122675,42.46804518694856,62.255859375
1794,17.94,1536,1592,2342,2393,1,0,1,40.97419435122675,42.46804518694856,57.177734375
1795,17.95,1536,1592,2338,2389,1,0,1,40.97419435122675,42.46804518694856,57.080078125
1796,17.96,1536,1365,2334,2385,1,0,1,40.97419435122675,36.412614120719084,56.982421875
1797,17.97,1536,1592,2548,2395,1,0,1,40.97419435122675,42.46804518694856,62.20703125
1798,17.98,1536,1592,2340,2391,1,0,1,40.97419435122675,42.46804518694856,57.12890625
1799,17.99,1536,1592,2336,2387,1,0,1,40.97419435122675,42.46804518694856,57.03125
1800,18.0,1536,1365,2332,2383,1,0,1,40.97419435122675,36.412614120719084,56.93359375
1801,18.01,1536,1592,2546,2393,1,0,1,40.97419435122675,42.46804518694856,62.158203125
1802,18.02,1536,1592,2338,2389,1,0,1,40.97419435122675,42.46804518694856,57.080078125
1803,18.03,1536,1365,2334,2385,1,0,1,40.97419435122675,36.412614120719084,56.982421875
1804,18.04,1536,1592,2548,2395,1,0,1,40.97419435122675,42.46804518694856,62.20703125
1805,18.05,1536,1592,2340,2391,1,0,1,40.97419435122675,42.46804518694856,57.12890625
1806,18.06,1536,1592,2336,2387,1,0,1,40.97419435122675,42.46804518694856,57.03125
1807,18.07,1536,1365,2332,2383,1,0,1,40.97419435122675,36.412614120719084,56.93359375
1808,18.08,1536,1592,2546,2393,1,0,1,40.97419435122675,42.46804518694856,62.158203125
1809,18.09,1536,1592,2338,2389,1,0,1,40.97419435122675,42.46804518694856,57.080078125
1810,18.1,1536,1592,2334,2385,1,0,1,40.97419435122675,42.46804518694856,56.982421875
1811,18.11,1536,1365,2330,2381,1,0,1,40.97419435122675,36.412614120719084,56.884765625
1812,18.12,1536,1592,2544,2391,1,0,1,40.97419435122675,42.46804518694856,62.109375
1813,18.13,1536,1592,2336,2387,1,0,1,40.97419435122675,42.46804518694856,57.03125
1814,18.14,1536,1365,2332,2383,1,0,1,40.97419435122675,36.412614120719084,56.93359375
1815,18.15,1536,1592,2546,2393,1,0,1,40.97419435122675,42.46804518694856,62.158203125
1816,18.16,1536,1592,2338,2389,1,0,1,40.97419435122675,42.46804518694856,57.080078125
1817,18.17,1536,1592,2334,2385,1,0,1,40.97419435122675,42.46804518694856,56.982421875
1818,18.18,1536,1365,2330,2381,1,0,1,40.97419435122675,36.412614120719084,56.884765625
1819,18.19,1536,1592,2544,2391,1,0,1,40.97419435122675,42.46804518694856,62.109375
1820,18.2,1536,1592,2336,2387,1,0,1,40.97419435122675,42.46804518694856,57.03125
1821,18.21,1536,1365,2332,2383,1,0,1,40.97419435122675,36.412614120719084,56.93359375
1822,18.22,1536,1592,2546,2393,1,0,1,40.97419435122675,42.46804518694856,62.158203125
1823,18.23,1536,1592,2338,2389,1,0,1,40.97419435122675,42.46804518694856,57.080078125
1824,18.24,1536,1365,2334,2385,1,0,1,40.97419435122675,36.412614120719084,56.982421875
1825,18.25,1536,1592,2548,2395,1,0,1,40.97419435122675,42.46804518694856,62.20703125
1826,18.26,1536,1592,2340,2391,1,0,1,40.97419435122675,42.46804518694856,57.12890625
1827,18.27,1536,1592,2336,2387,1,0,1,40.97419435122675,42.46804518694856,57.03125
1828,18.28,1536,1365,2332,2383,1,0,1,40.97419435122675,36.412614120719084,56.93359375
1829,18.29,1536,1592,2546,2393,1,0,1,40.97419435122675,42.46804518694856,62.158203125
1830,18.3,1536,1592,2338,2389,1,0,1,40.97419435122675,42.46804518694856,57.080078125
1831,18.31,1536,1592,2334,2385,1,0,1,40.97419435122675,42.46804518694856,56.982421875
1832,18.32,1536,1365,2330,2381,1,0,1,40.97419435122675,36.412614120719084,56.884765625
1833,18.33,1536,1592,2544,2391,1,0,1,40.97419435122675,42.46804518694856,62.109375
1834,18.34,1536,1592,2336,2387,1,0,1,40.97419435122675,42.46804518694856,57.03125
1835,18.35,1536,1365,2332,2383,1,0,1,40.97419435122675,36.412614120719084,56.93359375
1836,18.36,1536,1592,2546,2393,1,0,1,40.97419435122675,42.46804518694856,62.158203125
1837,18.37,1536,1592,2338,2389,1,0,1,40.97419435122675,42.46804518694856,57.080078125
1838,18.38,1536,1592,2334,2385,1,0,1,40.97419435122675,42.46804518694856,56.982421875
1839,18.39,1536,1365,2330,2381,1,0,1,40.97419435122675,36.412614120719084,56.884765625
1840,18.4,1536,1592,2544,2391,1,0,1,40.97419435122675,42.46804518694856,62.109375
1841,18.41,1536,1592,2336,2387,1,0,1,40.97419435122675,42.46804518694856,57.03125
1842,18.42,1536,1365,2332,2383,1,0,1,40.97419435122675,36.412614120719084,56.93359375
1843,18.43,1536,1592,2546,2393,1,0,1,40.97419435122675,42.46804518694856,62.158203125
1844,18.44,1536,1592,2338,2389,1,0,1,40.97419435122675,42.46804518694856,57.080078125
1845,18.45,1536,1592,2334,2385,1,0,1,40.97419435122675,42.46804518694856,56.982421875
1846,18.46,1536,1365,2330,2381,1,0,1,40.97419435122675,36.412614120719084,56.884765625
1847,18.47,1536,1592,2544,2391,1,0,1,40.97419435122675,42.46804518694856,62.109375
1848,18.48,1536,1592,2336,2387,1,0,1,40.97419435122675,42.46804518694856,57.03125
1849,18.49,1536,1365,2332,2383,1,0,1,40.97419435122675,36.412614120719084,56.93359375
1850,18.5,1536,1592,2546,2393,1,0,1,40.97419435122675,42.46804518694856,62.158203125
1851,18.51,1536,1592,2338,2389,1,0,1,40.97419435122675,42.46804518694856,57.080078125
1852,18.52,1536,1592,2334,2385,1,0,1,40.97419435122675,42.46804518694856,56.982421875
1853,18.53,1536,1365,2330,2381,1,0,1,40.97419435122675,36.412614120719084,56.884765625
1854,18.54,1536,1592,2544,2391,1,0,1,40.97419435122675,42.46804518694856,62.109375
1855,18.55,1536,1592,2336,2387,1,0,1,40.97419435122675,42.46804518694856,57.03125
1856,18.56,1536,1365,2332,2383,1,0,1,40.97419435122675,36.412614120719084,56.93359375
1857,18.57,1536,1592,2546,2393,1,0,1,40.97419435122675,42.46804518694856,62.158203125
1858,18.58,1536,1592,2338,2389,1,0,1,40.97419435122675,42.46804518694856,57.080078125
1859,18.59,1536,1592,2334,2385,1,0,1,40.97419435122675,42.46804518694856,56.982421875
1860,18.6,1536,1365,2330,2381,1,0,1,40.97419435122675,36.412614120719084,56.884765625
1861,18.61,1536,1592,2544,2391,1,0,1,40.97419435122675,42.46804518694856,62.109375
1862,18.62,1536,1592,2336,2387,1,0,1,40.97419435122675,42.46804518694856,57.03125
1863,18.63,1536,1592,2332,2383,1,0,1,40.97419435122675,42.46804518694856,56.93359375
1864,18.64,1536,1365,2328,2379,1,0,1,40.97419435122675,36.412614120719084,56.8359375
1865,18.65,1536,1592,2542,2389,1,0,1,40.97419435122675,42.46804518694856,62.060546875
1866,18.66,1536,1592,2334,2385,1,0,1,40.97419435122675,42.46804518694856,56.982421875
1867,18.67,1536,1365,2330,2381,1,0,1,40.97419435122675,36.412614120719084,56.884765625
1868,18.68,1536,1592,2544,2391,1,0,1,40.97419435122675,42.46804518694856,62.109375
1869,18.69,1536,1592,2336,2387,1,0,1,40.97419435122675,42.46804518694856,57.03125
1870,18.7,1536,1592,2332,2383,1,0,1,40.97419435122675,42.46804518694856,56.93359375
1871,18.71,1536,1365,2328,2379,1,0,1,40.97419435122675,36.412614120719084,56.8359375
1872,18.72,1536,1592,2542,2389,1,0,1,40.97419435122675,42.46804518694856,62.060546875
1873,18.73,1536,1592,2334,2385,1,0,1,40.97419435122675,42.46804518694856,56.982421875
1874,18.74,1536,1365,2330,2381,1,0,1,40.97419435122675,36.412614120719084,56.884765625
1875,18.75,1536,1592,2544,2391,1,0,1,40.97419435122675,42.46804518694856,62.109375
1876,18.76,1536,1592,2336,2387,1,0,1,40.97419435122675,42.46804518694856,57.03125
1877,18.77,1536,1592,2332,2383,1,0,1,40.97419435122675,42.46804518694856,56.93359375
1878,18.78,1536,1365,2328,2379,1,0,1,40.97419435122675,36.412614120719084,56.8359375
1879,18.79,1536,1592,2542,2389,1,0,1,40.97419435122675,42.46804518694856,62.060546875
1880,18.8,1536,1592,2334,2385,1,0,1,40.97419435122675,42.46804518694856,56.982421875
1881,18.81,1536,1365,2330,2381,1,0,1,40.97419435122675,36.412614120719084,56.884765625
1882,18.82,1536,1592,2544,2391,1,0,1,40.97419435122675,42.46804518694856,62.109375
1883,18.83,1536,1592,2336,2387,1,0,1,40.97419435122675,42.46804518694856,57.03125
1884,18.84,1536,1592,2332,2383,1,0,1,40.97419435122675,42.46804518694856,56.93359375
1885,18.85,1536,1365,2328,2379,1,0,1,40.97419435122675,36.412614120719084,56.8359375
1886,18.86,1536,1592,2542,2389,1,0,1,40.97419435122675,42.46804518694856,62.060546875
1887,18.87,1536,1592,2334,2385,1,0,1,40.97419435122675,42.46804518694856,56.982421875
1888,18.88,1536,1365,2330,2381,1,0,1,40.97419435122675,36.412614120719084,56.884765625
1889,18.89,1536,1592,2544,2391,1,0,1,40.97419435122675,42.46804518694856,62.109375
1890,18.9,1536,1592,2336,2387,1,0,1,40.97419435122675,42.46804518694856,57.03125
1891,18.91,1536,1365,2332,2383,1,0,1,40.97419435122675,36.412614120719084,56.93359375
1892,18.92,1536,1592,2546,2393,1,0,1,40.97419435122675,42.46804518694856,62.158203125
1893,18.93,1536,1592,2338,2389,1,0,1,40.97419435122675,42.46804518694856,57.080078125
1894,18.94,1536,1592,2334,2385,1,0,1,40.97419435122675,42.46804518694856,56.982421875
1895,18.95,1536,1365,2330,2381,1,0,1,40.97419435122675,36.412614120719084,56.884765625
1896,18.96,1536,1592,2544,2391,1,0,1,40.97419435122675,42.46804518694856,62.109375
1897,18.97,1536,1592,2336,2387,1,0,1,40.97419435122675,42.46804518694856,57.03125
1898,18.98,1536,1365,2332,2383,1,0,1,40.97419435122675,36.412614120719084,56.93359375
1899,18.99,1536,1592,2546,2393,1,0,1,40.97419435122675,42.46804518694856,62.158203125
1900,19.0,1536,1592,2338,2389,1,0,1,40.97419435122675,42.46804518694856,57.080078125
1901,19.01,1536,1592,2334,2385,1,0,1,40.97419435122675,42.46804518694856,56.982421875
1902,19.02,1536,1365,2330,2381,1,0,1,40.97419435122675,36.412614120719084,56.884765625
1903,19.03,1536,1592,2544,2391,1,0,1,40.97419435122675,42.46804518694856,62.109375
1904,19.04,1536,1592,2336,2387,1,0,1,40.97419435122675,42.46804518694856,57.03125
1905,19.05,1536,1365,2332,2383,1,0,1,40.97419435122675,36.412614120719084,56.93359375
1906,19.06,1536,1592,2546,2393,1,0,1,40.97419435122675,42.46804518694856,62.158203125
1907,19.07,1536,1592,2338,2389,1,0,1,40.97419435122675,42.46804518694856,57.080078125
1908,19.08,1536,1592,2334,2385,1,0,1,40.97419435122675,42.46804518694856,56.982421875
1909,19.09,1536,1365,2330,2381,1,0,1,40.97419435122675,36.412614120719084,56.884765625
1910,19.1,1536,1592,2544,2391,1,0,1,40.97419435122675,42.46804518694856,62.109375
1911,19.11,1536,1592,2336,2387,1,0,1,40.97419435122675,42.46804518694856,57.03125
1912,19.12,1536,1365,2332,2383,1,0,1,40.97419435122675,36.412614120719084,56.93359375
1913,19.13,1536,1592,2546,2393,1,0,1,40.97419435122675,42.46804518694856,62.158203125
1914,19.14,1536,1592,2338,2389,1,0,1,40.97419435122675,42.46804518694856,57.080078125
1915,19.15,1536,1592,2334,2385,1,0,1,40.97419435122675,42.46804518694856,56.982421875
1916,19.16,1536,1365,2330,2381,1,0,1,40.97419435122675,36.412614120719084,56.884765625
1917,19.17,1536,1592,2544,2391,1,0,1,40.97419435122675,42.46804518694856,62.109375
1918,19.18,1536,1592,2336,2387,1,0,1,40.97419435122675,42.46804518694856,57.03125
1919,19.19,1536,1365,2332,2383,1,0,1,40.97419435122675,36.412614120719084,56.93359375
1920,19.2,1536,1592,2546,2393,1,0,1,40.97419435122675,42.46804518694856,62.158203125
1921,19.21,1536,1592,2338,2389,1,0,1,40.97419435122675,42.46804518694856,57.080078125
1922,19.22,1536,1592,2334,2385,1,0,1,40.97419435122675,42.46804518694856,56.982421875
1923,19.23,1536,1365,2330,2381,1,0,1,40.97419435122675,36.412614120719084,56.884765625
1924,19.24,1536,1592,2544,2391,1,0,1,40.97419435122675,42.46804518694856,62.109375
1925,19.25,1536,1592,2336,2387,1,0,1,40.97419435122675,42.46804518694856,57.03125
1926,19.26,1536,1592,2332,2383,1,0,1,40.97419435122675,42.46804518694856,56.93359375
1927,19.27,1536,1365,2328,2379,1,0,1,40.97419435122675,36.412614120719084,56.8359375
1928,19.28,1536,1592,2542,2389,1,0,1,40.97419435122675,42.46804518694856,62.060546875
1929,19.29,1536,1592,2334,2385,1,0,1,40.97419435122675,42.46804518694856,56.982421875
1930,19.3,1536,1365,2330,2381,1,0,1,40.97419435122675,36.412614120719084,56.884765625
1931,19.31,1536,1592,2544,2391,1,0,1,40.97419435122675,42.46804518694856,62.109375
1932,19.32,1536,1592,2336,2387,1,0,1,40.97419435122675,42.46804518694856,57.03125
1933,19.33,1536,1592,2332,2383,1,0,1,40.97419435122675,42.46804518694856,56.93359375
1934,19.34,1536,1365,2328,2379,1,0,1,40.97419435122675,36.412614120719084,56.8359375
1935,19.35,1536,1592,2542,2389,1,0,1,40.97419435122675,42.46804518694856,62.060546875
1936,19.36,1536,1592,2334,2385,1,0,1,40.97419435122675,42.46804518694856,56.982421875
1937,19.37,1536,1592,2330,2381,1,0,1,40.97419435122675,42.46804518694856,56.884765625
1938,19.38,1536,1365,2326,2377,1,0,1,40.97419435122675,36.412614120719084,56.787109375
1939,19.39,1536,1592,2540,2387,1,0,1,40.97419435122675,42.46804518694856,62.01171875
1940,19.4,1536,1592,2332,2383,1,0,1,40.97419435122675,42.46804518694856,56.93359375
1941,19.41,1536,1365,2328,2379,1,0,1,40.97419435122675,36.412614120719084,56.8359375
1942,19.42,1536,1592,2542,2389,1,0,1,40.97419435122675,42.46804518694856,62.060546875
1943,19.43,1536,1592,2334,2385,1,0,1,40.97419435122675,42.46804518694856,56.982421875
1944,19.44,1536,1592,2330,2381,1,0,1,40.97419435122675,42.46804518694856,56.884765625
1945,19.45,1536,1365,2326,2377,1,0,1,40.97419435122675,36.412614120719084,56.787109375
1946,19.46,1536,1592,2540,2387,1,0,1,40.97419435122675,42.46804518694856,62.01171875
1947,19.47,1536,1592,2332,2383,1,0,1,40.97419435122675,42.46804518694856,56.93359375
1948,19.48,1536,1365,2328,2379,1,0,1,40.97419435122675,36.412614120719084,56.8359375
1949,19.49,1536,1592,2542,2389,1,0,1,40.97419435122675,42.46804518694856,62.060546875
1950,19.5,1536,1592,2334,2385,1,0,1,40.97419435122675,42.46804518694856,56.982421875
1951,19.51,1536,1592,2330,2381,1,0,1,40.97419435122675,42.46804518694856,56.884765625
1952,19.52,1536,1365,2326,2377,1,0,1,40.97419435122675,36.412614120719084,56.787109375
1953,19.53,1536,1592,2540,2387,1,0,1,40.97419435122675,42.46804518694856,62.01171875
1954,19.54,1536,1592,2332,2383,1,0,1,40.97419435122675,42.46804518694856,56.93359375
1955,19.55,1536,1592,2328,2379,1,0,1,40.97419435122675,42.46804518694856,56.8359375
1956,19.56,1536,1365,2324,2375,1,0,1,40.97419435122675,36.412614120719084,56.73828125
1957,19.57,1536,1592,2538,2385,1,0,1,40.97419435122675,42.46804518694856,61.962890625
1958,19.58,1536,1592,2330,2381,1,0,1,40.97419435122675,42.46804518694856,56.884765625
1959,19.59,1536,1365,2326,2377,1,0,1,40.97419435122675,36.412614120719084,56.787109375
1960,19.6,1536,1592,2540,2387,1,0,1,40.97419435122675,42.46804518694856,62.01171875
1961,19.61,1536,1592,2332,2383,1,0,1,40.97419435122675,42.46804518694856,56.93359375
1962,19.62,1536,1592,2328,2379,1,0,1,40.97419435122675,42.46804518694856,56.8359375
1963,19.63,1536,1365,2324,2375,1,0,1,40.97419435122675,36.412614120719084,56.73828125
1964,19.64,1536,1592,2538,2385,1,0,1,40.97419435122675,42.46804518694856,61.962890625
1965,19.65,1536,1592,2330,2381,1,0,1,40.97419435122675,42.46804518694856,56.884765625
1966,19.66,1536,1365,2326,2377,1,0,1,40.97419435122675,36.412614120719084,56.787109375
1967,19.67,1536,1592,2540,2387,1,0,1,40.97419435122675,42.46804518694856,62.01171875
1968,19.68,1536,1592,2332,2383,1,0,1,40.97419435122675,42.46804518694856,56.93359375
1969,19.69,1536,1592,2328,2379,1,0,1,40.97419435122675,42.46804518694856,56.8359375
1970,19.7,1536,1365,2324,2375,1,0,1,40.97419435122675,36.412614120719084,56.73828125
1971,19.71,1536,1592,2538,2385,1,0,1,40.97419435122675,42.46804518694856,61.962890625
1972,19.72,1536,1592,2330,2381,1,0,1,40.97419435122675,42.46804518694856,56.884765625
1973,19.73,1536,1365,2326,2377,1,0,1,40.97419435122675,36.412614120719084,56.787109375
1974,19.74,1536,1592,2540,2387,1,0,1,40.97419435122675,42.46804518694856,62.01171875
1975,19.75,1536,1592,2332,2383,1,0,1,40.97419435122675,42.46804518694856,56.93359375
1976,19.76,1536,1592,2328,2379,1,0,1,40.97419435122675,42.46804518694856,56.8359375
1977,19.77,1536,1365,2324,2375,1,0,1,40.97419435122675,36.412614120719084,56.73828125
1978,19.78,1536,1592,2538,2385,1,0,1,40.97419435122675,42.46804518694856,61.962890625
1979,19.79,1536,1592,2330,2381,1,0,1,40.97419435122675,42.46804518694856,56.884765625
1980,19.8,1536,1365,2326,2377,1,0,1,40.97419435122675,36.412614120719084,56.787109375
1981,19.81,1536,1592,2540,2387,1,0,1,40.97419435122675,42.46804518694856,62.01171875
1982,19.82,1536,1592,2332,2383,1,0,1,40.97419435122675,42.46804518694856,56.93359375
1983,19.83,1536,1592,2328,2379,1,0,1,40.97419435122675,42.46804518694856,56.8359375
1984,19.84,1536,1365,2324,2375,1,0,1,40.97419435122675,36.412614120719084,56.73828125
1985,19.85,1536,1592,2538,2385,1,0,1,40.97419435122675,42.46804518694856,61.962890625
1986,19.86,1536,1592,2330,2381,1,0,1,40.97419435122675,42.46804518694856,56.884765625
1987,19.87,1536,1592,2326,2377,1,0,1,40.97419435122675,42.46804518694856,56.787109375
1988,19.88,1536,1365,2322,2373,1,0,1,40.97419435122675,36.412614120719084,56.689453125
1989,19.89,1536,1592,2536,2383,1,0,1,40.97419435122675,42.46804518694856,61.9140625
1990,19.9,1536,1592,2328,2379,1,0,1,40.97419435122675,42.46804518694856,56.8359375
1991,19.91,1536,1365,2324,2375,1,0,1,40.97419435122675,36.412614120719084,56.73828125
1992,19.92,1536,1592,2538,2385,1,0,1,40.97419435122675,42.46804518694856,61.962890625
1993,19.93,1536,1592,2330,2381,1,0,1,40.97419435122675,42.46804518694856,56.884765625
1994,19.94,1536,1592,2326,2377,1,0,1,40.97419435122675,42.46804518694856,56.787109375
1995,19.95,1536,1365,2322,2373,1,0,1,40.97419435122675,36.412614120719084,56.689453125
1996,19.96,1536,1592,2536,2383,1,0,1,40.97419435122675,42.46804518694856,61.9140625
1997,19.97,1536,1592,2328,2379,1,0,1,40.97419435122675,42.46804518694856,56.8359375
1998,19.98,1536,1365,2324,2375,1,0,1,40.97419435122675,36.412614120719084,56.73828125
1999,19.99,1536,1592,2538,2385,1,0,1,40.97419435122675,42.46804518694856,61.962890625
2000,20.0,1536,1592,2330,2381,1,0,1,40.97419435122675,42.46804518694856,56.884765625
2001,20.01,1536,1592,2326,2377,1,0,1,40.97419435122675,42.46804518694856,56.787109375
2002,20.02,1536,1365,2322,2373,1,0,1,40.97419435122675,36.412614120719084,56.689453125
2003,20.03,1536,1592,2536,2383,1,0,1,40.97419435122675,42.46804518694856,61.9140625
2004,20.04,1536,1592,2328,2379,1,0,1,40.97419435122675,42.46804518694856,56.8359375
2005,20.05,1536,1365,2324,2375,1,0,1,40.97419435122675,36.412614120719084,56.73828125
2006,20.06,1536,1592,2538,2385,1,0,1,40.97419435122675,42.46804518694856,61.962890625
2007,20.07,1536,1592,2330,2381,1,0,1,40.97419435122675,42.46804518694856,56.884765625
2008,20.08,1536,1592,2326,2377,1,0,1,40.97419435122675,42.46804518694856,56.787109375
2009,20.09,1536,1365,2322,2373,1,0,1,40.97419435122675,36.412614120719084,56.689453125
2010,20.1,1536,1592,2536,2383,1,0,1,40.97419435122675,42.46804518694856,61.9140625
2011,20.11,1536,1592,2328,2379,1,0,1,40.97419435122675,42.46804518694856,56.8359375
2012,20.12,1536,1592,2324,2375,1,0,1,40.97419435122675,42.46804518694856,56.73828125
2013,20.13,1536,1365,2320,2371,1,0,1,40.97419435122675,36.412614120719084,56.640625
2014,20.14,1536,1592,2534,2381,1,0,1,40.97419435122675,42.46804518694856,61.865234375
2015,20.15,1536,1592,2326,2377,1,0,1,40.97419435122675,42.46804518694856,56.787109375
2016,20.16,1536,1365,2322,2373,1,0,1,40.97419435122675,36.412614120719084,56.689453125
2017,20.17,1536,1592,2536,2383,1,0,1,40.97419435122675,42.46804518694856,61.9140625
2018,20.18,1536,1592,2328,2379,1,0,1,40.97419435122675,42.46804518694856,56.8359375
2019,20.19,1536,1592,2324,2375,1,0,1,40.97419435122675,42.46804518694856,56.73828125
2020,20.2,1536,1365,2320,2371,1,0,1,40.97419435122675,36.412614120719084,56.640625
2021,20.21,1536,1592,2534,2381,1,0,1,40.97419435122675,42.46804518694856,61.865234375
2022,20.22,1536,1592,2326,2377,1,0,1,40.97419435122675,42.46804518694856,56.787109375
2023,20.23,1536,1365,2322,2373,1,0,1,40.97419435122675,36.412614120719084,56.689453125
2024,20.24,1536,1592,2536,2383,1,0,1,40.97419435122675,42.46804518694856,61.9140625
2025,20.25,1536,1592,2328,2379,1,0,1,40.97419435122675,42.46804518694856,56.8359375
2026,20.26,1536,1592,2324,2375,1,0,1,40.97419435122675,42.46804518694856,56.73828125
2027,20.27,1536,1365,2320,2371,1,0,1,40.97419435122675,36.412614120719084,56.640625
2028,20.28,1536,1592,2534,2381,1,0,1,40.97419435122675,42.46804518694856,61.865234375
2029,20.29,1536,1592,2326,2377,1,0,1,40.97419435122675,42.46804518694856,56.787109375
2030,20.3,1536,1365,2322,2373,1,0,1,40.97419435122675,36.412614120719084,56.689453125
2031,20.31,1536,1592,2536,2383,1,0,1,40.97419435122675,42.46804518694856,61.9140625
2032,20.32,1536,1592,2328,2379,1,0,1,40.97419435122675,42.46804518694856,56.8359375
2033,20.33,1536,1365,2324,2375,1,0,1,40.97419435122675,36.412614120719084,56.73828125
2034,20.34,1536,1592,2538,2385,1,0,1,40.97419435122675,42.46804518694856,61.962890625
2035,20.35,1536,1592,2330,2381,1,0,1,40.97419435122675,42.46804518694856,56.884765625
2036,20.36,1536,1592,2326,2377,1,0,1,40.97419435122675,42.46804518694856,56.787109375
2037,20.37,1536,1365,2322,2373,1,0,1,40.97419435122675,36.412614120719084,56.689453125
2038,20.38,1536,1592,2536,2383,1,0,1,40.97419435122675,42.46804518694856,61.9140625
2039,20.39,1536,1592,2328,2379,1,0,1,40.97419435122675,42.46804518694856,56.8359375
2040,20.4,1536,1365,2324,2375,1,0,1,40.97419435122675,36.412614120719084,56.73828125
2041,20.41,1536,1592,2538,2385,1,0,1,40.97419435122675,42.46804518694856,61.962890625
2042,20.42,1536,1592,2330,2381,1,0,1,40.97419435122675,42.46804518694856,56.884765625
2043,20.43,1536,1592,2326,2377,1,0,1,40.97419435122675,42.46804518694856,56.787109375
2044,20.44,1536,1365,2322,2373,1,0,1,40.97419435122675,36.412614120719084,56.689453125
2045,20.45,1536,1592,2536,2383,1,0,1,40.97419435122675,42.46804518694856,61.9140625
2046,20.46,1536,1592,2328,2379,1,0,1,40.97419435122675,42.46804518694856,56.8359375
2047,20.47,1536,1365,2324,2375,1,0,1,40.97419435122675,36.412614120719084,56.73828125
2048,20.48,1536,1592,2538,2385,1,0,1,40.97419435122675,42.46804518694856,61.962890625
2049,20.49,1536,1592,2330,2381,1,0,1,40.97419435122675,42.46804518694856,56.884765625
2050,20.5,1536,1592,2326,2377,1,0,1,40.97419435122675,42.46804518694856,56.787109375
2051,20.51,1536,1365,2322,2373,1,0,1,40.97419435122675,36.412614120719084,56.689453125
2052,20.52,1536,1592,2536,2383,1,0,1,40.97419435122675,42.46804518694856,61.9140625
2053,20.53,1536,1592,2328,2379,1,0,1,40.97419435122675,42.46804518694856,56.8359375
2054,20.54,1536,1592,2324,2375,1,0,1,40.97419435122675,42.46804518694856,56.73828125
2055,20.55,1536,1365,2320,2371,1,0,1,40.97419435122675,36.412614120719084,56.640625
2056,20.56,1536,1592,2534,2381,1,0,1,40.97419435122675,42.46804518694856,61.865234375
2057,20.57,1536,1592,2326,2377,1,0,1,40.97419435122675,42.46804518694856,56.787109375
2058,20.58,1536,1365,2322,2373,1,0,1,40.97419435122675,36.412614120719084,56.689453125
2059,20.59,1536,1592,2536,2383,1,0,1,40.97419435122675,42.46804518694856,61.9140625
2060,20.6,1536,1592,2328,2379,1,0,1,40.97419435122675,42.46804518694856,56.8359375
2061,20.61,1536,1592,2324,2375,1,0,1,40.97419435122675,42.46804518694856,56.73828125
2062,20.62,1536,1365,2320,2371,1,0,1,40.97419435122675,36.412614120719084,56.640625
2063,20.63,1536,1592,2534,2381,1,0,1,40.97419435122675,42.46804518694856,61.865234375
2064,20.64,1536,1592,2326,2377,1,0,1,40.97419435122675,42.46804518694856,56.787109375
2065,20.65,1536,1365,2322,2373,1,0,1,40.97419435122675,36.412614120719084,56.689453125
2066,20.66,1536,1592,2536,2383,1,0,1,40.97419435122675,42.46804518694856,61.9140625
2067,20.67,1536,1592,2328,2379,1,0,1,40.97419435122675,42.46804518694856,56.8359375
2068,20.68,1536,1592,2324,2375,1,0,1,40.97419435122675,42.46804518694856,56.73828125
2069,20.69,1536,1365,2320,2371,1,0,1,40.97419435122675,36.412614120719084,56.640625
2070,20.7,1536,1592,2534,2381,1,0,1,40.97419435122675,42.46804518694856,61.865234375
2071,20.71,1536,1592,2326,2377,1,0,1,40.97419435122675,42.46804518694856,56.787109375
2072,20.72,1536,1365,2322,2373,1,0,1,40.97419435122675,36.412614120719084,56.689453125
2073,20.73,1536,1592,2536,2383,1,0,1,40.97419435122675,42.46804518694856,61.9140625
2074,20.74,1536,1592,2328,2379,1,0,1,40.97419435122675,42.46804518694856,56.8359375
2075,20.75,1536,1592,2324,2375,1,0,1,40.97419435122675,42.46804518694856,56.73828125
2076,20.76,1536,1365,2320,2371,1,0,1,40.97419435122675,36.412614120719084,56.640625
2077,20.77,1536,1592,2534,2381,1,0,1,40.97419435122675,42.46804518694856,61.865234375
2078,20.78,1536,1592,2326,2377,1,0,1,40.97419435122675,42.46804518694856,56.787109375
2079,20.79,1536,1365,2322,2373,1,0,1,40.97419435122675,36.412614120719084,56.689453125
2080,20.8,1536,1592,2536,2383,1,0,1,40.97419435122675,42.46804518694856,61.9140625
2081,20.81,1536,1592,2328,2379,1,0,1,40.97419435122675,42.46804518694856,56.8359375
2082,20.82,1536,1365,2324,2375,1,0,1,40.97419435122675,36.412614120719084,56.73828125
2083,20.83,1536,1592,2538,2385,1,0,1,40.97419435122675,42.46804518694856,61.962890625
2084,20.84,1536,1592,2330,2381,1,0,1,40.97419435122675,42.46804518694856,56.884765625
2085,20.85,1536,1592,2326,2377,1,0,1,40.97419435122675,42.46804518694856,56.787109375
2086,20.86,1536,1365,2322,2373,1,0,1,40.97419435122675,36.412614120719084,56.689453125
2087,20.87,1536,1592,2536,2383,1,0,1,40.97419435122675,42.46804518694856,61.9140625
2088,20.88,1536,1592,2328,2379,1,0,1,40.97419435122675,42.46804518694856,56.8359375
2089,20.89,1536,1365,2324,2375,1,0,1,40.97419435122675,36.412614120719084,56.73828125
2090,20.9,1536,1592,2538,2385,1,0,1,40.97419435122675,42.46804518694856,61.962890625
2091,20.91,1536,1592,2330,2381,1,0,1,40.97419435122675,42.46804518694856,56.884765625
2092,20.92,1536,1365,2326,2377,1,0,1,40.97419435122675,36.412614120719084,56.787109375
2093,20.93,1536,1592,2540,2387,1,0,1,40.97419435122675,42.46804518694856,62.01171875
2094,20.94,1536,1592,2332,2383,1,0,1,40.97419435122675,42.46804518694856,56.93359375
2095,20.95,1536,1592,2328,2379,1,0,1,40.97419435122675,42.46804518694856,56.8359375
2096,20.96,1536,1365,2324,2375,1,0,1,40.97419435122675,36.412614120719084,56.73828125
2097,20.97,1536,1592,2538,2385,1,0,1,40.97419435122675,42.46804518694856,61.962890625
2098,20.98,1536,1592,2330,2381,1,0,1,40.97419435122675,42.46804518694856,56.884765625
2099,20.99,1536,1365,2326,2377,1,0,1,40.97419435122675,36.412614120719084,56.787109375
2100,21.0,1536,1592,2540,2387,1,0,1,40.97419435122675,42.46804518694856,62.01171875
2101,21.01,1536,1592,2332,2383,1,0,1,40.97419435122675,42.46804518694856,56.93359375
2102,21.02,1536,1592,2328,2379,1,0,1,40.97419435122675,42.46804518694856,56.8359375
2103,21.03,1536,1365,2324,2375,1,0,1,40.97419435122675,36.412614120719084,56.73828125
2104,21.04,1536,1592,2538,2385,1,0,1,40.97419435122675,42.46804518694856,61.962890625
2105,21.05,1536,1592,2330,2381,1,0,1,40.97419435122675,42.46804518694856,56.884765625
2106,21.06,1536,1365,2326,2377,1,0,1,40.97419435122675,36.412614120719084,56.787109375
2107,21.07,1536,1592,2540,2387,1,0,1,40.97419435122675,42.46804518694856,62.01171875
2108,21.08,1536,1592,2332,2383,1,0,1,40.97419435122675,42.46804518694856,56.93359375
2109,21.09,1536,1365,2328,2379,1,0,1,40.97419435122675,36.412614120719084,56.8359375
2110,21.1,1536,1592,2542,2389,1,0,1,40.97419435122675,42.46804518694856,62.060546875
2111,21.11,1536,1592,2334,2385,1,0,1,40.97419435122675,42.46804518694856,56.982421875
2112,21.12,1536,1592,2330,2381,1,0,1,40.97419435122675,42.46804518694856,56.884765625
2113,21.13,1536,1365,2326,2377,1,0,1,40.97419435122675,36.412614120719084,56.787109375
2114,21.14,1536,1592,2540,2387,1,0,1,40.97419435122675,42.46804518694856,62.01171875
2115,21.15,1536,1592,2332,2383,1,0,1,40.97419435122675,42.46804518694856,56.93359375
2116,21.16,1536,1365,2328,2379,1,0,1,40.97419435122675,36.412614120719084,56.8359375
2117,21.17,1536,1592,2542,2389,1,0,1,40.97419435122675,42.46804518694856,62.060546875
2118,21.18,1536,1592,2334,2385,1,0,1,40.97419435122675,42.46804518694856,56.982421875
2119,21.19,1536,1592,2330,2381,1,0,1,40.97419435122675,42.46804518694856,56.884765625
2120,21.2,1536,1365,2326,2377,1,0,1,40.97419435122675,36.412614120719084,56.787109375
2121,21.21,1536,1592,2540,2387,1,0,1,40.97419435122675,42.46804518694856,62.01171875
2122,21.22,1536,1592,2332,2383,1,0,1,40.97419435122675,42.46804518694856,56.93359375
2123,21.23,1536,1365,2328,2379,1,0,1,40.97419435122675,36.412614120719084,56.8359375
2124,21.24,1536,1592,2542,2389,1,0,1,40.97419435122675,42.46804518694856,62.060546875
2125,21.25,1536,1592,2334,2385,1,0,1,40.97419435122675,42.46804518694856,56.982421875
2126,21.26,1536,1592,2330,2381,1,0,1,40.97419435122675,42.46804518694856,56.884765625
2127,21.27,1536,1365,2326,2377,1,0,1,40.97419435122675,36.412614120719084,56.787109375
2128,21.28,1536,1592,2540,2387,1,0,1,40.97419435122675,42.46804518694856,62.01171875
2129,21.29,1536,1592,2332,2383,1,0,1,40.97419435122675,42.46804518694856,56.93359375
2130,21.3,1536,1592,2328,2379,1,0,1,40.97419435122675,42.46804518694856,56.8359375
2131,21.31,1536,1365,2324,2375,1,0,1,40.97419435122675,36.412614120719084,56.73828125
2132,21.32,1536,1592,2538,2385,1,0,1,40.97419435122675,42.46804518694856,61.962890625
2133,21.33,1536,1592,2330,2381,1,0,1,40.97419435122675,42.46804518694856,56.884765625
2134,21.34,1536,1365,2326,2377,1,0,1,40.97419435122675,36.412614120719084,56.787109375
2135,21.35,1536,1592,2540,2387,1,0,1,40.97419435122675,42.46804518694856,62.01171875
2136,21.36,1536,1592,2332,2383,1,0,1,40.97419435122675,42.46804518694856,56.93359375
2137,21.37,1536,1592,2328,2379,1,0,1,40.97419435122675,42.46804518694856,56.8359375
2138,21.38,1536,1365,2324,2375,1,0,1,40.97419435122675,36.412614120719084,56.73828125
2139,21.39,1536,1592,2538,2385,1,0,1,40.97419435122675,42.46804518694856,61.962890625
2140,21.4,1536,1592,2330,2381,1,0,1,40.97419435122675,42.46804518694856,56.884765625
2141,21.41,1536,1592,2326,2377,1,0,1,40.97419435122675,42.46804518694856,56.787109375
2142,21.42,1536,1365,2322,2373,1,0,1,40.97419435122675,36.412614120719084,56.689453125
2143,21.43,1536,1592,2536,2383,1,0,1,40.97419435122675,42.46804518694856,61.9140625
2144,21.44,1536,1592,2328,2379,1,0,1,40.97419435122675,42.46804518694856,56.8359375
2145,21.45,1536,1592,2324,2375,1,0,1,40.97419435122675,42.46804518694856,56.73828125
2146,21.46,1536,1365,2320,2371,1,0,1,40.97419435122675,36.412614120719084,56.640625
2147,21.47,1536,1592,2534,2381,1,0,1,40.97419435122675,42.46804518694856,61.865234375
2148,21.48,1536,1592,2326,2377,1,0,1,40.97419435122675,42.46804518694856,56.787109375
2149,21.49,1536,1365,2322,2373,1,0,1,40.97419435122675,36.412614120719084,56.689453125
2150,21.5,1536,1592,2536,2383,1,0,1,40.97419435122675,42.46804518694856,61.9140625
2151,21.51,1536,1592,2328,2379,1,0,1,40.97419435122675,42.46804518694856,56.8359375
2152,21.52,1536,1592,2324,2375,1,0,1,40.97419435122675,42.46804518694856,56.73828125
2153,21.53,1536,1365,2320,2371,1,0,1,40.97419435122675,36.412614120719084,56.640625
2154,21.54,1536,1592,2534,2381,1,0,1,40.97419435122675,42.46804518694856,61.865234375
2155,21.55,1536,1592,2326,2377,1,0,1,40.97419435122675,42.46804518694856,56.787109375
2156,21.56,1536,1365,2322,2373,1,0,1,40.97419435122675,36.412614120719084,56.689453125
2157,21.57,1536,1592,2536,2383,1,0,1,40.97419435122675,42.46804518694856,61.9140625
2158,21.58,1536,1592,2328,2379,1,0,1,40.97419435122675,42.46804518694856,56.8359375
2159,21.59,1536,1592,2324,2375,1,0,1,40.97419435122675,42.46804518694856,56.73828125
2160,21.6,1536,1365,2320,2371,1,0,1,40.97419435122675,36.412614120719084,56.640625
2161,21.61,1536,1592,2534,2381,1,0,1,40.97419435122675,42.46804518694856,61.865234375
2162,21.62,1536,1592,2326,2377,1,0,1,40.97419435122675,42.46804518694856,56.787109375
2163,21.63,1536,1365,2322,2373,1,0,1,40.97419435122675,36.412614120719084,56.689453125
2164,21.64,1536,1592,2536,2383,1,0,1,40.97419435122675,42.46804518694856,61.9140625
2165,21.65,1536,1592,2328,2379,1,0,1,40.97419435122675,42.46804518694856,56.8359375
2166,21.66,1536,1592,2324,2375,1,0,1,40.97419435122675,42.46804518694856,56.73828125
2167,21.67,1536,1365,2320,2371,1,0,1,40.97419435122675,36.412614120719084,56.640625
2168,21.68,1536,1592,2534,2381,1,0,1,40.97419435122675,42.46804518694856,61.865234375
2169,21.69,1536,1592,2326,2377,1,0,1,40.97419435122675,42.46804518694856,56.787109375
2170,21.7,1536,1365,2322,2373,1,0,1,40.97419435122675,36.412614120719084,56.689453125
2171,21.71,1536,1592,2536,2383,1,0,1,40.97419435122675,42.46804518694856,61.9140625
2172,21.72,1536,1592,2328,2379,1,0,1,40.97419435122675,42.46804518694856,56.8359375
2173,21.73,1536,1592,2324,2375,1,0,1,40.97419435122675,42.46804518694856,56.73828125
2174,21.74,1536,1365,2320,2371,1,0,1,40.97419435122675,36.412614120719084,56.640625
2175,21.75,1536,1592,2534,2381,1,0,1,40.97419435122675,42.46804518694856,61.865234375
2176,21.76,1536,1592,2326,2377,1,0,1,40.97419435122675,42.46804518694856,56.787109375
2177,21.77,1536,1365,2322,2373,1,0,1,40.97419435122675,36.412614120719084,56.689453125
2178,21.78,1536,1592,2536,2383,1,0,1,40.97419435122675,42.46804518694856,61.9140625
2179,21.79,1536,1592,2328,2379,1,0,1,40.97419435122675,42.46804518694856,56.8359375
2180,21.8,1536,1592,2324,2375,1,0,1,40.97419435122675,42.46804518694856,56.73828125
2181,21.81,1536,1365,2320,2371,1,0,1,40.97419435122675,36.412614120719084,56.640625
2182,21.82,1536,1592,2534,2381,1,0,1,40.97419435122675,42.46804518694856,61.865234375
2183,21.83,1536,1592,2326,2377,1,0,1,40.97419435122675,42.46804518694856,56.787109375
2184,21.84,1536,1365,2322,2373,1,0,1,40.97419435122675,36.412614120719084,56.689453125
2185,21.85,1536,1592,2536,2383,1,0,1,40.97419435122675,42.46804518694856,61.9140625
2186,21.86,1536,1592,2328,2379,1,0,1,40.97419435122675,42.46804518694856,56.8359375
2187,21.87,1536,1592,2324,2375,1,0,1,40.97419435122675,42.46804518694856,56.73828125
2188,21.88,1536,1365,2320,2371,1,0,1,40.97419435122675,36.412614120719084,56.640625
2189,21.89,1536,1592,2534,2381,1,0,1,40.97419435122675,42.46804518694856,61.865234375
2190,21.9,1536,1592,2326,2377,1,0,1,40.97419435122675,42.46804518694856,56.787109375
2191,21.91,1536,1365,2322,2373,1,0,1,40.97419435122675,36.412614120719084,56.689453125
2192,21.92,1536,1592,2536,2383,1,0,1,40.97419435122675,42.46804518694856,61.9140625
2193,21.93,1536,1592,2328,2379,1,0,1,40.97419435122675,42.46804518694856,56.8359375
2194,21.94,1536,1365,2324,2375,1,0,1,40.97419435122675,36.412614120719084,56.73828125
2195,21.95,1536,1592,2538,2385,1,0,1,40.97419435122675,42.46804518694856,61.962890625
2196,21.96,1536,1592,2330,2381,1,0,1,40.97419435122675,42.46804518694856,56.884765625
2197,21.97,1536,1592,2326,2377,1,0,1,40.97419435122675,42.46804518694856,56.787109375
2198,21.98,1536,1365,2322,2373,1,0,1,40.97419435122675,36.412614120719084,56.689453125
2199,21.99,1536,1592,2536,2383,1,0,1,40.97419435122675,42.46804518694856,61.9140625
2200,22.0,1536,1592,2328,2379,1,0,1,40.97419435122675,42.46804518694856,56.8359375
2201,22.01,1536,1592,2324,2375,1,0,1,40.97419435122675,42.46804518694856,56.73828125
2202,22.02,1536,1365,2320,2371,1,0,1,40.97419435122675,36.412614120719084,56.640625
2203,22.03,1536,1592,2534,2381,1,0,1,40.97419435122675,42.46804518694856,61.865234375
2204,22.04,1536,1592,2326,2377,1,0,1,40.97419435122675,42.46804518694856,56.787109375
2205,22.05,1536,1365,2322,2373,1,0,1,40.97419435122675,36.412614120719084,56.689453125
2206,22.06,1536,1592,2536,2383,1,0,1,40.97419435122675,42.46804518694856,61.9140625
2207,22.07,1536,1592,2328,2379,1,0,1,40.97419435122675,42.46804518694856,56.8359375
2208,22.08,1536,1592,2324,2375,1,0,1,40.97419435122675,42.46804518694856,56.73828125
2209,22.09,1536,1365,2320,2371,1,0,1,40.97419435122675,36.412614120719084,56.640625
2210,22.1,1536,1592,2534,2381,1,0,1,40.97419435122675,42.46804518694856,61.865234375
2211,22.11,1536,1592,2326,2377,1,0,1,40.97419435122675,42.46804518694856,56.787109375
2212,22.12,1536,1365,2322,2373,1,0,1,40.97419435122675,36.412614120719084,56.689453125
2213,22.13,1536,1592,2536,2383,1,0,1,40.97419435122675,42.46804518694856,61.9140625
2214,22.14,1536,1592,2328,2379,1,0,1,40.97419435122675,42.46804518694856,56.8359375
2215,22.15,1536,1592,2324,2375,1,0,1,40.97419435122675,42.46804518694856,56.73828125
2216,22.16,1536,1365,2320,2371,1,0,1,40.97419435122675,36.412614120719084,56.640625
2217,22.17,1536,1592,2534,2381,1,0,1,40.97419435122675,42.46804518694856,61.865234375
2218,22.18,1536,1592,2326,2377,1,0,1,40.97419435122675,42.46804518694856,56.787109375
2219,22.19,1536,1365,2322,2373,1,0,1,40.97419435122675,36.412614120719084,56.689453125
2220,22.2,1536,1592,2536,2383,1,0,1,40.97419435122675,42.46804518694856,61.9140625
2221,22.21,1536,1592,2328,2379,1,0,1,40.97419435122675,42.46804518694856,56.8359375
2222,22.22,1536,1592,2324,2375,1,0,1,40.97419435122675,42.46804518694856,56.73828125
2223,22.23,1536,1365,2320,2371,1,0,1,40.97419435122675,36.412614120719084,56.640625
2224,22.24,1536,1592,2534,2381,1,0,1,40.97419435122675,42.46804518694856,61.865234375
2225,22.25,1536,1592,2326,2377,1,0,1,40.97419435122675,42.46804518694856,56.787109375
2226,22.26,1536,1592,2322,2373,1,0,1,40.97419435122675,42.46804518694856,56.689453125
2227,22.27,1536,1365,2318,2369,1,0,1,40.97419435122675,36.412614120719084,56.591796875
2228,22.28,1536,1592,2532,2379,1,0,1,40.97419435122675,42.46804518694856,61.81640625
2229,22.29,1536,1592,2324,2375,1,0,1,40.97419435122675,42.46804518694856,56.73828125
2230,22.3,1536,1365,2320,2371,1,0,1,40.97419435122675,36.412614120719084,56.640625
2231,22.31,1536,1592,2534,2381,1,0,1,40.97419435122675,42.46804518694856,61.865234375
2232,22.32,1536,1592,2326,2377,1,0,1,40.97419435122675,42.46804518694856,56.787109375
2233,22.33,1536,1365,2322,2373,1,0,1,40.97419435122675,36.412614120719084,56.689453125
2234,22.34,1536,1592,2536,2383,1,0,1,40.97419435122675,42.46804518694856,61.9140625
2235,22.35,1536,1592,2328,2379,1,0,1,40.97419435122675,42.46804518694856,56.8359375
2236,22.36,1536,1592,2324,2375,1,0,1,40.97419435122675,42.46804518694856,56.73828125
2237,22.37,1536,1365,2320,2371,1,0,1,40.97419435122675,36.412614120719084,56.640625
2238,22.38,1536,1592,2534,2381,1,0,1,40.97419435122675,42.46804518694856,61.865234375
2239,22.39,1536,1592,2326,2377,1,0,1,40.97419435122675,42.46804518694856,56.787109375
2240,22.4,1536,1365,2322,2373,1,0,1,40.97419435122675,36.412614120719084,56.689453125
2241,22.41,1536,1592,2536,2383,1,0,1,40.97419435122675,42.46804518694856,61.9140625
2242,22.42,1536,1592,2328,2379,1,0,1,40.97419435122675,42.46804518694856,56.8359375
2243,22.43,1536,1592,2324,2375,1,0,1,40.97419435122675,42.46804518694856,56.73828125
2244,22.44,1536,1365,2320,2371,1,0,1,40.97419435122675,36.412614120719084,56.640625
2245,22.45,1536,1592,2534,2381,1,0,1,40.97419435122675,42.46804518694856,61.865234375
2246,22.46,1536,1592,2326,2377,1,0,1,40.97419435122675,42.46804518694856,56.787109375
2247,22.47,1536,1365,2322,2373,1,0,1,40.97419435122675,36.412614120719084,56.689453125
2248,22.48,1536,1592,2536,2383,1,0,1,40.97419435122675,42.46804518694856,61.9140625
2249,22.49,1536,1592,2328,2379,1,0,1,40.97419435122675,42.46804518694856,56.8359375
2250,22.5,1536,1365,2324,2375,1,0,1,40.97419435122675,36.412614120719084,56.73828125
2251,22.51,1536,1592,2538,2385,1,0,1,40.97419435122675,42.46804518694856,61.962890625
2252,22.52,1536,1592,2330,2381,1,0,1,40.97419435122675,42.46804518694856,56.884765625
2253,22.53,1536,1592,2326,2377,1,0,1,40.97419435122675,42.46804518694856,56.787109375
2254,22.54,1536,1365,2322,2373,1,0,1,40.97419435122675,36.412614120719084,56.689453125
2255,22.55,1536,1592,2536,2383,1,0,1,40.97419435122675,42.46804518694856,61.9140625
2256,22.56,1536,1592,2328,2379,1,0,1,40.97419435122675,42.46804518694856,56.8359375
2257,22.57,1536,1365,2324,2375,1,0,1,40.97419435122675,36.412614120719084,56.73828125
2258,22.58,1536,1592,2538,2385,1,0,1,40.97419435122675,42.46804518694856,61.962890625
2259,22.59,1536,1592,2330,2381,1,0,1,40.97419435122675,42.46804518694856,56.884765625
2260,22.6,1536,1365,2326,2377,1,0,1,40.97419435122675,36.412614120719084,56.787109375
2261,22.61,1536,1592,2540,2387,1,0,1,40.97419435122675,42.46804518694856,62.01171875
2262,22.62,1536,1592,2332,2383,1,0,1,40.97419435122675,42.46804518694856,56.93359375
2263,22.63,1536,1592,2328,2379,1,0,1,40.97419435122675,42.46804518694856,56.8359375
2264,22.64,1536,1365,2324,2375,1,0,1,40.97419435122675,36.412614120719084,56.73828125
2265,22.65,1536,1592,2538,2385,1,0,1,40.97419435122675,42.46804518694856,61.962890625
2266,22.66,1536,1592,2330,2381,1,0,1,40.97419435122675,42.46804518694856,56.884765625
2267,22.67,1536,1592,2326,2377,1,0,1,40.97419435122675,42.46804518694856,56.787109375
2268,22.68,1536,1365,2322,2373,1,0,1,40.97419435122675,36.412614120719084,56.689453125
2269,22.69,1536,1592,2536,2383,1,0,1,40.97419435122675,42.46804518694856,61.9140625
2270,22.7,1536,1592,2328,2379,1,0,1,40.97419435122675,42.46804518694856,56.8359375
2271,22.71,1536,1365,2324,2375,1,0,1,40.97419435122675,36.412614120719084,56.73828125
2272,22.72,1536,1592,2538,2385,1,0,1,40.97419435122675,42.46804518694856,61.962890625
2273,22.73,1536,1592,2330,2381,1,0,1,40.97419435122675,42.46804518694856,56.884765625
2274,22.74,1536,1592,2326,2377,1,0,1,40.97419435122675,42.46804518694856,56.787109375
2275,22.75,1536,1365,2322,2373,1,0,1,40.97419435122675,36.412614120719084,56.689453125
2276,22.76,1536,1592,2536,2383,1,0,1,40.97419435122675,42.46804518694856,61.9140625
2277,22.77,1536,1592,2328,2379,1,0,1,40.97419435122675,42.46804518694856,56.8359375
2278,22.78,1536,1365,2324,2375,1,0,1,40.97419435122675,36.412614120719084,56.73828125
2279,22.79,1536,1592,2538,2385,1,0,1,40.97419435122675,42.46804518694856,61.962890625
2280,22.8,1536,1592,2330,2381,1,0,1,40.97419435122675,42.46804518694856,56.884765625
2281,22.81,1536,1592,2326,2377,1,0,1,40.97419435122675,42.46804518694856,56.787109375
2282,22.82,1536,1365,2322,2373,1,0,1,40.97419435122675,36.412614120719084,56.689453125
2283,22.83,1536,1592,2536,2383,1,0,1,40.97419435122675,42.46804518694856,61.9140625
2284,22.84,1536,1592,2328,2379,1,0,1,40.97419435122675,42.46804518694856,56.8359375
2285,22.85,1536,1365,2324,2375,1,0,1,40.97419435122675,36.412614120719084,56.73828125
2286,22.86,1536,1592,2538,2385,1,0,1,40.97419435122675,42.46804518694856,61.962890625
2287,22.87,1536,1592,2330,2381,1,0,1,40.97419435122675,42.46804518694856,56.884765625
2288,22.88,1536,1592,2326,2377,1,0,1,40.97419435122675,42.46804518694856,56.787109375
2289,22.89,1536,1365,2322,2373,1,0,1,40.97419435122675,36.412614120719084,56.689453125
2290,22.9,1536,1592,2536,2383,1,0,1,40.97419435122675,42.46804518694856,61.9140625
2291,22.91,1536,1592,2328,2379,1,0,1,40.97419435122675,42.46804518694856,56.8359375
2292,22.92,1536,1365,2324,2375,1,0,1,40.97419435122675,36.412614120719084,56.73828125
2293,22.93,1536,1592,2538,2385,1,0,1,40.97419435122675,42.46804518694856,61.962890625
2294,22.94,1536,1592,2330,2381,1,0,1,40.97419435122675,42.46804518694856,56.884765625
2295,22.95,1536,1592,2326,2377,1,0,1,40.97419435122675,42.46804518694856,56.787109375
2296,22.96,1536,1365,2322,2373,1,0,1,40.97419435122675,36.412614120719084,56.689453125
2297,22.97,1536,1592,2536,2383,1,0,1,40.97419435122675,42.46804518694856,61.9140625
2298,22.98,1536,1592,2328,2379,1,0,1,40.97419435122675,42.46804518694856,56.8359375
2299,22.99,1536,1365,2324,2375,1,0,1,40.97419435122675,36.412614120719084,56.73828125
2300,23.0,1536,1592,2538,2385,1,0,1,40.97419435122675,42.46804518694856,61.962890625
2301,23.01,1536,1592,2330,2381,1,0,1,40.97419435122675,42.46804518694856,56.884765625
2302,23.02,1536,1592,2326,2377,1,0,1,40.97419435122675,42.46804518694856,56.787109375
2303,23.03,1536,1365,2322,2373,1,0,1,40.97419435122675,36.412614120719084,56.689453125
2304,23.04,1536,1592,2536,2383,1,0,1,40.97419435122675,42.46804518694856,61.9140625
2305,23.05,1536,1592,2328,2379,1,0,1,40.97419435122675,42.46804518694856,56.8359375
2306,23.06,1536,1365,2324,2375,1,0,1,40.97419435122675,36.412614120719084,56.73828125
2307,23.07,1536,1592,2538,2385,1,0,1,40.97419435122675,42.46804518694856,61.962890625
2308,23.08,1536,1592,2330,2381,1,0,1,40.97419435122675,42.46804518694856,56.884765625
2309,23.09,1536,1592,2326,2377,1,0,1,40.97419435122675,42.46804518694856,56.787109375
2310,23.1,1536,1365,2322,2373,1,0,1,40.97419435122675,36.412614120719084,56.689453125
2311,23.11,1536,1592,2536,2383,1,0,1,40.97419435122675,42.46804518694856,61.9140625
2312,23.12,1536,1592,2328,2379,1,0,1,40.97419435122675,42.46804518694856,56.8359375
2313,23.13,1536,1365,2324,2375,1,0,1,40.97419435122675,36.412614120719084,56.73828125
2314,23.14,1536,1592,2538,2385,1,0,1,40.97419435122675,42.46804518694856,61.962890625
2315,23.15,1536,1592,2330,2381,1,0,1,40.97419435122675,42.46804518694856,56.884765625
2316,23.16,1536,1592,2326,2377,1,0,1,40.97419435122675,42.46804518694856,56.787109375
2317,23.17,1536,1365,2322,2373,1,0,1,40.97419435122675,36.412614120719084,56.689453125
2318,23.18,1536,1592,2536,2383,1,0,1,40.97419435122675,42.46804518694856,61.9140625
2319,23.19,1536,1592,2328,2379,1,0,1,40.97419435122675,42.46804518694856,56.8359375
2320,23.2,1536,1365,2324,2375,1,0,1,40.97419435122675,36.412614120719084,56.73828125
2321,23.21,1536,1820,2538,2385,1,0,1,40.97419435122675,48.550152160958774,61.962890625
2322,23.22,1536,1592,2111,2367,1,0,1,40.97419435122675,42.46804518694856,51.5380859375
2323,23.23,1536,1365,2312,2363,1,0,1,40.97419435122675,36.412614120719084,56.4453125
2324,23.24,1536,1592,2526,2373,1,0,1,40.97419435122675,42.46804518694856,61.669921875
2325,23.25,1536,1592,2318,2369,1,0,1,40.97419435122675,42.46804518694856,56.591796875
2326,23.26,1536,1365,2314,2365,1,0,1,40.97419435122675,36.412614120719084,56.494140625
2327,23.27,1536,1592,2528,2375,1,0,1,40.97419435122675,42.46804518694856,61.71875
2328,23.28,1536,1592,2320,2371,1,0,1,40.97419435122675,42.46804518694856,56.640625
2329,23.29,1536,1365,2316,2367,1,0,1,40.97419435122675,36.412614120719084,56.54296875
2330,23.3,1536,1592,2530,2377,1,0,1,40.97419435122675,42.46804518694856,61.767578125
2331,23.31,1536,1592,2322,2373,1,0,1,40.97419435122675,42.46804518694856,56.689453125
2332,23.32,1536,1592,2318,2369,1,0,1,40.97419435122675,42.46804518694856,56.591796875
2333,23.33,1536,1365,2314,2365,1,0,1,40.97419435122675,36.412614120719084,56.494140625
2334,23.34,1536,1592,2528,2375,1,0,1,40.97419435122675,42.46804518694856,61.71875
2335,23.35,1536,1592,2320,2371,1,0,1,40.97419435122675,42.46804518694856,56.640625
2336,23.36,1536,1365,2316,2367,1,0,1,40.97419435122675,36.412614120719084,56.54296875
2337,23.37,1536,1592,2530,2377,1,0,1,40.97419435122675,42.46804518694856,61.767578125
2338,23.38,1536,1592,2322,2373,1,0,1,40.97419435122675,42.46804518694856,56.689453125
2339,23.39,1536,1365,2318,2369,1,0,1,40.97419435122675,36.412614120719084,56.591796875
2340,23.4,1536,1592,2532,2379,1,0,1,40.97419435122675,42.46804518694856,61.81640625
2341,23.41,1536,1592,2324,2375,1,0,1,40.97419435122675,42.46804518694856,56.73828125
2342,23.42,1536,1365,2320,2371,1,0,1,40.97419435122675,36.412614120719084,56.640625
2343,23.43,1536,1592,2534,2381,1,0,1,40.97419435122675,42.46804518694856,61.865234375
2344,23.44,1536,1592,2326,2377,1,0,1,40.97419435122675,42.46804518694856,56.787109375
2345,23.45,1536,1592,2322,2373,1,0,1,40.97419435122675,42.46804518694856,56.689453125
2346,23.46,1536,1592,2318,2369,1,0,1,40.97419435122675,42.46804518694856,56.591796875
2347,23.47,1536,1592,2314,2365,1,0,1,40.97419435122675,42.46804518694856,56.494140625
2348,23.48,1536,1592,2310,2361,1,0,1,40.97419435122675,42.46804518694856,56.396484375
2349,23.49,1536,1365,2306,2357,1,0,1,40.97419435122675,36.412614120719084,56.298828125
2350,23.5,1536,1592,2520,2367,1,0,1,40.97419435122675,42.46804518694856,61.5234375
2351,23.51,1536,1592,2312,2363,1,0,1,40.97419435122675,42.46804518694856,56.4453125
2352,23.52,1536,1365,2308,2359,1,0,1,40.97419435122675,36.412614120719084,56.34765625
2353,23.53,1536,1592,2522,2369,1,0,1,40.97419435122675,42.46804518694856,61.572265625
2354,23.54,1536,1592,2314,2365,1,0,1,40.97419435122675,42.46804518694856,56.494140625
2355,23.55,1536,1365,2310,2361,1,0,1,40.97419435122675,36.412614120719084,56.396484375
2356,23.56,1536,1592,2524,2371,1,0,1,40.97419435122675,42.46804518694856,61.62109375
2357,23.57,1536,1592,2316,2367,1,0,1,40.97419435122675,42.46804518694856,56.54296875
2358,23.58,1536,1365,2312,2363,1,0,1,40.97419435122675,36.412614120719084,56.4453125
2359,23.59,1536,1592,2526,2373,1,0,1,40.97419435122675,42.46804518694856,61.669921875
2360,23.6,1536,1592,2318,2369,1,0,1,40.97419435122675,42.46804518694856,56.591796875
2361,23.61,1536,1365,2314,2365,1,0,1,40.97419435122675,36.412614120719084,56.494140625
2362,23.62,1536,1592,2528,2375,1,0,1,40.97419435122675,42.46804518694856,61.71875
2363,23.63,1536,1592,2320,2371,1,0,1,40.97419435122675,42.46804518694856,56.640625
2364,23.64,1536,1365,2316,2367,1,0,1,40.97419435122675,36.412614120719084,56.54296875
2365,23.65,1536,1592,2530,2377,1,0,1,40.97419435122675,42.46804518694856,61.767578125
2366,23.66,1536,1592,2322,2373,1,0,1,40.97419435122675,42.46804518694856,56.689453125
2367,23.67,1536,1365,2318,2369,1,0,1,40.97419435122675,36.412614120719084,56.591796875
2368,23.68,1536,1592,2532,2379,1,0,1,40.97419435122675,42.46804518694856,61.81640625
2369,23.69,1536,1592,2324,2375,1,0,1,40.97419435122675,42.46804518694856,56.73828125
2370,23.7,1536,1365,2320,2371,1,0,1,40.97419435122675,36.412614120719084,56.640625
2371,23.71,1536,1592,2534,2381,1,0,1,40.97419435122675,42.46804518694856,61.865234375
2372,23.72,1536,1592,2326,2377,1,0,1,40.97419435122675,42.46804518694856,56.787109375
2373,23.73,1536,1365,2322,2373,1,0,1,40.97419435122675,36.412614120719084,56.689453125
2374,23.74,1536,1592,2536,2383,1,0,1,40.97419435122675,42.46804518694856,61.9140625
2375,23.75,1536,1592,2328,2379,1,0,1,40.97419435122675,42.46804518694856,56.8359375
2376,23.76,1536,1592,2324,2375,1,0,1,40.97419435122675,42.46804518694856,56.73828125
2377,23.77,1536,1365,2320,2371,1,0,1,40.97419435122675,36.412614120719084,56.640625
2378,23.78,1536,1592,2534,2381,1,0,1,40.97419435122675,42.46804518694856,61.865234375
2379,23.79,1536,1592,2326,2377,1,0,1,40.97419435122675,42.46804518694856,56.787109375
2380,23.8,1536,1365,2322,2373,1,0,1,40.97419435122675,36.412614120719084,56.689453125
2381,23.81,1536,1592,2536,2383,1,0,1,40.97419435122675,42.46804518694856,61.9140625
2382,23.82,1536,1592,2328,2379,1,0,1,40.97419435122675,42.46804518694856,56.8359375
2383,23.83,1536,1365,2324,2375,1,0,1,40.97419435122675,36.412614120719084,56.73828125
2384,23.84,1536,1592,2538,2385,1,0,1,40.97419435122675,42.46804518694856,61.962890625
2385,23.85,1536,1592,2330,2381,1,0,1,40.97419435122675,42.46804518694856,56.884765625
2386,23.86,1536,1365,2326,2377,1,0,1,40.97419435122675,36.412614120719084,56.787109375
2387,23.87,1536,1592,2540,2387,1,0,1,40.97419435122675,42.46804518694856,62.01171875
2388,23.88,1536,1592,2332,2383,1,0,1,40.97419435122675,42.46804518694856,56.93359375
2389,23.89,1536,1592,2328,2379,1,0,1,40.97419435122675,42.46804518694856,56.8359375
2390,23.9,1536,1365,2324,2375,1,0,1,40.97419435122675,36.412614120719084,56.73828125
2391,23.91,1536,1592,2538,2385,1,0,1,40.97419435122675,42.46804518694856,61.962890625
2392,23.92,1536,1592,2330,2381,1,0,1,40.97419435122675,42.46804518694856,56.884765625
2393,23.93,1536,1365,2326,2377,1,0,1,40.97419435122675,36.412614120719084,56.787109375
2394,23.94,1536,1592,2540,2387,1,0,1,40.97419435122675,42.46804518694856,62.01171875
2395,23.95,1536,1592,2332,2383,1,0,1,40.97419435122675,42.46804518694856,56.93359375
2396,23.96,1536,1365,2328,2379,1,0,1,40.97419435122675,36.412614120719084,56.8359375
2397,23.97,1536,1592,2542,2389,1,0,1,40.97419435122675,42.46804518694856,62.060546875
2398,23.98,1536,1592,2334,2385,1,0,1,40.97419435122675,42.46804518694856,56.982421875
2399,23.99,1536,1592,2330,2381,1,0,1,40.97419435122675,42.46804518694856,56.884765625
2400,24.0,1536,1365,2326,2377,1,0,1,40.97419435122675,36.412614120719084,56.787109375
2401,24.01,1536,1592,2540,2387,1,0,1,40.97419435122675,42.46804518694856,62.01171875
2402,24.02,1536,1592,2332,2383,1,0,1,40.97419435122675,42.46804518694856,56.93359375
2403,24.03,1536,1365,2328,2379,1,0,1,40.97419435122675,36.412614120719084,56.8359375
2404,24.04,1536,1592,2542,2389,1,0,1,40.97419435122675,42.46804518694856,62.060546875
2405,24.05,1536,1592,2334,2385,1,0,1,40.97419435122675,42.46804518694856,56.982421875
2406,24.06,1536,1592,2330,2381,1,0,1,40.97419435122675,42.46804518694856,56.884765625
2407,24.07,1536,1365,2326,2377,1,0,1,40.97419435122675,36.412614120719084,56.787109375
2408,24.08,1536,1592,2540,2387,1,0,1,40.97419435122675,42.46804518694856,62.01171875
2409,24.09,1536,1592,2332,2383,1,0,1,40.97419435122675,42.46804518694856,56.93359375
2410,24.1,1536,1365,2328,2379,1,0,1,40.97419435122675,36.412614120719084,56.8359375
2411,24.11,1536,1592,2542,2389,1,0,1,40.97419435122675,42.46804518694856,62.060546875
2412,24.12,1536,1592,2334,2385,1,0,1,40.97419435122675,42.46804518694856,56.982421875
2413,24.13,1536,1592,2330,2381,1,0,1,40.97419435122675,42.46804518694856,56.884765625
2414,24.14,1536,1365,2326,2377,1,0,1,40.97419435122675,36.412614120719084,56.787109375
2415,24.15,1536,1592,2540,2387,1,0,1,40.97419435122675,42.46804518694856,62.01171875
2416,24.16,1536,1592,2332,2383,1,0,1,40.97419435122675,42.46804518694856,56.93359375
2417,24.17,1536,1592,2328,2379,1,0,1,40.97419435122675,42.46804518694856,56.8359375
2418,24.18,1536,1365,2324,2375,1,0,1,40.97419435122675,36.412614120719084,56.73828125
2419,24.19,1536,1592,2538,2385,1,0,1,40.97419435122675,42.46804518694856,61.962890625
2420,24.2,1536,1592,2330,2381,1,0,1,40.97419435122675,42.46804518694856,56.884765625
2421,24.21,1536,1365,2326,2377,1,0,1,40.97419435122675,36.412614120719084,56.787109375
2422,24.22,1536,1592,2540,2387,1,0,1,40.97419435122675,42.46804518694856,62.01171875
2423,24.23,1536,1592,2332,2383,1,0,1,40.97419435122675,42.46804518694856,56.93359375
2424,24.24,1536,1592,2328,2379,1,0,1,40.97419435122675,42.46804518694856,56.8359375
2425,24.25,1536,1365,2324,2375,1,0,1,40.97419435122675,36.412614120719084,56.73828125
2426,24.26,1536,1592,2538,2385,1,0,1,40.97419435122675,42.46804518694856,61.962890625
2427,24.27,1536,1592,2330,2381,1,0,1,40.97419435122675,42.46804518694856,56.884765625
2428,24.28,1536,1592,2326,2377,1,0,1,40.97419435122675,42.46804518694856,56.787109375
2429,24.29,1536,1365,2322,2373,1,0,1,40.97419435122675,36.412614120719084,56.689453125
2430,24.3,1536,1592,2536,2383,1,0,1,40.97419435122675,42.46804518694856,61.9140625
2431,24.31,1536,1592,2328,2379,1,0,1,40.97419435122675,42.46804518694856,56.8359375
2432,24.32,1536,1592,2324,2375,1,0,1,40.97419435122675,42.46804518694856,56.73828125
2433,24.33,1536,1365,2320,2371,1,0,1,40.97419435122675,36.412614120719084,56.640625
2434,24.34,1536,1592,2534,2381,1,0,1,40.97419435122675,42.46804518694856,61.865234375
2435,24.35,1536,1592,2326,2377,1,0,1,40.97419435122675,42.46804518694856,56.787109375
2436,24.36,1536,1365,2322,2373,1,0,1,40.97419435122675,36.412614120719084,56.689453125
2437,24.37,1536,1592,2536,2383,1,0,1,40.97419435122675,42.46804518694856,61.9140625
2438,24.38,1536,1592,2328,2379,1,0,1,40.97419435122675,42.46804518694856,56.8359375
2439,24.39,1536,1592,2324,2375,1,0,1,40.97419435122675,42.46804518694856,56.73828125
2440,24.4,1536,1365,2320,2371,1,0,1,40.97419435122675,36.412614120719084,56.640625
2441,24.41,1536,1592,2534,2381,1,0,1,40.97419435122675,42.46804518694856,61.865234375
2442,24.42,1536,1592,2326,2377,1,0,1,40.97419435122675,42.46804518694856,56.787109375
2443,24.43,1536,1592,2322,2373,1,0,1,40.97419435122675,42.46804518694856,56.689453125
2444,24.44,1536,1365,2318,2369,1,0,1,40.97419435122675,36.412614120719084,56.591796875
2445,24.45,1536,1592,2532,2379,1,0,1,40.97419435122675,42.46804518694856,61.81640625
2446,24.46,1536,1592,2324,2375,1,0,1,40.97419435122675,42.46804518694856,56.73828125
2447,24.47,1536,1365,2320,2371,1,0,1,40.97419435122675,36.412614120719084,56.640625
2448,24.48,1536,1592,2534,2381,1,0,1,40.97419435122675,42.46804518694856,61.865234375
2449,24.49,1536,1592,2326,2377,1,0,1,40.97419435122675,42.46804518694856,56.787109375
2450,24.5,1536,1592,2322,2373,1,0,1,40.97419435122675,42.46804518694856,56.689453125
2451,24.51,1536,1365,2318,2369,1,0,1,40.97419435122675,36.412614120719084,56.591796875
2452,24.52,1536,1592,2532,2379,1,0,1,40.97419435122675,42.46804518694856,61.81640625
2453,24.53,1536,1592,2324,2375,1,0,1,40.97419435122675,42.46804518694856,56.73828125
2454,24.54,1536,1365,2320,2371,1,0,1,40.97419435122675,36.412614120719084,56.640625
2455,24.55,1536,1592,2534,2381,1,0,1,40.97419435122675,42.46804518694856,61.865234375
2456,24.56,1536,1592,2326,2377,1,0,1,40.97419435122675,42.46804518694856,56.787109375
2457,24.57,1536,1592,2322,2373,1,0,1,40.97419435122675,42.46804518694856,56.689453125
2458,24.58,1536,1365,2318,2369,1,0,1,40.97419435122675,36.412614120719084,56.591796875
2459,24.59,1536,1592,2532,2379,1,0,1,40.97419435122675,42.46804518694856,61.81640625
2460,24.6,1536,1592,2324,2375,1,0,1,40.97419435122675,42.46804518694856,56.73828125
2461,24.61,1536,1365,2320,2371,1,0,1,40.97419435122675,36.412614120719084,56.640625
2462,24.62,1536,1592,2534,2381,1,0,1,40.97419435122675,42.46804518694856,61.865234375
2463,24.63,1536,1592,2326,2377,1,0,1,40.97419435122675,42.46804518694856,56.787109375
2464,24.64,1536,1592,2322,2373,1,0,1,40.97419435122675,42.46804518694856,56.689453125
2465,24.65,1536,1365,2318,2369,1,0,1,40.97419435122675,36.412614120719084,56.591796875
2466,24.66,1536,1592,2532,2379,1,0,1,40.97419435122675,42.46804518694856,61.81640625
2467,24.67,1536,1592,2324,2375,1,0,1,40.97419435122675,42.46804518694856,56.73828125
2468,24.68,1536,1365,2320,2371,1,0,1,40.97419435122675,36.412614120719084,56.640625
2469,24.69,1536,1592,2534,2381,1,0,1,40.97419435122675,42.46804518694856,61.865234375
2470,24.7,1536,1592,2326,2377,1,0,1,40.97419435122675,42.46804518694856,56.787109375
2471,24.71,1536,1592,2322,2373,1,0,1,40.97419435122675,42.46804518694856,56.689453125
2472,24.72,1536,1365,2318,2369,1,0,1,40.97419435122675,36.412614120719084,56.591796875
2473,24.73,1536,1592,2532,2379,1,0,1,40.97419435122675,42.46804518694856,61.81640625
2474,24.74,1536,1592,2324,2375,1,0,1,40.97419435122675,42.46804518694856,56.73828125
2475,24.75,1536,1365,2320,2371,1,0,1,40.97419435122675,36.412614120719084,56.640625
2476,24.76,1536,1592,2534,2381,1,0,1,40.97419435122675,42.46804518694856,61.865234375
2477,24.77,1536,1592,2326,2377,1,0,1,40.97419435122675,42.46804518694856,56.787109375
2478,24.78,1536,1365,2322,2373,1,0,1,40.97419435122675,36.412614120719084,56.689453125
2479,24.79,1536,1592,2536,2383,1,0,1,40.97419435122675,42.46804518694856,61.9140625
2480,24.8,1536,1592,2328,2379,1,0,1,40.97419435122675,42.46804518694856,56.8359375
2481,24.81,1536,1592,2324,2375,1,0,1,40.97419435122675,42.46804518694856,56.73828125
2482,24.82,1536,1365,2320,2371,1,0,1,40.97419435122675,36.412614120719084,56.640625
2483,24.83,1536,1592,2534,2381,1,0,1,40.97419435122675,42.46804518694856,61.865234375
2484,24.84,1536,1592,2326,2377,1,0,1,40.97419435122675,42.46804518694856,56.787109375
2485,24.85,1536,1365,2322,2373,1,0,1,40.97419435122675,36.412614120719084,56.689453125
2486,24.86,1536,1592,2536,2383,1,0,1,40.97419435122675,42.46804518694856,61.9140625
2487,24.87,1536,1592,2328,2379,1,0,1,40.97419435122675,42.46804518694856,56.8359375
2488,24.88,1536,1592,2324,2375,1,0,1,40.97419435122675,42.46804518694856,56.73828125
2489,24.89,1536,1365,2320,2371,1,0,1,40.97419435122675,36.412614120719084,56.640625
2490,24.9,1536,1592,2534,2381,1,0,1,40.97419435122675,42.46804518694856,61.865234375
2491,24.91,1536,1592,2326,2377,1,0,1,40.97419435122675,42.46804518694856,56.787109375
2492,24.92,1536,1592,2322,2373,1,0,1,40.97419435122675,42.46804518694856,56.689453125
2493,24.93,1536,1365,2318,2369,1,0,1,40.97419435122675,36.412614120719084,56.591796875
2494,24.94,1536,1592,2532,2379,1,0,1,40.97419435122675,42.46804518694856,61.81640625
2495,24.95,1536,1592,2324,2375,1,0,1,40.97419435122675,42.46804518694856,56.73828125
2496,24.96,1536,1365,2320,2371,1,0,1,40.97419435122675,36.412614120719084,56.640625
2497,24.97,1536,1592,2534,2381,1,0,1,40.97419435122675,42.46804518694856,61.865234375
2498,24.98,1536,1592,2326,2377,1,0,1,40.97419435122675,42.46804518694856,56.787109375
2499,24.99,1536,1820,2322,2373,1,0,1,40.97419435122675,48.550152160958774,56.689453125
2500,25.0,1536,1365,2099,2355,1,0,1,40.97419435122675,36.412614120719084,51.2451171875
2501,25.01,1536,1592,2518,2365,1,0,1,40.97419435122675,42.46804518694856,61.474609375
2502,25.02,1536,1592,2310,2361,1,0,1,40.97419435122675,42.46804518694856,56.396484375
2503,25.03,1536,1365,2306,2357,1,0,1,40.97419435122675,36.412614120719084,56.298828125
2504,25.04,1536,1592,2520,2367,1,0,1,40.97419435122675,42.46804518694856,61.5234375
2505,25.05,1536,1592,2312,2363,1,0,1,40.97419435122675,42.46804518694856,56.4453125
2506,25.06,1536,1365,2308,2359,1,0,1,40.97419435122675,36.412614120719084,56.34765625
2507,25.07,1536,1592,2522,2369,1,0,1,40.97419435122675,42.46804518694856,61.572265625
2508,25.08,1536,1592,2314,2365,1,0,1,40.97419435122675,42.46804518694856,56.494140625
2509,25.09,1536,1592,2310,2361,1,0,1,40.97419435122675,42.46804518694856,56.396484375
2510,25.1,1536,1365,2306,2357,1,0,1,40.97419435122675,36.412614120719084,56.298828125
2511,25.11,1536,1592,2520,2367,1,0,1,40.97419435122675,42.46804518694856,61.5234375
2512,25.12,1536,1592,2312,2363,1,0,1,40.97419435122675,42.46804518694856,56.4453125
2513,25.13,1536,1365,2308,2359,1,0,1,40.97419435122675,36.412614120719084,56.34765625
2514,25.14,1536,1592,2522,2369,1,0,1,40.97419435122675,42.46804518694856,61.572265625
2515,25.15,1536,1592,2314,2365,1,0,1,40.97419435122675,42.46804518694856,56.494140625
2516,25.16,1536,1365,2310,2361,1,0,1,40.97419435122675,36.412614120719084,56.396484375
2517,25.17,1536,1592,2524,2371,1,0,1,40.97419435122675,42.46804518694856,61.62109375
2518,25.18,1536,1592,2316,2367,1,0,1,40.97419435122675,42.46804518694856,56.54296875
2519,25.19,1536,1365,2312,2363,1,0,1,40.97419435122675,36.412614120719084,56.4453125
2520,25.2,1536,1592,2526,2373,1,0,1,40.97419435122675,42.46804518694856,61.669921875
2521,25.21,1536,1592,2318,2369,1,0,1,40.97419435122675,42.46804518694856,56.591796875
2522,25.22,1536,1592,2314,2365,1,0,1,40.97419435122675,42.46804518694856,56.494140625
2523,25.23,1536,1365,2310,2361,1,0,1,40.97419435122675,36.412614120719084,56.396484375
2524,25.24,1536,1592,2524,2371,1,0,1,40.97419435122675,42.46804518694856,61.62109375
2525,25.25,1536,1592,2316,2367,1,0,1,40.97419435122675,42.46804518694856,56.54296875
2526,25.26,1536,1365,2312,2363,1,0,1,40.97419435122675,36.412614120719084,56.4453125
2527,25.27,1536,1592,2526,2373,1,0,1,40.97419435122675,42.46804518694856,61.669921875
2528,25.28,1536,1592,2318,2369,1,0,1,40.97419435122675,42.46804518694856,56.591796875
2529,25.29,1536,1365,2314,2365,1,0,1,40.97419435122675,36.412614120719084,56.494140625
2530,25.3,1536,1592,2528,2375,1,0,1,40.97419435122675,42.46804518694856,61.71875
2531,25.31,1536,1592,2320,2371,1,0,1,40.97419435122675,42.46804518694856,56.640625
2532,25.32,1536,1365,2316,2367,1,0,1,40.97419435122675,36.412614120719084,56.54296875
2533,25.33,1536,1592,2530,2377,1,0,1,40.97419435122675,42.46804518694856,61.767578125
2534,25.34,1536,1592,2322,2373,1,0,1,40.97419435122675,42.46804518694856,56.689453125
2535,25.35,1536,1592,2318,2369,1,0,1,40.97419435122675,42.46804518694856,56.591796875
2536,25.36,1536,1365,2314,2365,1,0,1,40.97419435122675,36.412614120719084,56.494140625
2537,25.37,1536,1592,2528,2375,1,0,1,40.97419435122675,42.46804518694856,61.71875
2538,25.38,1536,1592,2320,2371,1,0,1,40.97419435122675,42.46804518694856,56.640625
2539,25.39,1536,1365,2316,2367,1,0,1,40.97419435122675,36.412614120719084,56.54296875
2540,25.4,1536,1592,2530,2377,1,0,1,40.97419435122675,42.46804518694856,61.767578125
2541,25.41,1536,1592,2322,2373,1,0,1,40.97419435122675,42.46804518694856,56.689453125
2542,25.42,1536,1365,2318,2369,1,0,1,40.97419435122675,36.412614120719084,56.591796875
2543,25.43,1536,1592,2532,2379,1,0,1,40.97419435122675,42.46804518694856,61.81640625
2544,25.44,1536,1592,2324,2375,1,0,1,40.97419435122675,42.46804518694856,56.73828125
2545,25.45,1536,1365,2320,2371,1,0,1,40.97419435122675,36.412614120719084,56.640625
2546,25.46,1536,1592,2534,2381,1,0,1,40.97419435122675,42.46804518694856,61.865234375
2547,25.47,1536,1592,2326,2377,1,0,1,40.97419435122675,42.46804518694856,56.787109375
2548,25.48,1536,1592,2322,2373,1,0,1,40.97419435122675,42.46804518694856,56.689453125
2549,25.49,1536,1365,2318,2369,1,0,1,40.97419435122675,36.412614120719084,56.591796875
2550,25.5,1536,1592,2532,2379,1,0,1,40.97419435122675,42.46804518694856,61.81640625
2551,25.51,1536,1592,2324,2375,1,0,1,40.97419435122675,42.46804518694856,56.73828125
2552,25.52,1536,1365,2320,2371,1,0,1,40.97419435122675,36.412614120719084,56.640625
2553,25.53,1536,1592,2534,2381,1,0,1,40.97419435122675,42.46804518694856,61.865234375
2554,25.54,1536,1592,2326,2377,1,0,1,40.97419435122675,42.46804518694856,56.787109375
2555,25.55,1536,1365,2322,2373,1,0,1,40.97419435122675,36.412614120719084,56.689453125
2556,25.56,1536,1592,2536,2383,1,0,1,40.97419435122675,42.46804518694856,61.9140625
2557,25.57,1536,1592,2328,2379,1,0,1,40.97419435122675,42.46804518694856,56.8359375
2558,25.58,1536,1592,2324,2375,1,0,1,40.97419435122675,42.46804518694856,56.73828125
2559,25.59,1536,1365,2320,2371,1,0,1,40.97419435122675,36.412614120719084,56.640625
2560,25.6,1536,1592,2534,2381,1,0,1,40.97419435122675,42.46804518694856,61.865234375
2561,25.61,1536,1592,2326,2377,1,0,1,40.97419435122675,42.46804518694856,56.787109375
2562,25.62,1536,1365,2322,2373,1,0,1,40.97419435122675,36.412614120719084,56.689453125
2563,25.63,1536,1592,2536,2383,1,0,1,40.97419435122675,42.46804518694856,61.9140625
2564,25.64,1536,1592,2328,2379,1,0,1,40.97419435122675,42.46804518694856,56.8359375
2565,25.65,1536,1592,2324,2375,1,0,1,40.97419435122675,42.46804518694856,56.73828125
2566,25.66,1536,1365,2320,2371,1,0,1,40.97419435122675,36.412614120719084,56.640625
2567,25.67,1536,1592,2534,2381,1,0,1,40.97419435122675,42.46804518694856,61.865234375
2568,25.68,1536,1592,2326,2377,1,0,1,40.97419435122675,42.46804518694856,56.787109375
2569,25.69,1536,1365,2322,2373,1,0,1,40.97419435122675,36.412614120719084,56.689453125
2570,25.7,1536,1592,2536,2383,1,0,1,40.97419435122675,42.46804518694856,61.9140625
2571,25.71,1536,1592,2328,2379,1,0,1,40.97419435122675,42.46804518694856,56.8359375
2572,25.72,1536,1592,2324,2375,1,0,1,40.97419435122675,42.46804518694856,56.73828125
2573,25.73,1536,1365,2320,2371,1,0,1,40.97419435122675,36.412614120719084,56.640625
2574,25.74,1536,1592,2534,2381,1,0,1,40.97419435122675,42.46804518694856,61.865234375
2575,25.75,1536,1592,2326,2377,1,0,1,40.97419435122675,42.46804518694856,56.787109375
2576,25.76,1536,1592,2322,2373,1,0,1,40.97419435122675,42.46804518694856,56.689453125
2577,25.77,1536,1365,2318,2369,1,0,1,40.97419435122675,36.412614120719084,56.591796875
2578,25.78,1536,1592,2532,2379,1,0,1,40.97419435122675,42.46804518694856,61.81640625
2579,25.79,1536,1592,2324,2375,1,0,1,40.97419435122675,42.46804518694856,56.73828125
2580,25.8,1536,1365,2320,2371,1,0,1,40.97419435122675,36.412614120719084,56.640625
2581,25.81,1536,1592,2534,2381,1,0,1,40.97419435122675,42.46804518694856,61.865234375
2582,25.82,1536,1592,2326,2377,1,0,1,40.97419435122675,42.46804518694856,56.787109375
2583,25.83,1536,1592,2322,2373,1,0,1,40.97419435122675,42.46804518694856,56.689453125
2584,25.84,1536,1365,2318,2369,1,0,1,40.97419435122675,36.412614120719084,56.591796875
2585,25.85,1536,1592,2532,2379,1,0,1,40.97419435122675,42.46804518694856,61.81640625
2586,25.86,1536,1592,2324,2375,1,0,1,40.97419435122675,42.46804518694856,56.73828125
2587,25.87,1536,1592,2320,2371,1,0,1,40.97419435122675,42.46804518694856,56.640625
2588,25.88,1536,1365,2316,2367,1,0,1,40.97419435122675,36.412614120719084,56.54296875
2589,25.89,1536,1592,2530,2377,1,0,1,40.97419435122675,42.46804518694856,61.767578125
2590,25.9,1536,1592,2322,2373,1,0,1,40.97419435122675,42.46804518694856,56.689453125
2591,25.91,1536,1592,2318,2369,1,0,1,40.97419435122675,42.46804518694856,56.591796875
2592,25.92,1536,1365,2314,2365,1,0,1,40.97419435122675,36.412614120719084,56.494140625
2593,25.93,1536,1592,2528,2375,1,0,1,40.97419435122675,42.46804518694856,61.71875
2594,25.94,1536,1592,2320,2371,1,0,1,40.97419435122675,42.46804518694856,56.640625
2595,25.95,1536,1365,2316,2367,1,0,1,40.97419435122675,36.412614120719084,56.54296875
2596,25.96,1536,1592,2530,2377,1,0,1,40.97419435122675,42.46804518694856,61.767578125
2597,25.97,1536,1592,2322,2373,1,0,1,40.97419435122675,42.46804518694856,56.689453125
2598,25.98,1536,1592,2318,2369,1,0,1,40.97419435122675,42.46804518694856,56.591796875
2599,25.99,1536,1365,2314,2365,1,0,1,40.97419435122675,36.412614120719084,56.494140625
2600,26.0,1536,1592,2528,2375,1,0,1,40.97419435122675,42.46804518694856,61.71875
2601,26.01,1536,1592,2320,2371,1,0,1,40.97419435122675,42.46804518694856,56.640625
2602,26.02,1536,1365,2316,2367,1,0,1,40.97419435122675,36.412614120719084,56.54296875
2603,26.03,1536,1592,2530,2377,1,0,1,40.97419435122675,42.46804518694856,61.767578125
2604,26.04,1536,1592,2322,2373,1,0,1,40.97419435122675,42.46804518694856,56.689453125
2605,26.05,1536,1592,2318,2369,1,0,1,40.97419435122675,42.46804518694856,56.591796875
2606,26.06,1536,1365,2314,2365,1,0,1,40.97419435122675,36.412614120719084,56.494140625
2607,26.07,1536,1592,2528,2375,1,0,1,40.97419435122675,42.46804518694856,61.71875
2608,26.08,1536,1592,2320,2371,1,0,1,40.97419435122675,42.46804518694856,56.640625
2609,26.09,1536,1365,2316,2367,1,0,1,40.97419435122675,36.412614120719084,56.54296875
2610,26.1,1536,1592,2530,2377,1,0,1,40.97419435122675,42.46804518694856,61.767578125
2611,26.11,1536,1592,2322,2373,1,0,1,40.97419435122675,42.46804518694856,56.689453125
2612,26.12,1536,1592,2318,2369,1,0,1,40.97419435122675,42.46804518694856,56.591796875
2613,26.13,1536,1365,2314,2365,1,0,1,40.97419435122675,36.412614120719084,56.494140625
2614,26.14,1536,1592,2528,2375,1,0,1,40.97419435122675,42.46804518694856,61.71875
2615,26.15,1536,1592,2320,2371,1,0,1,40.97419435122675,42.46804518694856,56.640625
2616,26.16,1536,1365,2316,2367,1,0,1,40.97419435122675,36.412614120719084,56.54296875
2617,26.17,1536,1592,2530,2377,1,0,1,40.97419435122675,42.46804518694856,61.767578125
2618,26.18,1536,1592,2322,2373,1,0,1,40.97419435122675,42.46804518694856,56.689453125
2619,26.19,1536,1592,2318,2369,1,0,1,40.97419435122675,42.46804518694856,56.591796875
2620,26.2,1536,1365,2314,2365,1,0,1,40.97419435122675,36.412614120719084,56.494140625
2621,26.21,1536,1592,2528,2375,1,0,1,40.97419435122675,42.46804518694856,61.71875
2622,26.22,1536,1592,2320,2371,1,0,1,40.97419435122675,42.46804518694856,56.640625
2623,26.23,1536,1592,2316,2367,1,0,1,40.97419435122675,42.46804518694856,56.54296875
2624,26.24,1536,1365,2312,2363,1,0,1,40.97419435122675,36.412614120719084,56.4453125
2625,26.25,1536,1592,2526,2373,1,0,1,40.97419435122675,42.46804518694856,61.669921875
2626,26.26,1536,1592,2318,2369,1,0,1,40.97419435122675,42.46804518694856,56.591796875
2627,26.27,1536,1365,2314,2365,1,0,1,40.97419435122675,36.412614120719084,56.494140625
2628,26.28,1536,1592,2528,2375,1,0,1,40.97419435122675,42.46804518694856,61.71875
2629,26.29,1536,1592,2320,2371,1,0,1,40.97419435122675,42.46804518694856,56.640625
2630,26.3,1536,1592,2316,2367,1,0,1,40.97419435122675,42.46804518694856,56.54296875
2631,26.31,1536,1365,2312,2363,1,0,1,40.97419435122675,36.412614120719084,56.4453125
2632,26.32,1536,1592,2526,2373,1,0,1,40.97419435122675,42.46804518694856,61.669921875
2633,26.33,1536,1592,2318,2369,1,0,1,40.97419435122675,42.46804518694856,56.591796875
2634,26.34,1536,1365,2314,2365,1,0,1,40.97419435122675,36.412614120719084,56.494140625
2635,26.35,1536,1592,2528,2375,1,0,1,40.97419435122675,42.46804518694856,61.71875
2636,26.36,1536,1592,2320,2371,1,0,1,40.97419435122675,42.46804518694856,56.640625
2637,26.37,1536,1592,2316,2367,1,0,1,40.97419435122675,42.46804518694856,56.54296875
2638,26.38,1536,1365,2312,2363,1,0,1,40.97419435122675,36.412614120719084,56.4453125
2639,26.39,1536,1592,2526,2373,1,0,1,40.97419435122675,42.46804518694856,61.669921875
2640,26.4,1536,1592,2318,2369,1,0,1,40.97419435122675,42.46804518694856,56.591796875
2641,26.41,1536,1365,2314,2365,1,0,1,40.97419435122675,36.412614120719084,56.494140625
2642,26.42,1536,1592,2528,2375,1,0,1,40.97419435122675,42.46804518694856,61.71875
2643,26.43,1536,1592,2320,2371,1,0,1,40.97419435122675,42.46804518694856,56.640625
2644,26.44,1536,1592,2316,2367,1,0,1,40.97419435122675,42.46804518694856,56.54296875
2645,26.45,1536,1365,2312,2363,1,0,1,40.97419435122675,36.412614120719084,56.4453125
2646,26.46,1536,1592,2526,2373,1,0,1,40.97419435122675,42.46804518694856,61.669921875
2647,26.47,1536,1592,2318,2369,1,0,1,40.97419435122675,42.46804518694856,56.591796875
2648,26.48,1536,1592,2314,2365,1,0,1,40.97419435122675,42.46804518694856,56.494140625
2649,26.49,1536,1365,2310,2361,1,0,1,40.97419435122675,36.412614120719084,56.396484375
2650,26.5,1536,1592,2524,2371,1,0,1,40.97419435122675,42.46804518694856,61.62109375
2651,26.51,1536,1592,2316,2367,1,0,1,40.97419435122675,42.46804518694856,56.54296875
2652,26.52,1536,1365,2312,2363,1,0,1,40.97419435122675,36.412614120719084,56.4453125
2653,26.53,1536,1592,2526,2373,1,0,1,40.97419435122675,42.46804518694856,61.669921875
2654,26.54,1536,1592,2318,2369,1,0,1,40.97419435122675,42.46804518694856,56.591796875
2655,26.55,1536,1592,2314,2365,1,0,1,40.97419435122675,42.46804518694856,56.494140625
2656,26.56,1536,1365,2310,2361,1,0,1,40.97419435122675,36.412614120719084,56.396484375
2657,26.57,1536,1592,2524,2371,1,0,1,40.97419435122675,42.46804518694856,61.62109375
2658,26.58,1536,1592,2316,2367,1,0,1,40.97419435122675,42.46804518694856,56.54296875
2659,26.59,1536,1365,2312,2363,1,0,1,40.97419435122675,36.412614120719084,56.4453125
2660,26.6,1536,1592,2526,2373,1,0,1,40.97419435122675,42.46804518694856,61.669921875
2661,26.61,1536,1592,2318,2369,1,0,1,40.97419435122675,42.46804518694856,56.591796875
2662,26.62,1536,1365,2314,2365,1,0,1,40.97419435122675,36.412614120719084,56.494140625
2663,26.63,1536,1592,2528,2375,1,0,1,40.97419435122675,42.46804518694856,61.71875
2664,26.64,1536,1592,2320,2371,1,0,1,40.97419435122675,42.46804518694856,56.640625
2665,26.65,1536,1592,2316,2367,1,0,1,40.97419435122675,42.46804518694856,56.54296875
2666,26.66,1536,1365,2312,2363,1,0,1,40.97419435122675,36.412614120719084,56.4453125
2667,26.67,1536,1592,2526,2373,1,0,1,40.97419435122675,42.46804518694856,61.669921875
2668,26.68,1536,1592,2318,2369,1,0,1,40.97419435122675,42.46804518694856,56.591796875
2669,26.69,1536,1365,2314,2365,1,0,1,40.97419435122675,36.412614120719084,56.494140625
2670,26.7,1536,1592,2528,2375,1,0,1,40.97419435122675,42.46804518694856,61.71875
2671,26.71,1536,1592,2320,2371,1,0,1,40.97419435122675,42.46804518694856,56.640625
2672,26.72,1536,1592,2316,2367,1,0,1,40.97419435122675,42.46804518694856,56.54296875
2673,26.73,1536,1365,2312,2363,1,0,1,40.97419435122675,36.412614120719084,56.4453125
2674,26.74,1536,1592,2526,2373,1,0,1,40.97419435122675,42.46804518694856,61.669921875
2675,26.75,1536,1592,2318,2369,1,0,1,40.97419435122675,42.46804518694856,56.591796875
2676,26.76,1536,1365,2314,2365,1,0,1,40.97419435122675,36.412614120719084,56.494140625
2677,26.77,1536,1592,2528,2375,1,0,1,40.97419435122675,42.46804518694856,61.71875
2678,26.78,1536,1592,2320,2371,1,0,1,40.97419435122675,42.46804518694856,56.640625
2679,26.79,1536,1365,2316,2367,1,0,1,40.97419435122675,36.412614120719084,56.54296875
2680,26.8,1536,1592,2530,2377,1,0,1,40.97419435122675,42.46804518694856,61.767578125
2681,26.81,1536,1592,2322,2373,1,0,1,40.97419435122675,42.46804518694856,56.689453125
2682,26.82,1536,1365,2318,2369,1,0,1,40.97419435122675,36.412614120719084,56.591796875
2683,26.83,1536,1592,2532,2379,1,0,1,40.97419435122675,42.46804518694856,61.81640625
2684,26.84,1536,1592,2324,2375,1,0,1,40.97419435122675,42.46804518694856,56.73828125
2685,26.85,1536,1592,2320,2371,1,0,1,40.97419435122675,42.46804518694856,56.640625
2686,26.86,1536,1365,2316,2367,1,0,1,40.97419435122675,36.412614120719084,56.54296875
2687,26.87,1536,1592,2530,2377,1,0,1,40.97419435122675,42.46804518694856,61.767578125
2688,26.88,1536,1592,2322,2373,1,0,1,40.97419435122675,42.46804518694856,56.689453125
2689,26.89,1536,1365,2318,2369,1,0,1,40.97419435122675,36.412614120719084,56.591796875
2690,26.9,1536,1592,2532,2379,1,0,1,40.97419435122675,42.46804518694856,61.81640625
2691,26.91,1536,1592,2324,2375,1,0,1,40.97419435122675,42.46804518694856,56.73828125
2692,26.92,1536,1365,2320,2371,1,0,1,40.97419435122675,36.412614120719084,56.640625
2693,26.93,1536,1592,2534,2381,1,0,1,40.97419435122675,42.46804518694856,61.865234375
2694,26.94,1536,1592,2326,2377,1,0,1,40.97419435122675,42.46804518694856,56.787109375
2695,26.95,1536,1592,2322,2373,1,0,1,40.97419435122675,42.46804518694856,56.689453125
2696,26.96,1536,1365,2318,2369,1,0,1,40.97419435122675,36.412614120719084,56.591796875
2697,26.97,1536,1592,2532,2379,1,0,1,40.97419435122675,42.46804518694856,61.81640625
2698,26.98,1536,1592,2324,2375,1,0,1,40.97419435122675,42.46804518694856,56.73828125
2699,26.99,1536,1365,2320,2371,1,0,1,40.97419435122675,36.412614120719084,56.640625
2700,27.0,1536,1592,2534,2381,1,0,1,40.97419435122675,42.46804518694856,61.865234375
2701,27.01,1536,1592,2326,2377,1,0,1,40.97419435122675,42.46804518694856,56.787109375
2702,27.02,1536,1592,2322,2373,1,0,1,40.97419435122675,42.46804518694856,56.689453125
2703,27.03,1536,1365,2318,2369,1,0,1,40.97419435122675,36.412614120719084,56.591796875
2704,27.04,1536,1592,2532,2379,1,0,1,40.97419435122675,42.46804518694856,61.81640625
2705,27.05,1536,1592,2324,2375,1,0,1,40.97419435122675,42.46804518694856,56.73828125
2706,27.06,1536,1365,2320,2371,1,0,1,40.97419435122675,36.412614120719084,56.640625
2707,27.07,1536,1592,2534,2381,1,0,1,40.97419435122675,42.46804518694856,61.865234375
2708,27.08,1536,1592,2326,2377,1,0,1,40.97419435122675,42.46804518694856,56.787109375
2709,27.09,1536,1592,2322,2373,1,0,1,40.97419435122675,42.46804518694856,56.689453125
2710,27.1,1536,1365,2318,2369,1,0,1,40.97419435122675,36.412614120719084,56.591796875
2711,27.11,1536,1592,2532,2379,1,0,1,40.97419435122675,42.46804518694856,61.81640625
2712,27.12,1536,1592,2324,2375,1,0,1,40.97419435122675,42.46804518694856,56.73828125
2713,27.13,1536,1365,2320,2371,1,0,1,40.97419435122675,36.412614120719084,56.640625
2714,27.14,1536,1592,2534,2381,1,0,1,40.97419435122675,42.46804518694856,61.865234375
2715,27.15,1536,1592,2326,2377,1,0,1,40.97419435122675,42.46804518694856,56.787109375
2716,27.16,1536,1592,2322,2373,1,0,1,40.97419435122675,42.46804518694856,56.689453125
2717,27.17,1536,1365,2318,2369,1,0,1,40.97419435122675,36.412614120719084,56.591796875
2718,27.18,1536,1592,2532,2379,1,0,1,40.97419435122675,42.46804518694856,61.81640625
2719,27.19,1536,1592,2324,2375,1,0,1,40.97419435122675,42.46804518694856,56.73828125
2720,27.2,1536,1365,2320,2371,1,0,1,40.97419435122675,36.412614120719084,56.640625
2721,27.21,1536,1592,2534,2381,1,0,1,40.97419435122675,42.46804518694856,61.865234375
2722,27.22,1536,1592,2326,2377,1,0,1,40.97419435122675,42.46804518694856,56.787109375
2723,27.23,1536,1592,2322,2373,1,0,1,40.97419435122675,42.46804518694856,56.689453125
2724,27.24,1536,1365,2318,2369,1,0,1,40.97419435122675,36.412614120719084,56.591796875
2725,27.25,1536,1592,2532,2379,1,0,1,40.97419435122675,42.46804518694856,61.81640625
2726,27.26,1536,1592,2324,2375,1,0,1,40.97419435122675,42.46804518694856,56.73828125
2727,27.27,1536,1592,2320,2371,1,0,1,40.97419435122675,42.46804518694856,56.640625
2728,27.28,1536,1365,2316,2367,1,0,1,40.97419435122675,36.412614120719084,56.54296875
2729,27.29,1536,1592,2530,2377,1,0,1,40.97419435122675,42.46804518694856,61.767578125
2730,27.3,1536,1592,2322,2373,1,0,1,40.97419435122675,42.46804518694856,56.689453125
2731,27.31,1536,1365,2318,2369,1,0,1,40.97419435122675,36.412614120719084,56.591796875
2732,27.32,1536,1592,2532,2379,1,0,1,40.97419435122675,42.46804518694856,61.81640625
2733,27.33,1536,1592,2324,2375,1,0,1,40.97419435122675,42.46804518694856,56.73828125
2734,27.34,1536,1592,2320,2371,1,0,1,40.97419435122675,42.46804518694856,56.640625
2735,27.35,1536,1365,2316,2367,1,0,1,40.97419435122675,36.412614120719084,56.54296875
2736,27.36,1536,1592,2530,2377,1,0,1,40.97419435122675,42.46804518694856,61.767578125
2737,27.37,1536,1592,2322,2373,1,0,1,40.97419435122675,42.46804518694856,56.689453125
2738,27.38,1536,1592,2318,2369,1,0,1,40.97419435122675,42.46804518694856,56.591796875
2739,27.39,1536,1365,2314,2365,1,0,1,40.97419435122675,36.412614120719084,56.494140625
2740,27.4,1536,1592,2528,2375,1,0,1,40.97419435122675,42.46804518694856,61.71875
2741,27.41,1536,1592,2320,2371,1,0,1,40.97419435122675,42.46804518694856,56.640625
2742,27.42,1536,1365,2316,2367,1,0,1,40.97419435122675,36.412614120719084,56.54296875
2743,27.43,1536,1592,2530,2377,1,0,1,40.97419435122675,42.46804518694856,61.767578125
2744,27.44,1536,1592,2322,2373,1,0,1,40.97419435122675,42.46804518694856,56.689453125
2745,27.45,1536,1592,2318,2369,1,0,1,40.97419435122675,42.46804518694856,56.591796875
2746,27.46,1536,1365,2314,2365,1,0,1,40.97419435122675,36.412614120719084,56.494140625
2747,27.47,1536,1592,2528,2375,1,0,1,40.97419435122675,42.46804518694856,61.71875
2748,27.48,1536,1592,2320,2371,1,0,1,40.97419435122675,42.46804518694856,56.640625
2749,27.49,1536,1365,2316,2367,1,0,1,40.97419435122675,36.412614120719084,56.54296875
2750,27.5,1536,1592,2530,2377,1,0,1,40.97419435122675,42.46804518694856,61.767578125
2751,27.51,1536,1592,2322,2373,1,0,1,40.97419435122675,42.46804518694856,56.689453125
2752,27.52,1536,1592,2318,2369,1,0,1,40.97419435122675,42.46804518694856,56.591796875
2753,27.53,1536,1365,2314,2365,1,0,1,40.97419435122675,36.412614120719084,56.494140625
2754,27.54,1536,1592,2528,2375,1,0,1,40.97419435122675,42.46804518694856,61.71875
2755,27.55,1536,1592,2320,2371,1,0,1,40.97419435122675,42.46804518694856,56.640625
2756,27.56,1536,1365,2316,2367,1,0,1,40.97419435122675,36.412614120719084,56.54296875
2757,27.57,1536,1592,2530,2377,1,0,1,40.97419435122675,42.46804518694856,61.767578125
2758,27.58,1536,1592,2322,2373,1,0,1,40.97419435122675,42.46804518694856,56.689453125
2759,27.59,1536,1592,2318,2369,1,0,1,40.97419435122675,42.46804518694856,56.591796875
2760,27.6,1536,1365,2314,2365,1,0,1,40.97419435122675,36.412614120719084,56.494140625
2761,27.61,1536,1592,2528,2375,1,0,1,40.97419435122675,42.46804518694856,61.71875
2762,27.62,1536,1592,2320,2371,1,0,1,40.97419435122675,42.46804518694856,56.640625
2763,27.63,1536,1365,2316,2367,1,0,1,40.97419435122675,36.412614120719084,56.54296875
2764,27.64,1536,1592,2530,2377,1,0,1,40.97419435122675,42.46804518694856,61.767578125
2765,27.65,1536,1592,2322,2373,1,0,1,40.97419435122675,42.46804518694856,56.689453125
2766,27.66,1536,1592,2318,2369,1,0,1,40.97419435122675,42.46804518694856,56.591796875
2767,27.67,1536,1365,2314,2365,1,0,1,40.97419435122675,36.412614120719084,56.494140625
2768,27.68,1536,1592,2528,2375,1,0,1,40.97419435122675,42.46804518694856,61.71875
2769,27.69,1536,1592,2320,2371,1,0,1,40.97419435122675,42.46804518694856,56.640625
2770,27.7,1536,1365,2316,2367,1,0,1,40.97419435122675,36.412614120719084,56.54296875
2771,27.71,1536,1592,2530,2377,1,0,1,40.97419435122675,42.46804518694856,61.767578125
2772,27.72,1536,1592,2322,2373,1,0,1,40.97419435122675,42.46804518694856,56.689453125
2773,27.73,1536,1592,2318,2369,1,0,1,40.97419435122675,42.46804518694856,56.591796875
2774,27.74,1536,1365,2314,2365,1,0,1,40.97419435122675,36.412614120719084,56.494140625
2775,27.75,1536,1592,2528,2375,1,0,1,40.97419435122675,42.46804518694856,61.71875
2776,27.76,1536,1592,2320,2371,1,0,1,40.97419435122675,42.46804518694856,56.640625
2777,27.77,1536,1365,2316,2367,1,0,1,40.97419435122675,36.412614120719084,56.54296875
2778,27.78,1536,1592,2530,2377,1,0,1,40.97419435122675,42.46804518694856,61.767578125
2779,27.79,1536,1592,2322,2373,1,0,1,40.97419435122675,42.46804518694856,56.689453125
2780,27.8,1536,1592,2318,2369,1,0,1,40.97419435122675,42.46804518694856,56.591796875
2781,27.81,1536,1365,2314,2365,1,0,1,40.97419435122675,36.412614120719084,56.494140625
2782,27.82,1536,1592,2528,2375,1,0,1,40.97419435122675,42.46804518694856,61.71875
2783,27.83,1536,1592,2320,2371,1,0,1,40.97419435122675,42.46804518694856,56.640625
2784,27.84,1536,1365,2316,2367,1,0,1,40.97419435122675,36.412614120719084,56.54296875
2785,27.85,1536,1592,2530,2377,1,0,1,40.97419435122675,42.46804518694856,61.767578125
2786,27.86,1536,1592,2322,2373,1,0,1,40.97419435122675,42.46804518694856,56.689453125
2787,27.87,1536,1592,2318,2369,1,0,1,40.97419435122675,42.46804518694856,56.591796875
2788,27.88,1536,1365,2314,2365,1,0,1,40.97419435122675,36.412614120719084,56.494140625
2789,27.89,1536,1592,2528,2375,1,0,1,40.97419435122675,42.46804518694856,61.71875
2790,27.9,1536,1592,2320,2371,1,0,1,40.97419435122675,42.46804518694856,56.640625
2791,27.91,1536,1365,2316,2367,1,0,1,40.97419435122675,36.412614120719084,56.54296875
2792,27.92,1536,1592,2530,2377,1,0,1,40.97419435122675,42.46804518694856,61.767578125
2793,27.93,1536,1592,2322,2373,1,0,1,40.97419435122675,42.46804518694856,56.689453125
2794,27.94,1536,1592,2318,2369,1,0,1,40.97419435122675,42.46804518694856,56.591796875
2795,27.95,1536,1365,2314,2365,1,0,1,40.97419435122675,36.412614120719084,56.494140625
2796,27.96,1536,1592,2528,2375,1,0,1,40.97419435122675,42.46804518694856,61.71875
2797,27.97,1536,1592,2320,2371,1,0,1,40.97419435122675,42.46804518694856,56.640625
2798,27.98,1536,1592,2316,2367,1,0,1,40.97419435122675,42.46804518694856,56.54296875
2799,27.99,1536,1365,2312,2363,1,0,1,40.97419435122675,36.412614120719084,56.4453125
2800,28.0,1536,1592,2526,2373,1,0,1,40.97419435122675,42.46804518694856,61.669921875
2801,28.01,1536,1592,2318,2369,1,0,1,40.97419435122675,42.46804518694856,56.591796875
2802,28.02,1536,1365,2314,2365,1,0,1,40.97419435122675,36.412614120719084,56.494140625
2803,28.03,1536,1592,2528,2375,1,0,1,40.97419435122675,42.46804518694856,61.71875
2804,28.04,1536,1592,2320,2371,1,0,1,40.97419435122675,42.46804518694856,56.640625
2805,28.05,1536,1365,2316,2367,1,0,1,40.97419435122675,36.412614120719084,56.54296875
2806,28.06,1536,1592,2530,2377,1,0,1,40.97419435122675,42.46804518694856,61.767578125
2807,28.07,1536,1592,2322,2373,1,0,1,40.97419435122675,42.46804518694856,56.689453125
2808,28.08,1536,1592,2318,2369,1,0,1,40.97419435122675,42.46804518694856,56.591796875
2809,28.09,1536,1365,2314,2365,1,0,1,40.97419435122675,36.412614120719084,56.494140625
2810,28.1,1536,1592,2528,2375,1,0,1,40.97419435122675,42.46804518694856,61.71875
2811,28.11,1536,1592,2320,2371,1,0,1,40.97419435122675,42.46804518694856,56.640625
2812,28.12,1536,1365,2316,2367,1,0,1,40.97419435122675,36.412614120719084,56.54296875
2813,28.13,1536,1592,2530,2377,1,0,1,40.97419435122675,42.46804518694856,61.767578125
2814,28.14,1536,1592,2322,2373,1,0,1,40.97419435122675,42.46804518694856,56.689453125
2815,28.15,1536,1592,2318,2369,1,0,1,40.97419435122675,42.46804518694856,56.591796875
2816,28.16,1536,1365,2314,2365,1,0,1,40.97419435122675,36.412614120719084,56.494140625
2817,28.17,1536,1592,2528,2375,1,0,1,40.97419435122675,42.46804518694856,61.71875
2818,28.18,1536,1592,2320,2371,1,0,1,40.97419435122675,42.46804518694856,56.640625
2819,28.19,1536,1365,2316,2367,1,0,1,40.97419435122675,36.412614120719084,56.54296875
2820,28.2,1536,1592,2530,2377,1,0,1,40.97419435122675,42.46804518694856,61.767578125
2821,28.21,1536,1592,2322,2373,1,0,1,40.97419435122675,42.46804518694856,56.689453125
2822,28.22,1536,1365,2318,2369,1,0,1,40.97419435122675,36.412614120719084,56.591796875
2823,28.23,1536,1592,2532,2379,1,0,1,40.97419435122675,42.46804518694856,61.81640625
2824,28.24,1536,1592,2324,2375,1,0,1,40.97419435122675,42.46804518694856,56.73828125
2825,28.25,1536,1592,2320,2371,1,0,1,40.97419435122675,42.46804518694856,56.640625
2826,28.26,1536,1365,2316,2367,1,0,1,40.97419435122675,36.412614120719084,56.54296875
2827,28.27,1536,1592,2530,2377,1,0,1,40.97419435122675,42.46804518694856,61.767578125
2828,28.28,1536,1592,2322,2373,1,0,1,40.97419435122675,42.46804518694856,56.689453125
2829,28.29,1536,1365,2318,2369,1,0,1,40.97419435122675,36.412614120719084,56.591796875
2830,28.3,1536,1592,2532,2379,1,0,1,40.97419435122675,42.46804518694856,61.81640625
2831,28.31,1536,1592,2324,2375,1,0,1,40.97419435122675,42.46804518694856,56.73828125
2832,28.32,1536,1365,2320,2371,1,0,1,40.97419435122675,36.412614120719084,56.640625
2833,28.33,1536,1592,2534,2381,1,0,1,40.97419435122675,42.46804518694856,61.865234375
2834,28.34,1536,1592,2326,2377,1,0,1,40.97419435122675,42.46804518694856,56.787109375
2835,28.35,1536,1592,2322,2373,1,0,1,40.97419435122675,42.46804518694856,56.689453125
2836,28.36,1536,1365,2318,2369,1,0,1,40.97419435122675,36.412614120719084,56.591796875
2837,28.37,1536,1592,2532,2379,1,0,1,40.97419435122675,42.46804518694856,61.81640625
2838,28.38,1536,1592,2324,2375,1,0,1,40.97419435122675,42.46804518694856,56.73828125
2839,28.39,1536,1365,2320,2371,1,0,1,40.97419435122675,36.412614120719084,56.640625
2840,28.4,1536,1592,2534,2381,1,0,1,40.97419435122675,42.46804518694856,61.865234375
2841,28.41,1536,1592,2326,2377,1,0,1,40.97419435122675,42.46804518694856,56.787109375
2842,28.42,1536,1592,2322,2373,1,0,1,40.97419435122675,42.46804518694856,56.689453125
2843,28.43,1536,1365,2318,2369,1,0,1,40.97419435122675,36.412614120719084,56.591796875
2844,28.44,1536,1592,2532,2379,1,0,1,40.97419435122675,42.46804518694856,61.81640625
2845,28.45,1536,1592,2324,2375,1,0,1,40.97419435122675,42.46804518694856,56.73828125
2846,28.46,1536,1365,2320,2371,1,0,1,40.97419435122675,36.412614120719084,56.640625
2847,28.47,1536,1592,2534,2381,1,0,1,40.97419435122675,42.46804518694856,61.865234375
2848,28.48,1536,1592,2326,2377,1,0,1,40.97419435122675,42.46804518694856,56.787109375
2849,28.49,1536,1592,2322,2373,1,0,1,40.97419435122675,42.46804518694856,56.689453125
2850,28.5,1536,1365,2318,2369,1,0,1,40.97419435122675,36.412614120719084,56.591796875
2851,28.51,1536,1592,2532,2379,1,0,1,40.97419435122675,42.46804518694856,61.81640625
2852,28.52,1536,1592,2324,2375,1,0,1,40.97419435122675,42.46804518694856,56.73828125
2853,28.53,1536,1365,2320,2371,1,0,1,40.97419435122675,36.412614120719084,56.640625
2854,28.54,1536,1592,2534,2381,1,0,1,40.97419435122675,42.46804518694856,61.865234375
2855,28.55,1536,1592,2326,2377,1,0,1,40.97419435122675,42.46804518694856,56.787109375
2856,28.56,1536,1592,2322,2373,1,0,1,40.97419435122675,42.46804518694856,56.689453125
2857,28.57,1536,1365,2318,2369,1,0,1,40.97419435122675,36.412614120719084,56.591796875
2858,28.58,1536,1592,2532,2379,1,0,1,40.97419435122675,42.46804518694856,61.81640625
2859,28.59,1536,1592,2324,2375,1,0,1,40.97419435122675,42.46804518694856,56.73828125
2860,28.6,1536,1365,2320,2371,1,0,1,40.97419435122675,36.412614120719084,56.640625
2861,28.61,1536,1592,2534,2381,1,0,1,40.97419435122675,42.46804518694856,61.865234375
2862,28.62,1536,1592,2326,2377,1,0,1,40.97419435122675,42.46804518694856,56.787109375
2863,28.63,1536,1592,2322,2373,1,0,1,40.97419435122675,42.46804518694856,56.689453125
2864,28.64,1536,1365,2318,2369,1,0,1,40.97419435122675,36.412614120719084,56.591796875
2865,28.65,1536,1592,2532,2379,1,0,1,40.97419435122675,42.46804518694856,61.81640625
2866,28.66,1536,1592,2324,2375,1,0,1,40.97419435122675,42.46804518694856,56.73828125
2867,28.67,1536,1365,2320,2371,1,0,1,40.97419435122675,36.412614120719084,56.640625
2868,28.68,1536,1592,2534,2381,1,0,1,40.97419435122675,42.46804518694856,61.865234375
2869,28.69,1536,1592,2326,2377,1,0,1,40.97419435122675,42.46804518694856,56.787109375
2870,28.7,1536,1592,2322,2373,1,0,1,40.97419435122675,42.46804518694856,56.689453125
2871,28.71,1536,1365,2318,2369,1,0,1,40.97419435122675,36.412614120719084,56.591796875
2872,28.72,1536,1592,2532,2379,1,0,1,40.97419435122675,42.46804518694856,61.81640625
2873,28.73,1536,1592,2324,2375,1,0,1,40.97419435122675,42.46804518694856,56.73828125
2874,28.74,1536,1365,2320,2371,1,0,1,40.97419435122675,36.412614120719084,56.640625
2875,28.75,1536,1592,2534,2381,1,0,1,40.97419435122675,42.46804518694856,61.865234375
2876,28.76,1536,1592,2326,2377,1,0,1,40.97419435122675,42.46804518694856,56.787109375
2877,28.77,1536,1592,2322,2373,1,0,1,40.97419435122675,42.46804518694856,56.689453125
2878,28.78,1536,1365,2318,2369,1,0,1,40.97419435122675,36.412614120719084,56.591796875
2879,28.79,1536,1592,2532,2379,1,0,1,40.97419435122675,42.46804518694856,61.81640625
2880,28.8,1536,1592,2324,2375,1,0,1,40.97419435122675,42.46804518694856,56.73828125
2881,28.81,1536,1365,2320,2371,1,0,1,40.97419435122675,36.412614120719084,56.640625
2882,28.82,1536,1592,2534,2381,1,0,1,40.97419435122675,42.46804518694856,61.865234375
2883,28.83,1536,1592,2326,2377,1,0,1,40.97419435122675,42.46804518694856,56.787109375
2884,28.84,1536,1365,2322,2373,1,0,1,40.97419435122675,36.412614120719084,56.689453125
2885,28.85,1536,1592,2536,2383,1,0,1,40.97419435122675,42.46804518694856,61.9140625
2886,28.86,1536,1592,2328,2379,1,0,1,40.97419435122675,42.46804518694856,56.8359375
2887,28.87,1536,1592,2324,2375,1,0,1,40.97419435122675,42.46804518694856,56.73828125
2888,28.88,1536,1365,2320,2371,1,0,1,40.97419435122675,36.412614120719084,56.640625
2889,28.89,1536,1592,2534,2381,1,0,1,40.97419435122675,42.46804518694856,61.865234375
2890,28.9,1536,1592,2326,2377,1,0,1,40.97419435122675,42.46804518694856,56.787109375
2891,28.91,1536,1365,2322,2373,1,0,1,40.97419435122675,36.412614120719084,56.689453125
2892,28.92,1536,1592,2536,2383,1,0,1,40.97419435122675,42.46804518694856,61.9140625
2893,28.93,1536,1592,2328,2379,1,0,1,40.97419435122675,42.46804518694856,56.8359375
2894,28.94,1536,1592,2324,2375,1,0,1,40.97419435122675,42.46804518694856,56.73828125
2895,28.95,1536,1365,2320,2371,1,0,1,40.97419435122675,36.412614120719084,56.640625
2896,28.96,1536,1592,2534,2381,1,0,1,40.97419435122675,42.46804518694856,61.865234375
2897,28.97,1536,1592,2326,2377,1,0,1,40.97419435122675,42.46804518694856,56.787109375
2898,28.98,1536,1365,2322,2373,1,0,1,40.97419435122675,36.412614120719084,56.689453125
2899,28.99,1536,1592,2536,2383,1,0,1,40.97419435122675,42.46804518694856,61.9140625
2900,29.0,1536,1592,2328,2379,1,0,1,40.97419435122675,42.46804518694856,56.8359375
2901,29.01,1536,1365,2324,2375,1,0,1,40.97419435122675,36.412614120719084,56.73828125
2902,29.02,1536,1592,2538,2385,1,0,1,40.97419435122675,42.46804518694856,61.962890625
2903,29.03,1536,1592,2330,2381,1,0,1,40.97419435122675,42.46804518694856,56.884765625
2904,29.04,1536,1592,2326,2377,1,0,1,40.97419435122675,42.46804518694856,56.787109375
2905,29.05,1536,1365,2322,2373,1,0,1,40.97419435122675,36.412614120719084,56.689453125
2906,29.06,1536,1592,2536,2383,1,0,1,40.97419435122675,42.46804518694856,61.9140625
2907,29.07,1536,1592,2328,2379,1,0,1,40.97419435122675,42.46804518694856,56.8359375
2908,29.08,1536,1365,2324,2375,1,0,1,40.97419435122675,36.412614120719084,56.73828125
2909,29.09,1536,1592,2538,2385,1,0,1,40.97419435122675,42.46804518694856,61.962890625
2910,29.1,1536,1592,2330,2381,1,0,1,40.97419435122675,42.46804518694856,56.884765625
2911,29.11,1536,1592,2326,2377,1,0,1,40.97419435122675,42.46804518694856,56.787109375
2912,29.12,1536,1365,2322,2373,1,0,1,40.97419435122675,36.412614120719084,56.689453125
2913,29.13,1536,1592,2536,2383,1,0,1,40.97419435122675,42.46804518694856,61.9140625
2914,29.14,1536,1592,2328,2379,1,0,1,40.97419435122675,42.46804518694856,56.8359375
2915,29.15,1536,1365,2324,2375,1,0,1,40.97419435122675,36.412614120719084,56.73828125
2916,29.16,1536,1592,2538,2385,1,0,1,40.97419435122675,42.46804518694856,61.962890625
2917,29.17,1536,1592,2330,2381,1,0,1,40.97419435122675,42.46804518694856,56.884765625
2918,29.18,1536,1592,2326,2377,1,0,1,40.97419435122675,42.46804518694856,56.787109375
2919,29.19,1536,1365,2322,2373,1,0,1,40.97419435122675,36.412614120719084,56.689453125
2920,29.2,1536,1592,2536,2383,1,0,1,40.97419435122675,42.46804518694856,61.9140625
2921,29.21,1536,1592,2328,2379,1,0,1,40.97419435122675,42.46804518694856,56.8359375
2922,29.22,1536,1365,2324,2375,1,0,1,40.97419435122675,36.412614120719084,56.73828125
2923,29.23,1536,1592,2538,2385,1,0,1,40.97419435122675,42.46804518694856,61.962890625
2924,29.24,1536,1592,2330,2381,1,0,1,40.97419435122675,42.46804518694856,56.884765625
2925,29.25,1536,1592,2326,2377,1,0,1,40.97419435122675,42.46804518694856,56.787109375
2926,29.26,1536,1365,2322,2373,1,0,1,40.97419435122675,36.412614120719084,56.689453125
2927,29.27,1536,1592,2536,2383,1,0,1,40.97419435122675,42.46804518694856,61.9140625
2928,29.28,1536,1592,2328,2379,1,0,1,40.97419435122675,42.46804518694856,56.8359375
2929,29.29,1536,1592,2324,2375,1,0,1,40.97419435122675,42.46804518694856,56.73828125
2930,29.3,1536,1365,2320,2371,1,0,1,40.97419435122675,36.412614120719084,56.640625
2931,29.31,1536,1592,2534,2381,1,0,1,40.97419435122675,42.46804518694856,61.865234375
2932,29.32,1536,1592,2326,2377,1,0,1,40.97419435122675,42.46804518694856,56.787109375
2933,29.33,1536,1365,2322,2373,1,0,1,40.97419435122675,36.412614120719084,56.689453125
2934,29.34,1536,1592,2536,2383,1,0,1,40.97419435122675,42.46804518694856,61.9140625
2935,29.35,1536,1592,2328,2379,1,0,1,40.97419435122675,42.46804518694856,56.8359375
2936,29.36,1536,1592,2324,2375,1,0,1,40.97419435122675,42.46804518694856,56.73828125
2937,29.37,1536,1365,2320,2371,1,0,1,40.97419435122675,36.412614120719084,56.640625
2938,29.38,1536,1592,2534,2381,1,0,1,40.97419435122675,42.46804518694856,61.865234375
2939,29.39,1536,1592,2326,2377,1,0,1,40.97419435122675,42.46804518694856,56.787109375
2940,29.4,1536,1592,2322,2373,1,0,1,40.97419435122675,42.46804518694856,56.689453125
2941,29.41,1536,1365,2318,2369,1,0,1,40.97419435122675,36.412614120719084,56.591796875
2942,29.42,1536,1592,2532,2379,1,0,1,40.97419435122675,42.46804518694856,61.81640625
2943,29.43,1536,1592,2324,2375,1,0,1,40.97419435122675,42.46804518694856,56.73828125
2944,29.44,1536,1365,2320,2371,1,0,1,40.97419435122675,36.412614120719084,56.640625
2945,29.45,1536,1592,2534,2381,1,0,1,40.97419435122675,42.46804518694856,61.865234375
2946,29.46,1536,1592,2326,2377,1,0,1,40.97419435122675,42.46804518694856,56.787109375
2947,29.47,1536,1592,2322,2373,1,0,1,40.97419435122675,42.46804518694856,56.689453125
2948,29.48,1536,1365,2318,2369,1,0,1,40.97419435122675,36.412614120719084,56.591796875
2949,29.49,1536,1592,2532,2379,1,0,1,40.97419435122675,42.46804518694856,61.81640625
2950,29.5,1536,1592,2324,2375,1,0,1,40.97419435122675,42.46804518694856,56.73828125
2951,29.51,1536,1592,2320,2371,1,0,1,40.97419435122675,42.46804518694856,56.640625
2952,29.52,1536,1365,2316,2367,1,0,1,40.97419435122675,36.412614120719084,56.54296875
2953,29.53,1536,1592,2530,2377,1,0,1,40.97419435122675,42.46804518694856,61.767578125
2954,29.54,1536,1592,2322,2373,1,0,1,40.97419435122675,42.46804518694856,56.689453125
2955,29.55,1536,1365,2318,2369,1,0,1,40.97419435122675,36.412614120719084,56.591796875
2956,29.56,1536,1592,2532,2379,1,0,1,40.97419435122675,42.46804518694856,61.81640625
2957,29.57,1536,1592,2324,2375,1,0,1,40.97419435122675,42.46804518694856,56.73828125
2958,29.58,1536,1592,2320,2371,1,0,1,40.97419435122675,42.46804518694856,56.640625
2959,29.59,1536,1365,2316,2367,1,0,1,40.97419435122675,36.412614120719084,56.54296875
2960,29.6,1536,1592,2530,2377,1,0,1,40.97419435122675,42.46804518694856,61.767578125
2961,29.61,1536,1592,2322,2373,1,0,1,40.97419435122675,42.46804518694856,56.689453125
2962,29.62,1536,1365,2318,2369,1,0,1,40.97419435122675,36.412614120719084,56.591796875
2963,29.63,1536,1592,2532,2379,1,0,1,40.97419435122675,42.46804518694856,61.81640625
2964,29.64,1536,1592,2324,2375,1,0,1,40.97419435122675,42.46804518694856,56.73828125
2965,29.65,1536,1592,2320,2371,1,0,1,40.97419435122675,42.46804518694856,56.640625
2966,29.66,1536,1365,2316,2367,1,0,1,40.97419435122675,36.412614120719084,56.54296875
2967,29.67,1536,1592,2530,2377,1,0,1,40.97419435122675,42.46804518694856,61.767578125
2968,29.68,1536,1592,2322,2373,1,0,1,40.97419435122675,42.46804518694856,56.689453125
2969,29.69,1536,1365,2318,2369,1,0,1,40.97419435122675,36.412614120719084,56.591796875
2970,29.7,1536,1592,2532,2379,1,0,1,40.97419435122675,42.46804518694856,61.81640625
2971,29.71,1536,1592,2324,2375,1,0,1,40.97419435122675,42.46804518694856,56.73828125
2972,29.72,1536,1592,2320,2371,1,0,1,40.97419435122675,42.46804518694856,56.640625
2973,29.73,1536,1365,2316,2367,1,0,1,40.97419435122675,36.412614120719084,56.54296875
2974,29.74,1536,1592,2530,2377,1,0,1,40.97419435122675,42.46804518694856,61.767578125
2975,29.75,1536,1592,2322,2373,1,0,1,40.97419435122675,42.46804518694856,56.689453125
2976,29.76,1536,1365,2318,2369,1,0,1,40.97419435122675,36.412614120719084,56.591796875
2977,29.77,1536,1592,2532,2379,1,0,1,40.97419435122675,42.46804518694856,61.81640625
2978,29.78,1536,1592,2324,2375,1,0,1,40.97419435122675,42.46804518694856,56.73828125
2979,29.79,1536,1592,2320,2371,1,0,1,40.97419435122675,42.46804518694856,56.640625
2980,29.8,1536,1365,2316,2367,1,0,1,40.97419435122675,36.412614120719084,56.54296875
2981,29.81,1536,1592,2530,2377,1,0,1,40.97419435122675,42.46804518694856,61.767578125
2982,29.82,1536,1592,2322,2373,1,0,1,40.97419435122675,42.46804518694856,56.689453125
2983,29.83,1536,1592,2318,2369,1,0,1,40.97419435122675,42.46804518694856,56.591796875
2984,29.84,1536,1365,2314,2365,1,0,1,40.97419435122675,36.412614120719084,56.494140625
2985,29.85,1536,1592,2528,2375,1,0,1,40.97419435122675,42.46804518694856,61.71875
2986,29.86,1536,1592,2320,2371,1,0,1,40.97419435122675,42.46804518694856,56.640625
2987,29.87,1536,1365,2316,2367,1,0,1,40.97419435122675,36.412614120719084,56.54296875
2988,29.88,1536,1592,2530,2377,1,0,1,40.97419435122675,42.46804518694856,61.767578125
2989,29.89,1536,1592,2322,2373,1,0,1,40.97419435122675,42.46804518694856,56.689453125
2990,29.9,1536,1592,2318,2369,1,0,1,40.97419435122675,42.46804518694856,56.591796875
2991,29.91,1536,1365,2314,2365,1,0,1,40.97419435122675,36.412614120719084,56.494140625
2992,29.92,1536,1592,2528,2375,1,0,1,40.97419435122675,42.46804518694856,61.71875
2993,29.93,1536,1592,2320,2371,1,0,1,40.97419435122675,42.46804518694856,56.640625
2994,29.94,1536,1592,2316,2367,1,0,1,40.97419435122675,42.46804518694856,56.54296875
2995,29.95,1536,1365,2312,2363,1,0,1,40.97419435122675,36.412614120719084,56.4453125
2996,29.96,1536,1592,2526,2373,1,0,1,40.97419435122675,42.46804518694856,61.669921875
2997,29.97,1536,1592,2318,2369,1,0,1,40.97419435122675,42.46804518694856,56.591796875
2998,29.98,1536,1365,2314,2365,1,0,1,40.97419435122675,36.412614120719084,56.494140625
2999,29.99,1536,1592,2528,2375,1,0,1,40.97419435122675,42.46804518694856,61.71875
3000,30.0,1536,1592,2320,2371,1,0,1,40.97419435122675,42.46804518694856,56.640625
3001,30.01,1536,1592,2316,2367,1,0,1,40.97419435122675,42.46804518694856,56.54296875
3002,30.02,1536,1365,2312,2363,1,0,1,40.97419435122675,36.412614120719084,56.4453125
