sample,time_s,reference_q12,measured_q12,duty_q12,integral_q12,armed,fault,enabled,target_rpm,measured_rpm,duty_percent
0,0.0,1024,1137,2125,2023,1,0,1,27.3161295674845,30.33050714670886,51.8798828125
1,0.01,1024,910,1914,2016,1,0,1,27.3161295674845,24.275076080479387,46.728515625
2,0.02,1024,1137,2124,2022,1,0,1,27.3161295674845,30.33050714670886,51.85546875
3,0.03,1024,910,1913,2015,1,0,1,27.3161295674845,24.275076080479387,46.7041015625
4,0.04,1024,1137,2123,2021,1,0,1,27.3161295674845,30.33050714670886,51.8310546875
5,0.05,1024,910,1912,2014,1,0,1,27.3161295674845,24.275076080479387,46.6796875
6,0.06,1024,1137,2122,2020,1,0,1,27.3161295674845,30.33050714670886,51.806640625
7,0.07,1024,910,1911,2013,1,0,1,27.3161295674845,24.275076080479387,46.6552734375
8,0.08,1024,1137,2121,2019,1,0,1,27.3161295674845,30.33050714670886,51.7822265625
9,0.09,1024,910,1910,2012,1,0,1,27.3161295674845,24.275076080479387,46.630859375
10,0.1,1024,910,2120,2018,1,0,1,27.3161295674845,24.275076080479387,51.7578125
11,0.11,1024,1137,2126,2024,1,0,1,27.3161295674845,30.33050714670886,51.904296875
12,0.12,1024,910,1915,2017,1,0,1,27.3161295674845,24.275076080479387,46.7529296875
13,0.13,1024,1137,2125,2023,1,0,1,27.3161295674845,30.33050714670886,51.8798828125
14,0.14,1024,910,1914,2016,1,0,1,27.3161295674845,24.275076080479387,46.728515625
15,0.15,1024,1137,2124,2022,1,0,1,27.3161295674845,30.33050714670886,51.85546875
16,0.16,1024,910,1913,2015,1,0,1,27.3161295674845,24.275076080479387,46.7041015625
17,0.17,1024,1137,2123,2021,1,0,1,27.3161295674845,30.33050714670886,51.8310546875
18,0.18,1024,910,1912,2014,1,0,1,27.3161295674845,24.275076080479387,46.6796875
19,0.19,1024,1137,2122,2020,1,0,1,27.3161295674845,30.33050714670886,51.806640625
20,0.2,1024,910,1911,2013,1,0,1,27.3161295674845,24.275076080479387,46.6552734375
21,0.21,1024,910,2121,2019,1,0,1,27.3161295674845,24.275076080479387,51.7822265625
22,0.22,1024,1137,2127,2025,1,0,1,27.3161295674845,30.33050714670886,51.9287109375
23,0.23,1024,910,1916,2018,1,0,1,27.3161295674845,24.275076080479387,46.77734375
24,0.24,1024,1137,2126,2024,1,0,1,27.3161295674845,30.33050714670886,51.904296875
25,0.25,1024,910,1915,2017,1,0,1,27.3161295674845,24.275076080479387,46.7529296875
26,0.26,1024,1137,2125,2023,1,0,1,27.3161295674845,30.33050714670886,51.8798828125
27,0.27,1024,910,1914,2016,1,0,1,27.3161295674845,24.275076080479387,46.728515625
28,0.28,1024,1137,2124,2022,1,0,1,27.3161295674845,30.33050714670886,51.85546875
29,0.29,1024,910,1913,2015,1,0,1,27.3161295674845,24.275076080479387,46.7041015625
30,0.3,1024,1137,2123,2021,1,0,1,27.3161295674845,30.33050714670886,51.8310546875
31,0.31,1024,910,1912,2014,1,0,1,27.3161295674845,24.275076080479387,46.6796875
32,0.32,1024,910,2122,2020,1,0,1,27.3161295674845,24.275076080479387,51.806640625
33,0.33,1024,1137,2128,2026,1,0,1,27.3161295674845,30.33050714670886,51.953125
34,0.34,1024,910,1917,2019,1,0,1,27.3161295674845,24.275076080479387,46.8017578125
35,0.35,1024,1137,2127,2025,1,0,1,27.3161295674845,30.33050714670886,51.9287109375
36,0.36,1024,910,1916,2018,1,0,1,27.3161295674845,24.275076080479387,46.77734375
37,0.37,1024,1137,2126,2024,1,0,1,27.3161295674845,30.33050714670886,51.904296875
38,0.38,1024,910,1915,2017,1,0,1,27.3161295674845,24.275076080479387,46.7529296875
39,0.39,1024,1137,2125,2023,1,0,1,27.3161295674845,30.33050714670886,51.8798828125
40,0.4,1024,910,1914,2016,1,0,1,27.3161295674845,24.275076080479387,46.728515625
41,0.41,1024,1137,2124,2022,1,0,1,27.3161295674845,30.33050714670886,51.85546875
42,0.42,1024,910,1913,2015,1,0,1,27.3161295674845,24.275076080479387,46.7041015625
43,0.43,1024,910,2123,2021,1,0,1,27.3161295674845,24.275076080479387,51.8310546875
44,0.44,1024,1137,2129,2027,1,0,1,27.3161295674845,30.33050714670886,51.9775390625
45,0.45,1024,910,1918,2020,1,0,1,27.3161295674845,24.275076080479387,46.826171875
46,0.46,1024,1137,2128,2026,1,0,1,27.3161295674845,30.33050714670886,51.953125
47,0.47,1024,910,1917,2019,1,0,1,27.3161295674845,24.275076080479387,46.8017578125
48,0.48,1024,1137,2127,2025,1,0,1,27.3161295674845,30.33050714670886,51.9287109375
49,0.49,1024,910,1916,2018,1,0,1,27.3161295674845,24.275076080479387,46.77734375
50,0.5,1024,1137,2126,2024,1,0,1,27.3161295674845,30.33050714670886,51.904296875
51,0.51,1024,910,1915,2017,1,0,1,27.3161295674845,24.275076080479387,46.7529296875
52,0.52,1024,1137,2125,2023,1,0,1,27.3161295674845,30.33050714670886,51.8798828125
53,0.53,1024,910,1914,2016,1,0,1,27.3161295674845,24.275076080479387,46.728515625
54,0.54,1024,1137,2124,2022,1,0,1,27.3161295674845,30.33050714670886,51.85546875
55,0.55,1024,910,1913,2015,1,0,1,27.3161295674845,24.275076080479387,46.7041015625
56,0.56,1024,1137,2123,2021,1,0,1,27.3161295674845,30.33050714670886,51.8310546875
57,0.57,1024,910,1912,2014,1,0,1,27.3161295674845,24.275076080479387,46.6796875
58,0.58,1024,1137,2122,2020,1,0,1,27.3161295674845,30.33050714670886,51.806640625
59,0.59,1024,910,1911,2013,1,0,1,27.3161295674845,24.275076080479387,46.6552734375
60,0.6,1024,1137,2121,2019,1,0,1,27.3161295674845,30.33050714670886,51.7822265625
61,0.61,1024,910,1910,2012,1,0,1,27.3161295674845,24.275076080479387,46.630859375
62,0.62,1024,910,2120,2018,1,0,1,27.3161295674845,24.275076080479387,51.7578125
63,0.63,1024,1137,2126,2024,1,0,1,27.3161295674845,30.33050714670886,51.904296875
64,0.64,1024,910,1915,2017,1,0,1,27.3161295674845,24.275076080479387,46.7529296875
65,0.65,1024,1137,2125,2023,1,0,1,27.3161295674845,30.33050714670886,51.8798828125
66,0.66,1024,910,1914,2016,1,0,1,27.3161295674845,24.275076080479387,46.728515625
67,0.67,1024,1137,2124,2022,1,0,1,27.3161295674845,30.33050714670886,51.85546875
68,0.68,1024,910,1913,2015,1,0,1,27.3161295674845,24.275076080479387,46.7041015625
69,0.69,1024,1137,2123,2021,1,0,1,27.3161295674845,30.33050714670886,51.8310546875
70,0.7,1024,910,1912,2014,1,0,1,27.3161295674845,24.275076080479387,46.6796875
71,0.71,1024,1137,2122,2020,1,0,1,27.3161295674845,30.33050714670886,51.806640625
72,0.72,1024,910,1911,2013,1,0,1,27.3161295674845,24.275076080479387,46.6552734375
73,0.73,1024,1137,2121,2019,1,0,1,27.3161295674845,30.33050714670886,51.7822265625
74,0.74,1024,910,1910,2012,1,0,1,27.3161295674845,24.275076080479387,46.630859375
75,0.75,1024,1137,2120,2018,1,0,1,27.3161295674845,30.33050714670886,51.7578125
76,0.76,1024,910,1909,2011,1,0,1,27.3161295674845,24.275076080479387,46.6064453125
77,0.77,1024,1137,2119,2017,1,0,1,27.3161295674845,30.33050714670886,51.7333984375
78,0.78,1024,910,1908,2010,1,0,1,27.3161295674845,24.275076080479387,46.58203125
79,0.79,1024,1137,2118,2016,1,0,1,27.3161295674845,30.33050714670886,51.708984375
80,0.8,1024,910,1907,2009,1,0,1,27.3161295674845,24.275076080479387,46.5576171875
81,0.81,1024,910,2117,2015,1,0,1,27.3161295674845,24.275076080479387,51.6845703125
82,0.82,1024,1137,2123,2021,1,0,1,27.3161295674845,30.33050714670886,51.8310546875
83,0.83,1024,910,1912,2014,1,0,1,27.3161295674845,24.275076080479387,46.6796875
84,0.84,1024,1137,2122,2020,1,0,1,27.3161295674845,30.33050714670886,51.806640625
85,0.85,1024,910,1911,2013,1,0,1,27.3161295674845,24.275076080479387,46.6552734375
86,0.86,1024,1137,2121,2019,1,0,1,27.3161295674845,30.33050714670886,51.7822265625
87,0.87,1024,910,1910,2012,1,0,1,27.3161295674845,24.275076080479387,46.630859375
88,0.88,1024,1137,2120,2018,1,0,1,27.3161295674845,30.33050714670886,51.7578125
89,0.89,1024,910,1909,2011,1,0,1,27.3161295674845,24.275076080479387,46.6064453125
90,0.9,1024,1137,2119,2017,1,0,1,27.3161295674845,30.33050714670886,51.7333984375
91,0.91,1024,910,1908,2010,1,0,1,27.3161295674845,24.275076080479387,46.58203125
92,0.92,1024,910,2118,2016,1,0,1,27.3161295674845,24.275076080479387,51.708984375
93,0.93,1024,1137,2124,2022,1,0,1,27.3161295674845,30.33050714670886,51.85546875
94,0.94,1024,910,1913,2015,1,0,1,27.3161295674845,24.275076080479387,46.7041015625
95,0.95,1024,1137,2123,2021,1,0,1,27.3161295674845,30.33050714670886,51.8310546875
96,0.96,1024,910,1912,2014,1,0,1,27.3161295674845,24.275076080479387,46.6796875
97,0.97,1024,1137,2122,2020,1,0,1,27.3161295674845,30.33050714670886,51.806640625
98,0.98,1024,910,1911,2013,1,0,1,27.3161295674845,24.275076080479387,46.6552734375
99,0.99,1024,910,2121,2019,1,0,1,27.3161295674845,24.275076080479387,51.7822265625
100,1.0,1024,1137,2127,2025,1,0,1,27.3161295674845,30.33050714670886,51.9287109375
101,1.01,1024,910,1916,2018,1,0,1,27.3161295674845,24.275076080479387,46.77734375
102,1.02,1024,1137,2126,2024,1,0,1,27.3161295674845,30.33050714670886,51.904296875
103,1.03,1024,910,1915,2017,1,0,1,27.3161295674845,24.275076080479387,46.7529296875
104,1.04,1024,1137,2125,2023,1,0,1,27.3161295674845,30.33050714670886,51.8798828125
105,1.05,1024,910,1914,2016,1,0,1,27.3161295674845,24.275076080479387,46.728515625
106,1.06,1024,910,2124,2022,1,0,1,27.3161295674845,24.275076080479387,51.85546875
107,1.07,1024,1137,2130,2028,1,0,1,27.3161295674845,30.33050714670886,52.001953125
108,1.08,1024,910,1919,2021,1,0,1,27.3161295674845,24.275076080479387,46.8505859375
109,1.09,1024,1137,2129,2027,1,0,1,27.3161295674845,30.33050714670886,51.9775390625
110,1.1,1024,910,1918,2020,1,0,1,27.3161295674845,24.275076080479387,46.826171875
111,1.11,1024,1137,2128,2026,1,0,1,27.3161295674845,30.33050714670886,51.953125
112,1.12,1024,910,1917,2019,1,0,1,27.3161295674845,24.275076080479387,46.8017578125
113,1.13,1024,1137,2127,2025,1,0,1,27.3161295674845,30.33050714670886,51.9287109375
114,1.14,1024,910,1916,2018,1,0,1,27.3161295674845,24.275076080479387,46.77734375
115,1.15,1024,1137,2126,2024,1,0,1,27.3161295674845,30.33050714670886,51.904296875
116,1.16,1024,910,1915,2017,1,0,1,27.3161295674845,24.275076080479387,46.7529296875
117,1.17,1024,910,2125,2023,1,0,1,27.3161295674845,24.275076080479387,51.8798828125
118,1.18,1024,1137,2131,2029,1,0,1,27.3161295674845,30.33050714670886,52.0263671875
119,1.19,1024,910,1920,2022,1,0,1,27.3161295674845,24.275076080479387,46.875
120,1.2,1024,1137,2130,2028,1,0,1,27.3161295674845,30.33050714670886,52.001953125
121,1.21,1024,910,1919,2021,1,0,1,27.3161295674845,24.275076080479387,46.8505859375
122,1.22,1024,1137,2129,2027,1,0,1,27.3161295674845,30.33050714670886,51.9775390625
123,1.23,1024,910,1918,2020,1,0,1,27.3161295674845,24.275076080479387,46.826171875
124,1.24,1024,1137,2128,2026,1,0,1,27.3161295674845,30.33050714670886,51.953125
125,1.25,1024,910,1917,2019,1,0,1,27.3161295674845,24.275076080479387,46.8017578125
126,1.26,1024,910,2127,2025,1,0,1,27.3161295674845,24.275076080479387,51.9287109375
127,1.27,1024,1137,2133,2031,1,0,1,27.3161295674845,30.33050714670886,52.0751953125
128,1.28,1024,910,1922,2024,1,0,1,27.3161295674845,24.275076080479387,46.923828125
129,1.29,1024,1137,2132,2030,1,0,1,27.3161295674845,30.33050714670886,52.05078125
130,1.3,1024,910,1921,2023,1,0,1,27.3161295674845,24.275076080479387,46.8994140625
131,1.31,1024,1137,2131,2029,1,0,1,27.3161295674845,30.33050714670886,52.0263671875
132,1.32,1024,910,1920,2022,1,0,1,27.3161295674845,24.275076080479387,46.875
133,1.33,1024,1137,2130,2028,1,0,1,27.3161295674845,30.33050714670886,52.001953125
134,1.34,1024,910,1919,2021,1,0,1,27.3161295674845,24.275076080479387,46.8505859375
135,1.35,1024,1137,2129,2027,1,0,1,27.3161295674845,30.33050714670886,51.9775390625
136,1.36,1024,910,1918,2020,1,0,1,27.3161295674845,24.275076080479387,46.826171875
137,1.37,1024,910,2128,2026,1,0,1,27.3161295674845,24.275076080479387,51.953125
138,1.38,1024,1137,2134,2032,1,0,1,27.3161295674845,30.33050714670886,52.099609375
139,1.39,1024,910,1923,2025,1,0,1,27.3161295674845,24.275076080479387,46.9482421875
140,1.4,1024,1137,2133,2031,1,0,1,27.3161295674845,30.33050714670886,52.0751953125
141,1.41,1024,910,1922,2024,1,0,1,27.3161295674845,24.275076080479387,46.923828125
142,1.42,1024,1137,2132,2030,1,0,1,27.3161295674845,30.33050714670886,52.05078125
143,1.43,1024,910,1921,2023,1,0,1,27.3161295674845,24.275076080479387,46.8994140625
144,1.44,1024,1137,2131,2029,1,0,1,27.3161295674845,30.33050714670886,52.0263671875
145,1.45,1024,910,1920,2022,1,0,1,27.3161295674845,24.275076080479387,46.875
146,1.46,1024,1137,2130,2028,1,0,1,27.3161295674845,30.33050714670886,52.001953125
147,1.47,1024,910,1919,2021,1,0,1,27.3161295674845,24.275076080479387,46.8505859375
148,1.48,1024,1137,2129,2027,1,0,1,27.3161295674845,30.33050714670886,51.9775390625
149,1.49,1024,910,1918,2020,1,0,1,27.3161295674845,24.275076080479387,46.826171875
150,1.5,1024,910,2128,2026,1,0,1,27.3161295674845,24.275076080479387,51.953125
151,1.51,1024,1137,2134,2032,1,0,1,27.3161295674845,30.33050714670886,52.099609375
152,1.52,1024,910,1923,2025,1,0,1,27.3161295674845,24.275076080479387,46.9482421875
153,1.53,1024,1137,2133,2031,1,0,1,27.3161295674845,30.33050714670886,52.0751953125
154,1.54,1024,910,1922,2024,1,0,1,27.3161295674845,24.275076080479387,46.923828125
155,1.55,1024,1137,2132,2030,1,0,1,27.3161295674845,30.33050714670886,52.05078125
156,1.56,1024,910,1921,2023,1,0,1,27.3161295674845,24.275076080479387,46.8994140625
157,1.57,1024,1137,2131,2029,1,0,1,27.3161295674845,30.33050714670886,52.0263671875
158,1.58,1024,910,1920,2022,1,0,1,27.3161295674845,24.275076080479387,46.875
159,1.59,1024,1137,2130,2028,1,0,1,27.3161295674845,30.33050714670886,52.001953125
160,1.6,1024,910,1919,2021,1,0,1,27.3161295674845,24.275076080479387,46.8505859375
161,1.61,1024,1137,2129,2027,1,0,1,27.3161295674845,30.33050714670886,51.9775390625
162,1.62,1024,910,1918,2020,1,0,1,27.3161295674845,24.275076080479387,46.826171875
163,1.63,1024,1137,2128,2026,1,0,1,27.3161295674845,30.33050714670886,51.953125
164,1.64,1024,910,1917,2019,1,0,1,27.3161295674845,24.275076080479387,46.8017578125
165,1.65,1024,1137,2127,2025,1,0,1,27.3161295674845,30.33050714670886,51.9287109375
166,1.66,1024,910,1916,2018,1,0,1,27.3161295674845,24.275076080479387,46.77734375
167,1.67,1024,1137,2126,2024,1,0,1,27.3161295674845,30.33050714670886,51.904296875
168,1.68,1024,910,1915,2017,1,0,1,27.3161295674845,24.275076080479387,46.7529296875
169,1.69,1024,1137,2125,2023,1,0,1,27.3161295674845,30.33050714670886,51.8798828125
170,1.7,1024,910,1914,2016,1,0,1,27.3161295674845,24.275076080479387,46.728515625
171,1.71,1024,1137,2124,2022,1,0,1,27.3161295674845,30.33050714670886,51.85546875
172,1.72,1024,910,1913,2015,1,0,1,27.3161295674845,24.275076080479387,46.7041015625
173,1.73,1024,910,2123,2021,1,0,1,27.3161295674845,24.275076080479387,51.8310546875
174,1.74,1024,1137,2129,2027,1,0,1,27.3161295674845,30.33050714670886,51.9775390625
175,1.75,1024,910,1918,2020,1,0,1,27.3161295674845,24.275076080479387,46.826171875
176,1.76,1024,1137,2128,2026,1,0,1,27.3161295674845,30.33050714670886,51.953125
177,1.77,1024,910,1917,2019,1,0,1,27.3161295674845,24.275076080479387,46.8017578125
178,1.78,1024,1137,2127,2025,1,0,1,27.3161295674845,30.33050714670886,51.9287109375
179,1.79,1024,910,1916,2018,1,0,1,27.3161295674845,24.275076080479387,46.77734375
180,1.8,1024,1137,2126,2024,1,0,1,27.3161295674845,30.33050714670886,51.904296875
181,1.81,1024,910,1915,2017,1,0,1,27.3161295674845,24.275076080479387,46.7529296875
182,1.82,1024,1137,2125,2023,1,0,1,27.3161295674845,30.33050714670886,51.8798828125
183,1.83,1024,910,1914,2016,1,0,1,27.3161295674845,24.275076080479387,46.728515625
184,1.84,1024,1137,2124,2022,1,0,1,27.3161295674845,30.33050714670886,51.85546875
185,1.85,1024,910,1913,2015,1,0,1,27.3161295674845,24.275076080479387,46.7041015625
186,1.86,1024,1137,2123,2021,1,0,1,27.3161295674845,30.33050714670886,51.8310546875
187,1.87,1024,910,1912,2014,1,0,1,27.3161295674845,24.275076080479387,46.6796875
188,1.88,1024,1137,2122,2020,1,0,1,27.3161295674845,30.33050714670886,51.806640625
189,1.89,1024,910,1911,2013,1,0,1,27.3161295674845,24.275076080479387,46.6552734375
190,1.9,1024,1137,2121,2019,1,0,1,27.3161295674845,30.33050714670886,51.7822265625
191,1.91,1024,910,1910,2012,1,0,1,27.3161295674845,24.275076080479387,46.630859375
192,1.92,1024,1137,2120,2018,1,0,1,27.3161295674845,30.33050714670886,51.7578125
193,1.93,1024,910,1909,2011,1,0,1,27.3161295674845,24.275076080479387,46.6064453125
194,1.94,1024,910,2119,2017,1,0,1,27.3161295674845,24.275076080479387,51.7333984375
195,1.95,1024,1137,2125,2023,1,0,1,27.3161295674845,30.33050714670886,51.8798828125
196,1.96,1024,910,1914,2016,1,0,1,27.3161295674845,24.275076080479387,46.728515625
197,1.97,1024,1137,2124,2022,1,0,1,27.3161295674845,30.33050714670886,51.85546875
198,1.98,1024,910,1913,2015,1,0,1,27.3161295674845,24.275076080479387,46.7041015625
199,1.99,1024,1137,2123,2021,1,0,1,27.3161295674845,30.33050714670886,51.8310546875
200,2.0,1024,910,1912,2014,1,0,1,27.3161295674845,24.275076080479387,46.6796875
201,2.01,1024,1137,2122,2020,1,0,1,27.3161295674845,30.33050714670886,51.806640625
202,2.02,1024,910,1911,2013,1,0,1,27.3161295674845,24.275076080479387,46.6552734375
203,2.03,1024,1137,2121,2019,1,0,1,27.3161295674845,30.33050714670886,51.7822265625
204,2.04,1024,910,1910,2012,1,0,1,27.3161295674845,24.275076080479387,46.630859375
205,2.05,1024,1137,2120,2018,1,0,1,27.3161295674845,30.33050714670886,51.7578125
206,2.06,1024,910,1909,2011,1,0,1,27.3161295674845,24.275076080479387,46.6064453125
207,2.07,1024,910,2119,2017,1,0,1,27.3161295674845,24.275076080479387,51.7333984375
208,2.08,1024,1137,2125,2023,1,0,1,27.3161295674845,30.33050714670886,51.8798828125
209,2.09,1024,910,1914,2016,1,0,1,27.3161295674845,24.275076080479387,46.728515625
210,2.1,1024,1137,2124,2022,1,0,1,27.3161295674845,30.33050714670886,51.85546875
211,2.11,1024,910,1913,2015,1,0,1,27.3161295674845,24.275076080479387,46.7041015625
212,2.12,1024,1137,2123,2021,1,0,1,27.3161295674845,30.33050714670886,51.8310546875
213,2.13,1024,910,1912,2014,1,0,1,27.3161295674845,24.275076080479387,46.6796875
214,2.14,1024,1137,2122,2020,1,0,1,27.3161295674845,30.33050714670886,51.806640625
215,2.15,1024,910,1911,2013,1,0,1,27.3161295674845,24.275076080479387,46.6552734375
216,2.16,1024,1137,2121,2019,1,0,1,27.3161295674845,30.33050714670886,51.7822265625
217,2.17,1024,910,1910,2012,1,0,1,27.3161295674845,24.275076080479387,46.630859375
218,2.18,1024,1137,2120,2018,1,0,1,27.3161295674845,30.33050714670886,51.7578125
219,2.19,1024,910,1909,2011,1,0,1,27.3161295674845,24.275076080479387,46.6064453125
220,2.2,1024,1137,2119,2017,1,0,1,27.3161295674845,30.33050714670886,51.7333984375
221,2.21,1024,910,1908,2010,1,0,1,27.3161295674845,24.275076080479387,46.58203125
222,2.22,1024,910,2118,2016,1,0,1,27.3161295674845,24.275076080479387,51.708984375
223,2.23,1024,1137,2124,2022,1,0,1,27.3161295674845,30.33050714670886,51.85546875
224,2.24,1024,910,1913,2015,1,0,1,27.3161295674845,24.275076080479387,46.7041015625
225,2.25,1024,1137,2123,2021,1,0,1,27.3161295674845,30.33050714670886,51.8310546875
226,2.26,1024,910,1912,2014,1,0,1,27.3161295674845,24.275076080479387,46.6796875
227,2.27,1024,1137,2122,2020,1,0,1,27.3161295674845,30.33050714670886,51.806640625
228,2.28,1024,910,1911,2013,1,0,1,27.3161295674845,24.275076080479387,46.6552734375
229,2.29,1024,1137,2121,2019,1,0,1,27.3161295674845,30.33050714670886,51.7822265625
230,2.3,1024,910,1910,2012,1,0,1,27.3161295674845,24.275076080479387,46.630859375
231,2.31,1024,1137,2120,2018,1,0,1,27.3161295674845,30.33050714670886,51.7578125
232,2.32,1024,910,1909,2011,1,0,1,27.3161295674845,24.275076080479387,46.6064453125
233,2.33,1024,1137,2119,2017,1,0,1,27.3161295674845,30.33050714670886,51.7333984375
234,2.34,1024,910,1908,2010,1,0,1,27.3161295674845,24.275076080479387,46.58203125
235,2.35,1024,910,2118,2016,1,0,1,27.3161295674845,24.275076080479387,51.708984375
236,2.36,1024,1137,2124,2022,1,0,1,27.3161295674845,30.33050714670886,51.85546875
237,2.37,1024,910,1913,2015,1,0,1,27.3161295674845,24.275076080479387,46.7041015625
238,2.38,1024,1137,2123,2021,1,0,1,27.3161295674845,30.33050714670886,51.8310546875
239,2.39,1024,910,1912,2014,1,0,1,27.3161295674845,24.275076080479387,46.6796875
240,2.4,1024,1137,2122,2020,1,0,1,27.3161295674845,30.33050714670886,51.806640625
241,2.41,1024,910,1911,2013,1,0,1,27.3161295674845,24.275076080479387,46.6552734375
242,2.42,1024,1137,2121,2019,1,0,1,27.3161295674845,30.33050714670886,51.7822265625
243,2.43,1024,910,1910,2012,1,0,1,27.3161295674845,24.275076080479387,46.630859375
244,2.44,1024,1137,2120,2018,1,0,1,27.3161295674845,30.33050714670886,51.7578125
245,2.45,1024,910,1909,2011,1,0,1,27.3161295674845,24.275076080479387,46.6064453125
246,2.46,1024,910,2119,2017,1,0,1,27.3161295674845,24.275076080479387,51.7333984375
247,2.47,1024,1137,2125,2023,1,0,1,27.3161295674845,30.33050714670886,51.8798828125
248,2.48,1024,910,1914,2016,1,0,1,27.3161295674845,24.275076080479387,46.728515625
249,2.49,1024,1137,2124,2022,1,0,1,27.3161295674845,30.33050714670886,51.85546875
250,2.5,1024,910,1913,2015,1,0,1,27.3161295674845,24.275076080479387,46.7041015625
251,2.51,1024,1137,2123,2021,1,0,1,27.3161295674845,30.33050714670886,51.8310546875
252,2.52,1024,910,1912,2014,1,0,1,27.3161295674845,24.275076080479387,46.6796875
253,2.53,1024,1137,2122,2020,1,0,1,27.3161295674845,30.33050714670886,51.806640625
254,2.54,1024,910,1911,2013,1,0,1,27.3161295674845,24.275076080479387,46.6552734375
255,2.55,1024,1137,2121,2019,1,0,1,27.3161295674845,30.33050714670886,51.7822265625
256,2.56,1024,910,1910,2012,1,0,1,27.3161295674845,24.275076080479387,46.630859375
257,2.57,1024,1137,2120,2018,1,0,1,27.3161295674845,30.33050714670886,51.7578125
258,2.58,1024,910,1909,2011,1,0,1,27.3161295674845,24.275076080479387,46.6064453125
259,2.59,1024,1137,2119,2017,1,0,1,27.3161295674845,30.33050714670886,51.7333984375
260,2.6,1024,910,1908,2010,1,0,1,27.3161295674845,24.275076080479387,46.58203125
261,2.61,1024,910,2118,2016,1,0,1,27.3161295674845,24.275076080479387,51.708984375
262,2.62,1024,1137,2124,2022,1,0,1,27.3161295674845,30.33050714670886,51.85546875
263,2.63,1024,910,1913,2015,1,0,1,27.3161295674845,24.275076080479387,46.7041015625
264,2.64,1024,1137,2123,2021,1,0,1,27.3161295674845,30.33050714670886,51.8310546875
265,2.65,1024,910,1912,2014,1,0,1,27.3161295674845,24.275076080479387,46.6796875
266,2.66,1024,1137,2122,2020,1,0,1,27.3161295674845,30.33050714670886,51.806640625
267,2.67,1024,910,1911,2013,1,0,1,27.3161295674845,24.275076080479387,46.6552734375
268,2.68,1024,1137,2121,2019,1,0,1,27.3161295674845,30.33050714670886,51.7822265625
269,2.69,1024,910,1910,2012,1,0,1,27.3161295674845,24.275076080479387,46.630859375
270,2.7,1024,1137,2120,2018,1,0,1,27.3161295674845,30.33050714670886,51.7578125
271,2.71,1024,910,1909,2011,1,0,1,27.3161295674845,24.275076080479387,46.6064453125
272,2.72,1024,1137,2119,2017,1,0,1,27.3161295674845,30.33050714670886,51.7333984375
273,2.73,1024,910,1908,2010,1,0,1,27.3161295674845,24.275076080479387,46.58203125
274,2.74,1024,910,2118,2016,1,0,1,27.3161295674845,24.275076080479387,51.708984375
275,2.75,1024,1137,2124,2022,1,0,1,27.3161295674845,30.33050714670886,51.85546875
276,2.76,1024,910,1913,2015,1,0,1,27.3161295674845,24.275076080479387,46.7041015625
277,2.77,1024,1137,2123,2021,1,0,1,27.3161295674845,30.33050714670886,51.8310546875
278,2.78,1024,910,1912,2014,1,0,1,27.3161295674845,24.275076080479387,46.6796875
279,2.79,1024,1137,2122,2020,1,0,1,27.3161295674845,30.33050714670886,51.806640625
280,2.8,1024,910,1911,2013,1,0,1,27.3161295674845,24.275076080479387,46.6552734375
281,2.81,1024,1137,2121,2019,1,0,1,27.3161295674845,30.33050714670886,51.7822265625
282,2.82,1024,910,1910,2012,1,0,1,27.3161295674845,24.275076080479387,46.630859375
283,2.83,1024,1137,2120,2018,1,0,1,27.3161295674845,30.33050714670886,51.7578125
284,2.84,1024,910,1909,2011,1,0,1,27.3161295674845,24.275076080479387,46.6064453125
285,2.85,1024,1137,2119,2017,1,0,1,27.3161295674845,30.33050714670886,51.7333984375
286,2.86,1024,910,1908,2010,1,0,1,27.3161295674845,24.275076080479387,46.58203125
287,2.87,1024,1137,2118,2016,1,0,1,27.3161295674845,30.33050714670886,51.708984375
288,2.88,1024,910,1907,2009,1,0,1,27.3161295674845,24.275076080479387,46.5576171875
289,2.89,1024,1137,2117,2015,1,0,1,27.3161295674845,30.33050714670886,51.6845703125
290,2.9,1024,910,1906,2008,1,0,1,27.3161295674845,24.275076080479387,46.533203125
291,2.91,1024,910,2116,2014,1,0,1,27.3161295674845,24.275076080479387,51.66015625
292,2.92,1024,1137,2122,2020,1,0,1,27.3161295674845,30.33050714670886,51.806640625
293,2.93,1024,910,1911,2013,1,0,1,27.3161295674845,24.275076080479387,46.6552734375
294,2.94,1024,1137,2121,2019,1,0,1,27.3161295674845,30.33050714670886,51.7822265625
295,2.95,1024,910,1910,2012,1,0,1,27.3161295674845,24.275076080479387,46.630859375
296,2.96,1024,1137,2120,2018,1,0,1,27.3161295674845,30.33050714670886,51.7578125
297,2.97,1024,910,1909,2011,1,0,1,27.3161295674845,24.275076080479387,46.6064453125
298,2.98,1024,1137,2119,2017,1,0,1,27.3161295674845,30.33050714670886,51.7333984375
299,2.99,1024,910,1908,2010,1,0,1,27.3161295674845,24.275076080479387,46.58203125
300,3.0,1024,1137,2118,2016,1,0,1,27.3161295674845,30.33050714670886,51.708984375
301,3.01,1024,910,1907,2009,1,0,1,27.3161295674845,24.275076080479387,46.5576171875
302,3.02,1024,1137,2117,2015,1,0,1,27.3161295674845,30.33050714670886,51.6845703125
303,3.03,1024,910,1906,2008,1,0,1,27.3161295674845,24.275076080479387,46.533203125
304,3.04,1024,1137,2116,2014,1,0,1,27.3161295674845,30.33050714670886,51.66015625
305,3.05,1024,910,1905,2007,1,0,1,27.3161295674845,24.275076080479387,46.5087890625
306,3.06,1024,910,2115,2013,1,0,1,27.3161295674845,24.275076080479387,51.6357421875
307,3.07,1024,1137,2121,2019,1,0,1,27.3161295674845,30.33050714670886,51.7822265625
308,3.08,1024,910,1910,2012,1,0,1,27.3161295674845,24.275076080479387,46.630859375
309,3.09,1024,1137,2120,2018,1,0,1,27.3161295674845,30.33050714670886,51.7578125
310,3.1,1024,910,1909,2011,1,0,1,27.3161295674845,24.275076080479387,46.6064453125
311,3.11,1024,1137,2119,2017,1,0,1,27.3161295674845,30.33050714670886,51.7333984375
312,3.12,1024,910,1908,2010,1,0,1,27.3161295674845,24.275076080479387,46.58203125
313,3.13,1024,1137,2118,2016,1,0,1,27.3161295674845,30.33050714670886,51.708984375
314,3.14,1024,910,1907,2009,1,0,1,27.3161295674845,24.275076080479387,46.5576171875
315,3.15,1024,1137,2117,2015,1,0,1,27.3161295674845,30.33050714670886,51.6845703125
316,3.16,1024,910,1906,2008,1,0,1,27.3161295674845,24.275076080479387,46.533203125
317,3.17,1024,910,2116,2014,1,0,1,27.3161295674845,24.275076080479387,51.66015625
318,3.18,1024,1137,2122,2020,1,0,1,27.3161295674845,30.33050714670886,51.806640625
319,3.19,1024,910,1911,2013,1,0,1,27.3161295674845,24.275076080479387,46.6552734375
320,3.2,1024,1137,2121,2019,1,0,1,27.3161295674845,30.33050714670886,51.7822265625
321,3.21,1024,910,1910,2012,1,0,1,27.3161295674845,24.275076080479387,46.630859375
322,3.22,1024,1137,2120,2018,1,0,1,27.3161295674845,30.33050714670886,51.7578125
323,3.23,1024,910,1909,2011,1,0,1,27.3161295674845,24.275076080479387,46.6064453125
324,3.24,1024,1137,2119,2017,1,0,1,27.3161295674845,30.33050714670886,51.7333984375
325,3.25,1024,910,1908,2010,1,0,1,27.3161295674845,24.275076080479387,46.58203125
326,3.26,1024,910,2118,2016,1,0,1,27.3161295674845,24.275076080479387,51.708984375
327,3.27,1024,1137,2124,2022,1,0,1,27.3161295674845,30.33050714670886,51.85546875
328,3.28,1024,910,1913,2015,1,0,1,27.3161295674845,24.275076080479387,46.7041015625
329,3.29,1024,1137,2123,2021,1,0,1,27.3161295674845,30.33050714670886,51.8310546875
330,3.3,1024,910,1912,2014,1,0,1,27.3161295674845,24.275076080479387,46.6796875
331,3.31,1024,1137,2122,2020,1,0,1,27.3161295674845,30.33050714670886,51.806640625
332,3.32,1024,910,1911,2013,1,0,1,27.3161295674845,24.275076080479387,46.6552734375
333,3.33,1024,1137,2121,2019,1,0,1,27.3161295674845,30.33050714670886,51.7822265625
334,3.34,1024,910,1910,2012,1,0,1,27.3161295674845,24.275076080479387,46.630859375
335,3.35,1024,1137,2120,2018,1,0,1,27.3161295674845,30.33050714670886,51.7578125
336,3.36,1024,910,1909,2011,1,0,1,27.3161295674845,24.275076080479387,46.6064453125
337,3.37,1024,910,2119,2017,1,0,1,27.3161295674845,24.275076080479387,51.7333984375
338,3.38,1024,1137,2125,2023,1,0,1,27.3161295674845,30.33050714670886,51.8798828125
339,3.39,1024,910,1914,2016,1,0,1,27.3161295674845,24.275076080479387,46.728515625
340,3.4,1024,1137,2124,2022,1,0,1,27.3161295674845,30.33050714670886,51.85546875
341,3.41,1024,910,1913,2015,1,0,1,27.3161295674845,24.275076080479387,46.7041015625
342,3.42,1024,1137,2123,2021,1,0,1,27.3161295674845,30.33050714670886,51.8310546875
343,3.43,1024,910,1912,2014,1,0,1,27.3161295674845,24.275076080479387,46.6796875
344,3.44,1024,1137,2122,2020,1,0,1,27.3161295674845,30.33050714670886,51.806640625
345,3.45,1024,910,1911,2013,1,0,1,27.3161295674845,24.275076080479387,46.6552734375
346,3.46,1024,1137,2121,2019,1,0,1,27.3161295674845,30.33050714670886,51.7822265625
347,3.47,1024,910,1910,2012,1,0,1,27.3161295674845,24.275076080479387,46.630859375
348,3.48,1024,910,2120,2018,1,0,1,27.3161295674845,24.275076080479387,51.7578125
349,3.49,1024,1137,2126,2024,1,0,1,27.3161295674845,30.33050714670886,51.904296875
350,3.5,1024,910,1915,2017,1,0,1,27.3161295674845,24.275076080479387,46.7529296875
351,3.51,1024,1137,2125,2023,1,0,1,27.3161295674845,30.33050714670886,51.8798828125
352,3.52,1024,910,1914,2016,1,0,1,27.3161295674845,24.275076080479387,46.728515625
353,3.53,1024,1137,2124,2022,1,0,1,27.3161295674845,30.33050714670886,51.85546875
354,3.54,1024,910,1913,2015,1,0,1,27.3161295674845,24.275076080479387,46.7041015625
355,3.55,1024,1137,2123,2021,1,0,1,27.3161295674845,30.33050714670886,51.8310546875
356,3.56,1024,910,1912,2014,1,0,1,27.3161295674845,24.275076080479387,46.6796875
357,3.57,1024,910,2122,2020,1,0,1,27.3161295674845,24.275076080479387,51.806640625
358,3.58,1024,1137,2128,2026,1,0,1,27.3161295674845,30.33050714670886,51.953125
359,3.59,1024,910,1917,2019,1,0,1,27.3161295674845,24.275076080479387,46.8017578125
360,3.6,1024,1137,2127,2025,1,0,1,27.3161295674845,30.33050714670886,51.9287109375
361,3.61,1024,910,1916,2018,1,0,1,27.3161295674845,24.275076080479387,46.77734375
362,3.62,1024,1137,2126,2024,1,0,1,27.3161295674845,30.33050714670886,51.904296875
363,3.63,1024,910,1915,2017,1,0,1,27.3161295674845,24.275076080479387,46.7529296875
364,3.64,1024,1137,2125,2023,1,0,1,27.3161295674845,30.33050714670886,51.8798828125
365,3.65,1024,910,1914,2016,1,0,1,27.3161295674845,24.275076080479387,46.728515625
366,3.66,1024,1137,2124,2022,1,0,1,27.3161295674845,30.33050714670886,51.85546875
367,3.67,1024,910,1913,2015,1,0,1,27.3161295674845,24.275076080479387,46.7041015625
368,3.68,1024,1137,2123,2021,1,0,1,27.3161295674845,30.33050714670886,51.8310546875
369,3.69,1024,910,1912,2014,1,0,1,27.3161295674845,24.275076080479387,46.6796875
370,3.7,1024,1137,2122,2020,1,0,1,27.3161295674845,30.33050714670886,51.806640625
371,3.71,1024,910,1911,2013,1,0,1,27.3161295674845,24.275076080479387,46.6552734375
372,3.72,1024,910,2121,2019,1,0,1,27.3161295674845,24.275076080479387,51.7822265625
373,3.73,1024,1137,2127,2025,1,0,1,27.3161295674845,30.33050714670886,51.9287109375
374,3.74,1024,910,1916,2018,1,0,1,27.3161295674845,24.275076080479387,46.77734375
375,3.75,1024,1137,2126,2024,1,0,1,27.3161295674845,30.33050714670886,51.904296875
376,3.76,1024,910,1915,2017,1,0,1,27.3161295674845,24.275076080479387,46.7529296875
377,3.77,1024,1137,2125,2023,1,0,1,27.3161295674845,30.33050714670886,51.8798828125
378,3.78,1024,910,1914,2016,1,0,1,27.3161295674845,24.275076080479387,46.728515625
379,3.79,1024,1137,2124,2022,1,0,1,27.3161295674845,30.33050714670886,51.85546875
380,3.8,1024,910,1913,2015,1,0,1,27.3161295674845,24.275076080479387,46.7041015625
381,3.81,1024,1137,2123,2021,1,0,1,27.3161295674845,30.33050714670886,51.8310546875
382,3.82,1024,910,1912,2014,1,0,1,27.3161295674845,24.275076080479387,46.6796875
383,3.83,1024,1137,2122,2020,1,0,1,27.3161295674845,30.33050714670886,51.806640625
384,3.84,1024,910,1911,2013,1,0,1,27.3161295674845,24.275076080479387,46.6552734375
385,3.85,1024,1137,2121,2019,1,0,1,27.3161295674845,30.33050714670886,51.7822265625
386,3.86,1024,910,1910,2012,1,0,1,27.3161295674845,24.275076080479387,46.630859375
387,3.87,1024,1137,2120,2018,1,0,1,27.3161295674845,30.33050714670886,51.7578125
388,3.88,1024,910,1909,2011,1,0,1,27.3161295674845,24.275076080479387,46.6064453125
389,3.89,1024,910,2119,2017,1,0,1,27.3161295674845,24.275076080479387,51.7333984375
390,3.9,1024,1137,2125,2023,1,0,1,27.3161295674845,30.33050714670886,51.8798828125
391,3.91,1024,910,1914,2016,1,0,1,27.3161295674845,24.275076080479387,46.728515625
392,3.92,1024,1137,2124,2022,1,0,1,27.3161295674845,30.33050714670886,51.85546875
393,3.93,1024,910,1913,2015,1,0,1,27.3161295674845,24.275076080479387,46.7041015625
394,3.94,1024,1137,2123,2021,1,0,1,27.3161295674845,30.33050714670886,51.8310546875
395,3.95,1024,910,1912,2014,1,0,1,27.3161295674845,24.275076080479387,46.6796875
396,3.96,1024,1137,2122,2020,1,0,1,27.3161295674845,30.33050714670886,51.806640625
397,3.97,1024,910,1911,2013,1,0,1,27.3161295674845,24.275076080479387,46.6552734375
398,3.98,1024,1137,2121,2019,1,0,1,27.3161295674845,30.33050714670886,51.7822265625
399,3.99,1024,910,1910,2012,1,0,1,27.3161295674845,24.275076080479387,46.630859375
400,4.0,1024,1137,2120,2018,1,0,1,27.3161295674845,30.33050714670886,51.7578125
401,4.01,1024,910,1909,2011,1,0,1,27.3161295674845,24.275076080479387,46.6064453125
402,4.02,1024,1137,2119,2017,1,0,1,27.3161295674845,30.33050714670886,51.7333984375
403,4.03,1024,910,1908,2010,1,0,1,27.3161295674845,24.275076080479387,46.58203125
404,4.04,1024,1137,2118,2016,1,0,1,27.3161295674845,30.33050714670886,51.708984375
405,4.05,1024,910,1907,2009,1,0,1,27.3161295674845,24.275076080479387,46.5576171875
406,4.06,1024,1137,2117,2015,1,0,1,27.3161295674845,30.33050714670886,51.6845703125
407,4.07,1024,910,1906,2008,1,0,1,27.3161295674845,24.275076080479387,46.533203125
408,4.08,1024,1137,2116,2014,1,0,1,27.3161295674845,30.33050714670886,51.66015625
409,4.09,1024,910,1905,2007,1,0,1,27.3161295674845,24.275076080479387,46.5087890625
410,4.1,1024,1137,2115,2013,1,0,1,27.3161295674845,30.33050714670886,51.6357421875
411,4.11,1024,910,1904,2006,1,0,1,27.3161295674845,24.275076080479387,46.484375
412,4.12,1024,910,2114,2012,1,0,1,27.3161295674845,24.275076080479387,51.611328125
413,4.13,1024,1137,2120,2018,1,0,1,27.3161295674845,30.33050714670886,51.7578125
414,4.14,1024,910,1909,2011,1,0,1,27.3161295674845,24.275076080479387,46.6064453125
415,4.15,1024,1137,2119,2017,1,0,1,27.3161295674845,30.33050714670886,51.7333984375
416,4.16,1024,910,1908,2010,1,0,1,27.3161295674845,24.275076080479387,46.58203125
417,4.17,1024,1137,2118,2016,1,0,1,27.3161295674845,30.33050714670886,51.708984375
418,4.18,1024,910,1907,2009,1,0,1,27.3161295674845,24.275076080479387,46.5576171875
419,4.19,1024,1137,2117,2015,1,0,1,27.3161295674845,30.33050714670886,51.6845703125
420,4.2,1024,910,1906,2008,1,0,1,27.3161295674845,24.275076080479387,46.533203125
421,4.21,1024,1137,2116,2014,1,0,1,27.3161295674845,30.33050714670886,51.66015625
422,4.22,1024,910,1905,2007,1,0,1,27.3161295674845,24.275076080479387,46.5087890625
423,4.23,1024,1137,2115,2013,1,0,1,27.3161295674845,30.33050714670886,51.6357421875
424,4.24,1024,910,1904,2006,1,0,1,27.3161295674845,24.275076080479387,46.484375
425,4.25,1024,910,2114,2012,1,0,1,27.3161295674845,24.275076080479387,51.611328125
426,4.26,1024,1137,2120,2018,1,0,1,27.3161295674845,30.33050714670886,51.7578125
427,4.27,1024,910,1909,2011,1,0,1,27.3161295674845,24.275076080479387,46.6064453125
428,4.28,1024,1137,2119,2017,1,0,1,27.3161295674845,30.33050714670886,51.7333984375
429,4.29,1024,910,1908,2010,1,0,1,27.3161295674845,24.275076080479387,46.58203125
430,4.3,1024,1137,2118,2016,1,0,1,27.3161295674845,30.33050714670886,51.708984375
431,4.31,1024,910,1907,2009,1,0,1,27.3161295674845,24.275076080479387,46.5576171875
432,4.32,1024,1137,2117,2015,1,0,1,27.3161295674845,30.33050714670886,51.6845703125
433,4.33,1024,910,1906,2008,1,0,1,27.3161295674845,24.275076080479387,46.533203125
434,4.34,1024,910,2116,2014,1,0,1,27.3161295674845,24.275076080479387,51.66015625
435,4.35,1024,1137,2122,2020,1,0,1,27.3161295674845,30.33050714670886,51.806640625
436,4.36,1024,910,1911,2013,1,0,1,27.3161295674845,24.275076080479387,46.6552734375
437,4.37,1024,1137,2121,2019,1,0,1,27.3161295674845,30.33050714670886,51.7822265625
438,4.38,1024,910,1910,2012,1,0,1,27.3161295674845,24.275076080479387,46.630859375
439,4.39,1024,1137,2120,2018,1,0,1,27.3161295674845,30.33050714670886,51.7578125
440,4.4,1024,910,1909,2011,1,0,1,27.3161295674845,24.275076080479387,46.6064453125
441,4.41,1024,910,2119,2017,1,0,1,27.3161295674845,24.275076080479387,51.7333984375
442,4.42,1024,1137,2125,2023,1,0,1,27.3161295674845,30.33050714670886,51.8798828125
443,4.43,1024,910,1914,2016,1,0,1,27.3161295674845,24.275076080479387,46.728515625
444,4.44,1024,1137,2124,2022,1,0,1,27.3161295674845,30.33050714670886,51.85546875
445,4.45,1024,910,1913,2015,1,0,1,27.3161295674845,24.275076080479387,46.7041015625
446,4.46,1024,1137,2123,2021,1,0,1,27.3161295674845,30.33050714670886,51.8310546875
447,4.47,1024,910,1912,2014,1,0,1,27.3161295674845,24.275076080479387,46.6796875
448,4.48,1024,910,2122,2020,1,0,1,27.3161295674845,24.275076080479387,51.806640625
449,4.49,1024,1137,2128,2026,1,0,1,27.3161295674845,30.33050714670886,51.953125
450,4.5,1024,910,1917,2019,1,0,1,27.3161295674845,24.275076080479387,46.8017578125
451,4.51,1024,1137,2127,2025,1,0,1,27.3161295674845,30.33050714670886,51.9287109375
452,4.52,1024,910,1916,2018,1,0,1,27.3161295674845,24.275076080479387,46.77734375
453,4.53,1024,1137,2126,2024,1,0,1,27.3161295674845,30.33050714670886,51.904296875
454,4.54,1024,910,1915,2017,1,0,1,27.3161295674845,24.275076080479387,46.7529296875
455,4.55,1024,1137,2125,2023,1,0,1,27.3161295674845,30.33050714670886,51.8798828125
456,4.56,1024,910,1914,2016,1,0,1,27.3161295674845,24.275076080479387,46.728515625
457,4.57,1024,910,2124,2022,1,0,1,27.3161295674845,24.275076080479387,51.85546875
458,4.58,1024,1137,2130,2028,1,0,1,27.3161295674845,30.33050714670886,52.001953125
459,4.59,1024,910,1919,2021,1,0,1,27.3161295674845,24.275076080479387,46.8505859375
460,4.6,1024,1137,2129,2027,1,0,1,27.3161295674845,30.33050714670886,51.9775390625
461,4.61,1024,910,1918,2020,1,0,1,27.3161295674845,24.275076080479387,46.826171875
462,4.62,1024,1137,2128,2026,1,0,1,27.3161295674845,30.33050714670886,51.953125
463,4.63,1024,910,1917,2019,1,0,1,27.3161295674845,24.275076080479387,46.8017578125
464,4.64,1024,1137,2127,2025,1,0,1,27.3161295674845,30.33050714670886,51.9287109375
465,4.65,1024,910,1916,2018,1,0,1,27.3161295674845,24.275076080479387,46.77734375
466,4.66,1024,1137,2126,2024,1,0,1,27.3161295674845,30.33050714670886,51.904296875
467,4.67,1024,910,1915,2017,1,0,1,27.3161295674845,24.275076080479387,46.7529296875
468,4.68,1024,910,2125,2023,1,0,1,27.3161295674845,24.275076080479387,51.8798828125
469,4.69,1024,1137,2131,2029,1,0,1,27.3161295674845,30.33050714670886,52.0263671875
470,4.7,1024,910,1920,2022,1,0,1,27.3161295674845,24.275076080479387,46.875
471,4.71,1024,1137,2130,2028,1,0,1,27.3161295674845,30.33050714670886,52.001953125
472,4.72,1024,910,1919,2021,1,0,1,27.3161295674845,24.275076080479387,46.8505859375
473,4.73,1024,1137,2129,2027,1,0,1,27.3161295674845,30.33050714670886,51.9775390625
474,4.74,1024,910,1918,2020,1,0,1,27.3161295674845,24.275076080479387,46.826171875
475,4.75,1024,1137,2128,2026,1,0,1,27.3161295674845,30.33050714670886,51.953125
476,4.76,1024,910,1917,2019,1,0,1,27.3161295674845,24.275076080479387,46.8017578125
477,4.77,1024,1137,2127,2025,1,0,1,27.3161295674845,30.33050714670886,51.9287109375
478,4.78,1024,910,1916,2018,1,0,1,27.3161295674845,24.275076080479387,46.77734375
479,4.79,1024,910,2126,2024,1,0,1,27.3161295674845,24.275076080479387,51.904296875
480,4.8,1024,1137,2132,2030,1,0,1,27.3161295674845,30.33050714670886,52.05078125
481,4.81,1024,910,1921,2023,1,0,1,27.3161295674845,24.275076080479387,46.8994140625
482,4.82,1024,1137,2131,2029,1,0,1,27.3161295674845,30.33050714670886,52.0263671875
483,4.83,1024,910,1920,2022,1,0,1,27.3161295674845,24.275076080479387,46.875
484,4.84,1024,1137,2130,2028,1,0,1,27.3161295674845,30.33050714670886,52.001953125
485,4.85,1024,910,1919,2021,1,0,1,27.3161295674845,24.275076080479387,46.8505859375
486,4.86,1024,1137,2129,2027,1,0,1,27.3161295674845,30.33050714670886,51.9775390625
487,4.87,1024,910,1918,2020,1,0,1,27.3161295674845,24.275076080479387,46.826171875
488,4.88,1024,1137,2128,2026,1,0,1,27.3161295674845,30.33050714670886,51.953125
489,4.89,1024,910,1917,2019,1,0,1,27.3161295674845,24.275076080479387,46.8017578125
490,4.9,1024,1137,2127,2025,1,0,1,27.3161295674845,30.33050714670886,51.9287109375
491,4.91,1024,910,1916,2018,1,0,1,27.3161295674845,24.275076080479387,46.77734375
492,4.92,1024,1137,2126,2024,1,0,1,27.3161295674845,30.33050714670886,51.904296875
493,4.93,1024,910,1915,2017,1,0,1,27.3161295674845,24.275076080479387,46.7529296875
494,4.94,1024,1137,2125,2023,1,0,1,27.3161295674845,30.33050714670886,51.8798828125
495,4.95,1024,910,1914,2016,1,0,1,27.3161295674845,24.275076080479387,46.728515625
496,4.96,1024,1137,2124,2022,1,0,1,27.3161295674845,30.33050714670886,51.85546875
497,4.97,1024,910,1913,2015,1,0,1,27.3161295674845,24.275076080479387,46.7041015625
498,4.98,1024,1137,2123,2021,1,0,1,27.3161295674845,30.33050714670886,51.8310546875
499,4.99,1024,910,1912,2014,1,0,1,27.3161295674845,24.275076080479387,46.6796875
500,5.0,1024,910,2122,2020,1,0,1,27.3161295674845,24.275076080479387,51.806640625
501,5.01,1024,1137,2128,2026,1,0,1,27.3161295674845,30.33050714670886,51.953125
502,5.02,1024,910,1917,2019,1,0,1,27.3161295674845,24.275076080479387,46.8017578125
503,5.03,1024,1137,2127,2025,1,0,1,27.3161295674845,30.33050714670886,51.9287109375
504,5.04,1024,910,1916,2018,1,0,1,27.3161295674845,24.275076080479387,46.77734375
505,5.05,1024,1137,2126,2024,1,0,1,27.3161295674845,30.33050714670886,51.904296875
506,5.06,1024,910,1915,2017,1,0,1,27.3161295674845,24.275076080479387,46.7529296875
507,5.07,1024,1137,2125,2023,1,0,1,27.3161295674845,30.33050714670886,51.8798828125
508,5.08,1024,910,1914,2016,1,0,1,27.3161295674845,24.275076080479387,46.728515625
509,5.09,1024,1137,2124,2022,1,0,1,27.3161295674845,30.33050714670886,51.85546875
510,5.1,1024,910,1913,2015,1,0,1,27.3161295674845,24.275076080479387,46.7041015625
511,5.11,1024,1137,2123,2021,1,0,1,27.3161295674845,30.33050714670886,51.8310546875
512,5.12,1024,910,1912,2014,1,0,1,27.3161295674845,24.275076080479387,46.6796875
513,5.13,1024,1137,2122,2020,1,0,1,27.3161295674845,30.33050714670886,51.806640625
514,5.14,1024,910,1911,2013,1,0,1,27.3161295674845,24.275076080479387,46.6552734375
515,5.15,1024,1137,2121,2019,1,0,1,27.3161295674845,30.33050714670886,51.7822265625
516,5.16,1024,910,1910,2012,1,0,1,27.3161295674845,24.275076080479387,46.630859375
517,5.17,1024,1137,2120,2018,1,0,1,27.3161295674845,30.33050714670886,51.7578125
518,5.18,1024,910,1909,2011,1,0,1,27.3161295674845,24.275076080479387,46.6064453125
519,5.19,1024,1137,2119,2017,1,0,1,27.3161295674845,30.33050714670886,51.7333984375
520,5.2,1024,910,1908,2010,1,0,1,27.3161295674845,24.275076080479387,46.58203125
521,5.21,1024,1137,2118,2016,1,0,1,27.3161295674845,30.33050714670886,51.708984375
522,5.22,1024,910,1907,2009,1,0,1,27.3161295674845,24.275076080479387,46.5576171875
523,5.23,1024,1137,2117,2015,1,0,1,27.3161295674845,30.33050714670886,51.6845703125
524,5.24,1024,910,1906,2008,1,0,1,27.3161295674845,24.275076080479387,46.533203125
525,5.25,1024,910,2116,2014,1,0,1,27.3161295674845,24.275076080479387,51.66015625
526,5.26,1024,1137,2122,2020,1,0,1,27.3161295674845,30.33050714670886,51.806640625
527,5.27,1024,910,1911,2013,1,0,1,27.3161295674845,24.275076080479387,46.6552734375
528,5.28,1024,1137,2121,2019,1,0,1,27.3161295674845,30.33050714670886,51.7822265625
529,5.29,1024,910,1910,2012,1,0,1,27.3161295674845,24.275076080479387,46.630859375
530,5.3,1024,1137,2120,2018,1,0,1,27.3161295674845,30.33050714670886,51.7578125
531,5.31,1024,910,1909,2011,1,0,1,27.3161295674845,24.275076080479387,46.6064453125
532,5.32,1024,1137,2119,2017,1,0,1,27.3161295674845,30.33050714670886,51.7333984375
533,5.33,1024,910,1908,2010,1,0,1,27.3161295674845,24.275076080479387,46.58203125
534,5.34,1024,1137,2118,2016,1,0,1,27.3161295674845,30.33050714670886,51.708984375
535,5.35,1024,910,1907,2009,1,0,1,27.3161295674845,24.275076080479387,46.5576171875
536,5.36,1024,1137,2117,2015,1,0,1,27.3161295674845,30.33050714670886,51.6845703125
537,5.37,1024,910,1906,2008,1,0,1,27.3161295674845,24.275076080479387,46.533203125
538,5.38,1024,910,2116,2014,1,0,1,27.3161295674845,24.275076080479387,51.66015625
539,5.39,1024,1137,2122,2020,1,0,1,27.3161295674845,30.33050714670886,51.806640625
540,5.4,1024,910,1911,2013,1,0,1,27.3161295674845,24.275076080479387,46.6552734375
541,5.41,1024,1137,2121,2019,1,0,1,27.3161295674845,30.33050714670886,51.7822265625
542,5.42,1024,910,1910,2012,1,0,1,27.3161295674845,24.275076080479387,46.630859375
543,5.43,1024,1137,2120,2018,1,0,1,27.3161295674845,30.33050714670886,51.7578125
544,5.44,1024,910,1909,2011,1,0,1,27.3161295674845,24.275076080479387,46.6064453125
545,5.45,1024,1137,2119,2017,1,0,1,27.3161295674845,30.33050714670886,51.7333984375
546,5.46,1024,910,1908,2010,1,0,1,27.3161295674845,24.275076080479387,46.58203125
547,5.47,1024,1137,2118,2016,1,0,1,27.3161295674845,30.33050714670886,51.708984375
548,5.48,1024,910,1907,2009,1,0,1,27.3161295674845,24.275076080479387,46.5576171875
549,5.49,1024,1137,2117,2015,1,0,1,27.3161295674845,30.33050714670886,51.6845703125
550,5.5,1024,910,1906,2008,1,0,1,27.3161295674845,24.275076080479387,46.533203125
551,5.51,1024,910,2116,2014,1,0,1,27.3161295674845,24.275076080479387,51.66015625
552,5.52,1024,1137,2122,2020,1,0,1,27.3161295674845,30.33050714670886,51.806640625
553,5.53,1024,910,1911,2013,1,0,1,27.3161295674845,24.275076080479387,46.6552734375
554,5.54,1024,1137,2121,2019,1,0,1,27.3161295674845,30.33050714670886,51.7822265625
555,5.55,1024,910,1910,2012,1,0,1,27.3161295674845,24.275076080479387,46.630859375
556,5.56,1024,1137,2120,2018,1,0,1,27.3161295674845,30.33050714670886,51.7578125
557,5.57,1024,910,1909,2011,1,0,1,27.3161295674845,24.275076080479387,46.6064453125
558,5.58,1024,1137,2119,2017,1,0,1,27.3161295674845,30.33050714670886,51.7333984375
559,5.59,1024,910,1908,2010,1,0,1,27.3161295674845,24.275076080479387,46.58203125
560,5.6,1024,1137,2118,2016,1,0,1,27.3161295674845,30.33050714670886,51.708984375
561,5.61,1024,910,1907,2009,1,0,1,27.3161295674845,24.275076080479387,46.5576171875
562,5.62,1024,1137,2117,2015,1,0,1,27.3161295674845,30.33050714670886,51.6845703125
563,5.63,1024,910,1906,2008,1,0,1,27.3161295674845,24.275076080479387,46.533203125
564,5.64,1024,910,2116,2014,1,0,1,27.3161295674845,24.275076080479387,51.66015625
565,5.65,1024,1137,2122,2020,1,0,1,27.3161295674845,30.33050714670886,51.806640625
566,5.66,1024,910,1911,2013,1,0,1,27.3161295674845,24.275076080479387,46.6552734375
567,5.67,1024,1137,2121,2019,1,0,1,27.3161295674845,30.33050714670886,51.7822265625
568,5.68,1024,910,1910,2012,1,0,1,27.3161295674845,24.275076080479387,46.630859375
569,5.69,1024,1137,2120,2018,1,0,1,27.3161295674845,30.33050714670886,51.7578125
570,5.7,1024,910,1909,2011,1,0,1,27.3161295674845,24.275076080479387,46.6064453125
571,5.71,1024,1137,2119,2017,1,0,1,27.3161295674845,30.33050714670886,51.7333984375
572,5.72,1024,910,1908,2010,1,0,1,27.3161295674845,24.275076080479387,46.58203125
573,5.73,1024,1137,2118,2016,1,0,1,27.3161295674845,30.33050714670886,51.708984375
574,5.74,1024,910,1907,2009,1,0,1,27.3161295674845,24.275076080479387,46.5576171875
575,5.75,1024,910,2117,2015,1,0,1,27.3161295674845,24.275076080479387,51.6845703125
576,5.76,1024,1137,2123,2021,1,0,1,27.3161295674845,30.33050714670886,51.8310546875
577,5.77,1024,910,1912,2014,1,0,1,27.3161295674845,24.275076080479387,46.6796875
578,5.78,1024,1137,2122,2020,1,0,1,27.3161295674845,30.33050714670886,51.806640625
579,5.79,1024,910,1911,2013,1,0,1,27.3161295674845,24.275076080479387,46.6552734375
580,5.8,1024,1137,2121,2019,1,0,1,27.3161295674845,30.33050714670886,51.7822265625
581,5.81,1024,910,1910,2012,1,0,1,27.3161295674845,24.275076080479387,46.630859375
582,5.82,1024,1137,2120,2018,1,0,1,27.3161295674845,30.33050714670886,51.7578125
583,5.83,1024,910,1909,2011,1,0,1,27.3161295674845,24.275076080479387,46.6064453125
584,5.84,1024,1137,2119,2017,1,0,1,27.3161295674845,30.33050714670886,51.7333984375
585,5.85,1024,910,1908,2010,1,0,1,27.3161295674845,24.275076080479387,46.58203125
586,5.86,1024,1137,2118,2016,1,0,1,27.3161295674845,30.33050714670886,51.708984375
587,5.87,1024,910,1907,2009,1,0,1,27.3161295674845,24.275076080479387,46.5576171875
588,5.88,1024,910,2117,2015,1,0,1,27.3161295674845,24.275076080479387,51.6845703125
589,5.89,1024,1137,2123,2021,1,0,1,27.3161295674845,30.33050714670886,51.8310546875
590,5.9,1024,910,1912,2014,1,0,1,27.3161295674845,24.275076080479387,46.6796875
591,5.91,1024,1137,2122,2020,1,0,1,27.3161295674845,30.33050714670886,51.806640625
592,5.92,1024,910,1911,2013,1,0,1,27.3161295674845,24.275076080479387,46.6552734375
593,5.93,1024,1137,2121,2019,1,0,1,27.3161295674845,30.33050714670886,51.7822265625
594,5.94,1024,910,1910,2012,1,0,1,27.3161295674845,24.275076080479387,46.630859375
595,5.95,1024,1137,2120,2018,1,0,1,27.3161295674845,30.33050714670886,51.7578125
596,5.96,1024,910,1909,2011,1,0,1,27.3161295674845,24.275076080479387,46.6064453125
597,5.97,1024,1137,2119,2017,1,0,1,27.3161295674845,30.33050714670886,51.7333984375
598,5.98,1024,910,1908,2010,1,0,1,27.3161295674845,24.275076080479387,46.58203125
599,5.99,1024,1137,2118,2016,1,0,1,27.3161295674845,30.33050714670886,51.708984375
600,6.0,1024,910,1907,2009,1,0,1,27.3161295674845,24.275076080479387,46.5576171875
601,6.01,1024,910,2117,2015,1,0,1,27.3161295674845,24.275076080479387,51.6845703125
602,6.02,1024,1137,2123,2021,1,0,1,27.3161295674845,30.33050714670886,51.8310546875
603,6.03,1024,910,1912,2014,1,0,1,27.3161295674845,24.275076080479387,46.6796875
604,6.04,1024,1137,2122,2020,1,0,1,27.3161295674845,30.33050714670886,51.806640625
605,6.05,1024,910,1911,2013,1,0,1,27.3161295674845,24.275076080479387,46.6552734375
606,6.06,1024,1137,2121,2019,1,0,1,27.3161295674845,30.33050714670886,51.7822265625
607,6.07,1024,910,1910,2012,1,0,1,27.3161295674845,24.275076080479387,46.630859375
608,6.08,1024,1137,2120,2018,1,0,1,27.3161295674845,30.33050714670886,51.7578125
609,6.09,1024,910,1909,2011,1,0,1,27.3161295674845,24.275076080479387,46.6064453125
610,6.1,1024,1137,2119,2017,1,0,1,27.3161295674845,30.33050714670886,51.7333984375
611,6.11,1024,910,1908,2010,1,0,1,27.3161295674845,24.275076080479387,46.58203125
612,6.12,1024,910,2118,2016,1,0,1,27.3161295674845,24.275076080479387,51.708984375
613,6.13,1024,1137,2124,2022,1,0,1,27.3161295674845,30.33050714670886,51.85546875
614,6.14,1024,910,1913,2015,1,0,1,27.3161295674845,24.275076080479387,46.7041015625
615,6.15,1024,1137,2123,2021,1,0,1,27.3161295674845,30.33050714670886,51.8310546875
616,6.16,1024,910,1912,2014,1,0,1,27.3161295674845,24.275076080479387,46.6796875
617,6.17,1024,1137,2122,2020,1,0,1,27.3161295674845,30.33050714670886,51.806640625
618,6.18,1024,910,1911,2013,1,0,1,27.3161295674845,24.275076080479387,46.6552734375
619,6.19,1024,1137,2121,2019,1,0,1,27.3161295674845,30.33050714670886,51.7822265625
620,6.2,1024,910,1910,2012,1,0,1,27.3161295674845,24.275076080479387,46.630859375
621,6.21,1024,910,2120,2018,1,0,1,27.3161295674845,24.275076080479387,51.7578125
622,6.22,1024,1137,2126,2024,1,0,1,27.3161295674845,30.33050714670886,51.904296875
623,6.23,1024,910,1915,2017,1,0,1,27.3161295674845,24.275076080479387,46.7529296875
624,6.24,1024,1137,2125,2023,1,0,1,27.3161295674845,30.33050714670886,51.8798828125
625,6.25,1024,910,1914,2016,1,0,1,27.3161295674845,24.275076080479387,46.728515625
626,6.26,1024,1137,2124,2022,1,0,1,27.3161295674845,30.33050714670886,51.85546875
627,6.27,1024,910,1913,2015,1,0,1,27.3161295674845,24.275076080479387,46.7041015625
628,6.28,1024,1137,2123,2021,1,0,1,27.3161295674845,30.33050714670886,51.8310546875
629,6.29,1024,910,1912,2014,1,0,1,27.3161295674845,24.275076080479387,46.6796875
630,6.3,1024,910,2122,2020,1,0,1,27.3161295674845,24.275076080479387,51.806640625
631,6.31,1024,1137,2128,2026,1,0,1,27.3161295674845,30.33050714670886,51.953125
632,6.32,1024,910,1917,2019,1,0,1,27.3161295674845,24.275076080479387,46.8017578125
633,6.33,1024,1137,2127,2025,1,0,1,27.3161295674845,30.33050714670886,51.9287109375
634,6.34,1024,910,1916,2018,1,0,1,27.3161295674845,24.275076080479387,46.77734375
635,6.35,1024,1137,2126,2024,1,0,1,27.3161295674845,30.33050714670886,51.904296875
636,6.36,1024,910,1915,2017,1,0,1,27.3161295674845,24.275076080479387,46.7529296875
637,6.37,1024,1137,2125,2023,1,0,1,27.3161295674845,30.33050714670886,51.8798828125
638,6.38,1024,910,1914,2016,1,0,1,27.3161295674845,24.275076080479387,46.728515625
639,6.39,1024,910,2124,2022,1,0,1,27.3161295674845,24.275076080479387,51.85546875
640,6.4,1024,1137,2130,2028,1,0,1,27.3161295674845,30.33050714670886,52.001953125
641,6.41,1024,910,1919,2021,1,0,1,27.3161295674845,24.275076080479387,46.8505859375
642,6.42,1024,1137,2129,2027,1,0,1,27.3161295674845,30.33050714670886,51.9775390625
643,6.43,1024,910,1918,2020,1,0,1,27.3161295674845,24.275076080479387,46.826171875
644,6.44,1024,1137,2128,2026,1,0,1,27.3161295674845,30.33050714670886,51.953125
645,6.45,1024,910,1917,2019,1,0,1,27.3161295674845,24.275076080479387,46.8017578125
646,6.46,1024,1137,2127,2025,1,0,1,27.3161295674845,30.33050714670886,51.9287109375
647,6.47,1024,910,1916,2018,1,0,1,27.3161295674845,24.275076080479387,46.77734375
648,6.48,1024,1137,2126,2024,1,0,1,27.3161295674845,30.33050714670886,51.904296875
649,6.49,1024,910,1915,2017,1,0,1,27.3161295674845,24.275076080479387,46.7529296875
650,6.5,1024,910,2125,2023,1,0,1,27.3161295674845,24.275076080479387,51.8798828125
651,6.51,1024,1137,2131,2029,1,0,1,27.3161295674845,30.33050714670886,52.0263671875
652,6.52,1024,910,1920,2022,1,0,1,27.3161295674845,24.275076080479387,46.875
653,6.53,1024,1137,2130,2028,1,0,1,27.3161295674845,30.33050714670886,52.001953125
654,6.54,1024,910,1919,2021,1,0,1,27.3161295674845,24.275076080479387,46.8505859375
655,6.55,1024,1137,2129,2027,1,0,1,27.3161295674845,30.33050714670886,51.9775390625
656,6.56,1024,910,1918,2020,1,0,1,27.3161295674845,24.275076080479387,46.826171875
657,6.57,1024,1137,2128,2026,1,0,1,27.3161295674845,30.33050714670886,51.953125
658,6.58,1024,910,1917,2019,1,0,1,27.3161295674845,24.275076080479387,46.8017578125
659,6.59,1024,1137,2127,2025,1,0,1,27.3161295674845,30.33050714670886,51.9287109375
660,6.6,1024,910,1916,2018,1,0,1,27.3161295674845,24.275076080479387,46.77734375
661,6.61,1024,1137,2126,2024,1,0,1,27.3161295674845,30.33050714670886,51.904296875
662,6.62,1024,910,1915,2017,1,0,1,27.3161295674845,24.275076080479387,46.7529296875
663,6.63,1024,1137,2125,2023,1,0,1,27.3161295674845,30.33050714670886,51.8798828125
664,6.64,1024,910,1914,2016,1,0,1,27.3161295674845,24.275076080479387,46.728515625
665,6.65,1024,910,2124,2022,1,0,1,27.3161295674845,24.275076080479387,51.85546875
666,6.66,1024,1137,2130,2028,1,0,1,27.3161295674845,30.33050714670886,52.001953125
667,6.67,1024,910,1919,2021,1,0,1,27.3161295674845,24.275076080479387,46.8505859375
668,6.68,1024,1137,2129,2027,1,0,1,27.3161295674845,30.33050714670886,51.9775390625
669,6.69,1024,910,1918,2020,1,0,1,27.3161295674845,24.275076080479387,46.826171875
670,6.7,1024,1137,2128,2026,1,0,1,27.3161295674845,30.33050714670886,51.953125
671,6.71,1024,910,1917,2019,1,0,1,27.3161295674845,24.275076080479387,46.8017578125
672,6.72,1024,1137,2127,2025,1,0,1,27.3161295674845,30.33050714670886,51.9287109375
673,6.73,1024,910,1916,2018,1,0,1,27.3161295674845,24.275076080479387,46.77734375
674,6.74,1024,1137,2126,2024,1,0,1,27.3161295674845,30.33050714670886,51.904296875
675,6.75,1024,910,1915,2017,1,0,1,27.3161295674845,24.275076080479387,46.7529296875
676,6.76,1024,1137,2125,2023,1,0,1,27.3161295674845,30.33050714670886,51.8798828125
677,6.77,1024,910,1914,2016,1,0,1,27.3161295674845,24.275076080479387,46.728515625
678,6.78,1024,1137,2124,2022,1,0,1,27.3161295674845,30.33050714670886,51.85546875
679,6.79,1024,910,1913,2015,1,0,1,27.3161295674845,24.275076080479387,46.7041015625
680,6.8,1024,1137,2123,2021,1,0,1,27.3161295674845,30.33050714670886,51.8310546875
681,6.81,1024,910,1912,2014,1,0,1,27.3161295674845,24.275076080479387,46.6796875
682,6.82,1024,1137,2122,2020,1,0,1,27.3161295674845,30.33050714670886,51.806640625
683,6.83,1024,910,1911,2013,1,0,1,27.3161295674845,24.275076080479387,46.6552734375
684,6.84,1024,910,2121,2019,1,0,1,27.3161295674845,24.275076080479387,51.7822265625
685,6.85,1024,1137,2127,2025,1,0,1,27.3161295674845,30.33050714670886,51.9287109375
686,6.86,1024,910,1916,2018,1,0,1,27.3161295674845,24.275076080479387,46.77734375
687,6.87,1024,1137,2126,2024,1,0,1,27.3161295674845,30.33050714670886,51.904296875
688,6.88,1024,910,1915,2017,1,0,1,27.3161295674845,24.275076080479387,46.7529296875
689,6.89,1024,1137,2125,2023,1,0,1,27.3161295674845,30.33050714670886,51.8798828125
690,6.9,1024,910,1914,2016,1,0,1,27.3161295674845,24.275076080479387,46.728515625
691,6.91,1024,1137,2124,2022,1,0,1,27.3161295674845,30.33050714670886,51.85546875
692,6.92,1024,910,1913,2015,1,0,1,27.3161295674845,24.275076080479387,46.7041015625
693,6.93,1024,1137,2123,2021,1,0,1,27.3161295674845,30.33050714670886,51.8310546875
694,6.94,1024,910,1912,2014,1,0,1,27.3161295674845,24.275076080479387,46.6796875
695,6.95,1024,1137,2122,2020,1,0,1,27.3161295674845,30.33050714670886,51.806640625
696,6.96,1024,910,1911,2013,1,0,1,27.3161295674845,24.275076080479387,46.6552734375
697,6.97,1024,1137,2121,2019,1,0,1,27.3161295674845,30.33050714670886,51.7822265625
698,6.98,1024,910,1910,2012,1,0,1,27.3161295674845,24.275076080479387,46.630859375
699,6.99,1024,1137,2120,2018,1,0,1,27.3161295674845,30.33050714670886,51.7578125
700,7.0,1024,910,1909,2011,1,0,1,27.3161295674845,24.275076080479387,46.6064453125
701,7.01,1024,910,2119,2017,1,0,1,27.3161295674845,24.275076080479387,51.7333984375
702,7.02,1024,1137,2125,2023,1,0,1,27.3161295674845,30.33050714670886,51.8798828125
703,7.03,1024,910,1914,2016,1,0,1,27.3161295674845,24.275076080479387,46.728515625
704,7.04,1024,1137,2124,2022,1,0,1,27.3161295674845,30.33050714670886,51.85546875
705,7.05,1024,910,1913,2015,1,0,1,27.3161295674845,24.275076080479387,46.7041015625
706,7.06,1024,1137,2123,2021,1,0,1,27.3161295674845,30.33050714670886,51.8310546875
707,7.07,1024,910,1912,2014,1,0,1,27.3161295674845,24.275076080479387,46.6796875
708,7.08,1024,1137,2122,2020,1,0,1,27.3161295674845,30.33050714670886,51.806640625
709,7.09,1024,910,1911,2013,1,0,1,27.3161295674845,24.275076080479387,46.6552734375
710,7.1,1024,1137,2121,2019,1,0,1,27.3161295674845,30.33050714670886,51.7822265625
711,7.11,1024,910,1910,2012,1,0,1,27.3161295674845,24.275076080479387,46.630859375
712,7.12,1024,1137,2120,2018,1,0,1,27.3161295674845,30.33050714670886,51.7578125
713,7.13,1024,910,1909,2011,1,0,1,27.3161295674845,24.275076080479387,46.6064453125
714,7.14,1024,1137,2119,2017,1,0,1,27.3161295674845,30.33050714670886,51.7333984375
715,7.15,1024,910,1908,2010,1,0,1,27.3161295674845,24.275076080479387,46.58203125
716,7.16,1024,1137,2118,2016,1,0,1,27.3161295674845,30.33050714670886,51.708984375
717,7.17,1024,910,1907,2009,1,0,1,27.3161295674845,24.275076080479387,46.5576171875
718,7.18,1024,1137,2117,2015,1,0,1,27.3161295674845,30.33050714670886,51.6845703125
719,7.19,1024,910,1906,2008,1,0,1,27.3161295674845,24.275076080479387,46.533203125
720,7.2,1024,910,2116,2014,1,0,1,27.3161295674845,24.275076080479387,51.66015625
721,7.21,1024,1137,2122,2020,1,0,1,27.3161295674845,30.33050714670886,51.806640625
722,7.22,1024,910,1911,2013,1,0,1,27.3161295674845,24.275076080479387,46.6552734375
723,7.23,1024,1137,2121,2019,1,0,1,27.3161295674845,30.33050714670886,51.7822265625
724,7.24,1024,910,1910,2012,1,0,1,27.3161295674845,24.275076080479387,46.630859375
725,7.25,1024,1137,2120,2018,1,0,1,27.3161295674845,30.33050714670886,51.7578125
726,7.26,1024,910,1909,2011,1,0,1,27.3161295674845,24.275076080479387,46.6064453125
727,7.27,1024,1137,2119,2017,1,0,1,27.3161295674845,30.33050714670886,51.7333984375
728,7.28,1024,910,1908,2010,1,0,1,27.3161295674845,24.275076080479387,46.58203125
729,7.29,1024,1137,2118,2016,1,0,1,27.3161295674845,30.33050714670886,51.708984375
730,7.3,1024,910,1907,2009,1,0,1,27.3161295674845,24.275076080479387,46.5576171875
731,7.31,1024,1137,2117,2015,1,0,1,27.3161295674845,30.33050714670886,51.6845703125
732,7.32,1024,910,1906,2008,1,0,1,27.3161295674845,24.275076080479387,46.533203125
733,7.33,1024,1137,2116,2014,1,0,1,27.3161295674845,30.33050714670886,51.66015625
734,7.34,1024,910,1905,2007,1,0,1,27.3161295674845,24.275076080479387,46.5087890625
735,7.35,1024,910,2115,2013,1,0,1,27.3161295674845,24.275076080479387,51.6357421875
736,7.36,1024,1137,2121,2019,1,0,1,27.3161295674845,30.33050714670886,51.7822265625
737,7.37,1024,910,1910,2012,1,0,1,27.3161295674845,24.275076080479387,46.630859375
738,7.38,1024,1137,2120,2018,1,0,1,27.3161295674845,30.33050714670886,51.7578125
739,7.39,1024,910,1909,2011,1,0,1,27.3161295674845,24.275076080479387,46.6064453125
740,7.4,1024,1137,2119,2017,1,0,1,27.3161295674845,30.33050714670886,51.7333984375
741,7.41,1024,910,1908,2010,1,0,1,27.3161295674845,24.275076080479387,46.58203125
742,7.42,1024,1137,2118,2016,1,0,1,27.3161295674845,30.33050714670886,51.708984375
743,7.43,1024,910,1907,2009,1,0,1,27.3161295674845,24.275076080479387,46.5576171875
744,7.44,1024,1137,2117,2015,1,0,1,27.3161295674845,30.33050714670886,51.6845703125
745,7.45,1024,910,1906,2008,1,0,1,27.3161295674845,24.275076080479387,46.533203125
746,7.46,1024,1137,2116,2014,1,0,1,27.3161295674845,30.33050714670886,51.66015625
747,7.47,1024,910,1905,2007,1,0,1,27.3161295674845,24.275076080479387,46.5087890625
748,7.48,1024,910,2115,2013,1,0,1,27.3161295674845,24.275076080479387,51.6357421875
749,7.49,1024,1137,2121,2019,1,0,1,27.3161295674845,30.33050714670886,51.7822265625
750,7.5,1024,910,1910,2012,1,0,1,27.3161295674845,24.275076080479387,46.630859375
751,7.51,1024,1137,2120,2018,1,0,1,27.3161295674845,30.33050714670886,51.7578125
752,7.52,1024,910,1909,2011,1,0,1,27.3161295674845,24.275076080479387,46.6064453125
753,7.53,1024,1137,2119,2017,1,0,1,27.3161295674845,30.33050714670886,51.7333984375
754,7.54,1024,910,1908,2010,1,0,1,27.3161295674845,24.275076080479387,46.58203125
755,7.55,1024,1137,2118,2016,1,0,1,27.3161295674845,30.33050714670886,51.708984375
756,7.56,1024,910,1907,2009,1,0,1,27.3161295674845,24.275076080479387,46.5576171875
757,7.57,1024,1137,2117,2015,1,0,1,27.3161295674845,30.33050714670886,51.6845703125
758,7.58,1024,910,1906,2008,1,0,1,27.3161295674845,24.275076080479387,46.533203125
759,7.59,1024,1137,2116,2014,1,0,1,27.3161295674845,30.33050714670886,51.66015625
760,7.6,1024,910,1905,2007,1,0,1,27.3161295674845,24.275076080479387,46.5087890625
761,7.61,1024,910,2115,2013,1,0,1,27.3161295674845,24.275076080479387,51.6357421875
762,7.62,1024,1137,2121,2019,1,0,1,27.3161295674845,30.33050714670886,51.7822265625
763,7.63,1024,910,1910,2012,1,0,1,27.3161295674845,24.275076080479387,46.630859375
764,7.64,1024,1137,2120,2018,1,0,1,27.3161295674845,30.33050714670886,51.7578125
765,7.65,1024,910,1909,2011,1,0,1,27.3161295674845,24.275076080479387,46.6064453125
766,7.66,1024,1137,2119,2017,1,0,1,27.3161295674845,30.33050714670886,51.7333984375
767,7.67,1024,910,1908,2010,1,0,1,27.3161295674845,24.275076080479387,46.58203125
768,7.68,1024,1137,2118,2016,1,0,1,27.3161295674845,30.33050714670886,51.708984375
769,7.69,1024,910,1907,2009,1,0,1,27.3161295674845,24.275076080479387,46.5576171875
770,7.7,1024,1137,2117,2015,1,0,1,27.3161295674845,30.33050714670886,51.6845703125
771,7.71,1024,910,1906,2008,1,0,1,27.3161295674845,24.275076080479387,46.533203125
772,7.72,1024,1137,2116,2014,1,0,1,27.3161295674845,30.33050714670886,51.66015625
773,7.73,1024,910,1905,2007,1,0,1,27.3161295674845,24.275076080479387,46.5087890625
774,7.74,1024,910,2115,2013,1,0,1,27.3161295674845,24.275076080479387,51.6357421875
775,7.75,1024,1137,2121,2019,1,0,1,27.3161295674845,30.33050714670886,51.7822265625
776,7.76,1024,910,1910,2012,1,0,1,27.3161295674845,24.275076080479387,46.630859375
777,7.77,1024,1137,2120,2018,1,0,1,27.3161295674845,30.33050714670886,51.7578125
778,7.78,1024,910,1909,2011,1,0,1,27.3161295674845,24.275076080479387,46.6064453125
779,7.79,1024,1137,2119,2017,1,0,1,27.3161295674845,30.33050714670886,51.7333984375
780,7.8,1024,910,1908,2010,1,0,1,27.3161295674845,24.275076080479387,46.58203125
781,7.81,1024,1137,2118,2016,1,0,1,27.3161295674845,30.33050714670886,51.708984375
782,7.82,1024,910,1907,2009,1,0,1,27.3161295674845,24.275076080479387,46.5576171875
783,7.83,1024,1137,2117,2015,1,0,1,27.3161295674845,30.33050714670886,51.6845703125
784,7.84,1024,910,1906,2008,1,0,1,27.3161295674845,24.275076080479387,46.533203125
785,7.85,1024,1137,2116,2014,1,0,1,27.3161295674845,30.33050714670886,51.66015625
786,7.86,1024,910,1905,2007,1,0,1,27.3161295674845,24.275076080479387,46.5087890625
787,7.87,1024,910,2115,2013,1,0,1,27.3161295674845,24.275076080479387,51.6357421875
788,7.88,1024,1137,2121,2019,1,0,1,27.3161295674845,30.33050714670886,51.7822265625
789,7.89,1024,910,1910,2012,1,0,1,27.3161295674845,24.275076080479387,46.630859375
790,7.9,1024,1137,2120,2018,1,0,1,27.3161295674845,30.33050714670886,51.7578125
791,7.91,1024,910,1909,2011,1,0,1,27.3161295674845,24.275076080479387,46.6064453125
792,7.92,1024,1137,2119,2017,1,0,1,27.3161295674845,30.33050714670886,51.7333984375
793,7.93,1024,910,1908,2010,1,0,1,27.3161295674845,24.275076080479387,46.58203125
794,7.94,1024,1137,2118,2016,1,0,1,27.3161295674845,30.33050714670886,51.708984375
795,7.95,1024,910,1907,2009,1,0,1,27.3161295674845,24.275076080479387,46.5576171875
796,7.96,1024,1137,2117,2015,1,0,1,27.3161295674845,30.33050714670886,51.6845703125
797,7.97,1024,910,1906,2008,1,0,1,27.3161295674845,24.275076080479387,46.533203125
798,7.98,1024,910,2116,2014,1,0,1,27.3161295674845,24.275076080479387,51.66015625
799,7.99,1024,1137,2122,2020,1,0,1,27.3161295674845,30.33050714670886,51.806640625
800,8.0,1024,910,1911,2013,1,0,1,27.3161295674845,24.275076080479387,46.6552734375
801,8.01,1024,1137,2121,2019,1,0,1,27.3161295674845,30.33050714670886,51.7822265625
802,8.02,1024,910,1910,2012,1,0,1,27.3161295674845,24.275076080479387,46.630859375
803,8.03,1024,1137,2120,2018,1,0,1,27.3161295674845,30.33050714670886,51.7578125
804,8.04,1024,910,1909,2011,1,0,1,27.3161295674845,24.275076080479387,46.6064453125
805,8.05,1024,1137,2119,2017,1,0,1,27.3161295674845,30.33050714670886,51.7333984375
806,8.06,1024,910,1908,2010,1,0,1,27.3161295674845,24.275076080479387,46.58203125
807,8.07,1024,1137,2118,2016,1,0,1,27.3161295674845,30.33050714670886,51.708984375
808,8.08,1024,910,1907,2009,1,0,1,27.3161295674845,24.275076080479387,46.5576171875
809,8.09,1024,910,2117,2015,1,0,1,27.3161295674845,24.275076080479387,51.6845703125
810,8.1,1024,1137,2123,2021,1,0,1,27.3161295674845,30.33050714670886,51.8310546875
811,8.11,1024,910,1912,2014,1,0,1,27.3161295674845,24.275076080479387,46.6796875
812,8.12,1024,1137,2122,2020,1,0,1,27.3161295674845,30.33050714670886,51.806640625
813,8.13,1024,910,1911,2013,1,0,1,27.3161295674845,24.275076080479387,46.6552734375
814,8.14,1024,1137,2121,2019,1,0,1,27.3161295674845,30.33050714670886,51.7822265625
815,8.15,1024,910,1910,2012,1,0,1,27.3161295674845,24.275076080479387,46.630859375
816,8.16,1024,1137,2120,2018,1,0,1,27.3161295674845,30.33050714670886,51.7578125
817,8.17,1024,910,1909,2011,1,0,1,27.3161295674845,24.275076080479387,46.6064453125
818,8.18,1024,1137,2119,2017,1,0,1,27.3161295674845,30.33050714670886,51.7333984375
819,8.19,1024,910,1908,2010,1,0,1,27.3161295674845,24.275076080479387,46.58203125
820,8.2,1024,910,2118,2016,1,0,1,27.3161295674845,24.275076080479387,51.708984375
821,8.21,1024,1137,2124,2022,1,0,1,27.3161295674845,30.33050714670886,51.85546875
822,8.22,1024,910,1913,2015,1,0,1,27.3161295674845,24.275076080479387,46.7041015625
823,8.23,1024,1137,2123,2021,1,0,1,27.3161295674845,30.33050714670886,51.8310546875
824,8.24,1024,910,1912,2014,1,0,1,27.3161295674845,24.275076080479387,46.6796875
825,8.25,1024,1137,2122,2020,1,0,1,27.3161295674845,30.33050714670886,51.806640625
826,8.26,1024,910,1911,2013,1,0,1,27.3161295674845,24.275076080479387,46.6552734375
827,8.27,1024,1137,2121,2019,1,0,1,27.3161295674845,30.33050714670886,51.7822265625
828,8.28,1024,910,1910,2012,1,0,1,27.3161295674845,24.275076080479387,46.630859375
829,8.29,1024,1365,2120,2018,1,0,1,27.3161295674845,36.412614120719084,51.7578125
830,8.3,1024,910,1690,1997,1,0,1,27.3161295674845,24.275076080479387,41.259765625
831,8.31,1024,910,2105,2003,1,0,1,27.3161295674845,24.275076080479387,51.3916015625
832,8.32,1024,1137,2111,2009,1,0,1,27.3161295674845,30.33050714670886,51.5380859375
833,8.33,1024,910,1900,2002,1,0,1,27.3161295674845,24.275076080479387,46.38671875
834,8.34,1024,1137,2110,2008,1,0,1,27.3161295674845,30.33050714670886,51.513671875
835,8.35,1024,910,1899,2001,1,0,1,27.3161295674845,24.275076080479387,46.3623046875
836,8.36,1024,1137,2109,2007,1,0,1,27.3161295674845,30.33050714670886,51.4892578125
837,8.37,1024,910,1898,2000,1,0,1,27.3161295674845,24.275076080479387,46.337890625
838,8.38,1024,1137,2108,2006,1,0,1,27.3161295674845,30.33050714670886,51.46484375
839,8.39,1024,910,1897,1999,1,0,1,27.3161295674845,24.275076080479387,46.3134765625
840,8.4,1024,910,2107,2005,1,0,1,27.3161295674845,24.275076080479387,51.4404296875
841,8.41,1024,1137,2113,2011,1,0,1,27.3161295674845,30.33050714670886,51.5869140625
842,8.42,1024,910,1902,2004,1,0,1,27.3161295674845,24.275076080479387,46.435546875
843,8.43,1024,1137,2112,2010,1,0,1,27.3161295674845,30.33050714670886,51.5625
844,8.44,1024,910,1901,2003,1,0,1,27.3161295674845,24.275076080479387,46.4111328125
845,8.45,1024,1137,2111,2009,1,0,1,27.3161295674845,30.33050714670886,51.5380859375
846,8.46,1024,910,1900,2002,1,0,1,27.3161295674845,24.275076080479387,46.38671875
847,8.47,1024,1137,2110,2008,1,0,1,27.3161295674845,30.33050714670886,51.513671875
848,8.48,1024,910,1899,2001,1,0,1,27.3161295674845,24.275076080479387,46.3623046875
849,8.49,1024,910,2109,2007,1,0,1,27.3161295674845,24.275076080479387,51.4892578125
850,8.5,1024,1137,2115,2013,1,0,1,27.3161295674845,30.33050714670886,51.6357421875
851,8.51,1024,910,1904,2006,1,0,1,27.3161295674845,24.275076080479387,46.484375
852,8.52,1024,1137,2114,2012,1,0,1,27.3161295674845,30.33050714670886,51.611328125
853,8.53,1024,910,1903,2005,1,0,1,27.3161295674845,24.275076080479387,46.4599609375
854,8.54,1024,1137,2113,2011,1,0,1,27.3161295674845,30.33050714670886,51.5869140625
855,8.55,1024,910,1902,2004,1,0,1,27.3161295674845,24.275076080479387,46.435546875
856,8.56,1024,1137,2112,2010,1,0,1,27.3161295674845,30.33050714670886,51.5625
857,8.57,1024,910,1901,2003,1,0,1,27.3161295674845,24.275076080479387,46.4111328125
858,8.58,1024,910,2111,2009,1,0,1,27.3161295674845,24.275076080479387,51.5380859375
859,8.59,1024,1137,2117,2015,1,0,1,27.3161295674845,30.33050714670886,51.6845703125
860,8.6,1024,910,1906,2008,1,0,1,27.3161295674845,24.275076080479387,46.533203125
861,8.61,1024,1137,2116,2014,1,0,1,27.3161295674845,30.33050714670886,51.66015625
862,8.62,1024,910,1905,2007,1,0,1,27.3161295674845,24.275076080479387,46.5087890625
863,8.63,1024,1137,2115,2013,1,0,1,27.3161295674845,30.33050714670886,51.6357421875
864,8.64,1024,910,1904,2006,1,0,1,27.3161295674845,24.275076080479387,46.484375
865,8.65,1024,1137,2114,2012,1,0,1,27.3161295674845,30.33050714670886,51.611328125
866,8.66,1024,910,1903,2005,1,0,1,27.3161295674845,24.275076080479387,46.4599609375
867,8.67,1024,910,2113,2011,1,0,1,27.3161295674845,24.275076080479387,51.5869140625
868,8.68,1024,1137,2119,2017,1,0,1,27.3161295674845,30.33050714670886,51.7333984375
869,8.69,1024,910,1908,2010,1,0,1,27.3161295674845,24.275076080479387,46.58203125
870,8.7,1024,1137,2118,2016,1,0,1,27.3161295674845,30.33050714670886,51.708984375
871,8.71,1024,910,1907,2009,1,0,1,27.3161295674845,24.275076080479387,46.5576171875
872,8.72,1024,1137,2117,2015,1,0,1,27.3161295674845,30.33050714670886,51.6845703125
873,8.73,1024,910,1906,2008,1,0,1,27.3161295674845,24.275076080479387,46.533203125
874,8.74,1024,1137,2116,2014,1,0,1,27.3161295674845,30.33050714670886,51.66015625
875,8.75,1024,910,1905,2007,1,0,1,27.3161295674845,24.275076080479387,46.5087890625
876,8.76,1024,1137,2115,2013,1,0,1,27.3161295674845,30.33050714670886,51.6357421875
877,8.77,1024,910,1904,2006,1,0,1,27.3161295674845,24.275076080479387,46.484375
878,8.78,1024,910,2114,2012,1,0,1,27.3161295674845,24.275076080479387,51.611328125
879,8.79,1024,1137,2120,2018,1,0,1,27.3161295674845,30.33050714670886,51.7578125
880,8.8,1024,910,1909,2011,1,0,1,27.3161295674845,24.275076080479387,46.6064453125
881,8.81,1024,1137,2119,2017,1,0,1,27.3161295674845,30.33050714670886,51.7333984375
882,8.82,1024,910,1908,2010,1,0,1,27.3161295674845,24.275076080479387,46.58203125
883,8.83,1024,1137,2118,2016,1,0,1,27.3161295674845,30.33050714670886,51.708984375
884,8.84,1024,910,1907,2009,1,0,1,27.3161295674845,24.275076080479387,46.5576171875
885,8.85,1024,1137,2117,2015,1,0,1,27.3161295674845,30.33050714670886,51.6845703125
886,8.86,1024,910,1906,2008,1,0,1,27.3161295674845,24.275076080479387,46.533203125
887,8.87,1024,1137,2116,2014,1,0,1,27.3161295674845,30.33050714670886,51.66015625
888,8.88,1024,910,1905,2007,1,0,1,27.3161295674845,24.275076080479387,46.5087890625
889,8.89,1024,910,2115,2013,1,0,1,27.3161295674845,24.275076080479387,51.6357421875
890,8.9,1024,1137,2121,2019,1,0,1,27.3161295674845,30.33050714670886,51.7822265625
891,8.91,1024,910,1910,2012,1,0,1,27.3161295674845,24.275076080479387,46.630859375
892,8.92,1024,1137,2120,2018,1,0,1,27.3161295674845,30.33050714670886,51.7578125
893,8.93,1024,910,1909,2011,1,0,1,27.3161295674845,24.275076080479387,46.6064453125
894,8.94,1024,1137,2119,2017,1,0,1,27.3161295674845,30.33050714670886,51.7333984375
895,8.95,1024,910,1908,2010,1,0,1,27.3161295674845,24.275076080479387,46.58203125
896,8.96,1024,1137,2118,2016,1,0,1,27.3161295674845,30.33050714670886,51.708984375
897,8.97,1024,910,1907,2009,1,0,1,27.3161295674845,24.275076080479387,46.5576171875
898,8.98,1024,1137,2117,2015,1,0,1,27.3161295674845,30.33050714670886,51.6845703125
899,8.99,1024,910,1906,2008,1,0,1,27.3161295674845,24.275076080479387,46.533203125
900,9.0,1024,1137,2116,2014,1,0,1,27.3161295674845,30.33050714670886,51.66015625
901,9.01,1024,910,1905,2007,1,0,1,27.3161295674845,24.275076080479387,46.5087890625
902,9.02,1024,1137,2115,2013,1,0,1,27.3161295674845,30.33050714670886,51.6357421875
903,9.03,1024,910,1904,2006,1,0,1,27.3161295674845,24.275076080479387,46.484375
904,9.04,1024,910,2114,2012,1,0,1,27.3161295674845,24.275076080479387,51.611328125
905,9.05,1024,1137,2120,2018,1,0,1,27.3161295674845,30.33050714670886,51.7578125
906,9.06,1024,910,1909,2011,1,0,1,27.3161295674845,24.275076080479387,46.6064453125
907,9.07,1024,1137,2119,2017,1,0,1,27.3161295674845,30.33050714670886,51.7333984375
908,9.08,1024,910,1908,2010,1,0,1,27.3161295674845,24.275076080479387,46.58203125
909,9.09,1024,1137,2118,2016,1,0,1,27.3161295674845,30.33050714670886,51.708984375
910,9.1,1024,910,1907,2009,1,0,1,27.3161295674845,24.275076080479387,46.5576171875
911,9.11,1024,1137,2117,2015,1,0,1,27.3161295674845,30.33050714670886,51.6845703125
912,9.12,1024,910,1906,2008,1,0,1,27.3161295674845,24.275076080479387,46.533203125
913,9.13,1024,1137,2116,2014,1,0,1,27.3161295674845,30.33050714670886,51.66015625
914,9.14,1024,910,1905,2007,1,0,1,27.3161295674845,24.275076080479387,46.5087890625
915,9.15,1024,1137,2115,2013,1,0,1,27.3161295674845,30.33050714670886,51.6357421875
916,9.16,1024,910,1904,2006,1,0,1,27.3161295674845,24.275076080479387,46.484375
917,9.17,1024,1137,2114,2012,1,0,1,27.3161295674845,30.33050714670886,51.611328125
918,9.18,1024,910,1903,2005,1,0,1,27.3161295674845,24.275076080479387,46.4599609375
919,9.19,1024,910,2113,2011,1,0,1,27.3161295674845,24.275076080479387,51.5869140625
920,9.2,1024,1137,2119,2017,1,0,1,27.3161295674845,30.33050714670886,51.7333984375
921,9.21,1024,910,1908,2010,1,0,1,27.3161295674845,24.275076080479387,46.58203125
922,9.22,1024,1137,2118,2016,1,0,1,27.3161295674845,30.33050714670886,51.708984375
923,9.23,1024,910,1907,2009,1,0,1,27.3161295674845,24.275076080479387,46.5576171875
924,9.24,1024,1137,2117,2015,1,0,1,27.3161295674845,30.33050714670886,51.6845703125
925,9.25,1024,910,1906,2008,1,0,1,27.3161295674845,24.275076080479387,46.533203125
926,9.26,1024,1137,2116,2014,1,0,1,27.3161295674845,30.33050714670886,51.66015625
927,9.27,1024,910,1905,2007,1,0,1,27.3161295674845,24.275076080479387,46.5087890625
928,9.28,1024,910,2115,2013,1,0,1,27.3161295674845,24.275076080479387,51.6357421875
929,9.29,1024,1137,2121,2019,1,0,1,27.3161295674845,30.33050714670886,51.7822265625
930,9.3,1024,910,1910,2012,1,0,1,27.3161295674845,24.275076080479387,46.630859375
931,9.31,1024,1137,2120,2018,1,0,1,27.3161295674845,30.33050714670886,51.7578125
932,9.32,1024,910,1909,2011,1,0,1,27.3161295674845,24.275076080479387,46.6064453125
933,9.33,1024,1137,2119,2017,1,0,1,27.3161295674845,30.33050714670886,51.7333984375
934,9.34,1024,910,1908,2010,1,0,1,27.3161295674845,24.275076080479387,46.58203125
935,9.35,1024,1137,2118,2016,1,0,1,27.3161295674845,30.33050714670886,51.708984375
936,9.36,1024,910,1907,2009,1,0,1,27.3161295674845,24.275076080479387,46.5576171875
937,9.37,1024,910,2117,2015,1,0,1,27.3161295674845,24.275076080479387,51.6845703125
938,9.38,1024,1137,2123,2021,1,0,1,27.3161295674845,30.33050714670886,51.8310546875
939,9.39,1024,910,1912,2014,1,0,1,27.3161295674845,24.275076080479387,46.6796875
940,9.4,1024,1137,2122,2020,1,0,1,27.3161295674845,30.33050714670886,51.806640625
941,9.41,1024,910,1911,2013,1,0,1,27.3161295674845,24.275076080479387,46.6552734375
942,9.42,1024,1137,2121,2019,1,0,1,27.3161295674845,30.33050714670886,51.7822265625
943,9.43,1024,910,1910,2012,1,0,1,27.3161295674845,24.275076080479387,46.630859375
944,9.44,1024,1137,2120,2018,1,0,1,27.3161295674845,30.33050714670886,51.7578125
945,9.45,1024,910,1909,2011,1,0,1,27.3161295674845,24.275076080479387,46.6064453125
946,9.46,1024,910,2119,2017,1,0,1,27.3161295674845,24.275076080479387,51.7333984375
947,9.47,1024,1137,2125,2023,1,0,1,27.3161295674845,30.33050714670886,51.8798828125
948,9.48,1024,910,1914,2016,1,0,1,27.3161295674845,24.275076080479387,46.728515625
949,9.49,1024,1137,2124,2022,1,0,1,27.3161295674845,30.33050714670886,51.85546875
950,9.5,1024,910,1913,2015,1,0,1,27.3161295674845,24.275076080479387,46.7041015625
951,9.51,1024,1137,2123,2021,1,0,1,27.3161295674845,30.33050714670886,51.8310546875
952,9.52,1024,910,1912,2014,1,0,1,27.3161295674845,24.275076080479387,46.6796875
953,9.53,1024,1137,2122,2020,1,0,1,27.3161295674845,30.33050714670886,51.806640625
954,9.54,1024,910,1911,2013,1,0,1,27.3161295674845,24.275076080479387,46.6552734375
955,9.55,1024,910,2121,2019,1,0,1,27.3161295674845,24.275076080479387,51.7822265625
956,9.56,1024,1137,2127,2025,1,0,1,27.3161295674845,30.33050714670886,51.9287109375
957,9.57,1024,910,1916,2018,1,0,1,27.3161295674845,24.275076080479387,46.77734375
958,9.58,1024,1137,2126,2024,1,0,1,27.3161295674845,30.33050714670886,51.904296875
959,9.59,1024,910,1915,2017,1,0,1,27.3161295674845,24.275076080479387,46.7529296875
960,9.6,1024,1137,2125,2023,1,0,1,27.3161295674845,30.33050714670886,51.8798828125
961,9.61,1024,910,1914,2016,1,0,1,27.3161295674845,24.275076080479387,46.728515625
962,9.62,1024,1137,2124,2022,1,0,1,27.3161295674845,30.33050714670886,51.85546875
963,9.63,1024,910,1913,2015,1,0,1,27.3161295674845,24.275076080479387,46.7041015625
964,9.64,1024,1137,2123,2021,1,0,1,27.3161295674845,30.33050714670886,51.8310546875
965,9.65,1024,910,1912,2014,1,0,1,27.3161295674845,24.275076080479387,46.6796875
966,9.66,1024,910,2122,2020,1,0,1,27.3161295674845,24.275076080479387,51.806640625
967,9.67,1024,1137,2128,2026,1,0,1,27.3161295674845,30.33050714670886,51.953125
968,9.68,1024,910,1917,2019,1,0,1,27.3161295674845,24.275076080479387,46.8017578125
969,9.69,1024,1137,2127,2025,1,0,1,27.3161295674845,30.33050714670886,51.9287109375
970,9.7,1024,910,1916,2018,1,0,1,27.3161295674845,24.275076080479387,46.77734375
971,9.71,1024,1137,2126,2024,1,0,1,27.3161295674845,30.33050714670886,51.904296875
972,9.72,1024,910,1915,2017,1,0,1,27.3161295674845,24.275076080479387,46.7529296875
973,9.73,1024,1137,2125,2023,1,0,1,27.3161295674845,30.33050714670886,51.8798828125
974,9.74,1024,910,1914,2016,1,0,1,27.3161295674845,24.275076080479387,46.728515625
975,9.75,1024,1137,2124,2022,1,0,1,27.3161295674845,30.33050714670886,51.85546875
976,9.76,1024,910,1913,2015,1,0,1,27.3161295674845,24.275076080479387,46.7041015625
977,9.77,1024,1137,2123,2021,1,0,1,27.3161295674845,30.33050714670886,51.8310546875
978,9.78,1024,910,1912,2014,1,0,1,27.3161295674845,24.275076080479387,46.6796875
979,9.79,1024,910,2122,2020,1,0,1,27.3161295674845,24.275076080479387,51.806640625
980,9.8,1024,1137,2128,2026,1,0,1,27.3161295674845,30.33050714670886,51.953125
981,9.81,1024,910,1917,2019,1,0,1,27.3161295674845,24.275076080479387,46.8017578125
982,9.82,1024,1137,2127,2025,1,0,1,27.3161295674845,30.33050714670886,51.9287109375
983,9.83,1024,910,1916,2018,1,0,1,27.3161295674845,24.275076080479387,46.77734375
984,9.84,1024,1137,2126,2024,1,0,1,27.3161295674845,30.33050714670886,51.904296875
985,9.85,1024,910,1915,2017,1,0,1,27.3161295674845,24.275076080479387,46.7529296875
986,9.86,1024,1137,2125,2023,1,0,1,27.3161295674845,30.33050714670886,51.8798828125
987,9.87,1024,910,1914,2016,1,0,1,27.3161295674845,24.275076080479387,46.728515625
988,9.88,1024,1137,2124,2022,1,0,1,27.3161295674845,30.33050714670886,51.85546875
989,9.89,1024,910,1913,2015,1,0,1,27.3161295674845,24.275076080479387,46.7041015625
990,9.9,1024,1137,2123,2021,1,0,1,27.3161295674845,30.33050714670886,51.8310546875
991,9.91,1024,910,1912,2014,1,0,1,27.3161295674845,24.275076080479387,46.6796875
992,9.92,1024,1137,2122,2020,1,0,1,27.3161295674845,30.33050714670886,51.806640625
993,9.93,1024,910,1911,2013,1,0,1,27.3161295674845,24.275076080479387,46.6552734375
994,9.94,1024,1137,2121,2019,1,0,1,27.3161295674845,30.33050714670886,51.7822265625
995,9.95,1024,910,1910,2012,1,0,1,27.3161295674845,24.275076080479387,46.630859375
996,9.96,1024,910,2120,2018,1,0,1,27.3161295674845,24.275076080479387,51.7578125
997,9.97,1024,1137,2126,2024,1,0,1,27.3161295674845,30.33050714670886,51.904296875
998,9.98,1024,910,1915,2017,1,0,1,27.3161295674845,24.275076080479387,46.7529296875
999,9.99,1024,1137,2125,2023,1,0,1,27.3161295674845,30.33050714670886,51.8798828125
1000,10.0,1024,910,1914,2016,1,0,1,27.3161295674845,24.275076080479387,46.728515625
1001,10.01,1024,1137,2124,2022,1,0,1,27.3161295674845,30.33050714670886,51.85546875
1002,10.02,1024,910,1913,2015,1,0,1,27.3161295674845,24.275076080479387,46.7041015625
1003,10.03,1024,1137,2123,2021,1,0,1,27.3161295674845,30.33050714670886,51.8310546875
1004,10.04,1024,910,1912,2014,1,0,1,27.3161295674845,24.275076080479387,46.6796875
1005,10.05,1024,1137,2122,2020,1,0,1,27.3161295674845,30.33050714670886,51.806640625
1006,10.06,1024,910,1911,2013,1,0,1,27.3161295674845,24.275076080479387,46.6552734375
1007,10.07,1024,1137,2121,2019,1,0,1,27.3161295674845,30.33050714670886,51.7822265625
1008,10.08,1024,910,1910,2012,1,0,1,27.3161295674845,24.275076080479387,46.630859375
1009,10.09,1024,1137,2120,2018,1,0,1,27.3161295674845,30.33050714670886,51.7578125
1010,10.1,1024,910,1909,2011,1,0,1,27.3161295674845,24.275076080479387,46.6064453125
1011,10.11,1024,1137,2119,2017,1,0,1,27.3161295674845,30.33050714670886,51.7333984375
1012,10.12,1024,910,1908,2010,1,0,1,27.3161295674845,24.275076080479387,46.58203125
1013,10.13,1024,1137,2118,2016,1,0,1,27.3161295674845,30.33050714670886,51.708984375
1014,10.14,1024,910,1907,2009,1,0,1,27.3161295674845,24.275076080479387,46.5576171875
1015,10.15,1024,910,2117,2015,1,0,1,27.3161295674845,24.275076080479387,51.6845703125
1016,10.16,1024,1137,2123,2021,1,0,1,27.3161295674845,30.33050714670886,51.8310546875
1017,10.17,1024,910,1912,2014,1,0,1,27.3161295674845,24.275076080479387,46.6796875
1018,10.18,1024,1137,2122,2020,1,0,1,27.3161295674845,30.33050714670886,51.806640625
1019,10.19,1024,910,1911,2013,1,0,1,27.3161295674845,24.275076080479387,46.6552734375
1020,10.2,1024,1137,2121,2019,1,0,1,27.3161295674845,30.33050714670886,51.7822265625
1021,10.21,1024,910,1910,2012,1,0,1,27.3161295674845,24.275076080479387,46.630859375
1022,10.22,1024,1137,2120,2018,1,0,1,27.3161295674845,30.33050714670886,51.7578125
1023,10.23,1024,910,1909,2011,1,0,1,27.3161295674845,24.275076080479387,46.6064453125
1024,10.24,1024,1137,2119,2017,1,0,1,27.3161295674845,30.33050714670886,51.7333984375
1025,10.25,1024,910,1908,2010,1,0,1,27.3161295674845,24.275076080479387,46.58203125
1026,10.26,1024,1137,2118,2016,1,0,1,27.3161295674845,30.33050714670886,51.708984375
1027,10.27,1024,910,1907,2009,1,0,1,27.3161295674845,24.275076080479387,46.5576171875
1028,10.28,1024,1137,2117,2015,1,0,1,27.3161295674845,30.33050714670886,51.6845703125
1029,10.29,1024,910,1906,2008,1,0,1,27.3161295674845,24.275076080479387,46.533203125
1030,10.3,1024,910,2116,2014,1,0,1,27.3161295674845,24.275076080479387,51.66015625
1031,10.31,1024,1137,2122,2020,1,0,1,27.3161295674845,30.33050714670886,51.806640625
1032,10.32,1024,910,1911,2013,1,0,1,27.3161295674845,24.275076080479387,46.6552734375
1033,10.33,1024,1137,2121,2019,1,0,1,27.3161295674845,30.33050714670886,51.7822265625
1034,10.34,1024,910,1910,2012,1,0,1,27.3161295674845,24.275076080479387,46.630859375
1035,10.35,1024,1137,2120,2018,1,0,1,27.3161295674845,30.33050714670886,51.7578125
1036,10.36,1024,910,1909,2011,1,0,1,27.3161295674845,24.275076080479387,46.6064453125
1037,10.37,1024,1137,2119,2017,1,0,1,27.3161295674845,30.33050714670886,51.7333984375
1038,10.38,1024,910,1908,2010,1,0,1,27.3161295674845,24.275076080479387,46.58203125
1039,10.39,1024,1137,2118,2016,1,0,1,27.3161295674845,30.33050714670886,51.708984375
1040,10.4,1024,910,1907,2009,1,0,1,27.3161295674845,24.275076080479387,46.5576171875
1041,10.41,1024,1137,2117,2015,1,0,1,27.3161295674845,30.33050714670886,51.6845703125
1042,10.42,1024,910,1906,2008,1,0,1,27.3161295674845,24.275076080479387,46.533203125
1043,10.43,1024,910,2116,2014,1,0,1,27.3161295674845,24.275076080479387,51.66015625
1044,10.44,1024,1137,2122,2020,1,0,1,27.3161295674845,30.33050714670886,51.806640625
1045,10.45,1024,910,1911,2013,1,0,1,27.3161295674845,24.275076080479387,46.6552734375
1046,10.46,1024,1137,2121,2019,1,0,1,27.3161295674845,30.33050714670886,51.7822265625
1047,10.47,1024,910,1910,2012,1,0,1,27.3161295674845,24.275076080479387,46.630859375
1048,10.48,1024,1137,2120,2018,1,0,1,27.3161295674845,30.33050714670886,51.7578125
1049,10.49,1024,910,1909,2011,1,0,1,27.3161295674845,24.275076080479387,46.6064453125
1050,10.5,1024,1137,2119,2017,1,0,1,27.3161295674845,30.33050714670886,51.7333984375
1051,10.51,1024,910,1908,2010,1,0,1,27.3161295674845,24.275076080479387,46.58203125
1052,10.52,1024,1137,2118,2016,1,0,1,27.3161295674845,30.33050714670886,51.708984375
1053,10.53,1024,910,1907,2009,1,0,1,27.3161295674845,24.275076080479387,46.5576171875
1054,10.54,1024,1137,2117,2015,1,0,1,27.3161295674845,30.33050714670886,51.6845703125
1055,10.55,1024,910,1906,2008,1,0,1,27.3161295674845,24.275076080479387,46.533203125
1056,10.56,1024,1137,2116,2014,1,0,1,27.3161295674845,30.33050714670886,51.66015625
1057,10.57,1024,910,1905,2007,1,0,1,27.3161295674845,24.275076080479387,46.5087890625
1058,10.58,1024,910,2115,2013,1,0,1,27.3161295674845,24.275076080479387,51.6357421875
1059,10.59,1024,1137,2121,2019,1,0,1,27.3161295674845,30.33050714670886,51.7822265625
1060,10.6,1024,910,1910,2012,1,0,1,27.3161295674845,24.275076080479387,46.630859375
1061,10.61,1024,1137,2120,2018,1,0,1,27.3161295674845,30.33050714670886,51.7578125
1062,10.62,1024,910,1909,2011,1,0,1,27.3161295674845,24.275076080479387,46.6064453125
1063,10.63,1024,1137,2119,2017,1,0,1,27.3161295674845,30.33050714670886,51.7333984375
1064,10.64,1024,910,1908,2010,1,0,1,27.3161295674845,24.275076080479387,46.58203125
1065,10.65,1024,1137,2118,2016,1,0,1,27.3161295674845,30.33050714670886,51.708984375
1066,10.66,1024,910,1907,2009,1,0,1,27.3161295674845,24.275076080479387,46.5576171875
1067,10.67,1024,1137,2117,2015,1,0,1,27.3161295674845,30.33050714670886,51.6845703125
1068,10.68,1024,910,1906,2008,1,0,1,27.3161295674845,24.275076080479387,46.533203125
1069,10.69,1024,1137,2116,2014,1,0,1,27.3161295674845,30.33050714670886,51.66015625
1070,10.7,1024,910,1905,2007,1,0,1,27.3161295674845,24.275076080479387,46.5087890625
1071,10.71,1024,910,2115,2013,1,0,1,27.3161295674845,24.275076080479387,51.6357421875
1072,10.72,1024,1137,2121,2019,1,0,1,27.3161295674845,30.33050714670886,51.7822265625
1073,10.73,1024,910,1910,2012,1,0,1,27.3161295674845,24.275076080479387,46.630859375
1074,10.74,1024,1137,2120,2018,1,0,1,27.3161295674845,30.33050714670886,51.7578125
1075,10.75,1024,910,1909,2011,1,0,1,27.3161295674845,24.275076080479387,46.6064453125
1076,10.76,1024,1137,2119,2017,1,0,1,27.3161295674845,30.33050714670886,51.7333984375
1077,10.77,1024,910,1908,2010,1,0,1,27.3161295674845,24.275076080479387,46.58203125
1078,10.78,1024,1137,2118,2016,1,0,1,27.3161295674845,30.33050714670886,51.708984375
1079,10.79,1024,910,1907,2009,1,0,1,27.3161295674845,24.275076080479387,46.5576171875
1080,10.8,1024,1137,2117,2015,1,0,1,27.3161295674845,30.33050714670886,51.6845703125
1081,10.81,1024,910,1906,2008,1,0,1,27.3161295674845,24.275076080479387,46.533203125
1082,10.82,1024,1137,2116,2014,1,0,1,27.3161295674845,30.33050714670886,51.66015625
1083,10.83,1024,910,1905,2007,1,0,1,27.3161295674845,24.275076080479387,46.5087890625
1084,10.84,1024,910,2115,2013,1,0,1,27.3161295674845,24.275076080479387,51.6357421875
1085,10.85,1024,1137,2121,2019,1,0,1,27.3161295674845,30.33050714670886,51.7822265625
1086,10.86,1024,910,1910,2012,1,0,1,27.3161295674845,24.275076080479387,46.630859375
1087,10.87,1024,1137,2120,2018,1,0,1,27.3161295674845,30.33050714670886,51.7578125
1088,10.88,1024,910,1909,2011,1,0,1,27.3161295674845,24.275076080479387,46.6064453125
1089,10.89,1024,1137,2119,2017,1,0,1,27.3161295674845,30.33050714670886,51.7333984375
1090,10.9,1024,910,1908,2010,1,0,1,27.3161295674845,24.275076080479387,46.58203125
1091,10.91,1024,1137,2118,2016,1,0,1,27.3161295674845,30.33050714670886,51.708984375
1092,10.92,1024,910,1907,2009,1,0,1,27.3161295674845,24.275076080479387,46.5576171875
1093,10.93,1024,1137,2117,2015,1,0,1,27.3161295674845,30.33050714670886,51.6845703125
1094,10.94,1024,910,1906,2008,1,0,1,27.3161295674845,24.275076080479387,46.533203125
1095,10.95,1024,1137,2116,2014,1,0,1,27.3161295674845,30.33050714670886,51.66015625
1096,10.96,1024,910,1905,2007,1,0,1,27.3161295674845,24.275076080479387,46.5087890625
1097,10.97,1024,910,2115,2013,1,0,1,27.3161295674845,24.275076080479387,51.6357421875
1098,10.98,1024,1137,2121,2019,1,0,1,27.3161295674845,30.33050714670886,51.7822265625
1099,10.99,1024,910,1910,2012,1,0,1,27.3161295674845,24.275076080479387,46.630859375
1100,11.0,1024,1137,2120,2018,1,0,1,27.3161295674845,30.33050714670886,51.7578125
1101,11.01,1024,910,1909,2011,1,0,1,27.3161295674845,24.275076080479387,46.6064453125
1102,11.02,1024,1137,2119,2017,1,0,1,27.3161295674845,30.33050714670886,51.7333984375
1103,11.03,1024,910,1908,2010,1,0,1,27.3161295674845,24.275076080479387,46.58203125
1104,11.04,1024,1137,2118,2016,1,0,1,27.3161295674845,30.33050714670886,51.708984375
1105,11.05,1024,910,1907,2009,1,0,1,27.3161295674845,24.275076080479387,46.5576171875
1106,11.06,1024,1137,2117,2015,1,0,1,27.3161295674845,30.33050714670886,51.6845703125
1107,11.07,1024,910,1906,2008,1,0,1,27.3161295674845,24.275076080479387,46.533203125
1108,11.08,1024,1137,2116,2014,1,0,1,27.3161295674845,30.33050714670886,51.66015625
1109,11.09,1024,910,1905,2007,1,0,1,27.3161295674845,24.275076080479387,46.5087890625
1110,11.1,1024,1137,2115,2013,1,0,1,27.3161295674845,30.33050714670886,51.6357421875
1111,11.11,1024,910,1904,2006,1,0,1,27.3161295674845,24.275076080479387,46.484375
1112,11.12,1024,910,2114,2012,1,0,1,27.3161295674845,24.275076080479387,51.611328125
1113,11.13,1024,1137,2120,2018,1,0,1,27.3161295674845,30.33050714670886,51.7578125
1114,11.14,1024,910,1909,2011,1,0,1,27.3161295674845,24.275076080479387,46.6064453125
1115,11.15,1024,1137,2119,2017,1,0,1,27.3161295674845,30.33050714670886,51.7333984375
1116,11.16,1024,910,1908,2010,1,0,1,27.3161295674845,24.275076080479387,46.58203125
1117,11.17,1024,1137,2118,2016,1,0,1,27.3161295674845,30.33050714670886,51.708984375
1118,11.18,1024,910,1907,2009,1,0,1,27.3161295674845,24.275076080479387,46.5576171875
1119,11.19,1024,1137,2117,2015,1,0,1,27.3161295674845,30.33050714670886,51.6845703125
1120,11.2,1024,910,1906,2008,1,0,1,27.3161295674845,24.275076080479387,46.533203125
1121,11.21,1024,1137,2116,2014,1,0,1,27.3161295674845,30.33050714670886,51.66015625
1122,11.22,1024,910,1905,2007,1,0,1,27.3161295674845,24.275076080479387,46.5087890625
1123,11.23,1024,1137,2115,2013,1,0,1,27.3161295674845,30.33050714670886,51.6357421875
1124,11.24,1024,910,1904,2006,1,0,1,27.3161295674845,24.275076080479387,46.484375
1125,11.25,1024,1137,2114,2012,1,0,1,27.3161295674845,30.33050714670886,51.611328125
1126,11.26,1024,910,1903,2005,1,0,1,27.3161295674845,24.275076080479387,46.4599609375
1127,11.27,1024,1137,2113,2011,1,0,1,27.3161295674845,30.33050714670886,51.5869140625
1128,11.28,1024,910,1902,2004,1,0,1,27.3161295674845,24.275076080479387,46.435546875
1129,11.29,1024,910,2112,2010,1,0,1,27.3161295674845,24.275076080479387,51.5625
1130,11.3,1024,1137,2118,2016,1,0,1,27.3161295674845,30.33050714670886,51.708984375
1131,11.31,1024,910,1907,2009,1,0,1,27.3161295674845,24.275076080479387,46.5576171875
1132,11.32,1024,1137,2117,2015,1,0,1,27.3161295674845,30.33050714670886,51.6845703125
1133,11.33,1024,910,1906,2008,1,0,1,27.3161295674845,24.275076080479387,46.533203125
1134,11.34,1024,1137,2116,2014,1,0,1,27.3161295674845,30.33050714670886,51.66015625
1135,11.35,1024,910,1905,2007,1,0,1,27.3161295674845,24.275076080479387,46.5087890625
1136,11.36,1024,1137,2115,2013,1,0,1,27.3161295674845,30.33050714670886,51.6357421875
1137,11.37,1024,910,1904,2006,1,0,1,27.3161295674845,24.275076080479387,46.484375
1138,11.38,1024,1137,2114,2012,1,0,1,27.3161295674845,30.33050714670886,51.611328125
1139,11.39,1024,910,1903,2005,1,0,1,27.3161295674845,24.275076080479387,46.4599609375
1140,11.4,1024,1137,2113,2011,1,0,1,27.3161295674845,30.33050714670886,51.5869140625
1141,11.41,1024,910,1902,2004,1,0,1,27.3161295674845,24.275076080479387,46.435546875
1142,11.42,1024,910,2112,2010,1,0,1,27.3161295674845,24.275076080479387,51.5625
1143,11.43,1024,1137,2118,2016,1,0,1,27.3161295674845,30.33050714670886,51.708984375
1144,11.44,1024,910,1907,2009,1,0,1,27.3161295674845,24.275076080479387,46.5576171875
1145,11.45,1024,1137,2117,2015,1,0,1,27.3161295674845,30.33050714670886,51.6845703125
1146,11.46,1024,910,1906,2008,1,0,1,27.3161295674845,24.275076080479387,46.533203125
1147,11.47,1024,1137,2116,2014,1,0,1,27.3161295674845,30.33050714670886,51.66015625
1148,11.48,1024,910,1905,2007,1,0,1,27.3161295674845,24.275076080479387,46.5087890625
1149,11.49,1024,1137,2115,2013,1,0,1,27.3161295674845,30.33050714670886,51.6357421875
1150,11.5,1024,910,1904,2006,1,0,1,27.3161295674845,24.275076080479387,46.484375
1151,11.51,1024,1137,2114,2012,1,0,1,27.3161295674845,30.33050714670886,51.611328125
1152,11.52,1024,910,1903,2005,1,0,1,27.3161295674845,24.275076080479387,46.4599609375
1153,11.53,1024,1137,2113,2011,1,0,1,27.3161295674845,30.33050714670886,51.5869140625
1154,11.54,1024,910,1902,2004,1,0,1,27.3161295674845,24.275076080479387,46.435546875
1155,11.55,1024,1137,2112,2010,1,0,1,27.3161295674845,30.33050714670886,51.5625
1156,11.56,1024,910,1901,2003,1,0,1,27.3161295674845,24.275076080479387,46.4111328125
1157,11.57,1024,910,2111,2009,1,0,1,27.3161295674845,24.275076080479387,51.5380859375
1158,11.58,1024,1137,2117,2015,1,0,1,27.3161295674845,30.33050714670886,51.6845703125
1159,11.59,1024,910,1906,2008,1,0,1,27.3161295674845,24.275076080479387,46.533203125
1160,11.6,1024,1137,2116,2014,1,0,1,27.3161295674845,30.33050714670886,51.66015625
1161,11.61,1024,910,1905,2007,1,0,1,27.3161295674845,24.275076080479387,46.5087890625
1162,11.62,1024,1137,2115,2013,1,0,1,27.3161295674845,30.33050714670886,51.6357421875
1163,11.63,1024,910,1904,2006,1,0,1,27.3161295674845,24.275076080479387,46.484375
1164,11.64,1024,1137,2114,2012,1,0,1,27.3161295674845,30.33050714670886,51.611328125
1165,11.65,1024,910,1903,2005,1,0,1,27.3161295674845,24.275076080479387,46.4599609375
1166,11.66,1024,1137,2113,2011,1,0,1,27.3161295674845,30.33050714670886,51.5869140625
1167,11.67,1024,910,1902,2004,1,0,1,27.3161295674845,24.275076080479387,46.435546875
1168,11.68,1024,1137,2112,2010,1,0,1,27.3161295674845,30.33050714670886,51.5625
1169,11.69,1024,910,1901,2003,1,0,1,27.3161295674845,24.275076080479387,46.4111328125
1170,11.7,1024,910,2111,2009,1,0,1,27.3161295674845,24.275076080479387,51.5380859375
1171,11.71,1024,1137,2117,2015,1,0,1,27.3161295674845,30.33050714670886,51.6845703125
1172,11.72,1024,910,1906,2008,1,0,1,27.3161295674845,24.275076080479387,46.533203125
1173,11.73,1024,1137,2116,2014,1,0,1,27.3161295674845,30.33050714670886,51.66015625
1174,11.74,1024,910,1905,2007,1,0,1,27.3161295674845,24.275076080479387,46.5087890625
1175,11.75,1024,1137,2115,2013,1,0,1,27.3161295674845,30.33050714670886,51.6357421875
1176,11.76,1024,910,1904,2006,1,0,1,27.3161295674845,24.275076080479387,46.484375
1177,11.77,1024,1137,2114,2012,1,0,1,27.3161295674845,30.33050714670886,51.611328125
1178,11.78,1024,910,1903,2005,1,0,1,27.3161295674845,24.275076080479387,46.4599609375
1179,11.79,1024,1137,2113,2011,1,0,1,27.3161295674845,30.33050714670886,51.5869140625
1180,11.8,1024,910,1902,2004,1,0,1,27.3161295674845,24.275076080479387,46.435546875
1181,11.81,1024,1137,2112,2010,1,0,1,27.3161295674845,30.33050714670886,51.5625
1182,11.82,1024,910,1901,2003,1,0,1,27.3161295674845,24.275076080479387,46.4111328125
1183,11.83,1024,910,2111,2009,1,0,1,27.3161295674845,24.275076080479387,51.5380859375
1184,11.84,1024,1137,2117,2015,1,0,1,27.3161295674845,30.33050714670886,51.6845703125
1185,11.85,1024,910,1906,2008,1,0,1,27.3161295674845,24.275076080479387,46.533203125
1186,11.86,1024,1137,2116,2014,1,0,1,27.3161295674845,30.33050714670886,51.66015625
1187,11.87,1024,910,1905,2007,1,0,1,27.3161295674845,24.275076080479387,46.5087890625
1188,11.88,1024,1137,2115,2013,1,0,1,27.3161295674845,30.33050714670886,51.6357421875
1189,11.89,1024,910,1904,2006,1,0,1,27.3161295674845,24.275076080479387,46.484375
1190,11.9,1024,1137,2114,2012,1,0,1,27.3161295674845,30.33050714670886,51.611328125
1191,11.91,1024,910,1903,2005,1,0,1,27.3161295674845,24.275076080479387,46.4599609375
1192,11.92,1024,1137,2113,2011,1,0,1,27.3161295674845,30.33050714670886,51.5869140625
1193,11.93,1024,910,1902,2004,1,0,1,27.3161295674845,24.275076080479387,46.435546875
1194,11.94,1024,910,2112,2010,1,0,1,27.3161295674845,24.275076080479387,51.5625
1195,11.95,1024,1137,2118,2016,1,0,1,27.3161295674845,30.33050714670886,51.708984375
1196,11.96,1024,910,1907,2009,1,0,1,27.3161295674845,24.275076080479387,46.5576171875
1197,11.97,1024,1137,2117,2015,1,0,1,27.3161295674845,30.33050714670886,51.6845703125
1198,11.98,1024,910,1906,2008,1,0,1,27.3161295674845,24.275076080479387,46.533203125
1199,11.99,1024,1137,2116,2014,1,0,1,27.3161295674845,30.33050714670886,51.66015625
1200,12.0,1024,910,1905,2007,1,0,1,27.3161295674845,24.275076080479387,46.5087890625
1201,12.01,1024,1137,2115,2013,1,0,1,27.3161295674845,30.33050714670886,51.6357421875
1202,12.02,1024,910,1904,2006,1,0,1,27.3161295674845,24.275076080479387,46.484375
1203,12.03,1024,1137,2114,2012,1,0,1,27.3161295674845,30.33050714670886,51.611328125
1204,12.04,1024,910,1903,2005,1,0,1,27.3161295674845,24.275076080479387,46.4599609375
1205,12.05,1024,910,2113,2011,1,0,1,27.3161295674845,24.275076080479387,51.5869140625
1206,12.06,1024,1137,2119,2017,1,0,1,27.3161295674845,30.33050714670886,51.7333984375
1207,12.07,1024,910,1908,2010,1,0,1,27.3161295674845,24.275076080479387,46.58203125
1208,12.08,1024,1137,2118,2016,1,0,1,27.3161295674845,30.33050714670886,51.708984375
1209,12.09,1024,910,1907,2009,1,0,1,27.3161295674845,24.275076080479387,46.5576171875
1210,12.1,1024,1137,2117,2015,1,0,1,27.3161295674845,30.33050714670886,51.6845703125
1211,12.11,1024,910,1906,2008,1,0,1,27.3161295674845,24.275076080479387,46.533203125
1212,12.12,1024,1137,2116,2014,1,0,1,27.3161295674845,30.33050714670886,51.66015625
1213,12.13,1024,910,1905,2007,1,0,1,27.3161295674845,24.275076080479387,46.5087890625
1214,12.14,1024,1137,2115,2013,1,0,1,27.3161295674845,30.33050714670886,51.6357421875
1215,12.15,1024,910,1904,2006,1,0,1,27.3161295674845,24.275076080479387,46.484375
1216,12.16,1024,1137,2114,2012,1,0,1,27.3161295674845,30.33050714670886,51.611328125
1217,12.17,1024,910,1903,2005,1,0,1,27.3161295674845,24.275076080479387,46.4599609375
1218,12.18,1024,1137,2113,2011,1,0,1,27.3161295674845,30.33050714670886,51.5869140625
1219,12.19,1024,910,1902,2004,1,0,1,27.3161295674845,24.275076080479387,46.435546875
1220,12.2,1024,1137,2112,2010,1,0,1,27.3161295674845,30.33050714670886,51.5625
1221,12.21,1024,910,1901,2003,1,0,1,27.3161295674845,24.275076080479387,46.4111328125
1222,12.22,1024,910,2111,2009,1,0,1,27.3161295674845,24.275076080479387,51.5380859375
1223,12.23,1024,1137,2117,2015,1,0,1,27.3161295674845,30.33050714670886,51.6845703125
1224,12.24,1024,910,1906,2008,1,0,1,27.3161295674845,24.275076080479387,46.533203125
1225,12.25,1024,1137,2116,2014,1,0,1,27.3161295674845,30.33050714670886,51.66015625
1226,12.26,1024,910,1905,2007,1,0,1,27.3161295674845,24.275076080479387,46.5087890625
1227,12.27,1024,1137,2115,2013,1,0,1,27.3161295674845,30.33050714670886,51.6357421875
1228,12.28,1024,910,1904,2006,1,0,1,27.3161295674845,24.275076080479387,46.484375
1229,12.29,1024,1137,2114,2012,1,0,1,27.3161295674845,30.33050714670886,51.611328125
1230,12.3,1024,910,1903,2005,1,0,1,27.3161295674845,24.275076080479387,46.4599609375
1231,12.31,1024,1137,2113,2011,1,0,1,27.3161295674845,30.33050714670886,51.5869140625
1232,12.32,1024,910,1902,2004,1,0,1,27.3161295674845,24.275076080479387,46.435546875
1233,12.33,1024,910,2112,2010,1,0,1,27.3161295674845,24.275076080479387,51.5625
1234,12.34,1024,1137,2118,2016,1,0,1,27.3161295674845,30.33050714670886,51.708984375
1235,12.35,1024,910,1907,2009,1,0,1,27.3161295674845,24.275076080479387,46.5576171875
1236,12.36,1024,1137,2117,2015,1,0,1,27.3161295674845,30.33050714670886,51.6845703125
1237,12.37,1024,910,1906,2008,1,0,1,27.3161295674845,24.275076080479387,46.533203125
1238,12.38,1024,1137,2116,2014,1,0,1,27.3161295674845,30.33050714670886,51.66015625
1239,12.39,1024,910,1905,2007,1,0,1,27.3161295674845,24.275076080479387,46.5087890625
1240,12.4,1024,1137,2115,2013,1,0,1,27.3161295674845,30.33050714670886,51.6357421875
1241,12.41,1024,910,1904,2006,1,0,1,27.3161295674845,24.275076080479387,46.484375
1242,12.42,1024,910,2114,2012,1,0,1,27.3161295674845,24.275076080479387,51.611328125
1243,12.43,1024,1137,2120,2018,1,0,1,27.3161295674845,30.33050714670886,51.7578125
1244,12.44,1024,910,1909,2011,1,0,1,27.3161295674845,24.275076080479387,46.6064453125
1245,12.45,1024,1137,2119,2017,1,0,1,27.3161295674845,30.33050714670886,51.7333984375
1246,12.46,1024,910,1908,2010,1,0,1,27.3161295674845,24.275076080479387,46.58203125
1247,12.47,1024,1137,2118,2016,1,0,1,27.3161295674845,30.33050714670886,51.708984375
1248,12.48,1024,910,1907,2009,1,0,1,27.3161295674845,24.275076080479387,46.5576171875
1249,12.49,1024,1137,2117,2015,1,0,1,27.3161295674845,30.33050714670886,51.6845703125
1250,12.5,1024,910,1906,2008,1,0,1,27.3161295674845,24.275076080479387,46.533203125
1251,12.51,1024,910,2116,2014,1,0,1,27.3161295674845,24.275076080479387,51.66015625
1252,12.52,1024,1137,2122,2020,1,0,1,27.3161295674845,30.33050714670886,51.806640625
1253,12.53,1024,910,1911,2013,1,0,1,27.3161295674845,24.275076080479387,46.6552734375
1254,12.54,1024,1137,2121,2019,1,0,1,27.3161295674845,30.33050714670886,51.7822265625
1255,12.55,1024,910,1910,2012,1,0,1,27.3161295674845,24.275076080479387,46.630859375
1256,12.56,1024,1137,2120,2018,1,0,1,27.3161295674845,30.33050714670886,51.7578125
1257,12.57,1024,910,1909,2011,1,0,1,27.3161295674845,24.275076080479387,46.6064453125
1258,12.58,1024,1137,2119,2017,1,0,1,27.3161295674845,30.33050714670886,51.7333984375
1259,12.59,1024,910,1908,2010,1,0,1,27.3161295674845,24.275076080479387,46.58203125
1260,12.6,1024,1137,2118,2016,1,0,1,27.3161295674845,30.33050714670886,51.708984375
1261,12.61,1024,910,1907,2009,1,0,1,27.3161295674845,24.275076080479387,46.5576171875
1262,12.62,1024,910,2117,2015,1,0,1,27.3161295674845,24.275076080479387,51.6845703125
1263,12.63,1024,1137,2123,2021,1,0,1,27.3161295674845,30.33050714670886,51.8310546875
1264,12.64,1024,910,1912,2014,1,0,1,27.3161295674845,24.275076080479387,46.6796875
1265,12.65,1024,1137,2122,2020,1,0,1,27.3161295674845,30.33050714670886,51.806640625
1266,12.66,1024,910,1911,2013,1,0,1,27.3161295674845,24.275076080479387,46.6552734375
1267,12.67,1024,1137,2121,2019,1,0,1,27.3161295674845,30.33050714670886,51.7822265625
1268,12.68,1024,910,1910,2012,1,0,1,27.3161295674845,24.275076080479387,46.630859375
1269,12.69,1024,1137,2120,2018,1,0,1,27.3161295674845,30.33050714670886,51.7578125
1270,12.7,1024,910,1909,2011,1,0,1,27.3161295674845,24.275076080479387,46.6064453125
1271,12.71,1024,1137,2119,2017,1,0,1,27.3161295674845,30.33050714670886,51.7333984375
1272,12.72,1024,910,1908,2010,1,0,1,27.3161295674845,24.275076080479387,46.58203125
1273,12.73,1024,1137,2118,2016,1,0,1,27.3161295674845,30.33050714670886,51.708984375
1274,12.74,1024,910,1907,2009,1,0,1,27.3161295674845,24.275076080479387,46.5576171875
1275,12.75,1024,910,2117,2015,1,0,1,27.3161295674845,24.275076080479387,51.6845703125
1276,12.76,1024,1137,2123,2021,1,0,1,27.3161295674845,30.33050714670886,51.8310546875
1277,12.77,1024,910,1912,2014,1,0,1,27.3161295674845,24.275076080479387,46.6796875
1278,12.78,1024,1137,2122,2020,1,0,1,27.3161295674845,30.33050714670886,51.806640625
1279,12.79,1024,910,1911,2013,1,0,1,27.3161295674845,24.275076080479387,46.6552734375
1280,12.8,1024,1137,2121,2019,1,0,1,27.3161295674845,30.33050714670886,51.7822265625
1281,12.81,1024,910,1910,2012,1,0,1,27.3161295674845,24.275076080479387,46.630859375
1282,12.82,1024,1137,2120,2018,1,0,1,27.3161295674845,30.33050714670886,51.7578125
1283,12.83,1024,910,1909,2011,1,0,1,27.3161295674845,24.275076080479387,46.6064453125
1284,12.84,1024,1137,2119,2017,1,0,1,27.3161295674845,30.33050714670886,51.7333984375
1285,12.85,1024,910,1908,2010,1,0,1,27.3161295674845,24.275076080479387,46.58203125
1286,12.86,1024,1137,2118,2016,1,0,1,27.3161295674845,30.33050714670886,51.708984375
1287,12.87,1024,910,1907,2009,1,0,1,27.3161295674845,24.275076080479387,46.5576171875
1288,12.88,1024,910,2117,2015,1,0,1,27.3161295674845,24.275076080479387,51.6845703125
1289,12.89,1024,1137,2123,2021,1,0,1,27.3161295674845,30.33050714670886,51.8310546875
1290,12.9,1024,910,1912,2014,1,0,1,27.3161295674845,24.275076080479387,46.6796875
1291,12.91,1024,1137,2122,2020,1,0,1,27.3161295674845,30.33050714670886,51.806640625
1292,12.92,1024,910,1911,2013,1,0,1,27.3161295674845,24.275076080479387,46.6552734375
1293,12.93,1024,1137,2121,2019,1,0,1,27.3161295674845,30.33050714670886,51.7822265625
1294,12.94,1024,910,1910,2012,1,0,1,27.3161295674845,24.275076080479387,46.630859375
1295,12.95,1024,1137,2120,2018,1,0,1,27.3161295674845,30.33050714670886,51.7578125
1296,12.96,1024,910,1909,2011,1,0,1,27.3161295674845,24.275076080479387,46.6064453125
1297,12.97,1024,1137,2119,2017,1,0,1,27.3161295674845,30.33050714670886,51.7333984375
1298,12.98,1024,910,1908,2010,1,0,1,27.3161295674845,24.275076080479387,46.58203125
1299,12.99,1024,1137,2118,2016,1,0,1,27.3161295674845,30.33050714670886,51.708984375
1300,13.0,1024,910,1907,2009,1,0,1,27.3161295674845,24.275076080479387,46.5576171875
1301,13.01,1024,910,2117,2015,1,0,1,27.3161295674845,24.275076080479387,51.6845703125
1302,13.02,1024,1137,2123,2021,1,0,1,27.3161295674845,30.33050714670886,51.8310546875
1303,13.03,1024,910,1912,2014,1,0,1,27.3161295674845,24.275076080479387,46.6796875
1304,13.04,1024,1137,2122,2020,1,0,1,27.3161295674845,30.33050714670886,51.806640625
1305,13.05,1024,910,1911,2013,1,0,1,27.3161295674845,24.275076080479387,46.6552734375
1306,13.06,1024,1137,2121,2019,1,0,1,27.3161295674845,30.33050714670886,51.7822265625
1307,13.07,1024,910,1910,2012,1,0,1,27.3161295674845,24.275076080479387,46.630859375
1308,13.08,1024,1137,2120,2018,1,0,1,27.3161295674845,30.33050714670886,51.7578125
1309,13.09,1024,910,1909,2011,1,0,1,27.3161295674845,24.275076080479387,46.6064453125
1310,13.1,1024,1137,2119,2017,1,0,1,27.3161295674845,30.33050714670886,51.7333984375
1311,13.11,1024,910,1908,2010,1,0,1,27.3161295674845,24.275076080479387,46.58203125
1312,13.12,1024,1137,2118,2016,1,0,1,27.3161295674845,30.33050714670886,51.708984375
1313,13.13,1024,910,1907,2009,1,0,1,27.3161295674845,24.275076080479387,46.5576171875
1314,13.14,1024,910,2117,2015,1,0,1,27.3161295674845,24.275076080479387,51.6845703125
1315,13.15,1024,1137,2123,2021,1,0,1,27.3161295674845,30.33050714670886,51.8310546875
1316,13.16,1024,910,1912,2014,1,0,1,27.3161295674845,24.275076080479387,46.6796875
1317,13.17,1024,1137,2122,2020,1,0,1,27.3161295674845,30.33050714670886,51.806640625
1318,13.18,1024,910,1911,2013,1,0,1,27.3161295674845,24.275076080479387,46.6552734375
1319,13.19,1024,1137,2121,2019,1,0,1,27.3161295674845,30.33050714670886,51.7822265625
1320,13.2,1024,910,1910,2012,1,0,1,27.3161295674845,24.275076080479387,46.630859375
1321,13.21,1024,1137,2120,2018,1,0,1,27.3161295674845,30.33050714670886,51.7578125
1322,13.22,1024,910,1909,2011,1,0,1,27.3161295674845,24.275076080479387,46.6064453125
1323,13.23,1024,1137,2119,2017,1,0,1,27.3161295674845,30.33050714670886,51.7333984375
1324,13.24,1024,910,1908,2010,1,0,1,27.3161295674845,24.275076080479387,46.58203125
1325,13.25,1024,1137,2118,2016,1,0,1,27.3161295674845,30.33050714670886,51.708984375
1326,13.26,1024,910,1907,2009,1,0,1,27.3161295674845,24.275076080479387,46.5576171875
1327,13.27,1024,910,2117,2015,1,0,1,27.3161295674845,24.275076080479387,51.6845703125
1328,13.28,1024,1137,2123,2021,1,0,1,27.3161295674845,30.33050714670886,51.8310546875
1329,13.29,1024,910,1912,2014,1,0,1,27.3161295674845,24.275076080479387,46.6796875
1330,13.3,1024,1137,2122,2020,1,0,1,27.3161295674845,30.33050714670886,51.806640625
1331,13.31,1024,910,1911,2013,1,0,1,27.3161295674845,24.275076080479387,46.6552734375
1332,13.32,1024,1137,2121,2019,1,0,1,27.3161295674845,30.33050714670886,51.7822265625
1333,13.33,1024,910,1910,2012,1,0,1,27.3161295674845,24.275076080479387,46.630859375
1334,13.34,1024,1137,2120,2018,1,0,1,27.3161295674845,30.33050714670886,51.7578125
1335,13.35,1024,910,1909,2011,1,0,1,27.3161295674845,24.275076080479387,46.6064453125
1336,13.36,1024,1137,2119,2017,1,0,1,27.3161295674845,30.33050714670886,51.7333984375
1337,13.37,1024,910,1908,2010,1,0,1,27.3161295674845,24.275076080479387,46.58203125
1338,13.38,1024,1137,2118,2016,1,0,1,27.3161295674845,30.33050714670886,51.708984375
1339,13.39,1024,910,1907,2009,1,0,1,27.3161295674845,24.275076080479387,46.5576171875
1340,13.4,1024,1137,2117,2015,1,0,1,27.3161295674845,30.33050714670886,51.6845703125
1341,13.41,1024,910,1906,2008,1,0,1,27.3161295674845,24.275076080479387,46.533203125
1342,13.42,1024,1137,2116,2014,1,0,1,27.3161295674845,30.33050714670886,51.66015625
1343,13.43,1024,910,1905,2007,1,0,1,27.3161295674845,24.275076080479387,46.5087890625
1344,13.44,1024,1137,2115,2013,1,0,1,27.3161295674845,30.33050714670886,51.6357421875
1345,13.45,1024,910,1904,2006,1,0,1,27.3161295674845,24.275076080479387,46.484375
1346,13.46,1024,910,2114,2012,1,0,1,27.3161295674845,24.275076080479387,51.611328125
1347,13.47,1024,1137,2120,2018,1,0,1,27.3161295674845,30.33050714670886,51.7578125
1348,13.48,1024,910,1909,2011,1,0,1,27.3161295674845,24.275076080479387,46.6064453125
1349,13.49,1024,1137,2119,2017,1,0,1,27.3161295674845,30.33050714670886,51.7333984375
1350,13.5,1024,910,1908,2010,1,0,1,27.3161295674845,24.275076080479387,46.58203125
1351,13.51,1024,1137,2118,2016,1,0,1,27.3161295674845,30.33050714670886,51.708984375
1352,13.52,1024,910,1907,2009,1,0,1,27.3161295674845,24.275076080479387,46.5576171875
1353,13.53,1024,1137,2117,2015,1,0,1,27.3161295674845,30.33050714670886,51.6845703125
1354,13.54,1024,910,1906,2008,1,0,1,27.3161295674845,24.275076080479387,46.533203125
1355,13.55,1024,1137,2116,2014,1,0,1,27.3161295674845,30.33050714670886,51.66015625
1356,13.56,1024,910,1905,2007,1,0,1,27.3161295674845,24.275076080479387,46.5087890625
1357,13.57,1024,1137,2115,2013,1,0,1,27.3161295674845,30.33050714670886,51.6357421875
1358,13.58,1024,910,1904,2006,1,0,1,27.3161295674845,24.275076080479387,46.484375
1359,13.59,1024,1137,2114,2012,1,0,1,27.3161295674845,30.33050714670886,51.611328125
1360,13.6,1024,910,1903,2005,1,0,1,27.3161295674845,24.275076080479387,46.4599609375
1361,13.61,1024,910,2113,2011,1,0,1,27.3161295674845,24.275076080479387,51.5869140625
1362,13.62,1024,1137,2119,2017,1,0,1,27.3161295674845,30.33050714670886,51.7333984375
1363,13.63,1024,910,1908,2010,1,0,1,27.3161295674845,24.275076080479387,46.58203125
1364,13.64,1024,1137,2118,2016,1,0,1,27.3161295674845,30.33050714670886,51.708984375
1365,13.65,1024,910,1907,2009,1,0,1,27.3161295674845,24.275076080479387,46.5576171875
1366,13.66,1024,1137,2117,2015,1,0,1,27.3161295674845,30.33050714670886,51.6845703125
1367,13.67,1024,910,1906,2008,1,0,1,27.3161295674845,24.275076080479387,46.533203125
1368,13.68,1024,1137,2116,2014,1,0,1,27.3161295674845,30.33050714670886,51.66015625
1369,13.69,1024,910,1905,2007,1,0,1,27.3161295674845,24.275076080479387,46.5087890625
1370,13.7,1024,1137,2115,2013,1,0,1,27.3161295674845,30.33050714670886,51.6357421875
1371,13.71,1024,910,1904,2006,1,0,1,27.3161295674845,24.275076080479387,46.484375
1372,13.72,1024,1137,2114,2012,1,0,1,27.3161295674845,30.33050714670886,51.611328125
1373,13.73,1024,910,1903,2005,1,0,1,27.3161295674845,24.275076080479387,46.4599609375
1374,13.74,1024,910,2113,2011,1,0,1,27.3161295674845,24.275076080479387,51.5869140625
1375,13.75,1024,1137,2119,2017,1,0,1,27.3161295674845,30.33050714670886,51.7333984375
1376,13.76,1024,910,1908,2010,1,0,1,27.3161295674845,24.275076080479387,46.58203125
1377,13.77,1024,1137,2118,2016,1,0,1,27.3161295674845,30.33050714670886,51.708984375
1378,13.78,1024,910,1907,2009,1,0,1,27.3161295674845,24.275076080479387,46.5576171875
1379,13.79,1024,1137,2117,2015,1,0,1,27.3161295674845,30.33050714670886,51.6845703125
1380,13.8,1024,910,1906,2008,1,0,1,27.3161295674845,24.275076080479387,46.533203125
1381,13.81,1024,1137,2116,2014,1,0,1,27.3161295674845,30.33050714670886,51.66015625
1382,13.82,1024,910,1905,2007,1,0,1,27.3161295674845,24.275076080479387,46.5087890625
1383,13.83,1024,910,2115,2013,1,0,1,27.3161295674845,24.275076080479387,51.6357421875
1384,13.84,1024,1137,2121,2019,1,0,1,27.3161295674845,30.33050714670886,51.7822265625
1385,13.85,1024,910,1910,2012,1,0,1,27.3161295674845,24.275076080479387,46.630859375
1386,13.86,1024,1137,2120,2018,1,0,1,27.3161295674845,30.33050714670886,51.7578125
1387,13.87,1024,910,1909,2011,1,0,1,27.3161295674845,24.275076080479387,46.6064453125
1388,13.88,1024,1137,2119,2017,1,0,1,27.3161295674845,30.33050714670886,51.7333984375
1389,13.89,1024,910,1908,2010,1,0,1,27.3161295674845,24.275076080479387,46.58203125
1390,13.9,1024,1137,2118,2016,1,0,1,27.3161295674845,30.33050714670886,51.708984375
1391,13.91,1024,910,1907,2009,1,0,1,27.3161295674845,24.275076080479387,46.5576171875
1392,13.92,1024,1137,2117,2015,1,0,1,27.3161295674845,30.33050714670886,51.6845703125
1393,13.93,1024,910,1906,2008,1,0,1,27.3161295674845,24.275076080479387,46.533203125
1394,13.94,1024,910,2116,2014,1,0,1,27.3161295674845,24.275076080479387,51.66015625
1395,13.95,1024,1137,2122,2020,1,0,1,27.3161295674845,30.33050714670886,51.806640625
1396,13.96,1024,910,1911,2013,1,0,1,27.3161295674845,24.275076080479387,46.6552734375
1397,13.97,1024,1137,2121,2019,1,0,1,27.3161295674845,30.33050714670886,51.7822265625
1398,13.98,1024,910,1910,2012,1,0,1,27.3161295674845,24.275076080479387,46.630859375
1399,13.99,1024,1137,2120,2018,1,0,1,27.3161295674845,30.33050714670886,51.7578125
1400,14.0,1024,910,1909,2011,1,0,1,27.3161295674845,24.275076080479387,46.6064453125
1401,14.01,1024,1137,2119,2017,1,0,1,27.3161295674845,30.33050714670886,51.7333984375
1402,14.02,1024,910,1908,2010,1,0,1,27.3161295674845,24.275076080479387,46.58203125
1403,14.03,1024,910,2118,2016,1,0,1,27.3161295674845,24.275076080479387,51.708984375
1404,14.04,1024,1137,2124,2022,1,0,1,27.3161295674845,30.33050714670886,51.85546875
1405,14.05,1024,910,1913,2015,1,0,1,27.3161295674845,24.275076080479387,46.7041015625
1406,14.06,1024,1137,2123,2021,1,0,1,27.3161295674845,30.33050714670886,51.8310546875
1407,14.07,1024,910,1912,2014,1,0,1,27.3161295674845,24.275076080479387,46.6796875
1408,14.08,1024,1137,2122,2020,1,0,1,27.3161295674845,30.33050714670886,51.806640625
1409,14.09,1024,910,1911,2013,1,0,1,27.3161295674845,24.275076080479387,46.6552734375
1410,14.1,1024,910,2121,2019,1,0,1,27.3161295674845,24.275076080479387,51.7822265625
1411,14.11,1024,1137,2127,2025,1,0,1,27.3161295674845,30.33050714670886,51.9287109375
1412,14.12,1024,910,1916,2018,1,0,1,27.3161295674845,24.275076080479387,46.77734375
1413,14.13,1024,1137,2126,2024,1,0,1,27.3161295674845,30.33050714670886,51.904296875
1414,14.14,1024,910,1915,2017,1,0,1,27.3161295674845,24.275076080479387,46.7529296875
1415,14.15,1024,1137,2125,2023,1,0,1,27.3161295674845,30.33050714670886,51.8798828125
1416,14.16,1024,910,1914,2016,1,0,1,27.3161295674845,24.275076080479387,46.728515625
1417,14.17,1024,1137,2124,2022,1,0,1,27.3161295674845,30.33050714670886,51.85546875
1418,14.18,1024,910,1913,2015,1,0,1,27.3161295674845,24.275076080479387,46.7041015625
1419,14.19,1024,1137,2123,2021,1,0,1,27.3161295674845,30.33050714670886,51.8310546875
1420,14.2,1024,910,1912,2014,1,0,1,27.3161295674845,24.275076080479387,46.6796875
1421,14.21,1024,910,2122,2020,1,0,1,27.3161295674845,24.275076080479387,51.806640625
1422,14.22,1024,1137,2128,2026,1,0,1,27.3161295674845,30.33050714670886,51.953125
1423,14.23,1024,910,1917,2019,1,0,1,27.3161295674845,24.275076080479387,46.8017578125
1424,14.24,1024,1137,2127,2025,1,0,1,27.3161295674845,30.33050714670886,51.9287109375
1425,14.25,1024,910,1916,2018,1,0,1,27.3161295674845,24.275076080479387,46.77734375
1426,14.26,1024,1137,2126,2024,1,0,1,27.3161295674845,30.33050714670886,51.904296875
1427,14.27,1024,910,1915,2017,1,0,1,27.3161295674845,24.275076080479387,46.7529296875
1428,14.28,1024,1137,2125,2023,1,0,1,27.3161295674845,30.33050714670886,51.8798828125
1429,14.29,1024,910,1914,2016,1,0,1,27.3161295674845,24.275076080479387,46.728515625
1430,14.3,1024,1137,2124,2022,1,0,1,27.3161295674845,30.33050714670886,51.85546875
1431,14.31,1024,910,1913,2015,1,0,1,27.3161295674845,24.275076080479387,46.7041015625
1432,14.32,1024,1137,2123,2021,1,0,1,27.3161295674845,30.33050714670886,51.8310546875
1433,14.33,1024,910,1912,2014,1,0,1,27.3161295674845,24.275076080479387,46.6796875
1434,14.34,1024,910,2122,2020,1,0,1,27.3161295674845,24.275076080479387,51.806640625
1435,14.35,1024,1137,2128,2026,1,0,1,27.3161295674845,30.33050714670886,51.953125
1436,14.36,1024,910,1917,2019,1,0,1,27.3161295674845,24.275076080479387,46.8017578125
1437,14.37,1024,1137,2127,2025,1,0,1,27.3161295674845,30.33050714670886,51.9287109375
1438,14.38,1024,910,1916,2018,1,0,1,27.3161295674845,24.275076080479387,46.77734375
1439,14.39,1024,1137,2126,2024,1,0,1,27.3161295674845,30.33050714670886,51.904296875
1440,14.4,1024,910,1915,2017,1,0,1,27.3161295674845,24.275076080479387,46.7529296875
1441,14.41,1024,1137,2125,2023,1,0,1,27.3161295674845,30.33050714670886,51.8798828125
1442,14.42,1024,910,1914,2016,1,0,1,27.3161295674845,24.275076080479387,46.728515625
1443,14.43,1024,1137,2124,2022,1,0,1,27.3161295674845,30.33050714670886,51.85546875
1444,14.44,1024,910,1913,2015,1,0,1,27.3161295674845,24.275076080479387,46.7041015625
1445,14.45,1024,1137,2123,2021,1,0,1,27.3161295674845,30.33050714670886,51.8310546875
1446,14.46,1024,910,1912,2014,1,0,1,27.3161295674845,24.275076080479387,46.6796875
1447,14.47,1024,1137,2122,2020,1,0,1,27.3161295674845,30.33050714670886,51.806640625
1448,14.48,1024,910,1911,2013,1,0,1,27.3161295674845,24.275076080479387,46.6552734375
1449,14.49,1024,1137,2121,2019,1,0,1,27.3161295674845,30.33050714670886,51.7822265625
1450,14.5,1024,910,1910,2012,1,0,1,27.3161295674845,24.275076080479387,46.630859375
1451,14.51,1024,1137,2120,2018,1,0,1,27.3161295674845,30.33050714670886,51.7578125
1452,14.52,1024,910,1909,2011,1,0,1,27.3161295674845,24.275076080479387,46.6064453125
1453,14.53,1024,1137,2119,2017,1,0,1,27.3161295674845,30.33050714670886,51.7333984375
1454,14.54,1024,910,1908,2010,1,0,1,27.3161295674845,24.275076080479387,46.58203125
1455,14.55,1024,910,2118,2016,1,0,1,27.3161295674845,24.275076080479387,51.708984375
1456,14.56,1024,1137,2124,2022,1,0,1,27.3161295674845,30.33050714670886,51.85546875
1457,14.57,1024,910,1913,2015,1,0,1,27.3161295674845,24.275076080479387,46.7041015625
1458,14.58,1024,1137,2123,2021,1,0,1,27.3161295674845,30.33050714670886,51.8310546875
1459,14.59,1024,910,1912,2014,1,0,1,27.3161295674845,24.275076080479387,46.6796875
1460,14.6,1024,1137,2122,2020,1,0,1,27.3161295674845,30.33050714670886,51.806640625
1461,14.61,1024,910,1911,2013,1,0,1,27.3161295674845,24.275076080479387,46.6552734375
1462,14.62,1024,1137,2121,2019,1,0,1,27.3161295674845,30.33050714670886,51.7822265625
1463,14.63,1024,910,1910,2012,1,0,1,27.3161295674845,24.275076080479387,46.630859375
1464,14.64,1024,1137,2120,2018,1,0,1,27.3161295674845,30.33050714670886,51.7578125
1465,14.65,1024,910,1909,2011,1,0,1,27.3161295674845,24.275076080479387,46.6064453125
1466,14.66,1024,1137,2119,2017,1,0,1,27.3161295674845,30.33050714670886,51.7333984375
1467,14.67,1024,910,1908,2010,1,0,1,27.3161295674845,24.275076080479387,46.58203125
1468,14.68,1024,1137,2118,2016,1,0,1,27.3161295674845,30.33050714670886,51.708984375
1469,14.69,1024,910,1907,2009,1,0,1,27.3161295674845,24.275076080479387,46.5576171875
1470,14.7,1024,910,2117,2015,1,0,1,27.3161295674845,24.275076080479387,51.6845703125
1471,14.71,1024,1137,2123,2021,1,0,1,27.3161295674845,30.33050714670886,51.8310546875
1472,14.72,1024,910,1912,2014,1,0,1,27.3161295674845,24.275076080479387,46.6796875
1473,14.73,1024,1137,2122,2020,1,0,1,27.3161295674845,30.33050714670886,51.806640625
1474,14.74,1024,910,1911,2013,1,0,1,27.3161295674845,24.275076080479387,46.6552734375
1475,14.75,1024,1137,2121,2019,1,0,1,27.3161295674845,30.33050714670886,51.7822265625
1476,14.76,1024,910,1910,2012,1,0,1,27.3161295674845,24.275076080479387,46.630859375
1477,14.77,1024,1137,2120,2018,1,0,1,27.3161295674845,30.33050714670886,51.7578125
1478,14.78,1024,910,1909,2011,1,0,1,27.3161295674845,24.275076080479387,46.6064453125
1479,14.79,1024,1137,2119,2017,1,0,1,27.3161295674845,30.33050714670886,51.7333984375
1480,14.8,1024,910,1908,2010,1,0,1,27.3161295674845,24.275076080479387,46.58203125
1481,14.81,1024,1137,2118,2016,1,0,1,27.3161295674845,30.33050714670886,51.708984375
1482,14.82,1024,910,1907,2009,1,0,1,27.3161295674845,24.275076080479387,46.5576171875
1483,14.83,1024,1137,2117,2015,1,0,1,27.3161295674845,30.33050714670886,51.6845703125
1484,14.84,1024,910,1906,2008,1,0,1,27.3161295674845,24.275076080479387,46.533203125
1485,14.85,1024,910,2116,2014,1,0,1,27.3161295674845,24.275076080479387,51.66015625
1486,14.86,1024,1137,2122,2020,1,0,1,27.3161295674845,30.33050714670886,51.806640625
1487,14.87,1024,910,1911,2013,1,0,1,27.3161295674845,24.275076080479387,46.6552734375
1488,14.88,1024,1137,2121,2019,1,0,1,27.3161295674845,30.33050714670886,51.7822265625
1489,14.89,1024,910,1910,2012,1,0,1,27.3161295674845,24.275076080479387,46.630859375
1490,14.9,1024,1137,2120,2018,1,0,1,27.3161295674845,30.33050714670886,51.7578125
1491,14.91,1024,910,1909,2011,1,0,1,27.3161295674845,24.275076080479387,46.6064453125
1492,14.92,1024,1137,2119,2017,1,0,1,27.3161295674845,30.33050714670886,51.7333984375
1493,14.93,1024,910,1908,2010,1,0,1,27.3161295674845,24.275076080479387,46.58203125
1494,14.94,1024,1137,2118,2016,1,0,1,27.3161295674845,30.33050714670886,51.708984375
1495,14.95,1024,910,1907,2009,1,0,1,27.3161295674845,24.275076080479387,46.5576171875
1496,14.96,1024,1137,2117,2015,1,0,1,27.3161295674845,30.33050714670886,51.6845703125
1497,14.97,1024,910,1906,2008,1,0,1,27.3161295674845,24.275076080479387,46.533203125
1498,14.98,1024,910,2116,2014,1,0,1,27.3161295674845,24.275076080479387,51.66015625
1499,14.99,1024,1137,2122,2020,1,0,1,27.3161295674845,30.33050714670886,51.806640625
1500,15.0,1024,910,1911,2013,1,0,1,27.3161295674845,24.275076080479387,46.6552734375
1501,15.01,1024,1137,2121,2019,1,0,1,27.3161295674845,30.33050714670886,51.7822265625
1502,15.02,1024,910,1910,2012,1,0,1,27.3161295674845,24.275076080479387,46.630859375
1503,15.03,1024,1137,2120,2018,1,0,1,27.3161295674845,30.33050714670886,51.7578125
1504,15.04,1024,910,1909,2011,1,0,1,27.3161295674845,24.275076080479387,46.6064453125
1505,15.05,1024,910,2119,2017,1,0,1,27.3161295674845,24.275076080479387,51.7333984375
1506,15.06,1024,1137,2125,2023,1,0,1,27.3161295674845,30.33050714670886,51.8798828125
1507,15.07,1024,910,1914,2016,1,0,1,27.3161295674845,24.275076080479387,46.728515625
1508,15.08,1024,1137,2124,2022,1,0,1,27.3161295674845,30.33050714670886,51.85546875
1509,15.09,1024,910,1913,2015,1,0,1,27.3161295674845,24.275076080479387,46.7041015625
1510,15.1,1024,1137,2123,2021,1,0,1,27.3161295674845,30.33050714670886,51.8310546875
1511,15.11,1024,910,1912,2014,1,0,1,27.3161295674845,24.275076080479387,46.6796875
1512,15.12,1024,910,2122,2020,1,0,1,27.3161295674845,24.275076080479387,51.806640625
1513,15.13,1024,1137,2128,2026,1,0,1,27.3161295674845,30.33050714670886,51.953125
1514,15.14,1024,910,1917,2019,1,0,1,27.3161295674845,24.275076080479387,46.8017578125
1515,15.15,1024,1137,2127,2025,1,0,1,27.3161295674845,30.33050714670886,51.9287109375
1516,15.16,1024,910,1916,2018,1,0,1,27.3161295674845,24.275076080479387,46.77734375
1517,15.17,1024,910,2126,2024,1,0,1,27.3161295674845,24.275076080479387,51.904296875
1518,15.18,1024,1137,2132,2030,1,0,1,27.3161295674845,30.33050714670886,52.05078125
1519,15.19,1024,910,1921,2023,1,0,1,27.3161295674845,24.275076080479387,46.8994140625
1520,15.2,1024,1137,2131,2029,1,0,1,27.3161295674845,30.33050714670886,52.0263671875
1521,15.21,1024,910,1920,2022,1,0,1,27.3161295674845,24.275076080479387,46.875
1522,15.22,1024,910,2130,2028,1,0,1,27.3161295674845,24.275076080479387,52.001953125
1523,15.23,1024,1137,2136,2034,1,0,1,27.3161295674845,30.33050714670886,52.1484375
1524,15.24,1024,910,1925,2027,1,0,1,27.3161295674845,24.275076080479387,46.9970703125
1525,15.25,1024,1137,2135,2033,1,0,1,27.3161295674845,30.33050714670886,52.1240234375
1526,15.26,1024,910,1924,2026,1,0,1,27.3161295674845,24.275076080479387,46.97265625
1527,15.27,1024,1137,2134,2032,1,0,1,27.3161295674845,30.33050714670886,52.099609375
1528,15.28,1024,910,1923,2025,1,0,1,27.3161295674845,24.275076080479387,46.9482421875
1529,15.29,1024,910,2133,2031,1,0,1,27.3161295674845,24.275076080479387,52.0751953125
1530,15.3,1024,1137,2139,2037,1,0,1,27.3161295674845,30.33050714670886,52.2216796875
1531,15.31,1024,910,1928,2030,1,0,1,27.3161295674845,24.275076080479387,47.0703125
1532,15.32,1024,1137,2138,2036,1,0,1,27.3161295674845,30.33050714670886,52.197265625
1533,15.33,1024,910,1927,2029,1,0,1,27.3161295674845,24.275076080479387,47.0458984375
1534,15.34,1024,1137,2137,2035,1,0,1,27.3161295674845,30.33050714670886,52.1728515625
1535,15.35,1024,910,1926,2028,1,0,1,27.3161295674845,24.275076080479387,47.021484375
1536,15.36,1024,910,2136,2034,1,0,1,27.3161295674845,24.275076080479387,52.1484375
1537,15.37,1024,1137,2142,2040,1,0,1,27.3161295674845,30.33050714670886,52.294921875
1538,15.38,1024,910,1931,2033,1,0,1,27.3161295674845,24.275076080479387,47.1435546875
1539,15.39,1024,1137,2141,2039,1,0,1,27.3161295674845,30.33050714670886,52.2705078125
1540,15.4,1024,910,1930,2032,1,0,1,27.3161295674845,24.275076080479387,47.119140625
1541,15.41,1024,1137,2140,2038,1,0,1,27.3161295674845,30.33050714670886,52.24609375
1542,15.42,1024,910,1929,2031,1,0,1,27.3161295674845,24.275076080479387,47.0947265625
1543,15.43,1024,1137,2139,2037,1,0,1,27.3161295674845,30.33050714670886,52.2216796875
1544,15.44,1024,910,1928,2030,1,0,1,27.3161295674845,24.275076080479387,47.0703125
1545,15.45,1024,910,2138,2036,1,0,1,27.3161295674845,24.275076080479387,52.197265625
1546,15.46,1024,1137,2144,2042,1,0,1,27.3161295674845,30.33050714670886,52.34375
1547,15.47,1024,910,1933,2035,1,0,1,27.3161295674845,24.275076080479387,47.1923828125
1548,15.48,1024,1137,2143,2041,1,0,1,27.3161295674845,30.33050714670886,52.3193359375
1549,15.49,1024,910,1932,2034,1,0,1,27.3161295674845,24.275076080479387,47.16796875
1550,15.5,1024,1137,2142,2040,1,0,1,27.3161295674845,30.33050714670886,52.294921875
1551,15.51,1024,910,1931,2033,1,0,1,27.3161295674845,24.275076080479387,47.1435546875
1552,15.52,1024,1137,2141,2039,1,0,1,27.3161295674845,30.33050714670886,52.2705078125
1553,15.53,1024,910,1930,2032,1,0,1,27.3161295674845,24.275076080479387,47.119140625
1554,15.54,1024,1137,2140,2038,1,0,1,27.3161295674845,30.33050714670886,52.24609375
1555,15.55,1024,910,1929,2031,1,0,1,27.3161295674845,24.275076080479387,47.0947265625
1556,15.56,1024,1137,2139,2037,1,0,1,27.3161295674845,30.33050714670886,52.2216796875
1557,15.57,1024,910,1928,2030,1,0,1,27.3161295674845,24.275076080479387,47.0703125
1558,15.58,1024,1137,2138,2036,1,0,1,27.3161295674845,30.33050714670886,52.197265625
1559,15.59,1024,910,1927,2029,1,0,1,27.3161295674845,24.275076080479387,47.0458984375
1560,15.6,1024,1137,2137,2035,1,0,1,27.3161295674845,30.33050714670886,52.1728515625
1561,15.61,1024,910,1926,2028,1,0,1,27.3161295674845,24.275076080479387,47.021484375
1562,15.62,1024,1137,2136,2034,1,0,1,27.3161295674845,30.33050714670886,52.1484375
1563,15.63,1024,910,1925,2027,1,0,1,27.3161295674845,24.275076080479387,46.9970703125
1564,15.64,1024,1137,2135,2033,1,0,1,27.3161295674845,30.33050714670886,52.1240234375
1565,15.65,1024,910,1924,2026,1,0,1,27.3161295674845,24.275076080479387,46.97265625
1566,15.66,1024,1137,2134,2032,1,0,1,27.3161295674845,30.33050714670886,52.099609375
1567,15.67,1024,910,1923,2025,1,0,1,27.3161295674845,24.275076080479387,46.9482421875
1568,15.68,1024,1137,2133,2031,1,0,1,27.3161295674845,30.33050714670886,52.0751953125
1569,15.69,1024,910,1922,2024,1,0,1,27.3161295674845,24.275076080479387,46.923828125
1570,15.7,1024,1137,2132,2030,1,0,1,27.3161295674845,30.33050714670886,52.05078125
1571,15.71,1024,910,1921,2023,1,0,1,27.3161295674845,24.275076080479387,46.8994140625
1572,15.72,1024,1137,2131,2029,1,0,1,27.3161295674845,30.33050714670886,52.0263671875
1573,15.73,1024,910,1920,2022,1,0,1,27.3161295674845,24.275076080479387,46.875
1574,15.74,1024,910,2130,2028,1,0,1,27.3161295674845,24.275076080479387,52.001953125
1575,15.75,1024,1137,2136,2034,1,0,1,27.3161295674845,30.33050714670886,52.1484375
1576,15.76,1024,910,1925,2027,1,0,1,27.3161295674845,24.275076080479387,46.9970703125
1577,15.77,1024,1137,2135,2033,1,0,1,27.3161295674845,30.33050714670886,52.1240234375
1578,15.78,1024,910,1924,2026,1,0,1,27.3161295674845,24.275076080479387,46.97265625
1579,15.79,1024,1137,2134,2032,1,0,1,27.3161295674845,30.33050714670886,52.099609375
1580,15.8,1024,910,1923,2025,1,0,1,27.3161295674845,24.275076080479387,46.9482421875
1581,15.81,1024,1137,2133,2031,1,0,1,27.3161295674845,30.33050714670886,52.0751953125
1582,15.82,1024,910,1922,2024,1,0,1,27.3161295674845,24.275076080479387,46.923828125
1583,15.83,1024,1137,2132,2030,1,0,1,27.3161295674845,30.33050714670886,52.05078125
1584,15.84,1024,910,1921,2023,1,0,1,27.3161295674845,24.275076080479387,46.8994140625
1585,15.85,1024,1137,2131,2029,1,0,1,27.3161295674845,30.33050714670886,52.0263671875
1586,15.86,1024,910,1920,2022,1,0,1,27.3161295674845,24.275076080479387,46.875
1587,15.87,1024,1137,2130,2028,1,0,1,27.3161295674845,30.33050714670886,52.001953125
1588,15.88,1024,910,1919,2021,1,0,1,27.3161295674845,24.275076080479387,46.8505859375
1589,15.89,1024,1137,2129,2027,1,0,1,27.3161295674845,30.33050714670886,51.9775390625
1590,15.9,1024,910,1918,2020,1,0,1,27.3161295674845,24.275076080479387,46.826171875
1591,15.91,1024,1137,2128,2026,1,0,1,27.3161295674845,30.33050714670886,51.953125
1592,15.92,1024,910,1917,2019,1,0,1,27.3161295674845,24.275076080479387,46.8017578125
1593,15.93,1024,1137,2127,2025,1,0,1,27.3161295674845,30.33050714670886,51.9287109375
1594,15.94,1024,910,1916,2018,1,0,1,27.3161295674845,24.275076080479387,46.77734375
1595,15.95,1024,1137,2126,2024,1,0,1,27.3161295674845,30.33050714670886,51.904296875
1596,15.96,1024,910,1915,2017,1,0,1,27.3161295674845,24.275076080479387,46.7529296875
1597,15.97,1024,1137,2125,2023,1,0,1,27.3161295674845,30.33050714670886,51.8798828125
1598,15.98,1024,910,1914,2016,1,0,1,27.3161295674845,24.275076080479387,46.728515625
1599,15.99,1024,1137,2124,2022,1,0,1,27.3161295674845,30.33050714670886,51.85546875
1600,16.0,1024,910,1913,2015,1,0,1,27.3161295674845,24.275076080479387,46.7041015625
1601,16.01,1024,1137,2123,2021,1,0,1,27.3161295674845,30.33050714670886,51.8310546875
1602,16.02,1024,910,1912,2014,1,0,1,27.3161295674845,24.275076080479387,46.6796875
1603,16.03,1024,1137,2122,2020,1,0,1,27.3161295674845,30.33050714670886,51.806640625
1604,16.04,1024,910,1911,2013,1,0,1,27.3161295674845,24.275076080479387,46.6552734375
1605,16.05,1024,910,2121,2019,1,0,1,27.3161295674845,24.275076080479387,51.7822265625
1606,16.06,1024,1137,2127,2025,1,0,1,27.3161295674845,30.33050714670886,51.9287109375
1607,16.07,1024,910,1916,2018,1,0,1,27.3161295674845,24.275076080479387,46.77734375
1608,16.08,1024,1137,2126,2024,1,0,1,27.3161295674845,30.33050714670886,51.904296875
1609,16.09,1024,910,1915,2017,1,0,1,27.3161295674845,24.275076080479387,46.7529296875
1610,16.1,1024,1137,2125,2023,1,0,1,27.3161295674845,30.33050714670886,51.8798828125
1611,16.11,1024,910,1914,2016,1,0,1,27.3161295674845,24.275076080479387,46.728515625
1612,16.12,1024,1137,2124,2022,1,0,1,27.3161295674845,30.33050714670886,51.85546875
1613,16.13,1024,910,1913,2015,1,0,1,27.3161295674845,24.275076080479387,46.7041015625
1614,16.14,1024,1137,2123,2021,1,0,1,27.3161295674845,30.33050714670886,51.8310546875
1615,16.15,1024,910,1912,2014,1,0,1,27.3161295674845,24.275076080479387,46.6796875
1616,16.16,1024,1137,2122,2020,1,0,1,27.3161295674845,30.33050714670886,51.806640625
1617,16.17,1024,910,1911,2013,1,0,1,27.3161295674845,24.275076080479387,46.6552734375
1618,16.18,1024,1137,2121,2019,1,0,1,27.3161295674845,30.33050714670886,51.7822265625
1619,16.19,1024,910,1910,2012,1,0,1,27.3161295674845,24.275076080479387,46.630859375
1620,16.2,1024,910,2120,2018,1,0,1,27.3161295674845,24.275076080479387,51.7578125
1621,16.21,1024,1137,2126,2024,1,0,1,27.3161295674845,30.33050714670886,51.904296875
1622,16.22,1024,910,1915,2017,1,0,1,27.3161295674845,24.275076080479387,46.7529296875
1623,16.23,1024,1137,2125,2023,1,0,1,27.3161295674845,30.33050714670886,51.8798828125
1624,16.24,1024,910,1914,2016,1,0,1,27.3161295674845,24.275076080479387,46.728515625
1625,16.25,1024,1137,2124,2022,1,0,1,27.3161295674845,30.33050714670886,51.85546875
1626,16.26,1024,910,1913,2015,1,0,1,27.3161295674845,24.275076080479387,46.7041015625
1627,16.27,1024,1137,2123,2021,1,0,1,27.3161295674845,30.33050714670886,51.8310546875
1628,16.28,1024,910,1912,2014,1,0,1,27.3161295674845,24.275076080479387,46.6796875
1629,16.29,1024,1137,2122,2020,1,0,1,27.3161295674845,30.33050714670886,51.806640625
1630,16.3,1024,910,1911,2013,1,0,1,27.3161295674845,24.275076080479387,46.6552734375
1631,16.31,1024,1137,2121,2019,1,0,1,27.3161295674845,30.33050714670886,51.7822265625
1632,16.32,1024,910,1910,2012,1,0,1,27.3161295674845,24.275076080479387,46.630859375
1633,16.33,1024,910,2120,2018,1,0,1,27.3161295674845,24.275076080479387,51.7578125
1634,16.34,1024,1137,2126,2024,1,0,1,27.3161295674845,30.33050714670886,51.904296875
1635,16.35,1024,910,1915,2017,1,0,1,27.3161295674845,24.275076080479387,46.7529296875
1636,16.36,1024,1137,2125,2023,1,0,1,27.3161295674845,30.33050714670886,51.8798828125
1637,16.37,1024,910,1914,2016,1,0,1,27.3161295674845,24.275076080479387,46.728515625
1638,16.38,1024,1137,2124,2022,1,0,1,27.3161295674845,30.33050714670886,51.85546875
1639,16.39,1024,910,1913,2015,1,0,1,27.3161295674845,24.275076080479387,46.7041015625
1640,16.4,1024,1137,2123,2021,1,0,1,27.3161295674845,30.33050714670886,51.8310546875
1641,16.41,1024,910,1912,2014,1,0,1,27.3161295674845,24.275076080479387,46.6796875
1642,16.42,1024,1137,2122,2020,1,0,1,27.3161295674845,30.33050714670886,51.806640625
1643,16.43,1024,910,1911,2013,1,0,1,27.3161295674845,24.275076080479387,46.6552734375
1644,16.44,1024,910,2121,2019,1,0,1,27.3161295674845,24.275076080479387,51.7822265625
1645,16.45,1024,1137,2127,2025,1,0,1,27.3161295674845,30.33050714670886,51.9287109375
1646,16.46,1024,910,1916,2018,1,0,1,27.3161295674845,24.275076080479387,46.77734375
1647,16.47,1024,1137,2126,2024,1,0,1,27.3161295674845,30.33050714670886,51.904296875
1648,16.48,1024,910,1915,2017,1,0,1,27.3161295674845,24.275076080479387,46.7529296875
1649,16.49,1024,1137,2125,2023,1,0,1,27.3161295674845,30.33050714670886,51.8798828125
1650,16.5,1024,910,1914,2016,1,0,1,27.3161295674845,24.275076080479387,46.728515625
1651,16.51,1024,1137,2124,2022,1,0,1,27.3161295674845,30.33050714670886,51.85546875
1652,16.52,1024,910,1913,2015,1,0,1,27.3161295674845,24.275076080479387,46.7041015625
1653,16.53,1024,1137,2123,2021,1,0,1,27.3161295674845,30.33050714670886,51.8310546875
1654,16.54,1024,910,1912,2014,1,0,1,27.3161295674845,24.275076080479387,46.6796875
1655,16.55,1024,1137,2122,2020,1,0,1,27.3161295674845,30.33050714670886,51.806640625
1656,16.56,1024,910,1911,2013,1,0,1,27.3161295674845,24.275076080479387,46.6552734375
1657,16.57,1024,910,2121,2019,1,0,1,27.3161295674845,24.275076080479387,51.7822265625
1658,16.58,1024,1137,2127,2025,1,0,1,27.3161295674845,30.33050714670886,51.9287109375
1659,16.59,1024,910,1916,2018,1,0,1,27.3161295674845,24.275076080479387,46.77734375
1660,16.6,1024,1137,2126,2024,1,0,1,27.3161295674845,30.33050714670886,51.904296875
1661,16.61,1024,910,1915,2017,1,0,1,27.3161295674845,24.275076080479387,46.7529296875
1662,16.62,1024,1137,2125,2023,1,0,1,27.3161295674845,30.33050714670886,51.8798828125
1663,16.63,1024,910,1914,2016,1,0,1,27.3161295674845,24.275076080479387,46.728515625
1664,16.64,1024,1137,2124,2022,1,0,1,27.3161295674845,30.33050714670886,51.85546875
1665,16.65,1024,910,1913,2015,1,0,1,27.3161295674845,24.275076080479387,46.7041015625
1666,16.66,1024,1137,2123,2021,1,0,1,27.3161295674845,30.33050714670886,51.8310546875
1667,16.67,1024,910,1912,2014,1,0,1,27.3161295674845,24.275076080479387,46.6796875
1668,16.68,1024,1137,2122,2020,1,0,1,27.3161295674845,30.33050714670886,51.806640625
1669,16.69,1024,910,1911,2013,1,0,1,27.3161295674845,24.275076080479387,46.6552734375
1670,16.7,1024,1137,2121,2019,1,0,1,27.3161295674845,30.33050714670886,51.7822265625
1671,16.71,1024,910,1910,2012,1,0,1,27.3161295674845,24.275076080479387,46.630859375
1672,16.72,1024,1137,2120,2018,1,0,1,27.3161295674845,30.33050714670886,51.7578125
1673,16.73,1024,910,1909,2011,1,0,1,27.3161295674845,24.275076080479387,46.6064453125
1674,16.74,1024,910,2119,2017,1,0,1,27.3161295674845,24.275076080479387,51.7333984375
1675,16.75,1024,1137,2125,2023,1,0,1,27.3161295674845,30.33050714670886,51.8798828125
1676,16.76,1024,910,1914,2016,1,0,1,27.3161295674845,24.275076080479387,46.728515625
1677,16.77,1024,1137,2124,2022,1,0,1,27.3161295674845,30.33050714670886,51.85546875
1678,16.78,1024,910,1913,2015,1,0,1,27.3161295674845,24.275076080479387,46.7041015625
1679,16.79,1024,1137,2123,2021,1,0,1,27.3161295674845,30.33050714670886,51.8310546875
1680,16.8,1024,910,1912,2014,1,0,1,27.3161295674845,24.275076080479387,46.6796875
1681,16.81,1024,1137,2122,2020,1,0,1,27.3161295674845,30.33050714670886,51.806640625
1682,16.82,1024,910,1911,2013,1,0,1,27.3161295674845,24.275076080479387,46.6552734375
1683,16.83,1024,1137,2121,2019,1,0,1,27.3161295674845,30.33050714670886,51.7822265625
1684,16.84,1024,910,1910,2012,1,0,1,27.3161295674845,24.275076080479387,46.630859375
1685,16.85,1024,1137,2120,2018,1,0,1,27.3161295674845,30.33050714670886,51.7578125
1686,16.86,1024,910,1909,2011,1,0,1,27.3161295674845,24.275076080479387,46.6064453125
1687,16.87,1024,1137,2119,2017,1,0,1,27.3161295674845,30.33050714670886,51.7333984375
1688,16.88,1024,910,1908,2010,1,0,1,27.3161295674845,24.275076080479387,46.58203125
1689,16.89,1024,1137,2118,2016,1,0,1,27.3161295674845,30.33050714670886,51.708984375
1690,16.9,1024,910,1907,2009,1,0,1,27.3161295674845,24.275076080479387,46.5576171875
1691,16.91,1024,1137,2117,2015,1,0,1,27.3161295674845,30.33050714670886,51.6845703125
1692,16.92,1024,910,1906,2008,1,0,1,27.3161295674845,24.275076080479387,46.533203125
1693,16.93,1024,910,2116,2014,1,0,1,27.3161295674845,24.275076080479387,51.66015625
1694,16.94,1024,1137,2122,2020,1,0,1,27.3161295674845,30.33050714670886,51.806640625
1695,16.95,1024,910,1911,2013,1,0,1,27.3161295674845,24.275076080479387,46.6552734375
1696,16.96,1024,1137,2121,2019,1,0,1,27.3161295674845,30.33050714670886,51.7822265625
1697,16.97,1024,910,1910,2012,1,0,1,27.3161295674845,24.275076080479387,46.630859375
1698,16.98,1024,1137,2120,2018,1,0,1,27.3161295674845,30.33050714670886,51.7578125
1699,16.99,1024,910,1909,2011,1,0,1,27.3161295674845,24.275076080479387,46.6064453125
1700,17.0,1024,1137,2119,2017,1,0,1,27.3161295674845,30.33050714670886,51.7333984375
1701,17.01,1024,910,1908,2010,1,0,1,27.3161295674845,24.275076080479387,46.58203125
1702,17.02,1024,1137,2118,2016,1,0,1,27.3161295674845,30.33050714670886,51.708984375
1703,17.03,1024,910,1907,2009,1,0,1,27.3161295674845,24.275076080479387,46.5576171875
1704,17.04,1024,1137,2117,2015,1,0,1,27.3161295674845,30.33050714670886,51.6845703125
1705,17.05,1024,910,1906,2008,1,0,1,27.3161295674845,24.275076080479387,46.533203125
1706,17.06,1024,910,2116,2014,1,0,1,27.3161295674845,24.275076080479387,51.66015625
1707,17.07,1024,1137,2122,2020,1,0,1,27.3161295674845,30.33050714670886,51.806640625
1708,17.08,1024,910,1911,2013,1,0,1,27.3161295674845,24.275076080479387,46.6552734375
1709,17.09,1024,1137,2121,2019,1,0,1,27.3161295674845,30.33050714670886,51.7822265625
1710,17.1,1024,910,1910,2012,1,0,1,27.3161295674845,24.275076080479387,46.630859375
1711,17.11,1024,1137,2120,2018,1,0,1,27.3161295674845,30.33050714670886,51.7578125
1712,17.12,1024,910,1909,2011,1,0,1,27.3161295674845,24.275076080479387,46.6064453125
1713,17.13,1024,1137,2119,2017,1,0,1,27.3161295674845,30.33050714670886,51.7333984375
1714,17.14,1024,910,1908,2010,1,0,1,27.3161295674845,24.275076080479387,46.58203125
1715,17.15,1024,1137,2118,2016,1,0,1,27.3161295674845,30.33050714670886,51.708984375
1716,17.16,1024,910,1907,2009,1,0,1,27.3161295674845,24.275076080479387,46.5576171875
1717,17.17,1024,1137,2117,2015,1,0,1,27.3161295674845,30.33050714670886,51.6845703125
1718,17.18,1024,910,1906,2008,1,0,1,27.3161295674845,24.275076080479387,46.533203125
1719,17.19,1024,910,2116,2014,1,0,1,27.3161295674845,24.275076080479387,51.66015625
1720,17.2,1024,1137,2122,2020,1,0,1,27.3161295674845,30.33050714670886,51.806640625
1721,17.21,1024,910,1911,2013,1,0,1,27.3161295674845,24.275076080479387,46.6552734375
1722,17.22,1024,1137,2121,2019,1,0,1,27.3161295674845,30.33050714670886,51.7822265625
1723,17.23,1024,910,1910,2012,1,0,1,27.3161295674845,24.275076080479387,46.630859375
1724,17.24,1024,1137,2120,2018,1,0,1,27.3161295674845,30.33050714670886,51.7578125
1725,17.25,1024,910,1909,2011,1,0,1,27.3161295674845,24.275076080479387,46.6064453125
1726,17.26,1024,1137,2119,2017,1,0,1,27.3161295674845,30.33050714670886,51.7333984375
1727,17.27,1024,910,1908,2010,1,0,1,27.3161295674845,24.275076080479387,46.58203125
1728,17.28,1024,1137,2118,2016,1,0,1,27.3161295674845,30.33050714670886,51.708984375
1729,17.29,1024,910,1907,2009,1,0,1,27.3161295674845,24.275076080479387,46.5576171875
1730,17.3,1024,910,2117,2015,1,0,1,27.3161295674845,24.275076080479387,51.6845703125
1731,17.31,1024,1137,2123,2021,1,0,1,27.3161295674845,30.33050714670886,51.8310546875
1732,17.32,1024,910,1912,2014,1,0,1,27.3161295674845,24.275076080479387,46.6796875
1733,17.33,1024,1137,2122,2020,1,0,1,27.3161295674845,30.33050714670886,51.806640625
1734,17.34,1024,910,1911,2013,1,0,1,27.3161295674845,24.275076080479387,46.6552734375
1735,17.35,1024,1137,2121,2019,1,0,1,27.3161295674845,30.33050714670886,51.7822265625
1736,17.36,1024,910,1910,2012,1,0,1,27.3161295674845,24.275076080479387,46.630859375
1737,17.37,1024,1137,2120,2018,1,0,1,27.3161295674845,30.33050714670886,51.7578125
1738,17.38,1024,910,1909,2011,1,0,1,27.3161295674845,24.275076080479387,46.6064453125
1739,17.39,1024,1137,2119,2017,1,0,1,27.3161295674845,30.33050714670886,51.7333984375
1740,17.4,1024,910,1908,2010,1,0,1,27.3161295674845,24.275076080479387,46.58203125
1741,17.41,1024,910,2118,2016,1,0,1,27.3161295674845,24.275076080479387,51.708984375
1742,17.42,1024,1137,2124,2022,1,0,1,27.3161295674845,30.33050714670886,51.85546875
1743,17.43,1024,910,1913,2015,1,0,1,27.3161295674845,24.275076080479387,46.7041015625
1744,17.44,1024,1137,2123,2021,1,0,1,27.3161295674845,30.33050714670886,51.8310546875
1745,17.45,1024,910,1912,2014,1,0,1,27.3161295674845,24.275076080479387,46.6796875
1746,17.46,1024,1137,2122,2020,1,0,1,27.3161295674845,30.33050714670886,51.806640625
1747,17.47,1024,910,1911,2013,1,0,1,27.3161295674845,24.275076080479387,46.6552734375
1748,17.48,1024,1137,2121,2019,1,0,1,27.3161295674845,30.33050714670886,51.7822265625
1749,17.49,1024,910,1910,2012,1,0,1,27.3161295674845,24.275076080479387,46.630859375
1750,17.5,1024,1137,2120,2018,1,0,1,27.3161295674845,30.33050714670886,51.7578125
1751,17.51,1024,910,1909,2011,1,0,1,27.3161295674845,24.275076080479387,46.6064453125
1752,17.52,1024,910,2119,2017,1,0,1,27.3161295674845,24.275076080479387,51.7333984375
1753,17.53,1024,1137,2125,2023,1,0,1,27.3161295674845,30.33050714670886,51.8798828125
1754,17.54,1024,910,1914,2016,1,0,1,27.3161295674845,24.275076080479387,46.728515625
1755,17.55,1024,1137,2124,2022,1,0,1,27.3161295674845,30.33050714670886,51.85546875
1756,17.56,1024,910,1913,2015,1,0,1,27.3161295674845,24.275076080479387,46.7041015625
1757,17.57,1024,1137,2123,2021,1,0,1,27.3161295674845,30.33050714670886,51.8310546875
1758,17.58,1024,910,1912,2014,1,0,1,27.3161295674845,24.275076080479387,46.6796875
1759,17.59,1024,1137,2122,2020,1,0,1,27.3161295674845,30.33050714670886,51.806640625
1760,17.6,1024,910,1911,2013,1,0,1,27.3161295674845,24.275076080479387,46.6552734375
1761,17.61,1024,1137,2121,2019,1,0,1,27.3161295674845,30.33050714670886,51.7822265625
1762,17.62,1024,910,1910,2012,1,0,1,27.3161295674845,24.275076080479387,46.630859375
1763,17.63,1024,910,2120,2018,1,0,1,27.3161295674845,24.275076080479387,51.7578125
1764,17.64,1024,1137,2126,2024,1,0,1,27.3161295674845,30.33050714670886,51.904296875
1765,17.65,1024,910,1915,2017,1,0,1,27.3161295674845,24.275076080479387,46.7529296875
1766,17.66,1024,1137,2125,2023,1,0,1,27.3161295674845,30.33050714670886,51.8798828125
1767,17.67,1024,910,1914,2016,1,0,1,27.3161295674845,24.275076080479387,46.728515625
1768,17.68,1024,1137,2124,2022,1,0,1,27.3161295674845,30.33050714670886,51.85546875
1769,17.69,1024,910,1913,2015,1,0,1,27.3161295674845,24.275076080479387,46.7041015625
1770,17.7,1024,1137,2123,2021,1,0,1,27.3161295674845,30.33050714670886,51.8310546875
1771,17.71,1024,910,1912,2014,1,0,1,27.3161295674845,24.275076080479387,46.6796875
1772,17.72,1024,1137,2122,2020,1,0,1,27.3161295674845,30.33050714670886,51.806640625
1773,17.73,1024,910,1911,2013,1,0,1,27.3161295674845,24.275076080479387,46.6552734375
1774,17.74,1024,1137,2121,2019,1,0,1,27.3161295674845,30.33050714670886,51.7822265625
1775,17.75,1024,910,1910,2012,1,0,1,27.3161295674845,24.275076080479387,46.630859375
1776,17.76,1024,910,2120,2018,1,0,1,27.3161295674845,24.275076080479387,51.7578125
1777,17.77,1024,1137,2126,2024,1,0,1,27.3161295674845,30.33050714670886,51.904296875
1778,17.78,1024,910,1915,2017,1,0,1,27.3161295674845,24.275076080479387,46.7529296875
1779,17.79,1024,1137,2125,2023,1,0,1,27.3161295674845,30.33050714670886,51.8798828125
1780,17.8,1024,910,1914,2016,1,0,1,27.3161295674845,24.275076080479387,46.728515625
1781,17.81,1024,1137,2124,2022,1,0,1,27.3161295674845,30.33050714670886,51.85546875
1782,17.82,1024,910,1913,2015,1,0,1,27.3161295674845,24.275076080479387,46.7041015625
1783,17.83,1024,1137,2123,2021,1,0,1,27.3161295674845,30.33050714670886,51.8310546875
1784,17.84,1024,910,1912,2014,1,0,1,27.3161295674845,24.275076080479387,46.6796875
1785,17.85,1024,1137,2122,2020,1,0,1,27.3161295674845,30.33050714670886,51.806640625
1786,17.86,1024,910,1911,2013,1,0,1,27.3161295674845,24.275076080479387,46.6552734375
1787,17.87,1024,910,2121,2019,1,0,1,27.3161295674845,24.275076080479387,51.7822265625
1788,17.88,1024,1137,2127,2025,1,0,1,27.3161295674845,30.33050714670886,51.9287109375
1789,17.89,1024,910,1916,2018,1,0,1,27.3161295674845,24.275076080479387,46.77734375
1790,17.9,1024,1137,2126,2024,1,0,1,27.3161295674845,30.33050714670886,51.904296875
1791,17.91,1024,910,1915,2017,1,0,1,27.3161295674845,24.275076080479387,46.7529296875
1792,17.92,1024,1137,2125,2023,1,0,1,27.3161295674845,30.33050714670886,51.8798828125
1793,17.93,1024,910,1914,2016,1,0,1,27.3161295674845,24.275076080479387,46.728515625
1794,17.94,1024,1137,2124,2022,1,0,1,27.3161295674845,30.33050714670886,51.85546875
1795,17.95,1024,910,1913,2015,1,0,1,27.3161295674845,24.275076080479387,46.7041015625
1796,17.96,1024,1137,2123,2021,1,0,1,27.3161295674845,30.33050714670886,51.8310546875
1797,17.97,1024,910,1912,2014,1,0,1,27.3161295674845,24.275076080479387,46.6796875
1798,17.98,1024,1137,2122,2020,1,0,1,27.3161295674845,30.33050714670886,51.806640625
1799,17.99,1024,910,1911,2013,1,0,1,27.3161295674845,24.275076080479387,46.6552734375
1800,18.0,1024,1137,2121,2019,1,0,1,27.3161295674845,30.33050714670886,51.7822265625
1801,18.01,1024,910,1910,2012,1,0,1,27.3161295674845,24.275076080479387,46.630859375
1802,18.02,1024,910,2120,2018,1,0,1,27.3161295674845,24.275076080479387,51.7578125
1803,18.03,1024,1137,2126,2024,1,0,1,27.3161295674845,30.33050714670886,51.904296875
1804,18.04,1024,910,1915,2017,1,0,1,27.3161295674845,24.275076080479387,46.7529296875
1805,18.05,1024,1137,2125,2023,1,0,1,27.3161295674845,30.33050714670886,51.8798828125
1806,18.06,1024,910,1914,2016,1,0,1,27.3161295674845,24.275076080479387,46.728515625
1807,18.07,1024,1137,2124,2022,1,0,1,27.3161295674845,30.33050714670886,51.85546875
1808,18.08,1024,910,1913,2015,1,0,1,27.3161295674845,24.275076080479387,46.7041015625
1809,18.09,1024,1137,2123,2021,1,0,1,27.3161295674845,30.33050714670886,51.8310546875
1810,18.1,1024,910,1912,2014,1,0,1,27.3161295674845,24.275076080479387,46.6796875
1811,18.11,1024,1137,2122,2020,1,0,1,27.3161295674845,30.33050714670886,51.806640625
1812,18.12,1024,910,1911,2013,1,0,1,27.3161295674845,24.275076080479387,46.6552734375
1813,18.13,1024,1137,2121,2019,1,0,1,27.3161295674845,30.33050714670886,51.7822265625
1814,18.14,1024,910,1910,2012,1,0,1,27.3161295674845,24.275076080479387,46.630859375
1815,18.15,1024,910,2120,2018,1,0,1,27.3161295674845,24.275076080479387,51.7578125
1816,18.16,1024,1137,2126,2024,1,0,1,27.3161295674845,30.33050714670886,51.904296875
1817,18.17,1024,910,1915,2017,1,0,1,27.3161295674845,24.275076080479387,46.7529296875
1818,18.18,1024,1137,2125,2023,1,0,1,27.3161295674845,30.33050714670886,51.8798828125
1819,18.19,1024,910,1914,2016,1,0,1,27.3161295674845,24.275076080479387,46.728515625
1820,18.2,1024,1137,2124,2022,1,0,1,27.3161295674845,30.33050714670886,51.85546875
1821,18.21,1024,910,1913,2015,1,0,1,27.3161295674845,24.275076080479387,46.7041015625
1822,18.22,1024,1137,2123,2021,1,0,1,27.3161295674845,30.33050714670886,51.8310546875
1823,18.23,1024,910,1912,2014,1,0,1,27.3161295674845,24.275076080479387,46.6796875
1824,18.24,1024,1137,2122,2020,1,0,1,27.3161295674845,30.33050714670886,51.806640625
1825,18.25,1024,910,1911,2013,1,0,1,27.3161295674845,24.275076080479387,46.6552734375
1826,18.26,1024,910,2121,2019,1,0,1,27.3161295674845,24.275076080479387,51.7822265625
1827,18.27,1024,1137,2127,2025,1,0,1,27.3161295674845,30.33050714670886,51.9287109375
1828,18.28,1024,910,1916,2018,1,0,1,27.3161295674845,24.275076080479387,46.77734375
1829,18.29,1024,1137,2126,2024,1,0,1,27.3161295674845,30.33050714670886,51.904296875
1830,18.3,1024,910,1915,2017,1,0,1,27.3161295674845,24.275076080479387,46.7529296875
1831,18.31,1024,1137,2125,2023,1,0,1,27.3161295674845,30.33050714670886,51.8798828125
1832,18.32,1024,910,1914,2016,1,0,1,27.3161295674845,24.275076080479387,46.728515625
1833,18.33,1024,1137,2124,2022,1,0,1,27.3161295674845,30.33050714670886,51.85546875
1834,18.34,1024,910,1913,2015,1,0,1,27.3161295674845,24.275076080479387,46.7041015625
1835,18.35,1024,1137,2123,2021,1,0,1,27.3161295674845,30.33050714670886,51.8310546875
1836,18.36,1024,910,1912,2014,1,0,1,27.3161295674845,24.275076080479387,46.6796875
1837,18.37,1024,1137,2122,2020,1,0,1,27.3161295674845,30.33050714670886,51.806640625
1838,18.38,1024,910,1911,2013,1,0,1,27.3161295674845,24.275076080479387,46.6552734375
1839,18.39,1024,910,2121,2019,1,0,1,27.3161295674845,24.275076080479387,51.7822265625
1840,18.4,1024,1137,2127,2025,1,0,1,27.3161295674845,30.33050714670886,51.9287109375
1841,18.41,1024,910,1916,2018,1,0,1,27.3161295674845,24.275076080479387,46.77734375
1842,18.42,1024,1137,2126,2024,1,0,1,27.3161295674845,30.33050714670886,51.904296875
1843,18.43,1024,910,1915,2017,1,0,1,27.3161295674845,24.275076080479387,46.7529296875
1844,18.44,1024,1137,2125,2023,1,0,1,27.3161295674845,30.33050714670886,51.8798828125
1845,18.45,1024,910,1914,2016,1,0,1,27.3161295674845,24.275076080479387,46.728515625
1846,18.46,1024,1137,2124,2022,1,0,1,27.3161295674845,30.33050714670886,51.85546875
1847,18.47,1024,910,1913,2015,1,0,1,27.3161295674845,24.275076080479387,46.7041015625
1848,18.48,1024,1137,2123,2021,1,0,1,27.3161295674845,30.33050714670886,51.8310546875
1849,18.49,1024,910,1912,2014,1,0,1,27.3161295674845,24.275076080479387,46.6796875
1850,18.5,1024,1137,2122,2020,1,0,1,27.3161295674845,30.33050714670886,51.806640625
1851,18.51,1024,910,1911,2013,1,0,1,27.3161295674845,24.275076080479387,46.6552734375
1852,18.52,1024,1137,2121,2019,1,0,1,27.3161295674845,30.33050714670886,51.7822265625
1853,18.53,1024,910,1910,2012,1,0,1,27.3161295674845,24.275076080479387,46.630859375
1854,18.54,1024,910,2120,2018,1,0,1,27.3161295674845,24.275076080479387,51.7578125
1855,18.55,1024,1137,2126,2024,1,0,1,27.3161295674845,30.33050714670886,51.904296875
1856,18.56,1024,910,1915,2017,1,0,1,27.3161295674845,24.275076080479387,46.7529296875
1857,18.57,1024,1137,2125,2023,1,0,1,27.3161295674845,30.33050714670886,51.8798828125
1858,18.58,1024,910,1914,2016,1,0,1,27.3161295674845,24.275076080479387,46.728515625
1859,18.59,1024,1137,2124,2022,1,0,1,27.3161295674845,30.33050714670886,51.85546875
1860,18.6,1024,910,1913,2015,1,0,1,27.3161295674845,24.275076080479387,46.7041015625
1861,18.61,1024,1137,2123,2021,1,0,1,27.3161295674845,30.33050714670886,51.8310546875
1862,18.62,1024,910,1912,2014,1,0,1,27.3161295674845,24.275076080479387,46.6796875
1863,18.63,1024,1137,2122,2020,1,0,1,27.3161295674845,30.33050714670886,51.806640625
1864,18.64,1024,910,1911,2013,1,0,1,27.3161295674845,24.275076080479387,46.6552734375
1865,18.65,1024,1137,2121,2019,1,0,1,27.3161295674845,30.33050714670886,51.7822265625
1866,18.66,1024,910,1910,2012,1,0,1,27.3161295674845,24.275076080479387,46.630859375
1867,18.67,1024,1137,2120,2018,1,0,1,27.3161295674845,30.33050714670886,51.7578125
1868,18.68,1024,910,1909,2011,1,0,1,27.3161295674845,24.275076080479387,46.6064453125
1869,18.69,1024,1137,2119,2017,1,0,1,27.3161295674845,30.33050714670886,51.7333984375
1870,18.7,1024,910,1908,2010,1,0,1,27.3161295674845,24.275076080479387,46.58203125
1871,18.71,1024,910,2118,2016,1,0,1,27.3161295674845,24.275076080479387,51.708984375
1872,18.72,1024,1137,2124,2022,1,0,1,27.3161295674845,30.33050714670886,51.85546875
1873,18.73,1024,910,1913,2015,1,0,1,27.3161295674845,24.275076080479387,46.7041015625
1874,18.74,1024,1137,2123,2021,1,0,1,27.3161295674845,30.33050714670886,51.8310546875
1875,18.75,1024,910,1912,2014,1,0,1,27.3161295674845,24.275076080479387,46.6796875
1876,18.76,1024,1137,2122,2020,1,0,1,27.3161295674845,30.33050714670886,51.806640625
1877,18.77,1024,910,1911,2013,1,0,1,27.3161295674845,24.275076080479387,46.6552734375
1878,18.78,1024,1137,2121,2019,1,0,1,27.3161295674845,30.33050714670886,51.7822265625
1879,18.79,1024,910,1910,2012,1,0,1,27.3161295674845,24.275076080479387,46.630859375
1880,18.8,1024,1137,2120,2018,1,0,1,27.3161295674845,30.33050714670886,51.7578125
1881,18.81,1024,910,1909,2011,1,0,1,27.3161295674845,24.275076080479387,46.6064453125
1882,18.82,1024,1137,2119,2017,1,0,1,27.3161295674845,30.33050714670886,51.7333984375
1883,18.83,1024,910,1908,2010,1,0,1,27.3161295674845,24.275076080479387,46.58203125
1884,18.84,1024,1137,2118,2016,1,0,1,27.3161295674845,30.33050714670886,51.708984375
1885,18.85,1024,910,1907,2009,1,0,1,27.3161295674845,24.275076080479387,46.5576171875
1886,18.86,1024,1137,2117,2015,1,0,1,27.3161295674845,30.33050714670886,51.6845703125
1887,18.87,1024,910,1906,2008,1,0,1,27.3161295674845,24.275076080479387,46.533203125
1888,18.88,1024,1137,2116,2014,1,0,1,27.3161295674845,30.33050714670886,51.66015625
1889,18.89,1024,910,1905,2007,1,0,1,27.3161295674845,24.275076080479387,46.5087890625
1890,18.9,1024,1137,2115,2013,1,0,1,27.3161295674845,30.33050714670886,51.6357421875
1891,18.91,1024,910,1904,2006,1,0,1,27.3161295674845,24.275076080479387,46.484375
1892,18.92,1024,910,2114,2012,1,0,1,27.3161295674845,24.275076080479387,51.611328125
1893,18.93,1024,1137,2120,2018,1,0,1,27.3161295674845,30.33050714670886,51.7578125
1894,18.94,1024,910,1909,2011,1,0,1,27.3161295674845,24.275076080479387,46.6064453125
1895,18.95,1024,1137,2119,2017,1,0,1,27.3161295674845,30.33050714670886,51.7333984375
1896,18.96,1024,910,1908,2010,1,0,1,27.3161295674845,24.275076080479387,46.58203125
1897,18.97,1024,1137,2118,2016,1,0,1,27.3161295674845,30.33050714670886,51.708984375
1898,18.98,1024,910,1907,2009,1,0,1,27.3161295674845,24.275076080479387,46.5576171875
1899,18.99,1024,1137,2117,2015,1,0,1,27.3161295674845,30.33050714670886,51.6845703125
1900,19.0,1024,910,1906,2008,1,0,1,27.3161295674845,24.275076080479387,46.533203125
1901,19.01,1024,1137,2116,2014,1,0,1,27.3161295674845,30.33050714670886,51.66015625
1902,19.02,1024,910,1905,2007,1,0,1,27.3161295674845,24.275076080479387,46.5087890625
1903,19.03,1024,1137,2115,2013,1,0,1,27.3161295674845,30.33050714670886,51.6357421875
1904,19.04,1024,910,1904,2006,1,0,1,27.3161295674845,24.275076080479387,46.484375
1905,19.05,1024,1137,2114,2012,1,0,1,27.3161295674845,30.33050714670886,51.611328125
1906,19.06,1024,910,1903,2005,1,0,1,27.3161295674845,24.275076080479387,46.4599609375
1907,19.07,1024,1137,2113,2011,1,0,1,27.3161295674845,30.33050714670886,51.5869140625
1908,19.08,1024,910,1902,2004,1,0,1,27.3161295674845,24.275076080479387,46.435546875
1909,19.09,1024,1137,2112,2010,1,0,1,27.3161295674845,30.33050714670886,51.5625
1910,19.1,1024,910,1901,2003,1,0,1,27.3161295674845,24.275076080479387,46.4111328125
1911,19.11,1024,1137,2111,2009,1,0,1,27.3161295674845,30.33050714670886,51.5380859375
1912,19.12,1024,910,1900,2002,1,0,1,27.3161295674845,24.275076080479387,46.38671875
1913,19.13,1024,1137,2110,2008,1,0,1,27.3161295674845,30.33050714670886,51.513671875
1914,19.14,1024,910,1899,2001,1,0,1,27.3161295674845,24.275076080479387,46.3623046875
1915,19.15,1024,1137,2109,2007,1,0,1,27.3161295674845,30.33050714670886,51.4892578125
1916,19.16,1024,910,1898,2000,1,0,1,27.3161295674845,24.275076080479387,46.337890625
1917,19.17,1024,910,2108,2006,1,0,1,27.3161295674845,24.275076080479387,51.46484375
1918,19.18,1024,1137,2114,2012,1,0,1,27.3161295674845,30.33050714670886,51.611328125
1919,19.19,1024,910,1903,2005,1,0,1,27.3161295674845,24.275076080479387,46.4599609375
1920,19.2,1024,1137,2113,2011,1,0,1,27.3161295674845,30.33050714670886,51.5869140625
1921,19.21,1024,910,1902,2004,1,0,1,27.3161295674845,24.275076080479387,46.435546875
1922,19.22,1024,1137,2112,2010,1,0,1,27.3161295674845,30.33050714670886,51.5625
1923,19.23,1024,910,1901,2003,1,0,1,27.3161295674845,24.275076080479387,46.4111328125
1924,19.24,1024,1137,2111,2009,1,0,1,27.3161295674845,30.33050714670886,51.5380859375
1925,19.25,1024,910,1900,2002,1,0,1,27.3161295674845,24.275076080479387,46.38671875
1926,19.26,1024,1137,2110,2008,1,0,1,27.3161295674845,30.33050714670886,51.513671875
1927,19.27,1024,910,1899,2001,1,0,1,27.3161295674845,24.275076080479387,46.3623046875
1928,19.28,1024,1137,2109,2007,1,0,1,27.3161295674845,30.33050714670886,51.4892578125
1929,19.29,1024,910,1898,2000,1,0,1,27.3161295674845,24.275076080479387,46.337890625
1930,19.3,1024,1137,2108,2006,1,0,1,27.3161295674845,30.33050714670886,51.46484375
1931,19.31,1024,910,1897,1999,1,0,1,27.3161295674845,24.275076080479387,46.3134765625
1932,19.32,1024,910,2107,2005,1,0,1,27.3161295674845,24.275076080479387,51.4404296875
1933,19.33,1024,1137,2113,2011,1,0,1,27.3161295674845,30.33050714670886,51.5869140625
1934,19.34,1024,910,1902,2004,1,0,1,27.3161295674845,24.275076080479387,46.435546875
1935,19.35,1024,1137,2112,2010,1,0,1,27.3161295674845,30.33050714670886,51.5625
1936,19.36,1024,910,1901,2003,1,0,1,27.3161295674845,24.275076080479387,46.4111328125
1937,19.37,1024,1137,2111,2009,1,0,1,27.3161295674845,30.33050714670886,51.5380859375
1938,19.38,1024,910,1900,2002,1,0,1,27.3161295674845,24.275076080479387,46.38671875
1939,19.39,1024,1137,2110,2008,1,0,1,27.3161295674845,30.33050714670886,51.513671875
1940,19.4,1024,910,1899,2001,1,0,1,27.3161295674845,24.275076080479387,46.3623046875
1941,19.41,1024,1137,2109,2007,1,0,1,27.3161295674845,30.33050714670886,51.4892578125
1942,19.42,1024,910,1898,2000,1,0,1,27.3161295674845,24.275076080479387,46.337890625
1943,19.43,1024,1137,2108,2006,1,0,1,27.3161295674845,30.33050714670886,51.46484375
1944,19.44,1024,910,1897,1999,1,0,1,27.3161295674845,24.275076080479387,46.3134765625
1945,19.45,1024,910,2107,2005,1,0,1,27.3161295674845,24.275076080479387,51.4404296875
1946,19.46,1024,1137,2113,2011,1,0,1,27.3161295674845,30.33050714670886,51.5869140625
1947,19.47,1024,910,1902,2004,1,0,1,27.3161295674845,24.275076080479387,46.435546875
1948,19.48,1024,1137,2112,2010,1,0,1,27.3161295674845,30.33050714670886,51.5625
1949,19.49,1024,910,1901,2003,1,0,1,27.3161295674845,24.275076080479387,46.4111328125
1950,19.5,1024,1137,2111,2009,1,0,1,27.3161295674845,30.33050714670886,51.5380859375
1951,19.51,1024,910,1900,2002,1,0,1,27.3161295674845,24.275076080479387,46.38671875
1952,19.52,1024,1137,2110,2008,1,0,1,27.3161295674845,30.33050714670886,51.513671875
1953,19.53,1024,910,1899,2001,1,0,1,27.3161295674845,24.275076080479387,46.3623046875
1954,19.54,1024,1137,2109,2007,1,0,1,27.3161295674845,30.33050714670886,51.4892578125
1955,19.55,1024,910,1898,2000,1,0,1,27.3161295674845,24.275076080479387,46.337890625
1956,19.56,1024,1137,2108,2006,1,0,1,27.3161295674845,30.33050714670886,51.46484375
1957,19.57,1024,910,1897,1999,1,0,1,27.3161295674845,24.275076080479387,46.3134765625
1958,19.58,1024,910,2107,2005,1,0,1,27.3161295674845,24.275076080479387,51.4404296875
1959,19.59,1024,1137,2113,2011,1,0,1,27.3161295674845,30.33050714670886,51.5869140625
1960,19.6,1024,910,1902,2004,1,0,1,27.3161295674845,24.275076080479387,46.435546875
1961,19.61,1024,1137,2112,2010,1,0,1,27.3161295674845,30.33050714670886,51.5625
1962,19.62,1024,910,1901,2003,1,0,1,27.3161295674845,24.275076080479387,46.4111328125
1963,19.63,1024,1137,2111,2009,1,0,1,27.3161295674845,30.33050714670886,51.5380859375
1964,19.64,1024,910,1900,2002,1,0,1,27.3161295674845,24.275076080479387,46.38671875
1965,19.65,1024,1137,2110,2008,1,0,1,27.3161295674845,30.33050714670886,51.513671875
1966,19.66,1024,910,1899,2001,1,0,1,27.3161295674845,24.275076080479387,46.3623046875
1967,19.67,1024,1137,2109,2007,1,0,1,27.3161295674845,30.33050714670886,51.4892578125
1968,19.68,1024,910,1898,2000,1,0,1,27.3161295674845,24.275076080479387,46.337890625
1969,19.69,1024,1137,2108,2006,1,0,1,27.3161295674845,30.33050714670886,51.46484375
1970,19.7,1024,910,1897,1999,1,0,1,27.3161295674845,24.275076080479387,46.3134765625
1971,19.71,1024,910,2107,2005,1,0,1,27.3161295674845,24.275076080479387,51.4404296875
1972,19.72,1024,1137,2113,2011,1,0,1,27.3161295674845,30.33050714670886,51.5869140625
1973,19.73,1024,910,1902,2004,1,0,1,27.3161295674845,24.275076080479387,46.435546875
1974,19.74,1024,1137,2112,2010,1,0,1,27.3161295674845,30.33050714670886,51.5625
1975,19.75,1024,910,1901,2003,1,0,1,27.3161295674845,24.275076080479387,46.4111328125
1976,19.76,1024,1137,2111,2009,1,0,1,27.3161295674845,30.33050714670886,51.5380859375
1977,19.77,1024,910,1900,2002,1,0,1,27.3161295674845,24.275076080479387,46.38671875
1978,19.78,1024,1137,2110,2008,1,0,1,27.3161295674845,30.33050714670886,51.513671875
1979,19.79,1024,910,1899,2001,1,0,1,27.3161295674845,24.275076080479387,46.3623046875
1980,19.8,1024,1137,2109,2007,1,0,1,27.3161295674845,30.33050714670886,51.4892578125
1981,19.81,1024,910,1898,2000,1,0,1,27.3161295674845,24.275076080479387,46.337890625
1982,19.82,1024,1137,2108,2006,1,0,1,27.3161295674845,30.33050714670886,51.46484375
1983,19.83,1024,910,1897,1999,1,0,1,27.3161295674845,24.275076080479387,46.3134765625
1984,19.84,1024,910,2107,2005,1,0,1,27.3161295674845,24.275076080479387,51.4404296875
1985,19.85,1024,1137,2113,2011,1,0,1,27.3161295674845,30.33050714670886,51.5869140625
1986,19.86,1024,910,1902,2004,1,0,1,27.3161295674845,24.275076080479387,46.435546875
1987,19.87,1024,1137,2112,2010,1,0,1,27.3161295674845,30.33050714670886,51.5625
1988,19.88,1024,910,1901,2003,1,0,1,27.3161295674845,24.275076080479387,46.4111328125
1989,19.89,1024,1137,2111,2009,1,0,1,27.3161295674845,30.33050714670886,51.5380859375
1990,19.9,1024,910,1900,2002,1,0,1,27.3161295674845,24.275076080479387,46.38671875
1991,19.91,1024,1137,2110,2008,1,0,1,27.3161295674845,30.33050714670886,51.513671875
1992,19.92,1024,910,1899,2001,1,0,1,27.3161295674845,24.275076080479387,46.3623046875
1993,19.93,1024,1137,2109,2007,1,0,1,27.3161295674845,30.33050714670886,51.4892578125
1994,19.94,1024,910,1898,2000,1,0,1,27.3161295674845,24.275076080479387,46.337890625
1995,19.95,1024,1137,2108,2006,1,0,1,27.3161295674845,30.33050714670886,51.46484375
1996,19.96,1024,910,1897,1999,1,0,1,27.3161295674845,24.275076080479387,46.3134765625
1997,19.97,1024,1137,2107,2005,1,0,1,27.3161295674845,30.33050714670886,51.4404296875
1998,19.98,1024,910,1896,1998,1,0,1,27.3161295674845,24.275076080479387,46.2890625
1999,19.99,1024,1137,2106,2004,1,0,1,27.3161295674845,30.33050714670886,51.416015625
2000,20.0,1024,910,1895,1997,1,0,1,27.3161295674845,24.275076080479387,46.2646484375
2001,20.01,1024,1137,2105,2003,1,0,1,27.3161295674845,30.33050714670886,51.3916015625
2002,20.02,1024,910,1894,1996,1,0,1,27.3161295674845,24.275076080479387,46.240234375
2003,20.03,1024,910,2104,2002,1,0,1,27.3161295674845,24.275076080479387,51.3671875
2004,20.04,1024,1137,2110,2008,1,0,1,27.3161295674845,30.33050714670886,51.513671875
2005,20.05,1024,910,1899,2001,1,0,1,27.3161295674845,24.275076080479387,46.3623046875
2006,20.06,1024,1137,2109,2007,1,0,1,27.3161295674845,30.33050714670886,51.4892578125
2007,20.07,1024,910,1898,2000,1,0,1,27.3161295674845,24.275076080479387,46.337890625
2008,20.08,1024,1137,2108,2006,1,0,1,27.3161295674845,30.33050714670886,51.46484375
2009,20.09,1024,910,1897,1999,1,0,1,27.3161295674845,24.275076080479387,46.3134765625
2010,20.1,1024,1137,2107,2005,1,0,1,27.3161295674845,30.33050714670886,51.4404296875
2011,20.11,1024,910,1896,1998,1,0,1,27.3161295674845,24.275076080479387,46.2890625
2012,20.12,1024,1137,2106,2004,1,0,1,27.3161295674845,30.33050714670886,51.416015625
2013,20.13,1024,910,1895,1997,1,0,1,27.3161295674845,24.275076080479387,46.2646484375
2014,20.14,1024,1137,2105,2003,1,0,1,27.3161295674845,30.33050714670886,51.3916015625
2015,20.15,1024,910,1894,1996,1,0,1,27.3161295674845,24.275076080479387,46.240234375
2016,20.16,1024,1137,2104,2002,1,0,1,27.3161295674845,30.33050714670886,51.3671875
2017,20.17,1024,910,1893,1995,1,0,1,27.3161295674845,24.275076080479387,46.2158203125
2018,20.18,1024,1137,2103,2001,1,0,1,27.3161295674845,30.33050714670886,51.3427734375
2019,20.19,1024,910,1892,1994,1,0,1,27.3161295674845,24.275076080479387,46.19140625
2020,20.2,1024,1137,2102,2000,1,0,1,27.3161295674845,30.33050714670886,51.318359375
2021,20.21,1024,910,1891,1993,1,0,1,27.3161295674845,24.275076080479387,46.1669921875
2022,20.22,1024,910,2101,1999,1,0,1,27.3161295674845,24.275076080479387,51.2939453125
2023,20.23,1024,1137,2107,2005,1,0,1,27.3161295674845,30.33050714670886,51.4404296875
2024,20.24,1024,910,1896,1998,1,0,1,27.3161295674845,24.275076080479387,46.2890625
2025,20.25,1024,1137,2106,2004,1,0,1,27.3161295674845,30.33050714670886,51.416015625
2026,20.26,1024,910,1895,1997,1,0,1,27.3161295674845,24.275076080479387,46.2646484375
2027,20.27,1024,1137,2105,2003,1,0,1,27.3161295674845,30.33050714670886,51.3916015625
2028,20.28,1024,910,1894,1996,1,0,1,27.3161295674845,24.275076080479387,46.240234375
2029,20.29,1024,1137,2104,2002,1,0,1,27.3161295674845,30.33050714670886,51.3671875
2030,20.3,1024,910,1893,1995,1,0,1,27.3161295674845,24.275076080479387,46.2158203125
2031,20.31,1024,1137,2103,2001,1,0,1,27.3161295674845,30.33050714670886,51.3427734375
2032,20.32,1024,910,1892,1994,1,0,1,27.3161295674845,24.275076080479387,46.19140625
2033,20.33,1024,910,2102,2000,1,0,1,27.3161295674845,24.275076080479387,51.318359375
2034,20.34,1024,1137,2108,2006,1,0,1,27.3161295674845,30.33050714670886,51.46484375
2035,20.35,1024,910,1897,1999,1,0,1,27.3161295674845,24.275076080479387,46.3134765625
2036,20.36,1024,1137,2107,2005,1,0,1,27.3161295674845,30.33050714670886,51.4404296875
2037,20.37,1024,910,1896,1998,1,0,1,27.3161295674845,24.275076080479387,46.2890625
2038,20.38,1024,1137,2106,2004,1,0,1,27.3161295674845,30.33050714670886,51.416015625
2039,20.39,1024,910,1895,1997,1,0,1,27.3161295674845,24.275076080479387,46.2646484375
2040,20.4,1024,1137,2105,2003,1,0,1,27.3161295674845,30.33050714670886,51.3916015625
2041,20.41,1024,910,1894,1996,1,0,1,27.3161295674845,24.275076080479387,46.240234375
2042,20.42,1024,1137,2104,2002,1,0,1,27.3161295674845,30.33050714670886,51.3671875
2043,20.43,1024,910,1893,1995,1,0,1,27.3161295674845,24.275076080479387,46.2158203125
2044,20.44,1024,910,2103,2001,1,0,1,27.3161295674845,24.275076080479387,51.3427734375
2045,20.45,1024,1137,2109,2007,1,0,1,27.3161295674845,30.33050714670886,51.4892578125
2046,20.46,1024,910,1898,2000,1,0,1,27.3161295674845,24.275076080479387,46.337890625
2047,20.47,1024,1137,2108,2006,1,0,1,27.3161295674845,30.33050714670886,51.46484375
2048,20.48,1024,910,1897,1999,1,0,1,27.3161295674845,24.275076080479387,46.3134765625
2049,20.49,1024,1137,2107,2005,1,0,1,27.3161295674845,30.33050714670886,51.4404296875
2050,20.5,1024,910,1896,1998,1,0,1,27.3161295674845,24.275076080479387,46.2890625
2051,20.51,1024,1137,2106,2004,1,0,1,27.3161295674845,30.33050714670886,51.416015625
2052,20.52,1024,910,1895,1997,1,0,1,27.3161295674845,24.275076080479387,46.2646484375
2053,20.53,1024,1137,2105,2003,1,0,1,27.3161295674845,30.33050714670886,51.3916015625
2054,20.54,1024,910,1894,1996,1,0,1,27.3161295674845,24.275076080479387,46.240234375
2055,20.55,1024,910,2104,2002,1,0,1,27.3161295674845,24.275076080479387,51.3671875
2056,20.56,1024,1137,2110,2008,1,0,1,27.3161295674845,30.33050714670886,51.513671875
2057,20.57,1024,910,1899,2001,1,0,1,27.3161295674845,24.275076080479387,46.3623046875
2058,20.58,1024,1137,2109,2007,1,0,1,27.3161295674845,30.33050714670886,51.4892578125
2059,20.59,1024,910,1898,2000,1,0,1,27.3161295674845,24.275076080479387,46.337890625
2060,20.6,1024,1137,2108,2006,1,0,1,27.3161295674845,30.33050714670886,51.46484375
2061,20.61,1024,910,1897,1999,1,0,1,27.3161295674845,24.275076080479387,46.3134765625
2062,20.62,1024,1137,2107,2005,1,0,1,27.3161295674845,30.33050714670886,51.4404296875
2063,20.63,1024,910,1896,1998,1,0,1,27.3161295674845,24.275076080479387,46.2890625
2064,20.64,1024,910,2106,2004,1,0,1,27.3161295674845,24.275076080479387,51.416015625
2065,20.65,1024,1137,2112,2010,1,0,1,27.3161295674845,30.33050714670886,51.5625
2066,20.66,1024,910,1901,2003,1,0,1,27.3161295674845,24.275076080479387,46.4111328125
2067,20.67,1024,1137,2111,2009,1,0,1,27.3161295674845,30.33050714670886,51.5380859375
2068,20.68,1024,910,1900,2002,1,0,1,27.3161295674845,24.275076080479387,46.38671875
2069,20.69,1024,1137,2110,2008,1,0,1,27.3161295674845,30.33050714670886,51.513671875
2070,20.7,1024,910,1899,2001,1,0,1,27.3161295674845,24.275076080479387,46.3623046875
2071,20.71,1024,1137,2109,2007,1,0,1,27.3161295674845,30.33050714670886,51.4892578125
2072,20.72,1024,910,1898,2000,1,0,1,27.3161295674845,24.275076080479387,46.337890625
2073,20.73,1024,1137,2108,2006,1,0,1,27.3161295674845,30.33050714670886,51.46484375
2074,20.74,1024,910,1897,1999,1,0,1,27.3161295674845,24.275076080479387,46.3134765625
2075,20.75,1024,910,2107,2005,1,0,1,27.3161295674845,24.275076080479387,51.4404296875
2076,20.76,1024,1137,2113,2011,1,0,1,27.3161295674845,30.33050714670886,51.5869140625
2077,20.77,1024,910,1902,2004,1,0,1,27.3161295674845,24.275076080479387,46.435546875
2078,20.78,1024,1137,2112,2010,1,0,1,27.3161295674845,30.33050714670886,51.5625
2079,20.79,1024,910,1901,2003,1,0,1,27.3161295674845,24.275076080479387,46.4111328125
2080,20.8,1024,1137,2111,2009,1,0,1,27.3161295674845,30.33050714670886,51.5380859375
2081,20.81,1024,910,1900,2002,1,0,1,27.3161295674845,24.275076080479387,46.38671875
2082,20.82,1024,1137,2110,2008,1,0,1,27.3161295674845,30.33050714670886,51.513671875
2083,20.83,1024,910,1899,2001,1,0,1,27.3161295674845,24.275076080479387,46.3623046875
2084,20.84,1024,910,2109,2007,1,0,1,27.3161295674845,24.275076080479387,51.4892578125
2085,20.85,1024,1137,2115,2013,1,0,1,27.3161295674845,30.33050714670886,51.6357421875
2086,20.86,1024,910,1904,2006,1,0,1,27.3161295674845,24.275076080479387,46.484375
2087,20.87,1024,1137,2114,2012,1,0,1,27.3161295674845,30.33050714670886,51.611328125
2088,20.88,1024,910,1903,2005,1,0,1,27.3161295674845,24.275076080479387,46.4599609375
2089,20.89,1024,1137,2113,2011,1,0,1,27.3161295674845,30.33050714670886,51.5869140625
2090,20.9,1024,910,1902,2004,1,0,1,27.3161295674845,24.275076080479387,46.435546875
2091,20.91,1024,1137,2112,2010,1,0,1,27.3161295674845,30.33050714670886,51.5625
2092,20.92,1024,910,1901,2003,1,0,1,27.3161295674845,24.275076080479387,46.4111328125
2093,20.93,1024,1137,2111,2009,1,0,1,27.3161295674845,30.33050714670886,51.5380859375
2094,20.94,1024,910,1900,2002,1,0,1,27.3161295674845,24.275076080479387,46.38671875
2095,20.95,1024,1137,2110,2008,1,0,1,27.3161295674845,30.33050714670886,51.513671875
2096,20.96,1024,910,1899,2001,1,0,1,27.3161295674845,24.275076080479387,46.3623046875
2097,20.97,1024,910,2109,2007,1,0,1,27.3161295674845,24.275076080479387,51.4892578125
2098,20.98,1024,1137,2115,2013,1,0,1,27.3161295674845,30.33050714670886,51.6357421875
2099,20.99,1024,910,1904,2006,1,0,1,27.3161295674845,24.275076080479387,46.484375
2100,21.0,1024,1137,2114,2012,1,0,1,27.3161295674845,30.33050714670886,51.611328125
2101,21.01,1024,910,1903,2005,1,0,1,27.3161295674845,24.275076080479387,46.4599609375
2102,21.02,1024,1137,2113,2011,1,0,1,27.3161295674845,30.33050714670886,51.5869140625
2103,21.03,1024,910,1902,2004,1,0,1,27.3161295674845,24.275076080479387,46.435546875
2104,21.04,1024,1137,2112,2010,1,0,1,27.3161295674845,30.33050714670886,51.5625
2105,21.05,1024,910,1901,2003,1,0,1,27.3161295674845,24.275076080479387,46.4111328125
2106,21.06,1024,1137,2111,2009,1,0,1,27.3161295674845,30.33050714670886,51.5380859375
2107,21.07,1024,910,1900,2002,1,0,1,27.3161295674845,24.275076080479387,46.38671875
2108,21.08,1024,1137,2110,2008,1,0,1,27.3161295674845,30.33050714670886,51.513671875
2109,21.09,1024,910,1899,2001,1,0,1,27.3161295674845,24.275076080479387,46.3623046875
2110,21.1,1024,1137,2109,2007,1,0,1,27.3161295674845,30.33050714670886,51.4892578125
2111,21.11,1024,910,1898,2000,1,0,1,27.3161295674845,24.275076080479387,46.337890625
2112,21.12,1024,1137,2108,2006,1,0,1,27.3161295674845,30.33050714670886,51.46484375
2113,21.13,1024,910,1897,1999,1,0,1,27.3161295674845,24.275076080479387,46.3134765625
2114,21.14,1024,910,2107,2005,1,0,1,27.3161295674845,24.275076080479387,51.4404296875
2115,21.15,1024,1137,2113,2011,1,0,1,27.3161295674845,30.33050714670886,51.5869140625
2116,21.16,1024,910,1902,2004,1,0,1,27.3161295674845,24.275076080479387,46.435546875
2117,21.17,1024,1137,2112,2010,1,0,1,27.3161295674845,30.33050714670886,51.5625
2118,21.18,1024,910,1901,2003,1,0,1,27.3161295674845,24.275076080479387,46.4111328125
2119,21.19,1024,1137,2111,2009,1,0,1,27.3161295674845,30.33050714670886,51.5380859375
2120,21.2,1024,910,1900,2002,1,0,1,27.3161295674845,24.275076080479387,46.38671875
2121,21.21,1024,1137,2110,2008,1,0,1,27.3161295674845,30.33050714670886,51.513671875
2122,21.22,1024,910,1899,2001,1,0,1,27.3161295674845,24.275076080479387,46.3623046875
2123,21.23,1024,1137,2109,2007,1,0,1,27.3161295674845,30.33050714670886,51.4892578125
2124,21.24,1024,910,1898,2000,1,0,1,27.3161295674845,24.275076080479387,46.337890625
2125,21.25,1024,1137,2108,2006,1,0,1,27.3161295674845,30.33050714670886,51.46484375
2126,21.26,1024,910,1897,1999,1,0,1,27.3161295674845,24.275076080479387,46.3134765625
2127,21.27,1024,1137,2107,2005,1,0,1,27.3161295674845,30.33050714670886,51.4404296875
2128,21.28,1024,910,1896,1998,1,0,1,27.3161295674845,24.275076080479387,46.2890625
2129,21.29,1024,1137,2106,2004,1,0,1,27.3161295674845,30.33050714670886,51.416015625
2130,21.3,1024,910,1895,1997,1,0,1,27.3161295674845,24.275076080479387,46.2646484375
2131,21.31,1024,1137,2105,2003,1,0,1,27.3161295674845,30.33050714670886,51.3916015625
2132,21.32,1024,910,1894,1996,1,0,1,27.3161295674845,24.275076080479387,46.240234375
2133,21.33,1024,1137,2104,2002,1,0,1,27.3161295674845,30.33050714670886,51.3671875
2134,21.34,1024,910,1893,1995,1,0,1,27.3161295674845,24.275076080479387,46.2158203125
2135,21.35,1024,1137,2103,2001,1,0,1,27.3161295674845,30.33050714670886,51.3427734375
2136,21.36,1024,910,1892,1994,1,0,1,27.3161295674845,24.275076080479387,46.19140625
2137,21.37,1024,910,2102,2000,1,0,1,27.3161295674845,24.275076080479387,51.318359375
2138,21.38,1024,1137,2108,2006,1,0,1,27.3161295674845,30.33050714670886,51.46484375
2139,21.39,1024,910,1897,1999,1,0,1,27.3161295674845,24.275076080479387,46.3134765625
2140,21.4,1024,1137,2107,2005,1,0,1,27.3161295674845,30.33050714670886,51.4404296875
2141,21.41,1024,910,1896,1998,1,0,1,27.3161295674845,24.275076080479387,46.2890625
2142,21.42,1024,1137,2106,2004,1,0,1,27.3161295674845,30.33050714670886,51.416015625
2143,21.43,1024,910,1895,1997,1,0,1,27.3161295674845,24.275076080479387,46.2646484375
2144,21.44,1024,1137,2105,2003,1,0,1,27.3161295674845,30.33050714670886,51.3916015625
2145,21.45,1024,910,1894,1996,1,0,1,27.3161295674845,24.275076080479387,46.240234375
2146,21.46,1024,1137,2104,2002,1,0,1,27.3161295674845,30.33050714670886,51.3671875
2147,21.47,1024,910,1893,1995,1,0,1,27.3161295674845,24.275076080479387,46.2158203125
2148,21.48,1024,1137,2103,2001,1,0,1,27.3161295674845,30.33050714670886,51.3427734375
2149,21.49,1024,910,1892,1994,1,0,1,27.3161295674845,24.275076080479387,46.19140625
2150,21.5,1024,910,2102,2000,1,0,1,27.3161295674845,24.275076080479387,51.318359375
2151,21.51,1024,1137,2108,2006,1,0,1,27.3161295674845,30.33050714670886,51.46484375
2152,21.52,1024,910,1897,1999,1,0,1,27.3161295674845,24.275076080479387,46.3134765625
2153,21.53,1024,1137,2107,2005,1,0,1,27.3161295674845,30.33050714670886,51.4404296875
2154,21.54,1024,910,1896,1998,1,0,1,27.3161295674845,24.275076080479387,46.2890625
2155,21.55,1024,1137,2106,2004,1,0,1,27.3161295674845,30.33050714670886,51.416015625
2156,21.56,1024,910,1895,1997,1,0,1,27.3161295674845,24.275076080479387,46.2646484375
2157,21.57,1024,910,2105,2003,1,0,1,27.3161295674845,24.275076080479387,51.3916015625
2158,21.58,1024,1137,2111,2009,1,0,1,27.3161295674845,30.33050714670886,51.5380859375
2159,21.59,1024,910,1900,2002,1,0,1,27.3161295674845,24.275076080479387,46.38671875
2160,21.6,1024,1137,2110,2008,1,0,1,27.3161295674845,30.33050714670886,51.513671875
2161,21.61,1024,910,1899,2001,1,0,1,27.3161295674845,24.275076080479387,46.3623046875
2162,21.62,1024,910,2109,2007,1,0,1,27.3161295674845,24.275076080479387,51.4892578125
2163,21.63,1024,1137,2115,2013,1,0,1,27.3161295674845,30.33050714670886,51.6357421875
2164,21.64,1024,910,1904,2006,1,0,1,27.3161295674845,24.275076080479387,46.484375
2165,21.65,1024,1137,2114,2012,1,0,1,27.3161295674845,30.33050714670886,51.611328125
2166,21.66,1024,910,1903,2005,1,0,1,27.3161295674845,24.275076080479387,46.4599609375
2167,21.67,1024,910,2113,2011,1,0,1,27.3161295674845,24.275076080479387,51.5869140625
2168,21.68,1024,1137,2119,2017,1,0,1,27.3161295674845,30.33050714670886,51.7333984375
2169,21.69,1024,910,1908,2010,1,0,1,27.3161295674845,24.275076080479387,46.58203125
2170,21.7,1024,1137,2118,2016,1,0,1,27.3161295674845,30.33050714670886,51.708984375
2171,21.71,1024,910,1907,2009,1,0,1,27.3161295674845,24.275076080479387,46.5576171875
2172,21.72,1024,1137,2117,2015,1,0,1,27.3161295674845,30.33050714670886,51.6845703125
2173,21.73,1024,910,1906,2008,1,0,1,27.3161295674845,24.275076080479387,46.533203125
2174,21.74,1024,910,2116,2014,1,0,1,27.3161295674845,24.275076080479387,51.66015625
2175,21.75,1024,1137,2122,2020,1,0,1,27.3161295674845,30.33050714670886,51.806640625
2176,21.76,1024,910,1911,2013,1,0,1,27.3161295674845,24.275076080479387,46.6552734375
2177,21.77,1024,1137,2121,2019,1,0,1,27.3161295674845,30.33050714670886,51.7822265625
2178,21.78,1024,910,1910,2012,1,0,1,27.3161295674845,24.275076080479387,46.630859375
2179,21.79,1024,910,2120,2018,1,0,1,27.3161295674845,24.275076080479387,51.7578125
2180,21.8,1024,1137,2126,2024,1,0,1,27.3161295674845,30.33050714670886,51.904296875
2181,21.81,1024,910,1915,2017,1,0,1,27.3161295674845,24.275076080479387,46.7529296875
2182,21.82,1024,1137,2125,2023,1,0,1,27.3161295674845,30.33050714670886,51.8798828125
2183,21.83,1024,910,1914,2016,1,0,1,27.3161295674845,24.275076080479387,46.728515625
2184,21.84,1024,1137,2124,2022,1,0,1,27.3161295674845,30.33050714670886,51.85546875
2185,21.85,1024,910,1913,2015,1,0,1,27.3161295674845,24.275076080479387,46.7041015625
2186,21.86,1024,1137,2123,2021,1,0,1,27.3161295674845,30.33050714670886,51.8310546875
2187,21.87,1024,910,1912,2014,1,0,1,27.3161295674845,24.275076080479387,46.6796875
2188,21.88,1024,910,2122,2020,1,0,1,27.3161295674845,24.275076080479387,51.806640625
2189,21.89,1024,1137,2128,2026,1,0,1,27.3161295674845,30.33050714670886,51.953125
2190,21.9,1024,910,1917,2019,1,0,1,27.3161295674845,24.275076080479387,46.8017578125
2191,21.91,1024,1137,2127,2025,1,0,1,27.3161295674845,30.33050714670886,51.9287109375
2192,21.92,1024,910,1916,2018,1,0,1,27.3161295674845,24.275076080479387,46.77734375
2193,21.93,1024,1137,2126,2024,1,0,1,27.3161295674845,30.33050714670886,51.904296875
2194,21.94,1024,910,1915,2017,1,0,1,27.3161295674845,24.275076080479387,46.7529296875
2195,21.95,1024,910,2125,2023,1,0,1,27.3161295674845,24.275076080479387,51.8798828125
2196,21.96,1024,1137,2131,2029,1,0,1,27.3161295674845,30.33050714670886,52.0263671875
2197,21.97,1024,910,1920,2022,1,0,1,27.3161295674845,24.275076080479387,46.875
2198,21.98,1024,1137,2130,2028,1,0,1,27.3161295674845,30.33050714670886,52.001953125
2199,21.99,1024,910,1919,2021,1,0,1,27.3161295674845,24.275076080479387,46.8505859375
2200,22.0,1024,1137,2129,2027,1,0,1,27.3161295674845,30.33050714670886,51.9775390625
2201,22.01,1024,910,1918,2020,1,0,1,27.3161295674845,24.275076080479387,46.826171875
2202,22.02,1024,1137,2128,2026,1,0,1,27.3161295674845,30.33050714670886,51.953125
2203,22.03,1024,910,1917,2019,1,0,1,27.3161295674845,24.275076080479387,46.8017578125
2204,22.04,1024,910,2127,2025,1,0,1,27.3161295674845,24.275076080479387,51.9287109375
2205,22.05,1024,1137,2133,2031,1,0,1,27.3161295674845,30.33050714670886,52.0751953125
2206,22.06,1024,910,1922,2024,1,0,1,27.3161295674845,24.275076080479387,46.923828125
2207,22.07,1024,1137,2132,2030,1,0,1,27.3161295674845,30.33050714670886,52.05078125
2208,22.08,1024,910,1921,2023,1,0,1,27.3161295674845,24.275076080479387,46.8994140625
2209,22.09,1024,1137,2131,2029,1,0,1,27.3161295674845,30.33050714670886,52.0263671875
2210,22.1,1024,910,1920,2022,1,0,1,27.3161295674845,24.275076080479387,46.875
2211,22.11,1024,1137,2130,2028,1,0,1,27.3161295674845,30.33050714670886,52.001953125
2212,22.12,1024,910,1919,2021,1,0,1,27.3161295674845,24.275076080479387,46.8505859375
2213,22.13,1024,1137,2129,2027,1,0,1,27.3161295674845,30.33050714670886,51.9775390625
2214,22.14,1024,910,1918,2020,1,0,1,27.3161295674845,24.275076080479387,46.826171875
2215,22.15,1024,1137,2128,2026,1,0,1,27.3161295674845,30.33050714670886,51.953125
2216,22.16,1024,910,1917,2019,1,0,1,27.3161295674845,24.275076080479387,46.8017578125
2217,22.17,1024,1137,2127,2025,1,0,1,27.3161295674845,30.33050714670886,51.9287109375
2218,22.18,1024,910,1916,2018,1,0,1,27.3161295674845,24.275076080479387,46.77734375
2219,22.19,1024,1137,2126,2024,1,0,1,27.3161295674845,30.33050714670886,51.904296875
2220,22.2,1024,910,1915,2017,1,0,1,27.3161295674845,24.275076080479387,46.7529296875
2221,22.21,1024,910,2125,2023,1,0,1,27.3161295674845,24.275076080479387,51.8798828125
2222,22.22,1024,1137,2131,2029,1,0,1,27.3161295674845,30.33050714670886,52.0263671875
2223,22.23,1024,910,1920,2022,1,0,1,27.3161295674845,24.275076080479387,46.875
2224,22.24,1024,1137,2130,2028,1,0,1,27.3161295674845,30.33050714670886,52.001953125
2225,22.25,1024,910,1919,2021,1,0,1,27.3161295674845,24.275076080479387,46.8505859375
2226,22.26,1024,1137,2129,2027,1,0,1,27.3161295674845,30.33050714670886,51.9775390625
2227,22.27,1024,910,1918,2020,1,0,1,27.3161295674845,24.275076080479387,46.826171875
2228,22.28,1024,1137,2128,2026,1,0,1,27.3161295674845,30.33050714670886,51.953125
2229,22.29,1024,910,1917,2019,1,0,1,27.3161295674845,24.275076080479387,46.8017578125
2230,22.3,1024,1137,2127,2025,1,0,1,27.3161295674845,30.33050714670886,51.9287109375
2231,22.31,1024,910,1916,2018,1,0,1,27.3161295674845,24.275076080479387,46.77734375
2232,22.32,1024,1137,2126,2024,1,0,1,27.3161295674845,30.33050714670886,51.904296875
2233,22.33,1024,910,1915,2017,1,0,1,27.3161295674845,24.275076080479387,46.7529296875
2234,22.34,1024,1137,2125,2023,1,0,1,27.3161295674845,30.33050714670886,51.8798828125
2235,22.35,1024,910,1914,2016,1,0,1,27.3161295674845,24.275076080479387,46.728515625
2236,22.36,1024,1137,2124,2022,1,0,1,27.3161295674845,30.33050714670886,51.85546875
2237,22.37,1024,910,1913,2015,1,0,1,27.3161295674845,24.275076080479387,46.7041015625
2238,22.38,1024,1137,2123,2021,1,0,1,27.3161295674845,30.33050714670886,51.8310546875
2239,22.39,1024,910,1912,2014,1,0,1,27.3161295674845,24.275076080479387,46.6796875
2240,22.4,1024,1137,2122,2020,1,0,1,27.3161295674845,30.33050714670886,51.806640625
2241,22.41,1024,910,1911,2013,1,0,1,27.3161295674845,24.275076080479387,46.6552734375
2242,22.42,1024,1137,2121,2019,1,0,1,27.3161295674845,30.33050714670886,51.7822265625
2243,22.43,1024,910,1910,2012,1,0,1,27.3161295674845,24.275076080479387,46.630859375
2244,22.44,1024,1137,2120,2018,1,0,1,27.3161295674845,30.33050714670886,51.7578125
2245,22.45,1024,910,1909,2011,1,0,1,27.3161295674845,24.275076080479387,46.6064453125
2246,22.46,1024,1137,2119,2017,1,0,1,27.3161295674845,30.33050714670886,51.7333984375
2247,22.47,1024,910,1908,2010,1,0,1,27.3161295674845,24.275076080479387,46.58203125
2248,22.48,1024,1137,2118,2016,1,0,1,27.3161295674845,30.33050714670886,51.708984375
2249,22.49,1024,910,1907,2009,1,0,1,27.3161295674845,24.275076080479387,46.5576171875
2250,22.5,1024,1137,2117,2015,1,0,1,27.3161295674845,30.33050714670886,51.6845703125
2251,22.51,1024,910,1906,2008,1,0,1,27.3161295674845,24.275076080479387,46.533203125
2252,22.52,1024,910,2116,2014,1,0,1,27.3161295674845,24.275076080479387,51.66015625
2253,22.53,1024,1137,2122,2020,1,0,1,27.3161295674845,30.33050714670886,51.806640625
2254,22.54,1024,910,1911,2013,1,0,1,27.3161295674845,24.275076080479387,46.6552734375
2255,22.55,1024,1137,2121,2019,1,0,1,27.3161295674845,30.33050714670886,51.7822265625
2256,22.56,1024,910,1910,2012,1,0,1,27.3161295674845,24.275076080479387,46.630859375
2257,22.57,1024,1137,2120,2018,1,0,1,27.3161295674845,30.33050714670886,51.7578125
2258,22.58,1024,910,1909,2011,1,0,1,27.3161295674845,24.275076080479387,46.6064453125
2259,22.59,1024,1137,2119,2017,1,0,1,27.3161295674845,30.33050714670886,51.7333984375
2260,22.6,1024,910,1908,2010,1,0,1,27.3161295674845,24.275076080479387,46.58203125
2261,22.61,1024,1137,2118,2016,1,0,1,27.3161295674845,30.33050714670886,51.708984375
2262,22.62,1024,910,1907,2009,1,0,1,27.3161295674845,24.275076080479387,46.5576171875
2263,22.63,1024,1137,2117,2015,1,0,1,27.3161295674845,30.33050714670886,51.6845703125
2264,22.64,1024,910,1906,2008,1,0,1,27.3161295674845,24.275076080479387,46.533203125
2265,22.65,1024,1137,2116,2014,1,0,1,27.3161295674845,30.33050714670886,51.66015625
2266,22.66,1024,910,1905,2007,1,0,1,27.3161295674845,24.275076080479387,46.5087890625
2267,22.67,1024,1137,2115,2013,1,0,1,27.3161295674845,30.33050714670886,51.6357421875
2268,22.68,1024,910,1904,2006,1,0,1,27.3161295674845,24.275076080479387,46.484375
2269,22.69,1024,1137,2114,2012,1,0,1,27.3161295674845,30.33050714670886,51.611328125
2270,22.7,1024,910,1903,2005,1,0,1,27.3161295674845,24.275076080479387,46.4599609375
2271,22.71,1024,1137,2113,2011,1,0,1,27.3161295674845,30.33050714670886,51.5869140625
2272,22.72,1024,910,1902,2004,1,0,1,27.3161295674845,24.275076080479387,46.435546875
2273,22.73,1024,910,2112,2010,1,0,1,27.3161295674845,24.275076080479387,51.5625
2274,22.74,1024,1137,2118,2016,1,0,1,27.3161295674845,30.33050714670886,51.708984375
2275,22.75,1024,910,1907,2009,1,0,1,27.3161295674845,24.275076080479387,46.5576171875
2276,22.76,1024,1137,2117,2015,1,0,1,27.3161295674845,30.33050714670886,51.6845703125
2277,22.77,1024,910,1906,2008,1,0,1,27.3161295674845,24.275076080479387,46.533203125
2278,22.78,1024,1137,2116,2014,1,0,1,27.3161295674845,30.33050714670886,51.66015625
2279,22.79,1024,910,1905,2007,1,0,1,27.3161295674845,24.275076080479387,46.5087890625
2280,22.8,1024,1137,2115,2013,1,0,1,27.3161295674845,30.33050714670886,51.6357421875
2281,22.81,1024,910,1904,2006,1,0,1,27.3161295674845,24.275076080479387,46.484375
2282,22.82,1024,1137,2114,2012,1,0,1,27.3161295674845,30.33050714670886,51.611328125
2283,22.83,1024,910,1903,2005,1,0,1,27.3161295674845,24.275076080479387,46.4599609375
2284,22.84,1024,1137,2113,2011,1,0,1,27.3161295674845,30.33050714670886,51.5869140625
2285,22.85,1024,910,1902,2004,1,0,1,27.3161295674845,24.275076080479387,46.435546875
2286,22.86,1024,1137,2112,2010,1,0,1,27.3161295674845,30.33050714670886,51.5625
2287,22.87,1024,910,1901,2003,1,0,1,27.3161295674845,24.275076080479387,46.4111328125
2288,22.88,1024,910,2111,2009,1,0,1,27.3161295674845,24.275076080479387,51.5380859375
2289,22.89,1024,1137,2117,2015,1,0,1,27.3161295674845,30.33050714670886,51.6845703125
2290,22.9,1024,910,1906,2008,1,0,1,27.3161295674845,24.275076080479387,46.533203125
2291,22.91,1024,1137,2116,2014,1,0,1,27.3161295674845,30.33050714670886,51.66015625
2292,22.92,1024,910,1905,2007,1,0,1,27.3161295674845,24.275076080479387,46.5087890625
2293,22.93,1024,1137,2115,2013,1,0,1,27.3161295674845,30.33050714670886,51.6357421875
2294,22.94,1024,910,1904,2006,1,0,1,27.3161295674845,24.275076080479387,46.484375
2295,22.95,1024,1137,2114,2012,1,0,1,27.3161295674845,30.33050714670886,51.611328125
2296,22.96,1024,910,1903,2005,1,0,1,27.3161295674845,24.275076080479387,46.4599609375
2297,22.97,1024,1137,2113,2011,1,0,1,27.3161295674845,30.33050714670886,51.5869140625
2298,22.98,1024,910,1902,2004,1,0,1,27.3161295674845,24.275076080479387,46.435546875
2299,22.99,1024,1137,2112,2010,1,0,1,27.3161295674845,30.33050714670886,51.5625
2300,23.0,1024,910,1901,2003,1,0,1,27.3161295674845,24.275076080479387,46.4111328125
2301,23.01,1024,1137,2111,2009,1,0,1,27.3161295674845,30.33050714670886,51.5380859375
2302,23.02,1024,910,1900,2002,1,0,1,27.3161295674845,24.275076080479387,46.38671875
2303,23.03,1024,910,2110,2008,1,0,1,27.3161295674845,24.275076080479387,51.513671875
2304,23.04,1024,1137,2116,2014,1,0,1,27.3161295674845,30.33050714670886,51.66015625
2305,23.05,1024,910,1905,2007,1,0,1,27.3161295674845,24.275076080479387,46.5087890625
2306,23.06,1024,1137,2115,2013,1,0,1,27.3161295674845,30.33050714670886,51.6357421875
2307,23.07,1024,910,1904,2006,1,0,1,27.3161295674845,24.275076080479387,46.484375
2308,23.08,1024,1137,2114,2012,1,0,1,27.3161295674845,30.33050714670886,51.611328125
2309,23.09,1024,910,1903,2005,1,0,1,27.3161295674845,24.275076080479387,46.4599609375
2310,23.1,1024,1137,2113,2011,1,0,1,27.3161295674845,30.33050714670886,51.5869140625
2311,23.11,1024,910,1902,2004,1,0,1,27.3161295674845,24.275076080479387,46.435546875
2312,23.12,1024,1137,2112,2010,1,0,1,27.3161295674845,30.33050714670886,51.5625
2313,23.13,1024,910,1901,2003,1,0,1,27.3161295674845,24.275076080479387,46.4111328125
2314,23.14,1024,1137,2111,2009,1,0,1,27.3161295674845,30.33050714670886,51.5380859375
2315,23.15,1024,910,1900,2002,1,0,1,27.3161295674845,24.275076080479387,46.38671875
2316,23.16,1024,910,2110,2008,1,0,1,27.3161295674845,24.275076080479387,51.513671875
2317,23.17,1024,1137,2116,2014,1,0,1,27.3161295674845,30.33050714670886,51.66015625
2318,23.18,1024,910,1905,2007,1,0,1,27.3161295674845,24.275076080479387,46.5087890625
2319,23.19,1024,1137,2115,2013,1,0,1,27.3161295674845,30.33050714670886,51.6357421875
2320,23.2,1024,910,1904,2006,1,0,1,27.3161295674845,24.275076080479387,46.484375
2321,23.21,1024,1137,2114,2012,1,0,1,27.3161295674845,30.33050714670886,51.611328125
2322,23.22,1024,910,1903,2005,1,0,1,27.3161295674845,24.275076080479387,46.4599609375
2323,23.23,1024,1137,2113,2011,1,0,1,27.3161295674845,30.33050714670886,51.5869140625
2324,23.24,1536,910,2393,2034,1,0,1,40.97419435122675,24.275076080479387,58.4228515625
2325,23.25,1536,1137,2634,2071,1,0,1,40.97419435122675,30.33050714670886,64.306640625
2326,23.26,1536,910,2453,2094,1,0,1,40.97419435122675,24.275076080479387,59.8876953125
2327,23.27,1536,1137,2694,2131,1,0,1,40.97419435122675,30.33050714670886,65.771484375
2328,23.28,1536,1137,2513,2154,1,0,1,40.97419435122675,30.33050714670886,61.3525390625
2329,23.29,1536,1137,2536,2177,1,0,1,40.97419435122675,30.33050714670886,61.9140625
2330,23.3,1536,1137,2559,2200,1,0,1,40.97419435122675,30.33050714670886,62.4755859375
2331,23.31,1536,1137,2582,2223,1,0,1,40.97419435122675,30.33050714670886,63.037109375
2332,23.32,1536,1137,2605,2246,1,0,1,40.97419435122675,30.33050714670886,63.5986328125
2333,23.33,1536,1137,2628,2269,1,0,1,40.97419435122675,30.33050714670886,64.16015625
2334,23.34,1536,1137,2651,2292,1,0,1,40.97419435122675,30.33050714670886,64.7216796875
2335,23.35,1536,1137,2674,2315,1,0,1,40.97419435122675,30.33050714670886,65.283203125
2336,23.36,1536,1365,2697,2338,1,0,1,40.97419435122675,36.412614120719084,65.8447265625
2337,23.37,1536,1137,2501,2348,1,0,1,40.97419435122675,30.33050714670886,61.0595703125
2338,23.38,1536,1365,2730,2371,1,0,1,40.97419435122675,36.412614120719084,66.650390625
2339,23.39,1536,1365,2534,2381,1,0,1,40.97419435122675,36.412614120719084,61.865234375
2340,23.4,1536,1137,2544,2391,1,0,1,40.97419435122675,30.33050714670886,62.109375
2341,23.41,1536,1365,2773,2414,1,0,1,40.97419435122675,36.412614120719084,67.7001953125
2342,23.42,1536,1365,2577,2424,1,0,1,40.97419435122675,36.412614120719084,62.9150390625
2343,23.43,1536,1365,2587,2434,1,0,1,40.97419435122675,36.412614120719084,63.1591796875
2344,23.44,1536,1365,2597,2444,1,0,1,40.97419435122675,36.412614120719084,63.4033203125
2345,23.45,1536,1365,2607,2454,1,0,1,40.97419435122675,36.412614120719084,63.6474609375
2346,23.46,1536,1365,2617,2464,1,0,1,40.97419435122675,36.412614120719084,63.8916015625
2347,23.47,1536,1365,2627,2474,1,0,1,40.97419435122675,36.412614120719084,64.1357421875
2348,23.48,1536,1365,2637,2484,1,0,1,40.97419435122675,36.412614120719084,64.3798828125
2349,23.49,1536,1365,2647,2494,1,0,1,40.97419435122675,36.412614120719084,64.6240234375
2350,23.5,1536,1365,2657,2504,1,0,1,40.97419435122675,36.412614120719084,64.8681640625
2351,23.51,1536,1592,2667,2514,1,0,1,40.97419435122675,42.46804518694856,65.1123046875
2352,23.52,1536,1365,2459,2510,1,0,1,40.97419435122675,36.412614120719084,60.0341796875
2353,23.53,1536,1365,2673,2520,1,0,1,40.97419435122675,36.412614120719084,65.2587890625
2354,23.54,1536,1592,2683,2530,1,0,1,40.97419435122675,42.46804518694856,65.5029296875
2355,23.55,1536,1365,2475,2526,1,0,1,40.97419435122675,36.412614120719084,60.4248046875
2356,23.56,1536,1365,2689,2536,1,0,1,40.97419435122675,36.412614120719084,65.6494140625
2357,23.57,1536,1592,2699,2546,1,0,1,40.97419435122675,42.46804518694856,65.8935546875
2358,23.58,1536,1365,2491,2542,1,0,1,40.97419435122675,36.412614120719084,60.8154296875
2359,23.59,1536,1592,2705,2552,1,0,1,40.97419435122675,42.46804518694856,66.0400390625
2360,23.6,1536,1592,2497,2548,1,0,1,40.97419435122675,42.46804518694856,60.9619140625
2361,23.61,1536,1365,2493,2544,1,0,1,40.97419435122675,36.412614120719084,60.8642578125
2362,23.62,1536,1592,2707,2554,1,0,1,40.97419435122675,42.46804518694856,66.0888671875
2363,23.63,1536,1592,2499,2550,1,0,1,40.97419435122675,42.46804518694856,61.0107421875
2364,23.64,1536,1365,2495,2546,1,0,1,40.97419435122675,36.412614120719084,60.9130859375
2365,23.65,1536,1592,2709,2556,1,0,1,40.97419435122675,42.46804518694856,66.1376953125
2366,23.66,1536,1592,2501,2552,1,0,1,40.97419435122675,42.46804518694856,61.0595703125
2367,23.67,1536,1365,2497,2548,1,0,1,40.97419435122675,36.412614120719084,60.9619140625
2368,23.68,1536,1592,2711,2558,1,0,1,40.97419435122675,42.46804518694856,66.1865234375
2369,23.69,1536,1592,2503,2554,1,0,1,40.97419435122675,42.46804518694856,61.1083984375
2370,23.7,1536,1592,2499,2550,1,0,1,40.97419435122675,42.46804518694856,61.0107421875
2371,23.71,1536,1592,2495,2546,1,0,1,40.97419435122675,42.46804518694856,60.9130859375
2372,23.72,1536,1365,2491,2542,1,0,1,40.97419435122675,36.412614120719084,60.8154296875
2373,23.73,1536,1592,2705,2552,1,0,1,40.97419435122675,42.46804518694856,66.0400390625
2374,23.74,1536,1592,2497,2548,1,0,1,40.97419435122675,42.46804518694856,60.9619140625
2375,23.75,1536,1592,2493,2544,1,0,1,40.97419435122675,42.46804518694856,60.8642578125
2376,23.76,1536,1592,2489,2540,1,0,1,40.97419435122675,42.46804518694856,60.7666015625
2377,23.77,1536,1592,2485,2536,1,0,1,40.97419435122675,42.46804518694856,60.6689453125
2378,23.78,1536,1365,2481,2532,1,0,1,40.97419435122675,36.412614120719084,60.5712890625
2379,23.79,1536,1592,2695,2542,1,0,1,40.97419435122675,42.46804518694856,65.7958984375
2380,23.8,1536,1592,2487,2538,1,0,1,40.97419435122675,42.46804518694856,60.7177734375
2381,23.81,1536,1592,2483,2534,1,0,1,40.97419435122675,42.46804518694856,60.6201171875
2382,23.82,1536,1592,2479,2530,1,0,1,40.97419435122675,42.46804518694856,60.5224609375
2383,23.83,1536,1592,2475,2526,1,0,1,40.97419435122675,42.46804518694856,60.4248046875
2384,23.84,1536,1592,2471,2522,1,0,1,40.97419435122675,42.46804518694856,60.3271484375
2385,23.85,1536,1592,2467,2518,1,0,1,40.97419435122675,42.46804518694856,60.2294921875
2386,23.86,1536,1365,2463,2514,1,0,1,40.97419435122675,36.412614120719084,60.1318359375
2387,23.87,1536,1592,2677,2524,1,0,1,40.97419435122675,42.46804518694856,65.3564453125
2388,23.88,1536,1592,2469,2520,1,0,1,40.97419435122675,42.46804518694856,60.2783203125
2389,23.89,1536,1592,2465,2516,1,0,1,40.97419435122675,42.46804518694856,60.1806640625
2390,23.9,1536,1592,2461,2512,1,0,1,40.97419435122675,42.46804518694856,60.0830078125
2391,23.91,1536,1592,2457,2508,1,0,1,40.97419435122675,42.46804518694856,59.9853515625
2392,23.92,1536,1592,2453,2504,1,0,1,40.97419435122675,42.46804518694856,59.8876953125
2393,23.93,1536,1592,2449,2500,1,0,1,40.97419435122675,42.46804518694856,59.7900390625
2394,23.94,1536,1592,2445,2496,1,0,1,40.97419435122675,42.46804518694856,59.6923828125
2395,23.95,1536,1592,2441,2492,1,0,1,40.97419435122675,42.46804518694856,59.5947265625
2396,23.96,1536,1365,2437,2488,1,0,1,40.97419435122675,36.412614120719084,59.4970703125
2397,23.97,1536,1592,2651,2498,1,0,1,40.97419435122675,42.46804518694856,64.7216796875
2398,23.98,1536,1592,2443,2494,1,0,1,40.97419435122675,42.46804518694856,59.6435546875
2399,23.99,1536,1592,2439,2490,1,0,1,40.97419435122675,42.46804518694856,59.5458984375
2400,24.0,1536,1592,2435,2486,1,0,1,40.97419435122675,42.46804518694856,59.4482421875
2401,24.01,1536,1592,2431,2482,1,0,1,40.97419435122675,42.46804518694856,59.3505859375
2402,24.02,1536,1592,2427,2478,1,0,1,40.97419435122675,42.46804518694856,59.2529296875
2403,24.03,1536,1592,2423,2474,1,0,1,40.97419435122675,42.46804518694856,59.1552734375
2404,24.04,1536,1365,2419,2470,1,0,1,40.97419435122675,36.412614120719084,59.0576171875
2405,24.05,1536,1592,2633,2480,1,0,1,40.97419435122675,42.46804518694856,64.2822265625
2406,24.06,1536,1592,2425,2476,1,0,1,40.97419435122675,42.46804518694856,59.2041015625
2407,24.07,1536,1592,2421,2472,1,0,1,40.97419435122675,42.46804518694856,59.1064453125
2408,24.08,1536,1592,2417,2468,1,0,1,40.97419435122675,42.46804518694856,59.0087890625
2409,24.09,1536,1592,2413,2464,1,0,1,40.97419435122675,42.46804518694856,58.9111328125
2410,24.1,1536,1592,2409,2460,1,0,1,40.97419435122675,42.46804518694856,58.8134765625
2411,24.11,1536,1365,2405,2456,1,0,1,40.97419435122675,36.412614120719084,58.7158203125
2412,24.12,1536,1592,2619,2466,1,0,1,40.97419435122675,42.46804518694856,63.9404296875
2413,24.13,1536,1592,2411,2462,1,0,1,40.97419435122675,42.46804518694856,58.8623046875
2414,24.14,1536,1592,2407,2458,1,0,1,40.97419435122675,42.46804518694856,58.7646484375
2415,24.15,1536,1592,2403,2454,1,0,1,40.97419435122675,42.46804518694856,58.6669921875
2416,24.16,1536,1592,2399,2450,1,0,1,40.97419435122675,42.46804518694856,58.5693359375
2417,24.17,1536,1365,2395,2446,1,0,1,40.97419435122675,36.412614120719084,58.4716796875
2418,24.18,1536,1592,2609,2456,1,0,1,40.97419435122675,42.46804518694856,63.6962890625
2419,24.19,1536,1592,2401,2452,1,0,1,40.97419435122675,42.46804518694856,58.6181640625
2420,24.2,1536,1592,2397,2448,1,0,1,40.97419435122675,42.46804518694856,58.5205078125
2421,24.21,1536,1592,2393,2444,1,0,1,40.97419435122675,42.46804518694856,58.4228515625
2422,24.22,1536,1365,2389,2440,1,0,1,40.97419435122675,36.412614120719084,58.3251953125
2423,24.23,1536,1592,2603,2450,1,0,1,40.97419435122675,42.46804518694856,63.5498046875
2424,24.24,1536,1592,2395,2446,1,0,1,40.97419435122675,42.46804518694856,58.4716796875
2425,24.25,1536,1592,2391,2442,1,0,1,40.97419435122675,42.46804518694856,58.3740234375
2426,24.26,1536,1592,2387,2438,1,0,1,40.97419435122675,42.46804518694856,58.2763671875
2427,24.27,1536,1365,2383,2434,1,0,1,40.97419435122675,36.412614120719084,58.1787109375
2428,24.28,1536,1592,2597,2444,1,0,1,40.97419435122675,42.46804518694856,63.4033203125
2429,24.29,1536,1592,2389,2440,1,0,1,40.97419435122675,42.46804518694856,58.3251953125
2430,24.3,1536,1592,2385,2436,1,0,1,40.97419435122675,42.46804518694856,58.2275390625
2431,24.31,1536,1365,2381,2432,1,0,1,40.97419435122675,36.412614120719084,58.1298828125
2432,24.32,1536,1592,2595,2442,1,0,1,40.97419435122675,42.46804518694856,63.3544921875
2433,24.33,1536,1592,2387,2438,1,0,1,40.97419435122675,42.46804518694856,58.2763671875
2434,24.34,1536,1592,2383,2434,1,0,1,40.97419435122675,42.46804518694856,58.1787109375
2435,24.35,1536,1365,2379,2430,1,0,1,40.97419435122675,36.412614120719084,58.0810546875
2436,24.36,1536,1592,2593,2440,1,0,1,40.97419435122675,42.46804518694856,63.3056640625
2437,24.37,1536,1592,2385,2436,1,0,1,40.97419435122675,42.46804518694856,58.2275390625
2438,24.38,1536,1592,2381,2432,1,0,1,40.97419435122675,42.46804518694856,58.1298828125
2439,24.39,1536,1365,2377,2428,1,0,1,40.97419435122675,36.412614120719084,58.0322265625
2440,24.4,1536,1592,2591,2438,1,0,1,40.97419435122675,42.46804518694856,63.2568359375
2441,24.41,1536,1592,2383,2434,1,0,1,40.97419435122675,42.46804518694856,58.1787109375
2442,24.42,1536,1592,2379,2430,1,0,1,40.97419435122675,42.46804518694856,58.0810546875
2443,24.43,1536,1365,2375,2426,1,0,1,40.97419435122675,36.412614120719084,57.9833984375
2444,24.44,1536,1592,2589,2436,1,0,1,40.97419435122675,42.46804518694856,63.2080078125
2445,24.45,1536,1592,2381,2432,1,0,1,40.97419435122675,42.46804518694856,58.1298828125
2446,24.46,1536,1592,2377,2428,1,0,1,40.97419435122675,42.46804518694856,58.0322265625
2447,24.47,1536,1365,2373,2424,1,0,1,40.97419435122675,36.412614120719084,57.9345703125
2448,24.48,1536,1592,2587,2434,1,0,1,40.97419435122675,42.46804518694856,63.1591796875
2449,24.49,1536,1592,2379,2430,1,0,1,40.97419435122675,42.46804518694856,58.0810546875
2450,24.5,1536,1365,2375,2426,1,0,1,40.97419435122675,36.412614120719084,57.9833984375
2451,24.51,1536,1592,2589,2436,1,0,1,40.97419435122675,42.46804518694856,63.2080078125
2452,24.52,1536,1592,2381,2432,1,0,1,40.97419435122675,42.46804518694856,58.1298828125
2453,24.53,1536,1592,2377,2428,1,0,1,40.97419435122675,42.46804518694856,58.0322265625
2454,24.54,1536,1365,2373,2424,1,0,1,40.97419435122675,36.412614120719084,57.9345703125
2455,24.55,1536,1592,2587,2434,1,0,1,40.97419435122675,42.46804518694856,63.1591796875
2456,24.56,1536,1592,2379,2430,1,0,1,40.97419435122675,42.46804518694856,58.0810546875
2457,24.57,1536,1365,2375,2426,1,0,1,40.97419435122675,36.412614120719084,57.9833984375
2458,24.58,1536,1592,2589,2436,1,0,1,40.97419435122675,42.46804518694856,63.2080078125
2459,24.59,1536,1592,2381,2432,1,0,1,40.97419435122675,42.46804518694856,58.1298828125
2460,24.6,1536,1592,2377,2428,1,0,1,40.97419435122675,42.46804518694856,58.0322265625
2461,24.61,1536,1365,2373,2424,1,0,1,40.97419435122675,36.412614120719084,57.9345703125
2462,24.62,1536,1592,2587,2434,1,0,1,40.97419435122675,42.46804518694856,63.1591796875
2463,24.63,1536,1592,2379,2430,1,0,1,40.97419435122675,42.46804518694856,58.0810546875
2464,24.64,1536,1365,2375,2426,1,0,1,40.97419435122675,36.412614120719084,57.9833984375
2465,24.65,1536,1592,2589,2436,1,0,1,40.97419435122675,42.46804518694856,63.2080078125
2466,24.66,1536,1592,2381,2432,1,0,1,40.97419435122675,42.46804518694856,58.1298828125
2467,24.67,1536,1592,2377,2428,1,0,1,40.97419435122675,42.46804518694856,58.0322265625
2468,24.68,1536,1365,2373,2424,1,0,1,40.97419435122675,36.412614120719084,57.9345703125
2469,24.69,1536,1592,2587,2434,1,0,1,40.97419435122675,42.46804518694856,63.1591796875
2470,24.7,1536,1592,2379,2430,1,0,1,40.97419435122675,42.46804518694856,58.0810546875
2471,24.71,1536,1365,2375,2426,1,0,1,40.97419435122675,36.412614120719084,57.9833984375
2472,24.72,1536,1592,2589,2436,1,0,1,40.97419435122675,42.46804518694856,63.2080078125
2473,24.73,1536,1592,2381,2432,1,0,1,40.97419435122675,42.46804518694856,58.1298828125
2474,24.74,1536,1592,2377,2428,1,0,1,40.97419435122675,42.46804518694856,58.0322265625
2475,24.75,1536,1365,2373,2424,1,0,1,40.97419435122675,36.412614120719084,57.9345703125
2476,24.76,1536,1592,2587,2434,1,0,1,40.97419435122675,42.46804518694856,63.1591796875
2477,24.77,1536,1592,2379,2430,1,0,1,40.97419435122675,42.46804518694856,58.0810546875
2478,24.78,1536,1592,2375,2426,1,0,1,40.97419435122675,42.46804518694856,57.9833984375
2479,24.79,1536,1365,2371,2422,1,0,1,40.97419435122675,36.412614120719084,57.8857421875
2480,24.8,1536,1592,2585,2432,1,0,1,40.97419435122675,42.46804518694856,63.1103515625
2481,24.81,1536,1592,2377,2428,1,0,1,40.97419435122675,42.46804518694856,58.0322265625
2482,24.82,1536,1592,2373,2424,1,0,1,40.97419435122675,42.46804518694856,57.9345703125
2483,24.83,1536,1592,2369,2420,1,0,1,40.97419435122675,42.46804518694856,57.8369140625
2484,24.84,1536,1592,2365,2416,1,0,1,40.97419435122675,42.46804518694856,57.7392578125
2485,24.85,1536,1592,2361,2412,1,0,1,40.97419435122675,42.46804518694856,57.6416015625
2486,24.86,1536,1365,2357,2408,1,0,1,40.97419435122675,36.412614120719084,57.5439453125
2487,24.87,1536,1592,2571,2418,1,0,1,40.97419435122675,42.46804518694856,62.7685546875
2488,24.88,1536,1592,2363,2414,1,0,1,40.97419435122675,42.46804518694856,57.6904296875
2489,24.89,1536,1365,2359,2410,1,0,1,40.97419435122675,36.412614120719084,57.5927734375
2490,24.9,1536,1592,2573,2420,1,0,1,40.97419435122675,42.46804518694856,62.8173828125
2491,24.91,1536,1592,2365,2416,1,0,1,40.97419435122675,42.46804518694856,57.7392578125
2492,24.92,1536,1365,2361,2412,1,0,1,40.97419435122675,36.412614120719084,57.6416015625
2493,24.93,1536,1592,2575,2422,1,0,1,40.97419435122675,42.46804518694856,62.8662109375
2494,24.94,1536,1592,2367,2418,1,0,1,40.97419435122675,42.46804518694856,57.7880859375
2495,24.95,1536,1365,2363,2414,1,0,1,40.97419435122675,36.412614120719084,57.6904296875
2496,24.96,1536,1592,2577,2424,1,0,1,40.97419435122675,42.46804518694856,62.9150390625
2497,24.97,1536,1592,2369,2420,1,0,1,40.97419435122675,42.46804518694856,57.8369140625
2498,24.98,1536,1365,2365,2416,1,0,1,40.97419435122675,36.412614120719084,57.7392578125
2499,24.99,1536,1592,2579,2426,1,0,1,40.97419435122675,42.46804518694856,62.9638671875
2500,25.0,1536,1592,2371,2422,1,0,1,40.97419435122675,42.46804518694856,57.8857421875
2501,25.01,1536,1365,2367,2418,1,0,1,40.97419435122675,36.412614120719084,57.7880859375
2502,25.02,1536,1592,2581,2428,1,0,1,40.97419435122675,42.46804518694856,63.0126953125
2503,25.03,1536,1592,2373,2424,1,0,1,40.97419435122675,42.46804518694856,57.9345703125
2504,25.04,1536,1365,2369,2420,1,0,1,40.97419435122675,36.412614120719084,57.8369140625
2505,25.05,1536,1592,2583,2430,1,0,1,40.97419435122675,42.46804518694856,63.0615234375
2506,25.06,1536,1592,2375,2426,1,0,1,40.97419435122675,42.46804518694856,57.9833984375
2507,25.07,1536,1365,2371,2422,1,0,1,40.97419435122675,36.412614120719084,57.8857421875
2508,25.08,1536,1592,2585,2432,1,0,1,40.97419435122675,42.46804518694856,63.1103515625
2509,25.09,1536,1592,2377,2428,1,0,1,40.97419435122675,42.46804518694856,58.0322265625
2510,25.1,1536,1592,2373,2424,1,0,1,40.97419435122675,42.46804518694856,57.9345703125
2511,25.11,1536,1365,2369,2420,1,0,1,40.97419435122675,36.412614120719084,57.8369140625
2512,25.12,1536,1592,2583,2430,1,0,1,40.97419435122675,42.46804518694856,63.0615234375
2513,25.13,1536,1592,2375,2426,1,0,1,40.97419435122675,42.46804518694856,57.9833984375
2514,25.14,1536,1365,2371,2422,1,0,1,40.97419435122675,36.412614120719084,57.8857421875
2515,25.15,1536,1592,2585,2432,1,0,1,40.97419435122675,42.46804518694856,63.1103515625
2516,25.16,1536,1592,2377,2428,1,0,1,40.97419435122675,42.46804518694856,58.0322265625
2517,25.17,1536,1365,2373,2424,1,0,1,40.97419435122675,36.412614120719084,57.9345703125
2518,25.18,1536,1592,2587,2434,1,0,1,40.97419435122675,42.46804518694856,63.1591796875
2519,25.19,1536,1592,2379,2430,1,0,1,40.97419435122675,42.46804518694856,58.0810546875
2520,25.2,1536,1592,2375,2426,1,0,1,40.97419435122675,42.46804518694856,57.9833984375
2521,25.21,1536,1365,2371,2422,1,0,1,40.97419435122675,36.412614120719084,57.8857421875
2522,25.22,1536,1592,2585,2432,1,0,1,40.97419435122675,42.46804518694856,63.1103515625
2523,25.23,1536,1592,2377,2428,1,0,1,40.97419435122675,42.46804518694856,58.0322265625
2524,25.24,1536,1365,2373,2424,1,0,1,40.97419435122675,36.412614120719084,57.9345703125
2525,25.25,1536,1592,2587,2434,1,0,1,40.97419435122675,42.46804518694856,63.1591796875
2526,25.26,1536,1592,2379,2430,1,0,1,40.97419435122675,42.46804518694856,58.0810546875
2527,25.27,1536,1592,2375,2426,1,0,1,40.97419435122675,42.46804518694856,57.9833984375
2528,25.28,1536,1365,2371,2422,1,0,1,40.97419435122675,36.412614120719084,57.8857421875
2529,25.29,1536,1592,2585,2432,1,0,1,40.97419435122675,42.46804518694856,63.1103515625
2530,25.3,1536,1592,2377,2428,1,0,1,40.97419435122675,42.46804518694856,58.0322265625
2531,25.31,1536,1365,2373,2424,1,0,1,40.97419435122675,36.412614120719084,57.9345703125
2532,25.32,1536,1592,2587,2434,1,0,1,40.97419435122675,42.46804518694856,63.1591796875
2533,25.33,1536,1592,2379,2430,1,0,1,40.97419435122675,42.46804518694856,58.0810546875
2534,25.34,1536,1592,2375,2426,1,0,1,40.97419435122675,42.46804518694856,57.9833984375
2535,25.35,1536,1365,2371,2422,1,0,1,40.97419435122675,36.412614120719084,57.8857421875
2536,25.36,1536,1592,2585,2432,1,0,1,40.97419435122675,42.46804518694856,63.1103515625
2537,25.37,1536,1592,2377,2428,1,0,1,40.97419435122675,42.46804518694856,58.0322265625
2538,25.38,1536,1365,2373,2424,1,0,1,40.97419435122675,36.412614120719084,57.9345703125
2539,25.39,1536,1592,2587,2434,1,0,1,40.97419435122675,42.46804518694856,63.1591796875
2540,25.4,1536,1592,2379,2430,1,0,1,40.97419435122675,42.46804518694856,58.0810546875
2541,25.41,1536,1592,2375,2426,1,0,1,40.97419435122675,42.46804518694856,57.9833984375
2542,25.42,1536,1365,2371,2422,1,0,1,40.97419435122675,36.412614120719084,57.8857421875
2543,25.43,1536,1592,2585,2432,1,0,1,40.97419435122675,42.46804518694856,63.1103515625
2544,25.44,1536,1592,2377,2428,1,0,1,40.97419435122675,42.46804518694856,58.0322265625
2545,25.45,1536,1365,2373,2424,1,0,1,40.97419435122675,36.412614120719084,57.9345703125
2546,25.46,1536,1592,2587,2434,1,0,1,40.97419435122675,42.46804518694856,63.1591796875
2547,25.47,1536,1592,2379,2430,1,0,1,40.97419435122675,42.46804518694856,58.0810546875
2548,25.48,1536,1592,2375,2426,1,0,1,40.97419435122675,42.46804518694856,57.9833984375
2549,25.49,1536,1365,2371,2422,1,0,1,40.97419435122675,36.412614120719084,57.8857421875
2550,25.5,1536,1592,2585,2432,1,0,1,40.97419435122675,42.46804518694856,63.1103515625
2551,25.51,1536,1592,2377,2428,1,0,1,40.97419435122675,42.46804518694856,58.0322265625
2552,25.52,1536,1365,2373,2424,1,0,1,40.97419435122675,36.412614120719084,57.9345703125
2553,25.53,1536,1592,2587,2434,1,0,1,40.97419435122675,42.46804518694856,63.1591796875
2554,25.54,1536,1592,2379,2430,1,0,1,40.97419435122675,42.46804518694856,58.0810546875
2555,25.55,1536,1592,2375,2426,1,0,1,40.97419435122675,42.46804518694856,57.9833984375
2556,25.56,1536,1365,2371,2422,1,0,1,40.97419435122675,36.412614120719084,57.8857421875
2557,25.57,1536,1592,2585,2432,1,0,1,40.97419435122675,42.46804518694856,63.1103515625
2558,25.58,1536,1592,2377,2428,1,0,1,40.97419435122675,42.46804518694856,58.0322265625
2559,25.59,1536,1592,2373,2424,1,0,1,40.97419435122675,42.46804518694856,57.9345703125
2560,25.6,1536,1365,2369,2420,1,0,1,40.97419435122675,36.412614120719084,57.8369140625
2561,25.61,1536,1592,2583,2430,1,0,1,40.97419435122675,42.46804518694856,63.0615234375
2562,25.62,1536,1592,2375,2426,1,0,1,40.97419435122675,42.46804518694856,57.9833984375
2563,25.63,1536,1365,2371,2422,1,0,1,40.97419435122675,36.412614120719084,57.8857421875
2564,25.64,1536,1592,2585,2432,1,0,1,40.97419435122675,42.46804518694856,63.1103515625
2565,25.65,1536,1592,2377,2428,1,0,1,40.97419435122675,42.46804518694856,58.0322265625
2566,25.66,1536,1592,2373,2424,1,0,1,40.97419435122675,42.46804518694856,57.9345703125
2567,25.67,1536,1365,2369,2420,1,0,1,40.97419435122675,36.412614120719084,57.8369140625
2568,25.68,1536,1592,2583,2430,1,0,1,40.97419435122675,42.46804518694856,63.0615234375
2569,25.69,1536,1592,2375,2426,1,0,1,40.97419435122675,42.46804518694856,57.9833984375
2570,25.7,1536,1592,2371,2422,1,0,1,40.97419435122675,42.46804518694856,57.8857421875
2571,25.71,1536,1365,2367,2418,1,0,1,40.97419435122675,36.412614120719084,57.7880859375
2572,25.72,1536,1592,2581,2428,1,0,1,40.97419435122675,42.46804518694856,63.0126953125
2573,25.73,1536,1592,2373,2424,1,0,1,40.97419435122675,42.46804518694856,57.9345703125
2574,25.74,1536,1365,2369,2420,1,0,1,40.97419435122675,36.412614120719084,57.8369140625
2575,25.75,1536,1592,2583,2430,1,0,1,40.97419435122675,42.46804518694856,63.0615234375
2576,25.76,1536,1592,2375,2426,1,0,1,40.97419435122675,42.46804518694856,57.9833984375
2577,25.77,1536,1592,2371,2422,1,0,1,40.97419435122675,42.46804518694856,57.8857421875
2578,25.78,1536,1365,2367,2418,1,0,1,40.97419435122675,36.412614120719084,57.7880859375
2579,25.79,1536,1592,2581,2428,1,0,1,40.97419435122675,42.46804518694856,63.0126953125
2580,25.8,1536,1592,2373,2424,1,0,1,40.97419435122675,42.46804518694856,57.9345703125
2581,25.81,1536,1592,2369,2420,1,0,1,40.97419435122675,42.46804518694856,57.8369140625
2582,25.82,1536,1365,2365,2416,1,0,1,40.97419435122675,36.412614120719084,57.7392578125
2583,25.83,1536,1592,2579,2426,1,0,1,40.97419435122675,42.46804518694856,62.9638671875
2584,25.84,1536,1592,2371,2422,1,0,1,40.97419435122675,42.46804518694856,57.8857421875
2585,25.85,1536,1365,2367,2418,1,0,1,40.97419435122675,36.412614120719084,57.7880859375
2586,25.86,1536,1592,2581,2428,1,0,1,40.97419435122675,42.46804518694856,63.0126953125
2587,25.87,1536,1592,2373,2424,1,0,1,40.97419435122675,42.46804518694856,57.9345703125
2588,25.88,1536,1592,2369,2420,1,0,1,40.97419435122675,42.46804518694856,57.8369140625
2589,25.89,1536,1365,2365,2416,1,0,1,40.97419435122675,36.412614120719084,57.7392578125
2590,25.9,1536,1592,2579,2426,1,0,1,40.97419435122675,42.46804518694856,62.9638671875
2591,25.91,1536,1592,2371,2422,1,0,1,40.97419435122675,42.46804518694856,57.8857421875
2592,25.92,1536,1592,2367,2418,1,0,1,40.97419435122675,42.46804518694856,57.7880859375
2593,25.93,1536,1365,2363,2414,1,0,1,40.97419435122675,36.412614120719084,57.6904296875
2594,25.94,1536,1592,2577,2424,1,0,1,40.97419435122675,42.46804518694856,62.9150390625
2595,25.95,1536,1592,2369,2420,1,0,1,40.97419435122675,42.46804518694856,57.8369140625
2596,25.96,1536,1365,2365,2416,1,0,1,40.97419435122675,36.412614120719084,57.7392578125
2597,25.97,1536,1592,2579,2426,1,0,1,40.97419435122675,42.46804518694856,62.9638671875
2598,25.98,1536,1592,2371,2422,1,0,1,40.97419435122675,42.46804518694856,57.8857421875
2599,25.99,1536,1592,2367,2418,1,0,1,40.97419435122675,42.46804518694856,57.7880859375
2600,26.0,1536,1365,2363,2414,1,0,1,40.97419435122675,36.412614120719084,57.6904296875
2601,26.01,1536,1592,2577,2424,1,0,1,40.97419435122675,42.46804518694856,62.9150390625
2602,26.02,1536,1592,2369,2420,1,0,1,40.97419435122675,42.46804518694856,57.8369140625
2603,26.03,1536,1592,2365,2416,1,0,1,40.97419435122675,42.46804518694856,57.7392578125
2604,26.04,1536,1365,2361,2412,1,0,1,40.97419435122675,36.412614120719084,57.6416015625
2605,26.05,1536,1592,2575,2422,1,0,1,40.97419435122675,42.46804518694856,62.8662109375
2606,26.06,1536,1592,2367,2418,1,0,1,40.97419435122675,42.46804518694856,57.7880859375
2607,26.07,1536,1365,2363,2414,1,0,1,40.97419435122675,36.412614120719084,57.6904296875
2608,26.08,1536,1592,2577,2424,1,0,1,40.97419435122675,42.46804518694856,62.9150390625
2609,26.09,1536,1592,2369,2420,1,0,1,40.97419435122675,42.46804518694856,57.8369140625
2610,26.1,1536,1592,2365,2416,1,0,1,40.97419435122675,42.46804518694856,57.7392578125
2611,26.11,1536,1365,2361,2412,1,0,1,40.97419435122675,36.412614120719084,57.6416015625
2612,26.12,1536,1592,2575,2422,1,0,1,40.97419435122675,42.46804518694856,62.8662109375
2613,26.13,1536,1592,2367,2418,1,0,1,40.97419435122675,42.46804518694856,57.7880859375
2614,26.14,1536,1592,2363,2414,1,0,1,40.97419435122675,42.46804518694856,57.6904296875
2615,26.15,1536,1365,2359,2410,1,0,1,40.97419435122675,36.412614120719084,57.5927734375
2616,26.16,1536,1592,2573,2420,1,0,1,40.97419435122675,42.46804518694856,62.8173828125
2617,26.17,1536,1592,2365,2416,1,0,1,40.97419435122675,42.46804518694856,57.7392578125
2618,26.18,1536,1365,2361,2412,1,0,1,40.97419435122675,36.412614120719084,57.6416015625
2619,26.19,1536,1592,2575,2422,1,0,1,40.97419435122675,42.46804518694856,62.8662109375
2620,26.2,1536,1592,2367,2418,1,0,1,40.97419435122675,42.46804518694856,57.7880859375
2621,26.21,1536,1592,2363,2414,1,0,1,40.97419435122675,42.46804518694856,57.6904296875
2622,26.22,1536,1365,2359,2410,1,0,1,40.97419435122675,36.412614120719084,57.5927734375
2623,26.23,1536,1592,2573,2420,1,0,1,40.97419435122675,42.46804518694856,62.8173828125
2624,26.24,1536,1592,2365,2416,1,0,1,40.97419435122675,42.46804518694856,57.7392578125
2625,26.25,1536,1365,2361,2412,1,0,1,40.97419435122675,36.412614120719084,57.6416015625
2626,26.26,1536,1592,2575,2422,1,0,1,40.97419435122675,42.46804518694856,62.8662109375
2627,26.27,1536,1592,2367,2418,1,0,1,40.97419435122675,42.46804518694856,57.7880859375
2628,26.28,1536,1592,2363,2414,1,0,1,40.97419435122675,42.46804518694856,57.6904296875
2629,26.29,1536,1365,2359,2410,1,0,1,40.97419435122675,36.412614120719084,57.5927734375
2630,26.3,1536,1592,2573,2420,1,0,1,40.97419435122675,42.46804518694856,62.8173828125
2631,26.31,1536,1592,2365,2416,1,0,1,40.97419435122675,42.46804518694856,57.7392578125
2632,26.32,1536,1365,2361,2412,1,0,1,40.97419435122675,36.412614120719084,57.6416015625
2633,26.33,1536,1592,2575,2422,1,0,1,40.97419435122675,42.46804518694856,62.8662109375
2634,26.34,1536,1592,2367,2418,1,0,1,40.97419435122675,42.46804518694856,57.7880859375
2635,26.35,1536,1592,2363,2414,1,0,1,40.97419435122675,42.46804518694856,57.6904296875
2636,26.36,1536,1365,2359,2410,1,0,1,40.97419435122675,36.412614120719084,57.5927734375
2637,26.37,1536,1592,2573,2420,1,0,1,40.97419435122675,42.46804518694856,62.8173828125
2638,26.38,1536,1592,2365,2416,1,0,1,40.97419435122675,42.46804518694856,57.7392578125
2639,26.39,1536,1365,2361,2412,1,0,1,40.97419435122675,36.412614120719084,57.6416015625
2640,26.4,1536,1592,2575,2422,1,0,1,40.97419435122675,42.46804518694856,62.8662109375
2641,26.41,1536,1592,2367,2418,1,0,1,40.97419435122675,42.46804518694856,57.7880859375
2642,26.42,1536,1592,2363,2414,1,0,1,40.97419435122675,42.46804518694856,57.6904296875
2643,26.43,1536,1365,2359,2410,1,0,1,40.97419435122675,36.412614120719084,57.5927734375
2644,26.44,1536,1592,2573,2420,1,0,1,40.97419435122675,42.46804518694856,62.8173828125
2645,26.45,1536,1592,2365,2416,1,0,1,40.97419435122675,42.46804518694856,57.7392578125
2646,26.46,1536,1365,2361,2412,1,0,1,40.97419435122675,36.412614120719084,57.6416015625
2647,26.47,1536,1592,2575,2422,1,0,1,40.97419435122675,42.46804518694856,62.8662109375
2648,26.48,1536,1592,2367,2418,1,0,1,40.97419435122675,42.46804518694856,57.7880859375
2649,26.49,1536,1365,2363,2414,1,0,1,40.97419435122675,36.412614120719084,57.6904296875
2650,26.5,1536,1592,2577,2424,1,0,1,40.97419435122675,42.46804518694856,62.9150390625
2651,26.51,1536,1592,2369,2420,1,0,1,40.97419435122675,42.46804518694856,57.8369140625
2652,26.52,1536,1592,2365,2416,1,0,1,40.97419435122675,42.46804518694856,57.7392578125
2653,26.53,1536,1365,2361,2412,1,0,1,40.97419435122675,36.412614120719084,57.6416015625
2654,26.54,1536,1592,2575,2422,1,0,1,40.97419435122675,42.46804518694856,62.8662109375
2655,26.55,1536,1592,2367,2418,1,0,1,40.97419435122675,42.46804518694856,57.7880859375
2656,26.56,1536,1365,2363,2414,1,0,1,40.97419435122675,36.412614120719084,57.6904296875
2657,26.57,1536,1592,2577,2424,1,0,1,40.97419435122675,42.46804518694856,62.9150390625
2658,26.58,1536,1592,2369,2420,1,0,1,40.97419435122675,42.46804518694856,57.8369140625
2659,26.59,1536,1592,2365,2416,1,0,1,40.97419435122675,42.46804518694856,57.7392578125
2660,26.6,1536,1365,2361,2412,1,0,1,40.97419435122675,36.412614120719084,57.6416015625
2661,26.61,1536,1592,2575,2422,1,0,1,40.97419435122675,42.46804518694856,62.8662109375
2662,26.62,1536,1592,2367,2418,1,0,1,40.97419435122675,42.46804518694856,57.7880859375
2663,26.63,1536,1592,2363,2414,1,0,1,40.97419435122675,42.46804518694856,57.6904296875
2664,26.64,1536,1365,2359,2410,1,0,1,40.97419435122675,36.412614120719084,57.5927734375
2665,26.65,1536,1592,2573,2420,1,0,1,40.97419435122675,42.46804518694856,62.8173828125
2666,26.66,1536,1592,2365,2416,1,0,1,40.97419435122675,42.46804518694856,57.7392578125
2667,26.67,1536,1365,2361,2412,1,0,1,40.97419435122675,36.412614120719084,57.6416015625
2668,26.68,1536,1592,2575,2422,1,0,1,40.97419435122675,42.46804518694856,62.8662109375
2669,26.69,1536,1592,2367,2418,1,0,1,40.97419435122675,42.46804518694856,57.7880859375
2670,26.7,1536,1592,2363,2414,1,0,1,40.97419435122675,42.46804518694856,57.6904296875
2671,26.71,1536,1365,2359,2410,1,0,1,40.97419435122675,36.412614120719084,57.5927734375
2672,26.72,1536,1592,2573,2420,1,0,1,40.97419435122675,42.46804518694856,62.8173828125
2673,26.73,1536,1592,2365,2416,1,0,1,40.97419435122675,42.46804518694856,57.7392578125
2674,26.74,1536,1365,2361,2412,1,0,1,40.97419435122675,36.412614120719084,57.6416015625
2675,26.75,1536,1592,2575,2422,1,0,1,40.97419435122675,42.46804518694856,62.8662109375
2676,26.76,1536,1592,2367,2418,1,0,1,40.97419435122675,42.46804518694856,57.7880859375
2677,26.77,1536,1592,2363,2414,1,0,1,40.97419435122675,42.46804518694856,57.6904296875
2678,26.78,1536,1365,2359,2410,1,0,1,40.97419435122675,36.412614120719084,57.5927734375
2679,26.79,1536,1592,2573,2420,1,0,1,40.97419435122675,42.46804518694856,62.8173828125
2680,26.8,1536,1592,2365,2416,1,0,1,40.97419435122675,42.46804518694856,57.7392578125
2681,26.81,1536,1592,2361,2412,1,0,1,40.97419435122675,42.46804518694856,57.6416015625
2682,26.82,1536,1365,2357,2408,1,0,1,40.97419435122675,36.412614120719084,57.5439453125
2683,26.83,1536,1592,2571,2418,1,0,1,40.97419435122675,42.46804518694856,62.7685546875
2684,26.84,1536,1592,2363,2414,1,0,1,40.97419435122675,42.46804518694856,57.6904296875
2685,26.85,1536,1592,2359,2410,1,0,1,40.97419435122675,42.46804518694856,57.5927734375
2686,26.86,1536,1365,2355,2406,1,0,1,40.97419435122675,36.412614120719084,57.4951171875
2687,26.87,1536,1592,2569,2416,1,0,1,40.97419435122675,42.46804518694856,62.7197265625
2688,26.88,1536,1592,2361,2412,1,0,1,40.97419435122675,42.46804518694856,57.6416015625
2689,26.89,1536,1365,2357,2408,1,0,1,40.97419435122675,36.412614120719084,57.5439453125
2690,26.9,1536,1592,2571,2418,1,0,1,40.97419435122675,42.46804518694856,62.7685546875
2691,26.91,1536,1592,2363,2414,1,0,1,40.97419435122675,42.46804518694856,57.6904296875
2692,26.92,1536,1592,2359,2410,1,0,1,40.97419435122675,42.46804518694856,57.5927734375
2693,26.93,1536,1365,2355,2406,1,0,1,40.97419435122675,36.412614120719084,57.4951171875
2694,26.94,1536,1592,2569,2416,1,0,1,40.97419435122675,42.46804518694856,62.7197265625
2695,26.95,1536,1592,2361,2412,1,0,1,40.97419435122675,42.46804518694856,57.6416015625
2696,26.96,1536,1592,2357,2408,1,0,1,40.97419435122675,42.46804518694856,57.5439453125
2697,26.97,1536,1365,2353,2404,1,0,1,40.97419435122675,36.412614120719084,57.4462890625
2698,26.98,1536,1592,2567,2414,1,0,1,40.97419435122675,42.46804518694856,62.6708984375
2699,26.99,1536,1592,2359,2410,1,0,1,40.97419435122675,42.46804518694856,57.5927734375
2700,27.0,1536,1592,2355,2406,1,0,1,40.97419435122675,42.46804518694856,57.4951171875
2701,27.01,1536,1365,2351,2402,1,0,1,40.97419435122675,36.412614120719084,57.3974609375
2702,27.02,1536,1592,2565,2412,1,0,1,40.97419435122675,42.46804518694856,62.6220703125
2703,27.03,1536,1592,2357,2408,1,0,1,40.97419435122675,42.46804518694856,57.5439453125
2704,27.04,1536,1365,2353,2404,1,0,1,40.97419435122675,36.412614120719084,57.4462890625
2705,27.05,1536,1592,2567,2414,1,0,1,40.97419435122675,42.46804518694856,62.6708984375
2706,27.06,1536,1592,2359,2410,1,0,1,40.97419435122675,42.46804518694856,57.5927734375
2707,27.07,1536,1592,2355,2406,1,0,1,40.97419435122675,42.46804518694856,57.4951171875
2708,27.08,1536,1365,2351,2402,1,0,1,40.97419435122675,36.412614120719084,57.3974609375
2709,27.09,1536,1592,2565,2412,1,0,1,40.97419435122675,42.46804518694856,62.6220703125
2710,27.1,1536,1592,2357,2408,1,0,1,40.97419435122675,42.46804518694856,57.5439453125
2711,27.11,1536,1365,2353,2404,1,0,1,40.97419435122675,36.412614120719084,57.4462890625
2712,27.12,1536,1592,2567,2414,1,0,1,40.97419435122675,42.46804518694856,62.6708984375
2713,27.13,1536,1592,2359,2410,1,0,1,40.97419435122675,42.46804518694856,57.5927734375
2714,27.14,1536,1592,2355,2406,1,0,1,40.97419435122675,42.46804518694856,57.4951171875
2715,27.15,1536,1365,2351,2402,1,0,1,40.97419435122675,36.412614120719084,57.3974609375
2716,27.16,1536,1592,2565,2412,1,0,1,40.97419435122675,42.46804518694856,62.6220703125
2717,27.17,1536,1592,2357,2408,1,0,1,40.97419435122675,42.46804518694856,57.5439453125
2718,27.18,1536,1365,2353,2404,1,0,1,40.97419435122675,36.412614120719084,57.4462890625
2719,27.19,1536,1592,2567,2414,1,0,1,40.97419435122675,42.46804518694856,62.6708984375
2720,27.2,1536,1592,2359,2410,1,0,1,40.97419435122675,42.46804518694856,57.5927734375
2721,27.21,1536,1592,2355,2406,1,0,1,40.97419435122675,42.46804518694856,57.4951171875
2722,27.22,1536,1365,2351,2402,1,0,1,40.97419435122675,36.412614120719084,57.3974609375
2723,27.23,1536,1592,2565,2412,1,0,1,40.97419435122675,42.46804518694856,62.6220703125
2724,27.24,1536,1592,2357,2408,1,0,1,40.97419435122675,42.46804518694856,57.5439453125
2725,27.25,1536,1365,2353,2404,1,0,1,40.97419435122675,36.412614120719084,57.4462890625
2726,27.26,1536,1592,2567,2414,1,0,1,40.97419435122675,42.46804518694856,62.6708984375
2727,27.27,1536,1592,2359,2410,1,0,1,40.97419435122675,42.46804518694856,57.5927734375
2728,27.28,1536,1592,2355,2406,1,0,1,40.97419435122675,42.46804518694856,57.4951171875
2729,27.29,1536,1365,2351,2402,1,0,1,40.97419435122675,36.412614120719084,57.3974609375
2730,27.3,1536,1592,2565,2412,1,0,1,40.97419435122675,42.46804518694856,62.6220703125
2731,27.31,1536,1592,2357,2408,1,0,1,40.97419435122675,42.46804518694856,57.5439453125
2732,27.32,1536,1365,2353,2404,1,0,1,40.97419435122675,36.412614120719084,57.4462890625
2733,27.33,1536,1592,2567,2414,1,0,1,40.97419435122675,42.46804518694856,62.6708984375
2734,27.34,1536,1592,2359,2410,1,0,1,40.97419435122675,42.46804518694856,57.5927734375
2735,27.35,1536,1592,2355,2406,1,0,1,40.97419435122675,42.46804518694856,57.4951171875
2736,27.36,1536,1365,2351,2402,1,0,1,40.97419435122675,36.412614120719084,57.3974609375
2737,27.37,1536,1592,2565,2412,1,0,1,40.97419435122675,42.46804518694856,62.6220703125
2738,27.38,1536,1592,2357,2408,1,0,1,40.97419435122675,42.46804518694856,57.5439453125
2739,27.39,1536,1365,2353,2404,1,0,1,40.97419435122675,36.412614120719084,57.4462890625
2740,27.4,1536,1592,2567,2414,1,0,1,40.97419435122675,42.46804518694856,62.6708984375
2741,27.41,1536,1592,2359,2410,1,0,1,40.97419435122675,42.46804518694856,57.5927734375
2742,27.42,1536,1592,2355,2406,1,0,1,40.97419435122675,42.46804518694856,57.4951171875
2743,27.43,1536,1365,2351,2402,1,0,1,40.97419435122675,36.412614120719084,57.3974609375
2744,27.44,1536,1592,2565,2412,1,0,1,40.97419435122675,42.46804518694856,62.6220703125
2745,27.45,1536,1592,2357,2408,1,0,1,40.97419435122675,42.46804518694856,57.5439453125
2746,27.46,1536,1365,2353,2404,1,0,1,40.97419435122675,36.412614120719084,57.4462890625
2747,27.47,1536,1592,2567,2414,1,0,1,40.97419435122675,42.46804518694856,62.6708984375
2748,27.48,1536,1592,2359,2410,1,0,1,40.97419435122675,42.46804518694856,57.5927734375
2749,27.49,1536,1592,2355,2406,1,0,1,40.97419435122675,42.46804518694856,57.4951171875
2750,27.5,1536,1365,2351,2402,1,0,1,40.97419435122675,36.412614120719084,57.3974609375
2751,27.51,1536,1592,2565,2412,1,0,1,40.97419435122675,42.46804518694856,62.6220703125
2752,27.52,1536,1592,2357,2408,1,0,1,40.97419435122675,42.46804518694856,57.5439453125
2753,27.53,1536,1365,2353,2404,1,0,1,40.97419435122675,36.412614120719084,57.4462890625
2754,27.54,1536,1592,2567,2414,1,0,1,40.97419435122675,42.46804518694856,62.6708984375
2755,27.55,1536,1592,2359,2410,1,0,1,40.97419435122675,42.46804518694856,57.5927734375
2756,27.56,1536,1592,2355,2406,1,0,1,40.97419435122675,42.46804518694856,57.4951171875
2757,27.57,1536,1365,2351,2402,1,0,1,40.97419435122675,36.412614120719084,57.3974609375
2758,27.58,1536,1820,2565,2412,1,0,1,40.97419435122675,48.550152160958774,62.6220703125
2759,27.59,1536,1592,2138,2394,1,0,1,40.97419435122675,42.46804518694856,52.197265625
2760,27.6,1536,1365,2339,2390,1,0,1,40.97419435122675,36.412614120719084,57.1044921875
2761,27.61,1536,1592,2553,2400,1,0,1,40.97419435122675,42.46804518694856,62.3291015625
2762,27.62,1536,1592,2345,2396,1,0,1,40.97419435122675,42.46804518694856,57.2509765625
2763,27.63,1536,1365,2341,2392,1,0,1,40.97419435122675,36.412614120719084,57.1533203125
2764,27.64,1536,1592,2555,2402,1,0,1,40.97419435122675,42.46804518694856,62.3779296875
2765,27.65,1536,1592,2347,2398,1,0,1,40.97419435122675,42.46804518694856,57.2998046875
2766,27.66,1536,1365,2343,2394,1,0,1,40.97419435122675,36.412614120719084,57.2021484375
2767,27.67,1536,1592,2557,2404,1,0,1,40.97419435122675,42.46804518694856,62.4267578125
2768,27.68,1536,1592,2349,2400,1,0,1,40.97419435122675,42.46804518694856,57.3486328125
2769,27.69,1536,1592,2345,2396,1,0,1,40.97419435122675,42.46804518694856,57.2509765625
2770,27.7,1536,1365,2341,2392,1,0,1,40.97419435122675,36.412614120719084,57.1533203125
2771,27.71,1536,1592,2555,2402,1,0,1,40.97419435122675,42.46804518694856,62.3779296875
2772,27.72,1536,1592,2347,2398,1,0,1,40.97419435122675,42.46804518694856,57.2998046875
2773,27.73,1536,1365,2343,2394,1,0,1,40.97419435122675,36.412614120719084,57.2021484375
2774,27.74,1536,1592,2557,2404,1,0,1,40.97419435122675,42.46804518694856,62.4267578125
2775,27.75,1536,1592,2349,2400,1,0,1,40.97419435122675,42.46804518694856,57.3486328125
2776,27.76,1536,1365,2345,2396,1,0,1,40.97419435122675,36.412614120719084,57.2509765625
2777,27.77,1536,1592,2559,2406,1,0,1,40.97419435122675,42.46804518694856,62.4755859375
2778,27.78,1536,1592,2351,2402,1,0,1,40.97419435122675,42.46804518694856,57.3974609375
2779,27.79,1536,1365,2347,2398,1,0,1,40.97419435122675,36.412614120719084,57.2998046875
2780,27.8,1536,1592,2561,2408,1,0,1,40.97419435122675,42.46804518694856,62.5244140625
2781,27.81,1536,1592,2353,2404,1,0,1,40.97419435122675,42.46804518694856,57.4462890625
2782,27.82,1536,1592,2349,2400,1,0,1,40.97419435122675,42.46804518694856,57.3486328125
2783,27.83,1536,1365,2345,2396,1,0,1,40.97419435122675,36.412614120719084,57.2509765625
2784,27.84,1536,1592,2559,2406,1,0,1,40.97419435122675,42.46804518694856,62.4755859375
2785,27.85,1536,1592,2351,2402,1,0,1,40.97419435122675,42.46804518694856,57.3974609375
2786,27.86,1536,1365,2347,2398,1,0,1,40.97419435122675,36.412614120719084,57.2998046875
2787,27.87,1536,1592,2561,2408,1,0,1,40.97419435122675,42.46804518694856,62.5244140625
2788,27.88,1536,1592,2353,2404,1,0,1,40.97419435122675,42.46804518694856,57.4462890625
2789,27.89,1536,1365,2349,2400,1,0,1,40.97419435122675,36.412614120719084,57.3486328125
2790,27.9,1536,1592,2563,2410,1,0,1,40.97419435122675,42.46804518694856,62.5732421875
2791,27.91,1536,1592,2355,2406,1,0,1,40.97419435122675,42.46804518694856,57.4951171875
2792,27.92,1536,1365,2351,2402,1,0,1,40.97419435122675,36.412614120719084,57.3974609375
2793,27.93,1536,1592,2565,2412,1,0,1,40.97419435122675,42.46804518694856,62.6220703125
2794,27.94,1536,1592,2357,2408,1,0,1,40.97419435122675,42.46804518694856,57.5439453125
2795,27.95,1536,1365,2353,2404,1,0,1,40.97419435122675,36.412614120719084,57.4462890625
2796,27.96,1536,1592,2567,2414,1,0,1,40.97419435122675,42.46804518694856,62.6708984375
2797,27.97,1536,1592,2359,2410,1,0,1,40.97419435122675,42.46804518694856,57.5927734375
2798,27.98,1536,1365,2355,2406,1,0,1,40.97419435122675,36.412614120719084,57.4951171875
2799,27.99,1536,1592,2569,2416,1,0,1,40.97419435122675,42.46804518694856,62.7197265625
2800,28.0,1536,1592,2361,2412,1,0,1,40.97419435122675,42.46804518694856,57.6416015625
2801,28.01,1536,1592,2357,2408,1,0,1,40.97419435122675,42.46804518694856,57.5439453125
2802,28.02,1536,1365,2353,2404,1,0,1,40.97419435122675,36.412614120719084,57.4462890625
2803,28.03,1536,1592,2567,2414,1,0,1,40.97419435122675,42.46804518694856,62.6708984375
2804,28.04,1536,1592,2359,2410,1,0,1,40.97419435122675,42.46804518694856,57.5927734375
2805,28.05,1536,1365,2355,2406,1,0,1,40.97419435122675,36.412614120719084,57.4951171875
2806,28.06,1536,1592,2569,2416,1,0,1,40.97419435122675,42.46804518694856,62.7197265625
2807,28.07,1536,1592,2361,2412,1,0,1,40.97419435122675,42.46804518694856,57.6416015625
2808,28.08,1536,1592,2357,2408,1,0,1,40.97419435122675,42.46804518694856,57.5439453125
2809,28.09,1536,1365,2353,2404,1,0,1,40.97419435122675,36.412614120719084,57.4462890625
2810,28.1,1536,1592,2567,2414,1,0,1,40.97419435122675,42.46804518694856,62.6708984375
2811,28.11,1536,1592,2359,2410,1,0,1,40.97419435122675,42.46804518694856,57.5927734375
2812,28.12,1536,1365,2355,2406,1,0,1,40.97419435122675,36.412614120719084,57.4951171875
2813,28.13,1536,1592,2569,2416,1,0,1,40.97419435122675,42.46804518694856,62.7197265625
2814,28.14,1536,1592,2361,2412,1,0,1,40.97419435122675,42.46804518694856,57.6416015625
2815,28.15,1536,1592,2357,2408,1,0,1,40.97419435122675,42.46804518694856,57.5439453125
2816,28.16,1536,1365,2353,2404,1,0,1,40.97419435122675,36.412614120719084,57.4462890625
2817,28.17,1536,1592,2567,2414,1,0,1,40.97419435122675,42.46804518694856,62.6708984375
2818,28.18,1536,1592,2359,2410,1,0,1,40.97419435122675,42.46804518694856,57.5927734375
2819,28.19,1536,1365,2355,2406,1,0,1,40.97419435122675,36.412614120719084,57.4951171875
2820,28.2,1536,1592,2569,2416,1,0,1,40.97419435122675,42.46804518694856,62.7197265625
2821,28.21,1536,1592,2361,2412,1,0,1,40.97419435122675,42.46804518694856,57.6416015625
2822,28.22,1536,1592,2357,2408,1,0,1,40.97419435122675,42.46804518694856,57.5439453125
2823,28.23,1536,1365,2353,2404,1,0,1,40.97419435122675,36.412614120719084,57.4462890625
2824,28.24,1536,1592,2567,2414,1,0,1,40.97419435122675,42.46804518694856,62.6708984375
2825,28.25,1536,1592,2359,2410,1,0,1,40.97419435122675,42.46804518694856,57.5927734375
2826,28.26,1536,1365,2355,2406,1,0,1,40.97419435122675,36.412614120719084,57.4951171875
2827,28.27,1536,1592,2569,2416,1,0,1,40.97419435122675,42.46804518694856,62.7197265625
2828,28.28,1536,1592,2361,2412,1,0,1,40.97419435122675,42.46804518694856,57.6416015625
2829,28.29,1536,1592,2357,2408,1,0,1,40.97419435122675,42.46804518694856,57.5439453125
2830,28.3,1536,1365,2353,2404,1,0,1,40.97419435122675,36.412614120719084,57.4462890625
2831,28.31,1536,1592,2567,2414,1,0,1,40.97419435122675,42.46804518694856,62.6708984375
2832,28.32,1536,1592,2359,2410,1,0,1,40.97419435122675,42.46804518694856,57.5927734375
2833,28.33,1536,1592,2355,2406,1,0,1,40.97419435122675,42.46804518694856,57.4951171875
2834,28.34,1536,1365,2351,2402,1,0,1,40.97419435122675,36.412614120719084,57.3974609375
2835,28.35,1536,1592,2565,2412,1,0,1,40.97419435122675,42.46804518694856,62.6220703125
2836,28.36,1536,1592,2357,2408,1,0,1,40.97419435122675,42.46804518694856,57.5439453125
2837,28.37,1536,1365,2353,2404,1,0,1,40.97419435122675,36.412614120719084,57.4462890625
2838,28.38,1536,1592,2567,2414,1,0,1,40.97419435122675,42.46804518694856,62.6708984375
2839,28.39,1536,1592,2359,2410,1,0,1,40.97419435122675,42.46804518694856,57.5927734375
2840,28.4,1536,1592,2355,2406,1,0,1,40.97419435122675,42.46804518694856,57.4951171875
2841,28.41,1536,1365,2351,2402,1,0,1,40.97419435122675,36.412614120719084,57.3974609375
2842,28.42,1536,1592,2565,2412,1,0,1,40.97419435122675,42.46804518694856,62.6220703125
2843,28.43,1536,1592,2357,2408,1,0,1,40.97419435122675,42.46804518694856,57.5439453125
2844,28.44,1536,1365,2353,2404,1,0,1,40.97419435122675,36.412614120719084,57.4462890625
2845,28.45,1536,1592,2567,2414,1,0,1,40.97419435122675,42.46804518694856,62.6708984375
2846,28.46,1536,1592,2359,2410,1,0,1,40.97419435122675,42.46804518694856,57.5927734375
2847,28.47,1536,1592,2355,2406,1,0,1,40.97419435122675,42.46804518694856,57.4951171875
2848,28.48,1536,1365,2351,2402,1,0,1,40.97419435122675,36.412614120719084,57.3974609375
2849,28.49,1536,1592,2565,2412,1,0,1,40.97419435122675,42.46804518694856,62.6220703125
2850,28.5,1536,1592,2357,2408,1,0,1,40.97419435122675,42.46804518694856,57.5439453125
2851,28.51,1536,1365,2353,2404,1,0,1,40.97419435122675,36.412614120719084,57.4462890625
2852,28.52,1536,1592,2567,2414,1,0,1,40.97419435122675,42.46804518694856,62.6708984375
2853,28.53,1536,1592,2359,2410,1,0,1,40.97419435122675,42.46804518694856,57.5927734375
2854,28.54,1536,1592,2355,2406,1,0,1,40.97419435122675,42.46804518694856,57.4951171875
2855,28.55,1536,1365,2351,2402,1,0,1,40.97419435122675,36.412614120719084,57.3974609375
2856,28.56,1536,1592,2565,2412,1,0,1,40.97419435122675,42.46804518694856,62.6220703125
2857,28.57,1536,1592,2357,2408,1,0,1,40.97419435122675,42.46804518694856,57.5439453125
2858,28.58,1536,1365,2353,2404,1,0,1,40.97419435122675,36.412614120719084,57.4462890625
2859,28.59,1536,1592,2567,2414,1,0,1,40.97419435122675,42.46804518694856,62.6708984375
2860,28.6,1536,1592,2359,2410,1,0,1,40.97419435122675,42.46804518694856,57.5927734375
2861,28.61,1536,1592,2355,2406,1,0,1,40.97419435122675,42.46804518694856,57.4951171875
2862,28.62,1536,1365,2351,2402,1,0,1,40.97419435122675,36.412614120719084,57.3974609375
2863,28.63,1536,1592,2565,2412,1,0,1,40.97419435122675,42.46804518694856,62.6220703125
2864,28.64,1536,1592,2357,2408,1,0,1,40.97419435122675,42.46804518694856,57.5439453125
2865,28.65,1536,1365,2353,2404,1,0,1,40.97419435122675,36.412614120719084,57.4462890625
2866,28.66,1536,1592,2567,2414,1,0,1,40.97419435122675,42.46804518694856,62.6708984375
2867,28.67,1536,1592,2359,2410,1,0,1,40.97419435122675,42.46804518694856,57.5927734375
2868,28.68,1536,1365,2355,2406,1,0,1,40.97419435122675,36.412614120719084,57.4951171875
2869,28.69,1536,1592,2569,2416,1,0,1,40.97419435122675,42.46804518694856,62.7197265625
2870,28.7,1536,1592,2361,2412,1,0,1,40.97419435122675,42.46804518694856,57.6416015625
2871,28.71,1536,1592,2357,2408,1,0,1,40.97419435122675,42.46804518694856,57.5439453125
2872,28.72,1536,1365,2353,2404,1,0,1,40.97419435122675,36.412614120719084,57.4462890625
2873,28.73,1536,1592,2567,2414,1,0,1,40.97419435122675,42.46804518694856,62.6708984375
2874,28.74,1536,1592,2359,2410,1,0,1,40.97419435122675,42.46804518694856,57.5927734375
2875,28.75,1536,1365,2355,2406,1,0,1,40.97419435122675,36.412614120719084,57.4951171875
2876,28.76,1536,1592,2569,2416,1,0,1,40.97419435122675,42.46804518694856,62.7197265625
2877,28.77,1536,1592,2361,2412,1,0,1,40.97419435122675,42.46804518694856,57.6416015625
2878,28.78,1536,1592,2357,2408,1,0,1,40.97419435122675,42.46804518694856,57.5439453125
2879,28.79,1536,1365,2353,2404,1,0,1,40.97419435122675,36.412614120719084,57.4462890625
2880,28.8,1536,1592,2567,2414,1,0,1,40.97419435122675,42.46804518694856,62.6708984375
2881,28.81,1536,1592,2359,2410,1,0,1,40.97419435122675,42.46804518694856,57.5927734375
2882,28.82,1536,1365,2355,2406,1,0,1,40.97419435122675,36.412614120719084,57.4951171875
2883,28.83,1536,1592,2569,2416,1,0,1,40.97419435122675,42.46804518694856,62.7197265625
2884,28.84,1536,1592,2361,2412,1,0,1,40.97419435122675,42.46804518694856,57.6416015625
2885,28.85,1536,1592,2357,2408,1,0,1,40.97419435122675,42.46804518694856,57.5439453125
2886,28.86,1536,1365,2353,2404,1,0,1,40.97419435122675,36.412614120719084,57.4462890625
2887,28.87,1536,1592,2567,2414,1,0,1,40.97419435122675,42.46804518694856,62.6708984375
2888,28.88,1536,1592,2359,2410,1,0,1,40.97419435122675,42.46804518694856,57.5927734375
2889,28.89,1536,1365,2355,2406,1,0,1,40.97419435122675,36.412614120719084,57.4951171875
2890,28.9,1536,1592,2569,2416,1,0,1,40.97419435122675,42.46804518694856,62.7197265625
2891,28.91,1536,1592,2361,2412,1,0,1,40.97419435122675,42.46804518694856,57.6416015625
2892,28.92,1536,1592,2357,2408,1,0,1,40.97419435122675,42.46804518694856,57.5439453125
2893,28.93,1536,1365,2353,2404,1,0,1,40.97419435122675,36.412614120719084,57.4462890625
2894,28.94,1536,1592,2567,2414,1,0,1,40.97419435122675,42.46804518694856,62.6708984375
2895,28.95,1536,1592,2359,2410,1,0,1,40.97419435122675,42.46804518694856,57.5927734375
2896,28.96,1536,1365,2355,2406,1,0,1,40.97419435122675,36.412614120719084,57.4951171875
2897,28.97,1536,1592,2569,2416,1,0,1,40.97419435122675,42.46804518694856,62.7197265625
2898,28.98,1536,1592,2361,2412,1,0,1,40.97419435122675,42.46804518694856,57.6416015625
2899,28.99,1536,1365,2357,2408,1,0,1,40.97419435122675,36.412614120719084,57.5439453125
2900,29.0,1536,1592,2571,2418,1,0,1,40.97419435122675,42.46804518694856,62.7685546875
2901,29.01,1536,1592,2363,2414,1,0,1,40.97419435122675,42.46804518694856,57.6904296875
2902,29.02,1536,1592,2359,2410,1,0,1,40.97419435122675,42.46804518694856,57.5927734375
2903,29.03,1536,1365,2355,2406,1,0,1,40.97419435122675,36.412614120719084,57.4951171875
2904,29.04,1536,1592,2569,2416,1,0,1,40.97419435122675,42.46804518694856,62.7197265625
2905,29.05,1536,1592,2361,2412,1,0,1,40.97419435122675,42.46804518694856,57.6416015625
2906,29.06,1536,1365,2357,2408,1,0,1,40.97419435122675,36.412614120719084,57.5439453125
2907,29.07,1536,1592,2571,2418,1,0,1,40.97419435122675,42.46804518694856,62.7685546875
2908,29.08,1536,1592,2363,2414,1,0,1,40.97419435122675,42.46804518694856,57.6904296875
2909,29.09,1536,1592,2359,2410,1,0,1,40.97419435122675,42.46804518694856,57.5927734375
2910,29.1,1536,1365,2355,2406,1,0,1,40.97419435122675,36.412614120719084,57.4951171875
2911,29.11,1536,1592,2569,2416,1,0,1,40.97419435122675,42.46804518694856,62.7197265625
2912,29.12,1536,1592,2361,2412,1,0,1,40.97419435122675,42.46804518694856,57.6416015625
2913,29.13,1536,1365,2357,2408,1,0,1,40.97419435122675,36.412614120719084,57.5439453125
2914,29.14,1536,1592,2571,2418,1,0,1,40.97419435122675,42.46804518694856,62.7685546875
2915,29.15,1536,1592,2363,2414,1,0,1,40.97419435122675,42.46804518694856,57.6904296875
2916,29.16,1536,1365,2359,2410,1,0,1,40.97419435122675,36.412614120719084,57.5927734375
2917,29.17,1536,1592,2573,2420,1,0,1,40.97419435122675,42.46804518694856,62.8173828125
2918,29.18,1536,1592,2365,2416,1,0,1,40.97419435122675,42.46804518694856,57.7392578125
2919,29.19,1536,1592,2361,2412,1,0,1,40.97419435122675,42.46804518694856,57.6416015625
2920,29.2,1536,1365,2357,2408,1,0,1,40.97419435122675,36.412614120719084,57.5439453125
2921,29.21,1536,1592,2571,2418,1,0,1,40.97419435122675,42.46804518694856,62.7685546875
2922,29.22,1536,1592,2363,2414,1,0,1,40.97419435122675,42.46804518694856,57.6904296875
2923,29.23,1536,1365,2359,2410,1,0,1,40.97419435122675,36.412614120719084,57.5927734375
2924,29.24,1536,1592,2573,2420,1,0,1,40.97419435122675,42.46804518694856,62.8173828125
2925,29.25,1536,1592,2365,2416,1,0,1,40.97419435122675,42.46804518694856,57.7392578125
2926,29.26,1536,1592,2361,2412,1,0,1,40.97419435122675,42.46804518694856,57.6416015625
2927,29.27,1536,1365,2357,2408,1,0,1,40.97419435122675,36.412614120719084,57.5439453125
2928,29.28,1536,1592,2571,2418,1,0,1,40.97419435122675,42.46804518694856,62.7685546875
2929,29.29,1536,1592,2363,2414,1,0,1,40.97419435122675,42.46804518694856,57.6904296875
2930,29.3,1536,1365,2359,2410,1,0,1,40.97419435122675,36.412614120719084,57.5927734375
2931,29.31,1536,1592,2573,2420,1,0,1,40.97419435122675,42.46804518694856,62.8173828125
2932,29.32,1536,1592,2365,2416,1,0,1,40.97419435122675,42.46804518694856,57.7392578125
2933,29.33,1536,1365,2361,2412,1,0,1,40.97419435122675,36.412614120719084,57.6416015625
2934,29.34,1536,1592,2575,2422,1,0,1,40.97419435122675,42.46804518694856,62.8662109375
2935,29.35,1536,1592,2367,2418,1,0,1,40.97419435122675,42.46804518694856,57.7880859375
2936,29.36,1536,1592,2363,2414,1,0,1,40.97419435122675,42.46804518694856,57.6904296875
2937,29.37,1536,1365,2359,2410,1,0,1,40.97419435122675,36.412614120719084,57.5927734375
2938,29.38,1536,1592,2573,2420,1,0,1,40.97419435122675,42.46804518694856,62.8173828125
2939,29.39,1536,1592,2365,2416,1,0,1,40.97419435122675,42.46804518694856,57.7392578125
2940,29.4,1536,1365,2361,2412,1,0,1,40.97419435122675,36.412614120719084,57.6416015625
2941,29.41,1536,1592,2575,2422,1,0,1,40.97419435122675,42.46804518694856,62.8662109375
2942,29.42,1536,1592,2367,2418,1,0,1,40.97419435122675,42.46804518694856,57.7880859375
2943,29.43,1536,1592,2363,2414,1,0,1,40.97419435122675,42.46804518694856,57.6904296875
2944,29.44,1536,1365,2359,2410,1,0,1,40.97419435122675,36.412614120719084,57.5927734375
2945,29.45,1536,1592,2573,2420,1,0,1,40.97419435122675,42.46804518694856,62.8173828125
2946,29.46,1536,1592,2365,2416,1,0,1,40.97419435122675,42.46804518694856,57.7392578125
2947,29.47,1536,1365,2361,2412,1,0,1,40.97419435122675,36.412614120719084,57.6416015625
2948,29.48,1536,1592,2575,2422,1,0,1,40.97419435122675,42.46804518694856,62.8662109375
2949,29.49,1536,1592,2367,2418,1,0,1,40.97419435122675,42.46804518694856,57.7880859375
2950,29.5,1536,1592,2363,2414,1,0,1,40.97419435122675,42.46804518694856,57.6904296875
2951,29.51,1536,1365,2359,2410,1,0,1,40.97419435122675,36.412614120719084,57.5927734375
2952,29.52,1536,1592,2573,2420,1,0,1,40.97419435122675,42.46804518694856,62.8173828125
2953,29.53,1536,1592,2365,2416,1,0,1,40.97419435122675,42.46804518694856,57.7392578125
2954,29.54,1536,1365,2361,2412,1,0,1,40.97419435122675,36.412614120719084,57.6416015625
2955,29.55,1536,1592,2575,2422,1,0,1,40.97419435122675,42.46804518694856,62.8662109375
2956,29.56,1536,1592,2367,2418,1,0,1,40.97419435122675,42.46804518694856,57.7880859375
2957,29.57,1536,1592,2363,2414,1,0,1,40.97419435122675,42.46804518694856,57.6904296875
2958,29.58,1536,1365,2359,2410,1,0,1,40.97419435122675,36.412614120719084,57.5927734375
2959,29.59,1536,1592,2573,2420,1,0,1,40.97419435122675,42.46804518694856,62.8173828125
2960,29.6,1536,1592,2365,2416,1,0,1,40.97419435122675,42.46804518694856,57.7392578125
2961,29.61,1536,1365,2361,2412,1,0,1,40.97419435122675,36.412614120719084,57.6416015625
2962,29.62,1536,1592,2575,2422,1,0,1,40.97419435122675,42.46804518694856,62.8662109375
2963,29.63,1536,1592,2367,2418,1,0,1,40.97419435122675,42.46804518694856,57.7880859375
2964,29.64,1536,1592,2363,2414,1,0,1,40.97419435122675,42.46804518694856,57.6904296875
2965,29.65,1536,1365,2359,2410,1,0,1,40.97419435122675,36.412614120719084,57.5927734375
2966,29.66,1536,1592,2573,2420,1,0,1,40.97419435122675,42.46804518694856,62.8173828125
2967,29.67,1536,1592,2365,2416,1,0,1,40.97419435122675,42.46804518694856,57.7392578125
2968,29.68,1536,1365,2361,2412,1,0,1,40.97419435122675,36.412614120719084,57.6416015625
2969,29.69,1536,1592,2575,2422,1,0,1,40.97419435122675,42.46804518694856,62.8662109375
2970,29.7,1536,1592,2367,2418,1,0,1,40.97419435122675,42.46804518694856,57.7880859375
2971,29.71,1536,1592,2363,2414,1,0,1,40.97419435122675,42.46804518694856,57.6904296875
2972,29.72,1536,1365,2359,2410,1,0,1,40.97419435122675,36.412614120719084,57.5927734375
2973,29.73,1536,1592,2573,2420,1,0,1,40.97419435122675,42.46804518694856,62.8173828125
2974,29.74,1536,1592,2365,2416,1,0,1,40.97419435122675,42.46804518694856,57.7392578125
2975,29.75,1536,1592,2361,2412,1,0,1,40.97419435122675,42.46804518694856,57.6416015625
2976,29.76,1536,1365,2357,2408,1,0,1,40.97419435122675,36.412614120719084,57.5439453125
2977,29.77,1536,1592,2571,2418,1,0,1,40.97419435122675,42.46804518694856,62.7685546875
2978,29.78,1536,1592,2363,2414,1,0,1,40.97419435122675,42.46804518694856,57.6904296875
2979,29.79,1536,1365,2359,2410,1,0,1,40.97419435122675,36.412614120719084,57.5927734375
2980,29.8,1536,1592,2573,2420,1,0,1,40.97419435122675,42.46804518694856,62.8173828125
2981,29.81,1536,1592,2365,2416,1,0,1,40.97419435122675,42.46804518694856,57.7392578125
2982,29.82,1536,1592,2361,2412,1,0,1,40.97419435122675,42.46804518694856,57.6416015625
2983,29.83,1536,1365,2357,2408,1,0,1,40.97419435122675,36.412614120719084,57.5439453125
2984,29.84,1536,1592,2571,2418,1,0,1,40.97419435122675,42.46804518694856,62.7685546875
2985,29.85,1536,1592,2363,2414,1,0,1,40.97419435122675,42.46804518694856,57.6904296875
2986,29.86,1536,1592,2359,2410,1,0,1,40.97419435122675,42.46804518694856,57.5927734375
2987,29.87,1536,1365,2355,2406,1,0,1,40.97419435122675,36.412614120719084,57.4951171875
2988,29.88,1536,1592,2569,2416,1,0,1,40.97419435122675,42.46804518694856,62.7197265625
2989,29.89,1536,1592,2361,2412,1,0,1,40.97419435122675,42.46804518694856,57.6416015625
2990,29.9,1536,1365,2357,2408,1,0,1,40.97419435122675,36.412614120719084,57.5439453125
2991,29.91,1536,1592,2571,2418,1,0,1,40.97419435122675,42.46804518694856,62.7685546875
2992,29.92,1536,1592,2363,2414,1,0,1,40.97419435122675,42.46804518694856,57.6904296875
2993,29.93,1536,1592,2359,2410,1,0,1,40.97419435122675,42.46804518694856,57.5927734375
2994,29.94,1536,1365,2355,2406,1,0,1,40.97419435122675,36.412614120719084,57.4951171875
2995,29.95,1536,1592,2569,2416,1,0,1,40.97419435122675,42.46804518694856,62.7197265625
2996,29.96,1536,1592,2361,2412,1,0,1,40.97419435122675,42.46804518694856,57.6416015625
2997,29.97,1536,1365,2357,2408,1,0,1,40.97419435122675,36.412614120719084,57.5439453125
2998,29.98,1536,1592,2571,2418,1,0,1,40.97419435122675,42.46804518694856,62.7685546875
2999,29.99,1536,1592,2363,2414,1,0,1,40.97419435122675,42.46804518694856,57.6904296875
3000,30.0,1536,1592,2359,2410,1,0,1,40.97419435122675,42.46804518694856,57.5927734375
3001,30.01,1536,1365,2355,2406,1,0,1,40.97419435122675,36.412614120719084,57.4951171875
