sample,time_s,reference_q12,measured_q12,duty_q12,integral_q12,armed,fault,enabled,target_rpm,measured_rpm,duty_percent
0,0.0,1024,1137,2066,1964,1,0,1,27.3161295674845,30.33050714670886,50.439453125
1,0.01,1024,910,1855,1957,1,0,1,27.3161295674845,24.275076080479387,45.2880859375
2,0.02,1024,1137,2065,1963,1,0,1,27.3161295674845,30.33050714670886,50.4150390625
3,0.03,1024,910,1854,1956,1,0,1,27.3161295674845,24.275076080479387,45.263671875
4,0.04,1024,1137,2064,1962,1,0,1,27.3161295674845,30.33050714670886,50.390625
5,0.05,1024,910,1853,1955,1,0,1,27.3161295674845,24.275076080479387,45.2392578125
6,0.06,1024,910,2063,1961,1,0,1,27.3161295674845,24.275076080479387,50.3662109375
7,0.07,1024,1137,2069,1967,1,0,1,27.3161295674845,30.33050714670886,50.5126953125
8,0.08,1024,910,1858,1960,1,0,1,27.3161295674845,24.275076080479387,45.361328125
9,0.09,1024,1137,2068,1966,1,0,1,27.3161295674845,30.33050714670886,50.48828125
10,0.1,1024,910,1857,1959,1,0,1,27.3161295674845,24.275076080479387,45.3369140625
11,0.11,1024,910,2067,1965,1,0,1,27.3161295674845,24.275076080479387,50.4638671875
12,0.12,1024,1137,2073,1971,1,0,1,27.3161295674845,30.33050714670886,50.6103515625
13,0.13,1024,910,1862,1964,1,0,1,27.3161295674845,24.275076080479387,45.458984375
14,0.14,1024,1137,2072,1970,1,0,1,27.3161295674845,30.33050714670886,50.5859375
15,0.15,1024,910,1861,1963,1,0,1,27.3161295674845,24.275076080479387,45.4345703125
16,0.16,1024,1137,2071,1969,1,0,1,27.3161295674845,30.33050714670886,50.5615234375
17,0.17,1024,910,1860,1962,1,0,1,27.3161295674845,24.275076080479387,45.41015625
18,0.18,1024,910,2070,1968,1,0,1,27.3161295674845,24.275076080479387,50.537109375
19,0.19,1024,1137,2076,1974,1,0,1,27.3161295674845,30.33050714670886,50.68359375
20,0.2,1024,910,1865,1967,1,0,1,27.3161295674845,24.275076080479387,45.5322265625
21,0.21,1024,1137,2075,1973,1,0,1,27.3161295674845,30.33050714670886,50.6591796875
22,0.22,1024,910,1864,1966,1,0,1,27.3161295674845,24.275076080479387,45.5078125
23,0.23,1024,1137,2074,1972,1,0,1,27.3161295674845,30.33050714670886,50.634765625
24,0.24,1024,910,1863,1965,1,0,1,27.3161295674845,24.275076080479387,45.4833984375
25,0.25,1024,1137,2073,1971,1,0,1,27.3161295674845,30.33050714670886,50.6103515625
26,0.26,1024,910,1862,1964,1,0,1,27.3161295674845,24.275076080479387,45.458984375
27,0.27,1024,1137,2072,1970,1,0,1,27.3161295674845,30.33050714670886,50.5859375
28,0.28,1024,910,1861,1963,1,0,1,27.3161295674845,24.275076080479387,45.4345703125
29,0.29,1024,1137,2071,1969,1,0,1,27.3161295674845,30.33050714670886,50.5615234375
30,0.3,1024,910,1860,1962,1,0,1,27.3161295674845,24.275076080479387,45.41015625
31,0.31,1024,910,2070,1968,1,0,1,27.3161295674845,24.275076080479387,50.537109375
32,0.32,1024,1137,2076,1974,1,0,1,27.3161295674845,30.33050714670886,50.68359375
33,0.33,1024,910,1865,1967,1,0,1,27.3161295674845,24.275076080479387,45.5322265625
34,0.34,1024,1137,2075,1973,1,0,1,27.3161295674845,30.33050714670886,50.6591796875
35,0.35,1024,910,1864,1966,1,0,1,27.3161295674845,24.275076080479387,45.5078125
36,0.36,1024,1137,2074,1972,1,0,1,27.3161295674845,30.33050714670886,50.634765625
37,0.37,1024,910,1863,1965,1,0,1,27.3161295674845,24.275076080479387,45.4833984375
38,0.38,1024,1137,2073,1971,1,0,1,27.3161295674845,30.33050714670886,50.6103515625
39,0.39,1024,910,1862,1964,1,0,1,27.3161295674845,24.275076080479387,45.458984375
40,0.4,1024,1137,2072,1970,1,0,1,27.3161295674845,30.33050714670886,50.5859375
41,0.41,1024,910,1861,1963,1,0,1,27.3161295674845,24.275076080479387,45.4345703125
42,0.42,1024,1137,2071,1969,1,0,1,27.3161295674845,30.33050714670886,50.5615234375
43,0.43,1024,910,1860,1962,1,0,1,27.3161295674845,24.275076080479387,45.41015625
44,0.44,1024,1137,2070,1968,1,0,1,27.3161295674845,30.33050714670886,50.537109375
45,0.45,1024,910,1859,1961,1,0,1,27.3161295674845,24.275076080479387,45.3857421875
46,0.46,1024,1137,2069,1967,1,0,1,27.3161295674845,30.33050714670886,50.5126953125
47,0.47,1024,910,1858,1960,1,0,1,27.3161295674845,24.275076080479387,45.361328125
48,0.48,1024,1137,2068,1966,1,0,1,27.3161295674845,30.33050714670886,50.48828125
49,0.49,1024,910,1857,1959,1,0,1,27.3161295674845,24.275076080479387,45.3369140625
50,0.5,1024,1137,2067,1965,1,0,1,27.3161295674845,30.33050714670886,50.4638671875
51,0.51,1024,910,1856,1958,1,0,1,27.3161295674845,24.275076080479387,45.3125
52,0.52,1024,1137,2066,1964,1,0,1,27.3161295674845,30.33050714670886,50.439453125
53,0.53,1024,910,1855,1957,1,0,1,27.3161295674845,24.275076080479387,45.2880859375
54,0.54,1024,1137,2065,1963,1,0,1,27.3161295674845,30.33050714670886,50.4150390625
55,0.55,1024,910,1854,1956,1,0,1,27.3161295674845,24.275076080479387,45.263671875
56,0.56,1024,910,2064,1962,1,0,1,27.3161295674845,24.275076080479387,50.390625
57,0.57,1024,1137,2070,1968,1,0,1,27.3161295674845,30.33050714670886,50.537109375
58,0.58,1024,910,1859,1961,1,0,1,27.3161295674845,24.275076080479387,45.3857421875
59,0.59,1024,1137,2069,1967,1,0,1,27.3161295674845,30.33050714670886,50.5126953125
60,0.6,1024,910,1858,1960,1,0,1,27.3161295674845,24.275076080479387,45.361328125
61,0.61,1024,1137,2068,1966,1,0,1,27.3161295674845,30.33050714670886,50.48828125
62,0.62,1024,910,1857,1959,1,0,1,27.3161295674845,24.275076080479387,45.3369140625
63,0.63,1024,1137,2067,1965,1,0,1,27.3161295674845,30.33050714670886,50.4638671875
64,0.64,1024,910,1856,1958,1,0,1,27.3161295674845,24.275076080479387,45.3125
65,0.65,1024,1137,2066,1964,1,0,1,27.3161295674845,30.33050714670886,50.439453125
66,0.66,1024,910,1855,1957,1,0,1,27.3161295674845,24.275076080479387,45.2880859375
67,0.67,1024,1137,2065,1963,1,0,1,27.3161295674845,30.33050714670886,50.4150390625
68,0.68,1024,910,1854,1956,1,0,1,27.3161295674845,24.275076080479387,45.263671875
69,0.69,1024,1137,2064,1962,1,0,1,27.3161295674845,30.33050714670886,50.390625
70,0.7,1024,910,1853,1955,1,0,1,27.3161295674845,24.275076080479387,45.2392578125
71,0.71,1024,1137,2063,1961,1,0,1,27.3161295674845,30.33050714670886,50.3662109375
72,0.72,1024,910,1852,1954,1,0,1,27.3161295674845,24.275076080479387,45.21484375
73,0.73,1024,1137,2062,1960,1,0,1,27.3161295674845,30.33050714670886,50.341796875
74,0.74,1024,910,1851,1953,1,0,1,27.3161295674845,24.275076080479387,45.1904296875
75,0.75,1024,1137,2061,1959,1,0,1,27.3161295674845,30.33050714670886,50.3173828125
76,0.76,1024,910,1850,1952,1,0,1,27.3161295674845,24.275076080479387,45.166015625
77,0.77,1024,1137,2060,1958,1,0,1,27.3161295674845,30.33050714670886,50.29296875
78,0.78,1024,910,1849,1951,1,0,1,27.3161295674845,24.275076080479387,45.1416015625
79,0.79,1024,910,2059,1957,1,0,1,27.3161295674845,24.275076080479387,50.2685546875
80,0.8,1024,1137,2065,1963,1,0,1,27.3161295674845,30.33050714670886,50.4150390625
81,0.81,1024,910,1854,1956,1,0,1,27.3161295674845,24.275076080479387,45.263671875
82,0.82,1024,1137,2064,1962,1,0,1,27.3161295674845,30.33050714670886,50.390625
83,0.83,1024,910,1853,1955,1,0,1,27.3161295674845,24.275076080479387,45.2392578125
84,0.84,1024,1137,2063,1961,1,0,1,27.3161295674845,30.33050714670886,50.3662109375
85,0.85,1024,910,1852,1954,1,0,1,27.3161295674845,24.275076080479387,45.21484375
86,0.86,1024,1137,2062,1960,1,0,1,27.3161295674845,30.33050714670886,50.341796875
87,0.87,1024,910,1851,1953,1,0,1,27.3161295674845,24.275076080479387,45.1904296875
88,0.88,1024,1137,2061,1959,1,0,1,27.3161295674845,30.33050714670886,50.3173828125
89,0.89,1024,910,1850,1952,1,0,1,27.3161295674845,24.275076080479387,45.166015625
90,0.9,1024,1137,2060,1958,1,0,1,27.3161295674845,30.33050714670886,50.29296875
91,0.91,1024,910,1849,1951,1,0,1,27.3161295674845,24.275076080479387,45.1416015625
92,0.92,1024,1137,2059,1957,1,0,1,27.3161295674845,30.33050714670886,50.2685546875
93,0.93,1024,910,1848,1950,1,0,1,27.3161295674845,24.275076080479387,45.1171875
94,0.94,1024,1137,2058,1956,1,0,1,27.3161295674845,30.33050714670886,50.244140625
95,0.95,1024,910,1847,1949,1,0,1,27.3161295674845,24.275076080479387,45.0927734375
96,0.96,1024,1137,2057,1955,1,0,1,27.3161295674845,30.33050714670886,50.2197265625
97,0.97,1024,910,1846,1948,1,0,1,27.3161295674845,24.275076080479387,45.068359375
98,0.98,1024,910,2056,1954,1,0,1,27.3161295674845,24.275076080479387,50.1953125
99,0.99,1024,1137,2062,1960,1,0,1,27.3161295674845,30.33050714670886,50.341796875
100,1.0,1024,910,1851,1953,1,0,1,27.3161295674845,24.275076080479387,45.1904296875
101,1.01,1024,1137,2061,1959,1,0,1,27.3161295674845,30.33050714670886,50.3173828125
102,1.02,1024,910,1850,1952,1,0,1,27.3161295674845,24.275076080479387,45.166015625
103,1.03,1024,1137,2060,1958,1,0,1,27.3161295674845,30.33050714670886,50.29296875
104,1.04,1024,910,1849,1951,1,0,1,27.3161295674845,24.275076080479387,45.1416015625
105,1.05,1024,1137,2059,1957,1,0,1,27.3161295674845,30.33050714670886,50.2685546875
106,1.06,1024,910,1848,1950,1,0,1,27.3161295674845,24.275076080479387,45.1171875
107,1.07,1024,1137,2058,1956,1,0,1,27.3161295674845,30.33050714670886,50.244140625
108,1.08,1024,910,1847,1949,1,0,1,27.3161295674845,24.275076080479387,45.0927734375
109,1.09,1024,1137,2057,1955,1,0,1,27.3161295674845,30.33050714670886,50.2197265625
110,1.1,1024,910,1846,1948,1,0,1,27.3161295674845,24.275076080479387,45.068359375
111,1.11,1024,910,2056,1954,1,0,1,27.3161295674845,24.275076080479387,50.1953125
112,1.12,1024,1137,2062,1960,1,0,1,27.3161295674845,30.33050714670886,50.341796875
113,1.13,1024,910,1851,1953,1,0,1,27.3161295674845,24.275076080479387,45.1904296875
114,1.14,1024,1137,2061,1959,1,0,1,27.3161295674845,30.33050714670886,50.3173828125
115,1.15,1024,910,1850,1952,1,0,1,27.3161295674845,24.275076080479387,45.166015625
116,1.16,1024,1137,2060,1958,1,0,1,27.3161295674845,30.33050714670886,50.29296875
117,1.17,1024,910,1849,1951,1,0,1,27.3161295674845,24.275076080479387,45.1416015625
118,1.18,1024,1137,2059,1957,1,0,1,27.3161295674845,30.33050714670886,50.2685546875
119,1.19,1024,910,1848,1950,1,0,1,27.3161295674845,24.275076080479387,45.1171875
120,1.2,1024,1137,2058,1956,1,0,1,27.3161295674845,30.33050714670886,50.244140625
121,1.21,1024,910,1847,1949,1,0,1,27.3161295674845,24.275076080479387,45.0927734375
122,1.22,1024,1137,2057,1955,1,0,1,27.3161295674845,30.33050714670886,50.2197265625
123,1.23,1024,910,1846,1948,1,0,1,27.3161295674845,24.275076080479387,45.068359375
124,1.24,1024,910,2056,1954,1,0,1,27.3161295674845,24.275076080479387,50.1953125
125,1.25,1024,1137,2062,1960,1,0,1,27.3161295674845,30.33050714670886,50.341796875
126,1.26,1024,910,1851,1953,1,0,1,27.3161295674845,24.275076080479387,45.1904296875
127,1.27,1024,1137,2061,1959,1,0,1,27.3161295674845,30.33050714670886,50.3173828125
128,1.28,1024,910,1850,1952,1,0,1,27.3161295674845,24.275076080479387,45.166015625
129,1.29,1024,1137,2060,1958,1,0,1,27.3161295674845,30.33050714670886,50.29296875
130,1.3,1024,910,1849,1951,1,0,1,27.3161295674845,24.275076080479387,45.1416015625
131,1.31,1024,1137,2059,1957,1,0,1,27.3161295674845,30.33050714670886,50.2685546875
132,1.32,1024,910,1848,1950,1,0,1,27.3161295674845,24.275076080479387,45.1171875
133,1.33,1024,1137,2058,1956,1,0,1,27.3161295674845,30.33050714670886,50.244140625
134,1.34,1024,910,1847,1949,1,0,1,27.3161295674845,24.275076080479387,45.0927734375
135,1.35,1024,1137,2057,1955,1,0,1,27.3161295674845,30.33050714670886,50.2197265625
136,1.36,1024,910,1846,1948,1,0,1,27.3161295674845,24.275076080479387,45.068359375
137,1.37,1024,1137,2056,1954,1,0,1,27.3161295674845,30.33050714670886,50.1953125
138,1.38,1024,910,1845,1947,1,0,1,27.3161295674845,24.275076080479387,45.0439453125
139,1.39,1024,910,2055,1953,1,0,1,27.3161295674845,24.275076080479387,50.1708984375
140,1.4,1024,1137,2061,1959,1,0,1,27.3161295674845,30.33050714670886,50.3173828125
141,1.41,1024,910,1850,1952,1,0,1,27.3161295674845,24.275076080479387,45.166015625
142,1.42,1024,1137,2060,1958,1,0,1,27.3161295674845,30.33050714670886,50.29296875
143,1.43,1024,910,1849,1951,1,0,1,27.3161295674845,24.275076080479387,45.1416015625
144,1.44,1024,1137,2059,1957,1,0,1,27.3161295674845,30.33050714670886,50.2685546875
145,1.45,1024,910,1848,1950,1,0,1,27.3161295674845,24.275076080479387,45.1171875
146,1.46,1024,1137,2058,1956,1,0,1,27.3161295674845,30.33050714670886,50.244140625
147,1.47,1024,910,1847,1949,1,0,1,27.3161295674845,24.275076080479387,45.0927734375
148,1.48,1024,1137,2057,1955,1,0,1,27.3161295674845,30.33050714670886,50.2197265625
149,1.49,1024,910,1846,1948,1,0,1,27.3161295674845,24.275076080479387,45.068359375
150,1.5,1024,1137,2056,1954,1,0,1,27.3161295674845,30.33050714670886,50.1953125
151,1.51,1024,910,1845,1947,1,0,1,27.3161295674845,24.275076080479387,45.0439453125
152,1.52,1024,1137,2055,1953,1,0,1,27.3161295674845,30.33050714670886,50.1708984375
153,1.53,1024,910,1844,1946,1,0,1,27.3161295674845,24.275076080479387,45.01953125
154,1.54,1024,1137,2054,1952,1,0,1,27.3161295674845,30.33050714670886,50.146484375
155,1.55,1024,910,1843,1945,1,0,1,27.3161295674845,24.275076080479387,44.9951171875
156,1.56,1024,1137,2053,1951,1,0,1,27.3161295674845,30.33050714670886,50.1220703125
157,1.57,1024,910,1842,1944,1,0,1,27.3161295674845,24.275076080479387,44.970703125
158,1.58,1024,910,2052,1950,1,0,1,27.3161295674845,24.275076080479387,50.09765625
159,1.59,1024,1137,2058,1956,1,0,1,27.3161295674845,30.33050714670886,50.244140625
160,1.6,1024,910,1847,1949,1,0,1,27.3161295674845,24.275076080479387,45.0927734375
161,1.61,1024,1137,2057,1955,1,0,1,27.3161295674845,30.33050714670886,50.2197265625
162,1.62,1024,910,1846,1948,1,0,1,27.3161295674845,24.275076080479387,45.068359375
163,1.63,1024,1137,2056,1954,1,0,1,27.3161295674845,30.33050714670886,50.1953125
164,1.64,1024,910,1845,1947,1,0,1,27.3161295674845,24.275076080479387,45.0439453125
165,1.65,1024,1137,2055,1953,1,0,1,27.3161295674845,30.33050714670886,50.1708984375
166,1.66,1024,910,1844,1946,1,0,1,27.3161295674845,24.275076080479387,45.01953125
167,1.67,1024,1137,2054,1952,1,0,1,27.3161295674845,30.33050714670886,50.146484375
168,1.68,1024,910,1843,1945,1,0,1,27.3161295674845,24.275076080479387,44.9951171875
169,1.69,1024,1137,2053,1951,1,0,1,27.3161295674845,30.33050714670886,50.1220703125
170,1.7,1024,910,1842,1944,1,0,1,27.3161295674845,24.275076080479387,44.970703125
171,1.71,1024,1137,2052,1950,1,0,1,27.3161295674845,30.33050714670886,50.09765625
172,1.72,1024,910,1841,1943,1,0,1,27.3161295674845,24.275076080479387,44.9462890625
173,1.73,1024,910,2051,1949,1,0,1,27.3161295674845,24.275076080479387,50.0732421875
174,1.74,1024,1137,2057,1955,1,0,1,27.3161295674845,30.33050714670886,50.2197265625
175,1.75,1024,910,1846,1948,1,0,1,27.3161295674845,24.275076080479387,45.068359375
176,1.76,1024,1137,2056,1954,1,0,1,27.3161295674845,30.33050714670886,50.1953125
177,1.77,1024,910,1845,1947,1,0,1,27.3161295674845,24.275076080479387,45.0439453125
178,1.78,1024,1137,2055,1953,1,0,1,27.3161295674845,30.33050714670886,50.1708984375
179,1.79,1024,910,1844,1946,1,0,1,27.3161295674845,24.275076080479387,45.01953125
180,1.8,1024,1137,2054,1952,1,0,1,27.3161295674845,30.33050714670886,50.146484375
181,1.81,1024,910,1843,1945,1,0,1,27.3161295674845,24.275076080479387,44.9951171875
182,1.82,1024,1137,2053,1951,1,0,1,27.3161295674845,30.33050714670886,50.1220703125
183,1.83,1024,910,1842,1944,1,0,1,27.3161295674845,24.275076080479387,44.970703125
184,1.84,1024,910,2052,1950,1,0,1,27.3161295674845,24.275076080479387,50.09765625
185,1.85,1024,1137,2058,1956,1,0,1,27.3161295674845,30.33050714670886,50.244140625
186,1.86,1024,910,1847,1949,1,0,1,27.3161295674845,24.275076080479387,45.0927734375
187,1.87,1024,1137,2057,1955,1,0,1,27.3161295674845,30.33050714670886,50.2197265625
188,1.88,1024,910,1846,1948,1,0,1,27.3161295674845,24.275076080479387,45.068359375
189,1.89,1024,1137,2056,1954,1,0,1,27.3161295674845,30.33050714670886,50.1953125
190,1.9,1024,910,1845,1947,1,0,1,27.3161295674845,24.275076080479387,45.0439453125
191,1.91,1024,1137,2055,1953,1,0,1,27.3161295674845,30.33050714670886,50.1708984375
192,1.92,1024,910,1844,1946,1,0,1,27.3161295674845,24.275076080479387,45.01953125
193,1.93,1024,910,2054,1952,1,0,1,27.3161295674845,24.275076080479387,50.146484375
194,1.94,1024,1137,2060,1958,1,0,1,27.3161295674845,30.33050714670886,50.29296875
195,1.95,1024,910,1849,1951,1,0,1,27.3161295674845,24.275076080479387,45.1416015625
196,1.96,1024,1137,2059,1957,1,0,1,27.3161295674845,30.33050714670886,50.2685546875
197,1.97,1024,910,1848,1950,1,0,1,27.3161295674845,24.275076080479387,45.1171875
198,1.98,1024,1137,2058,1956,1,0,1,27.3161295674845,30.33050714670886,50.244140625
199,1.99,1024,910,1847,1949,1,0,1,27.3161295674845,24.275076080479387,45.0927734375
200,2.0,1024,1137,2057,1955,1,0,1,27.3161295674845,30.33050714670886,50.2197265625
201,2.01,1024,910,1846,1948,1,0,1,27.3161295674845,24.275076080479387,45.068359375
202,2.02,1024,910,2056,1954,1,0,1,27.3161295674845,24.275076080479387,50.1953125
203,2.03,1024,1137,2062,1960,1,0,1,27.3161295674845,30.33050714670886,50.341796875
204,2.04,1024,910,1851,1953,1,0,1,27.3161295674845,24.275076080479387,45.1904296875
205,2.05,1024,1137,2061,1959,1,0,1,27.3161295674845,30.33050714670886,50.3173828125
206,2.06,1024,910,1850,1952,1,0,1,27.3161295674845,24.275076080479387,45.166015625
207,2.07,1024,1137,2060,1958,1,0,1,27.3161295674845,30.33050714670886,50.29296875
208,2.08,1024,910,1849,1951,1,0,1,27.3161295674845,24.275076080479387,45.1416015625
209,2.09,1024,1137,2059,1957,1,0,1,27.3161295674845,30.33050714670886,50.2685546875
210,2.1,1024,910,1848,1950,1,0,1,27.3161295674845,24.275076080479387,45.1171875
211,2.11,1024,910,2058,1956,1,0,1,27.3161295674845,24.275076080479387,50.244140625
212,2.12,1024,1137,2064,1962,1,0,1,27.3161295674845,30.33050714670886,50.390625
213,2.13,1024,910,1853,1955,1,0,1,27.3161295674845,24.275076080479387,45.2392578125
214,2.14,1024,1137,2063,1961,1,0,1,27.3161295674845,30.33050714670886,50.3662109375
215,2.15,1024,910,1852,1954,1,0,1,27.3161295674845,24.275076080479387,45.21484375
216,2.16,1024,1137,2062,1960,1,0,1,27.3161295674845,30.33050714670886,50.341796875
217,2.17,1024,910,1851,1953,1,0,1,27.3161295674845,24.275076080479387,45.1904296875
218,2.18,1024,1137,2061,1959,1,0,1,27.3161295674845,30.33050714670886,50.3173828125
219,2.19,1024,910,1850,1952,1,0,1,27.3161295674845,24.275076080479387,45.166015625
220,2.2,1024,1137,2060,1958,1,0,1,27.3161295674845,30.33050714670886,50.29296875
221,2.21,1024,910,1849,1951,1,0,1,27.3161295674845,24.275076080479387,45.1416015625
222,2.22,1024,910,2059,1957,1,0,1,27.3161295674845,24.275076080479387,50.2685546875
223,2.23,1024,1137,2065,1963,1,0,1,27.3161295674845,30.33050714670886,50.4150390625
224,2.24,1024,910,1854,1956,1,0,1,27.3161295674845,24.275076080479387,45.263671875
225,2.25,1024,1137,2064,1962,1,0,1,27.3161295674845,30.33050714670886,50.390625
226,2.26,1024,910,1853,1955,1,0,1,27.3161295674845,24.275076080479387,45.2392578125
227,2.27,1024,1137,2063,1961,1,0,1,27.3161295674845,30.33050714670886,50.3662109375
228,2.28,1024,910,1852,1954,1,0,1,27.3161295674845,24.275076080479387,45.21484375
229,2.29,1024,1137,2062,1960,1,0,1,27.3161295674845,30.33050714670886,50.341796875
230,2.3,1024,910,1851,1953,1,0,1,27.3161295674845,24.275076080479387,45.1904296875
231,2.31,1024,1137,2061,1959,1,0,1,27.3161295674845,30.33050714670886,50.3173828125
232,2.32,1024,910,1850,1952,1,0,1,27.3161295674845,24.275076080479387,45.166015625
233,2.33,1024,910,2060,1958,1,0,1,27.3161295674845,24.275076080479387,50.29296875
234,2.34,1024,1137,2066,1964,1,0,1,27.3161295674845,30.33050714670886,50.439453125
235,2.35,1024,910,1855,1957,1,0,1,27.3161295674845,24.275076080479387,45.2880859375
236,2.36,1024,1137,2065,1963,1,0,1,27.3161295674845,30.33050714670886,50.4150390625
237,2.37,1024,910,1854,1956,1,0,1,27.3161295674845,24.275076080479387,45.263671875
238,2.38,1024,1137,2064,1962,1,0,1,27.3161295674845,30.33050714670886,50.390625
239,2.39,1024,910,1853,1955,1,0,1,27.3161295674845,24.275076080479387,45.2392578125
240,2.4,1024,1137,2063,1961,1,0,1,27.3161295674845,30.33050714670886,50.3662109375
241,2.41,1024,910,1852,1954,1,0,1,27.3161295674845,24.275076080479387,45.21484375
242,2.42,1024,1137,2062,1960,1,0,1,27.3161295674845,30.33050714670886,50.341796875
243,2.43,1024,910,1851,1953,1,0,1,27.3161295674845,24.275076080479387,45.1904296875
244,2.44,1024,1137,2061,1959,1,0,1,27.3161295674845,30.33050714670886,50.3173828125
245,2.45,1024,910,1850,1952,1,0,1,27.3161295674845,24.275076080479387,45.166015625
246,2.46,1024,1137,2060,1958,1,0,1,27.3161295674845,30.33050714670886,50.29296875
247,2.47,1024,910,1849,1951,1,0,1,27.3161295674845,24.275076080479387,45.1416015625
248,2.48,1024,1137,2059,1957,1,0,1,27.3161295674845,30.33050714670886,50.2685546875
249,2.49,1024,910,1848,1950,1,0,1,27.3161295674845,24.275076080479387,45.1171875
250,2.5,1024,1137,2058,1956,1,0,1,27.3161295674845,30.33050714670886,50.244140625
251,2.51,1024,910,1847,1949,1,0,1,27.3161295674845,24.275076080479387,45.0927734375
252,2.52,1024,910,2057,1955,1,0,1,27.3161295674845,24.275076080479387,50.2197265625
253,2.53,1024,1137,2063,1961,1,0,1,27.3161295674845,30.33050714670886,50.3662109375
254,2.54,1024,910,1852,1954,1,0,1,27.3161295674845,24.275076080479387,45.21484375
255,2.55,1024,1137,2062,1960,1,0,1,27.3161295674845,30.33050714670886,50.341796875
256,2.56,1024,910,1851,1953,1,0,1,27.3161295674845,24.275076080479387,45.1904296875
257,2.57,1024,1137,2061,1959,1,0,1,27.3161295674845,30.33050714670886,50.3173828125
258,2.58,1024,910,1850,1952,1,0,1,27.3161295674845,24.275076080479387,45.166015625
259,2.59,1024,1137,2060,1958,1,0,1,27.3161295674845,30.33050714670886,50.29296875
260,2.6,1024,910,1849,1951,1,0,1,27.3161295674845,24.275076080479387,45.1416015625
261,2.61,1024,1137,2059,1957,1,0,1,27.3161295674845,30.33050714670886,50.2685546875
262,2.62,1024,910,1848,1950,1,0,1,27.3161295674845,24.275076080479387,45.1171875
263,2.63,1024,1137,2058,1956,1,0,1,27.3161295674845,30.33050714670886,50.244140625
264,2.64,1024,910,1847,1949,1,0,1,27.3161295674845,24.275076080479387,45.0927734375
265,2.65,1024,1137,2057,1955,1,0,1,27.3161295674845,30.33050714670886,50.2197265625
266,2.66,1024,910,1846,1948,1,0,1,27.3161295674845,24.275076080479387,45.068359375
267,2.67,1024,1137,2056,1954,1,0,1,27.3161295674845,30.33050714670886,50.1953125
268,2.68,1024,910,1845,1947,1,0,1,27.3161295674845,24.275076080479387,45.0439453125
269,2.69,1024,1137,2055,1953,1,0,1,27.3161295674845,30.33050714670886,50.1708984375
270,2.7,1024,910,1844,1946,1,0,1,27.3161295674845,24.275076080479387,45.01953125
271,2.71,1024,1137,2054,1952,1,0,1,27.3161295674845,30.33050714670886,50.146484375
272,2.72,1024,910,1843,1945,1,0,1,27.3161295674845,24.275076080479387,44.9951171875
273,2.73,1024,1137,2053,1951,1,0,1,27.3161295674845,30.33050714670886,50.1220703125
274,2.74,1024,910,1842,1944,1,0,1,27.3161295674845,24.275076080479387,44.970703125
275,2.75,1024,1137,2052,1950,1,0,1,27.3161295674845,30.33050714670886,50.09765625
276,2.76,1024,910,1841,1943,1,0,1,27.3161295674845,24.275076080479387,44.9462890625
277,2.77,1024,1137,2051,1949,1,0,1,27.3161295674845,30.33050714670886,50.0732421875
278,2.78,1024,910,1840,1942,1,0,1,27.3161295674845,24.275076080479387,44.921875
279,2.79,1024,910,2050,1948,1,0,1,27.3161295674845,24.275076080479387,50.048828125
280,2.8,1024,1137,2056,1954,1,0,1,27.3161295674845,30.33050714670886,50.1953125
281,2.81,1024,910,1845,1947,1,0,1,27.3161295674845,24.275076080479387,45.0439453125
282,2.82,1024,1137,2055,1953,1,0,1,27.3161295674845,30.33050714670886,50.1708984375
283,2.83,1024,910,1844,1946,1,0,1,27.3161295674845,24.275076080479387,45.01953125
284,2.84,1024,1137,2054,1952,1,0,1,27.3161295674845,30.33050714670886,50.146484375
285,2.85,1024,910,1843,1945,1,0,1,27.3161295674845,24.275076080479387,44.9951171875
286,2.86,1024,1137,2053,1951,1,0,1,27.3161295674845,30.33050714670886,50.1220703125
287,2.87,1024,910,1842,1944,1,0,1,27.3161295674845,24.275076080479387,44.970703125
288,2.88,1024,1137,2052,1950,1,0,1,27.3161295674845,30.33050714670886,50.09765625
289,2.89,1024,910,1841,1943,1,0,1,27.3161295674845,24.275076080479387,44.9462890625
290,2.9,1024,1137,2051,1949,1,0,1,27.3161295674845,30.33050714670886,50.0732421875
291,2.91,1024,910,1840,1942,1,0,1,27.3161295674845,24.275076080479387,44.921875
292,2.92,1024,1137,2050,1948,1,0,1,27.3161295674845,30.33050714670886,50.048828125
293,2.93,1024,910,1839,1941,1,0,1,27.3161295674845,24.275076080479387,44.8974609375
294,2.94,1024,910,2049,1947,1,0,1,27.3161295674845,24.275076080479387,50.0244140625
295,2.95,1024,1137,2055,1953,1,0,1,27.3161295674845,30.33050714670886,50.1708984375
296,2.96,1024,910,1844,1946,1,0,1,27.3161295674845,24.275076080479387,45.01953125
297,2.97,1024,1137,2054,1952,1,0,1,27.3161295674845,30.33050714670886,50.146484375
298,2.98,1024,910,1843,1945,1,0,1,27.3161295674845,24.275076080479387,44.9951171875
299,2.99,1024,1137,2053,1951,1,0,1,27.3161295674845,30.33050714670886,50.1220703125
300,3.0,1024,910,1842,1944,1,0,1,27.3161295674845,24.275076080479387,44.970703125
301,3.01,1024,1137,2052,1950,1,0,1,27.3161295674845,30.33050714670886,50.09765625
302,3.02,1024,910,1841,1943,1,0,1,27.3161295674845,24.275076080479387,44.9462890625
303,3.03,1024,1137,2051,1949,1,0,1,27.3161295674845,30.33050714670886,50.0732421875
304,3.04,1024,910,1840,1942,1,0,1,27.3161295674845,24.275076080479387,44.921875
305,3.05,1024,910,2050,1948,1,0,1,27.3161295674845,24.275076080479387,50.048828125
306,3.06,1024,1137,2056,1954,1,0,1,27.3161295674845,30.33050714670886,50.1953125
307,3.07,1024,910,1845,1947,1,0,1,27.3161295674845,24.275076080479387,45.0439453125
308,3.08,1024,1137,2055,1953,1,0,1,27.3161295674845,30.33050714670886,50.1708984375
309,3.09,1024,910,1844,1946,1,0,1,27.3161295674845,24.275076080479387,45.01953125
310,3.1,1024,1137,2054,1952,1,0,1,27.3161295674845,30.33050714670886,50.146484375
311,3.11,1024,910,1843,1945,1,0,1,27.3161295674845,24.275076080479387,44.9951171875
312,3.12,1024,1137,2053,1951,1,0,1,27.3161295674845,30.33050714670886,50.1220703125
313,3.13,1024,910,1842,1944,1,0,1,27.3161295674845,24.275076080479387,44.970703125
314,3.14,1024,1137,2052,1950,1,0,1,27.3161295674845,30.33050714670886,50.09765625
315,3.15,1024,910,1841,1943,1,0,1,27.3161295674845,24.275076080479387,44.9462890625
316,3.16,1024,910,2051,1949,1,0,1,27.3161295674845,24.275076080479387,50.0732421875
317,3.17,1024,1137,2057,1955,1,0,1,27.3161295674845,30.33050714670886,50.2197265625
318,3.18,1024,910,1846,1948,1,0,1,27.3161295674845,24.275076080479387,45.068359375
319,3.19,1024,1137,2056,1954,1,0,1,27.3161295674845,30.33050714670886,50.1953125
320,3.2,1024,910,1845,1947,1,0,1,27.3161295674845,24.275076080479387,45.0439453125
321,3.21,1024,1137,2055,1953,1,0,1,27.3161295674845,30.33050714670886,50.1708984375
322,3.22,1024,910,1844,1946,1,0,1,27.3161295674845,24.275076080479387,45.01953125
323,3.23,1024,1137,2054,1952,1,0,1,27.3161295674845,30.33050714670886,50.146484375
324,3.24,1024,910,1843,1945,1,0,1,27.3161295674845,24.275076080479387,44.9951171875
325,3.25,1024,1137,2053,1951,1,0,1,27.3161295674845,30.33050714670886,50.1220703125
326,3.26,1024,910,1842,1944,1,0,1,27.3161295674845,24.275076080479387,44.970703125
327,3.27,1024,910,2052,1950,1,0,1,27.3161295674845,24.275076080479387,50.09765625
328,3.28,1024,1137,2058,1956,1,0,1,27.3161295674845,30.33050714670886,50.244140625
329,3.29,1024,910,1847,1949,1,0,1,27.3161295674845,24.275076080479387,45.0927734375
330,3.3,1024,1137,2057,1955,1,0,1,27.3161295674845,30.33050714670886,50.2197265625
331,3.31,1024,910,1846,1948,1,0,1,27.3161295674845,24.275076080479387,45.068359375
332,3.32,1024,1137,2056,1954,1,0,1,27.3161295674845,30.33050714670886,50.1953125
333,3.33,1024,910,1845,1947,1,0,1,27.3161295674845,24.275076080479387,45.0439453125
334,3.34,1024,1137,2055,1953,1,0,1,27.3161295674845,30.33050714670886,50.1708984375
335,3.35,1024,910,1844,1946,1,0,1,27.3161295674845,24.275076080479387,45.01953125
336,3.36,1024,910,2054,1952,1,0,1,27.3161295674845,24.275076080479387,50.146484375
337,3.37,1024,1137,2060,1958,1,0,1,27.3161295674845,30.33050714670886,50.29296875
338,3.38,1024,910,1849,1951,1,0,1,27.3161295674845,24.275076080479387,45.1416015625
339,3.39,1024,1137,2059,1957,1,0,1,27.3161295674845,30.33050714670886,50.2685546875
340,3.4,1024,910,1848,1950,1,0,1,27.3161295674845,24.275076080479387,45.1171875
341,3.41,1024,1137,2058,1956,1,0,1,27.3161295674845,30.33050714670886,50.244140625
342,3.42,1024,910,1847,1949,1,0,1,27.3161295674845,24.275076080479387,45.0927734375
343,3.43,1024,1137,2057,1955,1,0,1,27.3161295674845,30.33050714670886,50.2197265625
344,3.44,1024,910,1846,1948,1,0,1,27.3161295674845,24.275076080479387,45.068359375
345,3.45,1024,1137,2056,1954,1,0,1,27.3161295674845,30.33050714670886,50.1953125
346,3.46,1024,910,1845,1947,1,0,1,27.3161295674845,24.275076080479387,45.0439453125
347,3.47,1024,1137,2055,1953,1,0,1,27.3161295674845,30.33050714670886,50.1708984375
348,3.48,1024,910,1844,1946,1,0,1,27.3161295674845,24.275076080479387,45.01953125
349,3.49,1024,1137,2054,1952,1,0,1,27.3161295674845,30.33050714670886,50.146484375
350,3.5,1024,910,1843,1945,1,0,1,27.3161295674845,24.275076080479387,44.9951171875
351,3.51,1024,910,2053,1951,1,0,1,27.3161295674845,24.275076080479387,50.1220703125
352,3.52,1024,1137,2059,1957,1,0,1,27.3161295674845,30.33050714670886,50.2685546875
353,3.53,1024,910,1848,1950,1,0,1,27.3161295674845,24.275076080479387,45.1171875
354,3.54,1024,1137,2058,1956,1,0,1,27.3161295674845,30.33050714670886,50.244140625
355,3.55,1024,910,1847,1949,1,0,1,27.3161295674845,24.275076080479387,45.0927734375
356,3.56,1024,1137,2057,1955,1,0,1,27.3161295674845,30.33050714670886,50.2197265625
357,3.57,1024,910,1846,1948,1,0,1,27.3161295674845,24.275076080479387,45.068359375
358,3.58,1024,1137,2056,1954,1,0,1,27.3161295674845,30.33050714670886,50.1953125
359,3.59,1024,910,1845,1947,1,0,1,27.3161295674845,24.275076080479387,45.0439453125
360,3.6,1024,1137,2055,1953,1,0,1,27.3161295674845,30.33050714670886,50.1708984375
361,3.61,1024,910,1844,1946,1,0,1,27.3161295674845,24.275076080479387,45.01953125
362,3.62,1024,1137,2054,1952,1,0,1,27.3161295674845,30.33050714670886,50.146484375
363,3.63,1024,910,1843,1945,1,0,1,27.3161295674845,24.275076080479387,44.9951171875
364,3.64,1024,1137,2053,1951,1,0,1,27.3161295674845,30.33050714670886,50.1220703125
365,3.65,1024,910,1842,1944,1,0,1,27.3161295674845,24.275076080479387,44.970703125
366,3.66,1024,1137,2052,1950,1,0,1,27.3161295674845,30.33050714670886,50.09765625
367,3.67,1024,910,1841,1943,1,0,1,27.3161295674845,24.275076080479387,44.9462890625
368,3.68,1024,910,2051,1949,1,0,1,27.3161295674845,24.275076080479387,50.0732421875
369,3.69,1024,1137,2057,1955,1,0,1,27.3161295674845,30.33050714670886,50.2197265625
370,3.7,1024,910,1846,1948,1,0,1,27.3161295674845,24.275076080479387,45.068359375
371,3.71,1024,1137,2056,1954,1,0,1,27.3161295674845,30.33050714670886,50.1953125
372,3.72,1024,910,1845,1947,1,0,1,27.3161295674845,24.275076080479387,45.0439453125
373,3.73,1024,1137,2055,1953,1,0,1,27.3161295674845,30.33050714670886,50.1708984375
374,3.74,1024,910,1844,1946,1,0,1,27.3161295674845,24.275076080479387,45.01953125
375,3.75,1024,1137,2054,1952,1,0,1,27.3161295674845,30.33050714670886,50.146484375
376,3.76,1024,910,1843,1945,1,0,1,27.3161295674845,24.275076080479387,44.9951171875
377,3.77,1024,1137,2053,1951,1,0,1,27.3161295674845,30.33050714670886,50.1220703125
378,3.78,1024,910,1842,1944,1,0,1,27.3161295674845,24.275076080479387,44.970703125
379,3.79,1024,1137,2052,1950,1,0,1,27.3161295674845,30.33050714670886,50.09765625
380,3.8,1024,910,1841,1943,1,0,1,27.3161295674845,24.275076080479387,44.9462890625
381,3.81,1024,1137,2051,1949,1,0,1,27.3161295674845,30.33050714670886,50.0732421875
382,3.82,1024,910,1840,1942,1,0,1,27.3161295674845,24.275076080479387,44.921875
383,3.83,1024,1137,2050,1948,1,0,1,27.3161295674845,30.33050714670886,50.048828125
384,3.84,1024,910,1839,1941,1,0,1,27.3161295674845,24.275076080479387,44.8974609375
385,3.85,1024,1137,2049,1947,1,0,1,27.3161295674845,30.33050714670886,50.0244140625
386,3.86,1024,910,1838,1940,1,0,1,27.3161295674845,24.275076080479387,44.873046875
387,3.87,1024,1137,2048,1946,1,0,1,27.3161295674845,30.33050714670886,50.0
388,3.88,1024,910,1837,1939,1,0,1,27.3161295674845,24.275076080479387,44.8486328125
389,3.89,1024,1137,2047,1945,1,0,1,27.3161295674845,30.33050714670886,49.9755859375
390,3.9,1024,910,1836,1938,1,0,1,27.3161295674845,24.275076080479387,44.82421875
391,3.91,1024,910,2046,1944,1,0,1,27.3161295674845,24.275076080479387,49.951171875
392,3.92,1024,1137,2052,1950,1,0,1,27.3161295674845,30.33050714670886,50.09765625
393,3.93,1024,910,1841,1943,1,0,1,27.3161295674845,24.275076080479387,44.9462890625
394,3.94,1024,1137,2051,1949,1,0,1,27.3161295674845,30.33050714670886,50.0732421875
395,3.95,1024,910,1840,1942,1,0,1,27.3161295674845,24.275076080479387,44.921875
396,3.96,1024,1137,2050,1948,1,0,1,27.3161295674845,30.33050714670886,50.048828125
397,3.97,1024,910,1839,1941,1,0,1,27.3161295674845,24.275076080479387,44.8974609375
398,3.98,1024,1137,2049,1947,1,0,1,27.3161295674845,30.33050714670886,50.0244140625
399,3.99,1024,910,1838,1940,1,0,1,27.3161295674845,24.275076080479387,44.873046875
400,4.0,1024,1137,2048,1946,1,0,1,27.3161295674845,30.33050714670886,50.0
401,4.01,1024,910,1837,1939,1,0,1,27.3161295674845,24.275076080479387,44.8486328125
402,4.02,1024,1137,2047,1945,1,0,1,27.3161295674845,30.33050714670886,49.9755859375
403,4.03,1024,910,1836,1938,1,0,1,27.3161295674845,24.275076080479387,44.82421875
404,4.04,1024,910,2046,1944,1,0,1,27.3161295674845,24.275076080479387,49.951171875
405,4.05,1024,1137,2052,1950,1,0,1,27.3161295674845,30.33050714670886,50.09765625
406,4.06,1024,910,1841,1943,1,0,1,27.3161295674845,24.275076080479387,44.9462890625
407,4.07,1024,1137,2051,1949,1,0,1,27.3161295674845,30.33050714670886,50.0732421875
408,4.08,1024,910,1840,1942,1,0,1,27.3161295674845,24.275076080479387,44.921875
409,4.09,1024,1137,2050,1948,1,0,1,27.3161295674845,30.33050714670886,50.048828125
410,4.1,1024,910,1839,1941,1,0,1,27.3161295674845,24.275076080479387,44.8974609375
411,4.11,1024,1137,2049,1947,1,0,1,27.3161295674845,30.33050714670886,50.0244140625
412,4.12,1024,910,1838,1940,1,0,1,27.3161295674845,24.275076080479387,44.873046875
413,4.13,1024,1137,2048,1946,1,0,1,27.3161295674845,30.33050714670886,50.0
414,4.14,1024,910,1837,1939,1,0,1,27.3161295674845,24.275076080479387,44.8486328125
415,4.15,1024,910,2047,1945,1,0,1,27.3161295674845,24.275076080479387,49.9755859375
416,4.16,1024,1137,2053,1951,1,0,1,27.3161295674845,30.33050714670886,50.1220703125
417,4.17,1024,910,1842,1944,1,0,1,27.3161295674845,24.275076080479387,44.970703125
418,4.18,1024,1137,2052,1950,1,0,1,27.3161295674845,30.33050714670886,50.09765625
419,4.19,1024,910,1841,1943,1,0,1,27.3161295674845,24.275076080479387,44.9462890625
420,4.2,1024,1137,2051,1949,1,0,1,27.3161295674845,30.33050714670886,50.0732421875
421,4.21,1024,910,1840,1942,1,0,1,27.3161295674845,24.275076080479387,44.921875
422,4.22,1024,1137,2050,1948,1,0,1,27.3161295674845,30.33050714670886,50.048828125
423,4.23,1024,910,1839,1941,1,0,1,27.3161295674845,24.275076080479387,44.8974609375
424,4.24,1024,1137,2049,1947,1,0,1,27.3161295674845,30.33050714670886,50.0244140625
425,4.25,1024,910,1838,1940,1,0,1,27.3161295674845,24.275076080479387,44.873046875
426,4.26,1024,910,2048,1946,1,0,1,27.3161295674845,24.275076080479387,50.0
427,4.27,1024,1137,2054,1952,1,0,1,27.3161295674845,30.33050714670886,50.146484375
428,4.28,1024,910,1843,1945,1,0,1,27.3161295674845,24.275076080479387,44.9951171875
429,4.29,1024,1137,2053,1951,1,0,1,27.3161295674845,30.33050714670886,50.1220703125
430,4.3,1024,910,1842,1944,1,0,1,27.3161295674845,24.275076080479387,44.970703125
431,4.31,1024,1137,2052,1950,1,0,1,27.3161295674845,30.33050714670886,50.09765625
432,4.32,1024,910,1841,1943,1,0,1,27.3161295674845,24.275076080479387,44.9462890625
433,4.33,1024,1137,2051,1949,1,0,1,27.3161295674845,30.33050714670886,50.0732421875
434,4.34,1024,910,1840,1942,1,0,1,27.3161295674845,24.275076080479387,44.921875
435,4.35,1024,910,2050,1948,1,0,1,27.3161295674845,24.275076080479387,50.048828125
436,4.36,1024,1137,2056,1954,1,0,1,27.3161295674845,30.33050714670886,50.1953125
437,4.37,1024,910,1845,1947,1,0,1,27.3161295674845,24.275076080479387,45.0439453125
438,4.38,1024,1137,2055,1953,1,0,1,27.3161295674845,30.33050714670886,50.1708984375
439,4.39,1024,910,1844,1946,1,0,1,27.3161295674845,24.275076080479387,45.01953125
440,4.4,1024,1137,2054,1952,1,0,1,27.3161295674845,30.33050714670886,50.146484375
441,4.41,1024,910,1843,1945,1,0,1,27.3161295674845,24.275076080479387,44.9951171875
442,4.42,1024,1137,2053,1951,1,0,1,27.3161295674845,30.33050714670886,50.1220703125
443,4.43,1024,910,1842,1944,1,0,1,27.3161295674845,24.275076080479387,44.970703125
444,4.44,1024,910,2052,1950,1,0,1,27.3161295674845,24.275076080479387,50.09765625
445,4.45,1024,1137,2058,1956,1,0,1,27.3161295674845,30.33050714670886,50.244140625
446,4.46,1024,910,1847,1949,1,0,1,27.3161295674845,24.275076080479387,45.0927734375
447,4.47,1024,1137,2057,1955,1,0,1,27.3161295674845,30.33050714670886,50.2197265625
448,4.48,1024,910,1846,1948,1,0,1,27.3161295674845,24.275076080479387,45.068359375
449,4.49,1024,1137,2056,1954,1,0,1,27.3161295674845,30.33050714670886,50.1953125
450,4.5,1024,910,1845,1947,1,0,1,27.3161295674845,24.275076080479387,45.0439453125
451,4.51,1024,1137,2055,1953,1,0,1,27.3161295674845,30.33050714670886,50.1708984375
452,4.52,1024,910,1844,1946,1,0,1,27.3161295674845,24.275076080479387,45.01953125
453,4.53,1024,1137,2054,1952,1,0,1,27.3161295674845,30.33050714670886,50.146484375
454,4.54,1024,910,1843,1945,1,0,1,27.3161295674845,24.275076080479387,44.9951171875
455,4.55,1024,1137,2053,1951,1,0,1,27.3161295674845,30.33050714670886,50.1220703125
456,4.56,1024,910,1842,1944,1,0,1,27.3161295674845,24.275076080479387,44.970703125
457,4.57,1024,910,2052,1950,1,0,1,27.3161295674845,24.275076080479387,50.09765625
458,4.58,1024,1137,2058,1956,1,0,1,27.3161295674845,30.33050714670886,50.244140625
459,4.59,1024,910,1847,1949,1,0,1,27.3161295674845,24.275076080479387,45.0927734375
460,4.6,1024,1137,2057,1955,1,0,1,27.3161295674845,30.33050714670886,50.2197265625
461,4.61,1024,910,1846,1948,1,0,1,27.3161295674845,24.275076080479387,45.068359375
462,4.62,1024,1137,2056,1954,1,0,1,27.3161295674845,30.33050714670886,50.1953125
463,4.63,1024,910,1845,1947,1,0,1,27.3161295674845,24.275076080479387,45.0439453125
464,4.64,1024,1137,2055,1953,1,0,1,27.3161295674845,30.33050714670886,50.1708984375
465,4.65,1024,910,1844,1946,1,0,1,27.3161295674845,24.275076080479387,45.01953125
466,4.66,1024,1137,2054,1952,1,0,1,27.3161295674845,30.33050714670886,50.146484375
467,4.67,1024,910,1843,1945,1,0,1,27.3161295674845,24.275076080479387,44.9951171875
468,4.68,1024,1137,2053,1951,1,0,1,27.3161295674845,30.33050714670886,50.1220703125
469,4.69,1024,910,1842,1944,1,0,1,27.3161295674845,24.275076080479387,44.970703125
470,4.7,1024,1137,2052,1950,1,0,1,27.3161295674845,30.33050714670886,50.09765625
471,4.71,1024,910,1841,1943,1,0,1,27.3161295674845,24.275076080479387,44.9462890625
472,4.72,1024,1137,2051,1949,1,0,1,27.3161295674845,30.33050714670886,50.0732421875
473,4.73,1024,910,1840,1942,1,0,1,27.3161295674845,24.275076080479387,44.921875
474,4.74,1024,910,2050,1948,1,0,1,27.3161295674845,24.275076080479387,50.048828125
475,4.75,1024,1137,2056,1954,1,0,1,27.3161295674845,30.33050714670886,50.1953125
476,4.76,1024,910,1845,1947,1,0,1,27.3161295674845,24.275076080479387,45.0439453125
477,4.77,1024,1137,2055,1953,1,0,1,27.3161295674845,30.33050714670886,50.1708984375
478,4.78,1024,910,1844,1946,1,0,1,27.3161295674845,24.275076080479387,45.01953125
479,4.79,1024,1137,2054,1952,1,0,1,27.3161295674845,30.33050714670886,50.146484375
480,4.8,1024,910,1843,1945,1,0,1,27.3161295674845,24.275076080479387,44.9951171875
481,4.81,1024,1137,2053,1951,1,0,1,27.3161295674845,30.33050714670886,50.1220703125
482,4.82,1024,910,1842,1944,1,0,1,27.3161295674845,24.275076080479387,44.970703125
483,4.83,1024,1137,2052,1950,1,0,1,27.3161295674845,30.33050714670886,50.09765625
484,4.84,1024,910,1841,1943,1,0,1,27.3161295674845,24.275076080479387,44.9462890625
485,4.85,1024,1137,2051,1949,1,0,1,27.3161295674845,30.33050714670886,50.0732421875
486,4.86,1024,910,1840,1942,1,0,1,27.3161295674845,24.275076080479387,44.921875
487,4.87,1024,1137,2050,1948,1,0,1,27.3161295674845,30.33050714670886,50.048828125
488,4.88,1024,910,1839,1941,1,0,1,27.3161295674845,24.275076080479387,44.8974609375
489,4.89,1024,1137,2049,1947,1,0,1,27.3161295674845,30.33050714670886,50.0244140625
490,4.9,1024,910,1838,1940,1,0,1,27.3161295674845,24.275076080479387,44.873046875
491,4.91,1024,1137,2048,1946,1,0,1,27.3161295674845,30.33050714670886,50.0
492,4.92,1024,910,1837,1939,1,0,1,27.3161295674845,24.275076080479387,44.8486328125
493,4.93,1024,1137,2047,1945,1,0,1,27.3161295674845,30.33050714670886,49.9755859375
494,4.94,1024,910,1836,1938,1,0,1,27.3161295674845,24.275076080479387,44.82421875
495,4.95,1024,1137,2046,1944,1,0,1,27.3161295674845,30.33050714670886,49.951171875
496,4.96,1024,910,1835,1937,1,0,1,27.3161295674845,24.275076080479387,44.7998046875
497,4.97,1024,1137,2045,1943,1,0,1,27.3161295674845,30.33050714670886,49.9267578125
498,4.98,1024,910,1834,1936,1,0,1,27.3161295674845,24.275076080479387,44.775390625
499,4.99,1024,910,2044,1942,1,0,1,27.3161295674845,24.275076080479387,49.90234375
500,5.0,1024,1137,2050,1948,1,0,1,27.3161295674845,30.33050714670886,50.048828125
501,5.01,1024,910,1839,1941,1,0,1,27.3161295674845,24.275076080479387,44.8974609375
502,5.02,1024,1137,2049,1947,1,0,1,27.3161295674845,30.33050714670886,50.0244140625
503,5.03,1024,910,1838,1940,1,0,1,27.3161295674845,24.275076080479387,44.873046875
504,5.04,1024,1137,2048,1946,1,0,1,27.3161295674845,30.33050714670886,50.0
505,5.05,1024,910,1837,1939,1,0,1,27.3161295674845,24.275076080479387,44.8486328125
506,5.06,1024,1137,2047,1945,1,0,1,27.3161295674845,30.33050714670886,49.9755859375
507,5.07,1024,910,1836,1938,1,0,1,27.3161295674845,24.275076080479387,44.82421875
508,5.08,1024,1137,2046,1944,1,0,1,27.3161295674845,30.33050714670886,49.951171875
509,5.09,1024,910,1835,1937,1,0,1,27.3161295674845,24.275076080479387,44.7998046875
510,5.1,1024,1137,2045,1943,1,0,1,27.3161295674845,30.33050714670886,49.9267578125
511,5.11,1024,910,1834,1936,1,0,1,27.3161295674845,24.275076080479387,44.775390625
512,5.12,1024,1137,2044,1942,1,0,1,27.3161295674845,30.33050714670886,49.90234375
513,5.13,1024,910,1833,1935,1,0,1,27.3161295674845,24.275076080479387,44.7509765625
514,5.14,1024,910,2043,1941,1,0,1,27.3161295674845,24.275076080479387,49.8779296875
515,5.15,1024,1137,2049,1947,1,0,1,27.3161295674845,30.33050714670886,50.0244140625
516,5.16,1024,910,1838,1940,1,0,1,27.3161295674845,24.275076080479387,44.873046875
517,5.17,1024,1137,2048,1946,1,0,1,27.3161295674845,30.33050714670886,50.0
518,5.18,1024,910,1837,1939,1,0,1,27.3161295674845,24.275076080479387,44.8486328125
519,5.19,1024,1137,2047,1945,1,0,1,27.3161295674845,30.33050714670886,49.9755859375
520,5.2,1024,910,1836,1938,1,0,1,27.3161295674845,24.275076080479387,44.82421875
521,5.21,1024,1137,2046,1944,1,0,1,27.3161295674845,30.33050714670886,49.951171875
522,5.22,1024,910,1835,1937,1,0,1,27.3161295674845,24.275076080479387,44.7998046875
523,5.23,1024,1137,2045,1943,1,0,1,27.3161295674845,30.33050714670886,49.9267578125
524,5.24,1024,910,1834,1936,1,0,1,27.3161295674845,24.275076080479387,44.775390625
525,5.25,1024,910,2044,1942,1,0,1,27.3161295674845,24.275076080479387,49.90234375
526,5.26,1024,1137,2050,1948,1,0,1,27.3161295674845,30.33050714670886,50.048828125
527,5.27,1024,910,1839,1941,1,0,1,27.3161295674845,24.275076080479387,44.8974609375
528,5.28,1024,1137,2049,1947,1,0,1,27.3161295674845,30.33050714670886,50.0244140625
529,5.29,1024,910,1838,1940,1,0,1,27.3161295674845,24.275076080479387,44.873046875
530,5.3,1024,1137,2048,1946,1,0,1,27.3161295674845,30.33050714670886,50.0
531,5.31,1024,910,1837,1939,1,0,1,27.3161295674845,24.275076080479387,44.8486328125
532,5.32,1024,1137,2047,1945,1,0,1,27.3161295674845,30.33050714670886,49.9755859375
533,5.33,1024,910,1836,1938,1,0,1,27.3161295674845,24.275076080479387,44.82421875
534,5.34,1024,910,2046,1944,1,0,1,27.3161295674845,24.275076080479387,49.951171875
535,5.35,1024,1137,2052,1950,1,0,1,27.3161295674845,30.33050714670886,50.09765625
536,5.36,1024,910,1841,1943,1,0,1,27.3161295674845,24.275076080479387,44.9462890625
537,5.37,1024,1137,2051,1949,1,0,1,27.3161295674845,30.33050714670886,50.0732421875
538,5.38,1024,910,1840,1942,1,0,1,27.3161295674845,24.275076080479387,44.921875
539,5.39,1024,1137,2050,1948,1,0,1,27.3161295674845,30.33050714670886,50.048828125
540,5.4,1024,910,1839,1941,1,0,1,27.3161295674845,24.275076080479387,44.8974609375
541,5.41,1024,1137,2049,1947,1,0,1,27.3161295674845,30.33050714670886,50.0244140625
542,5.42,1024,910,1838,1940,1,0,1,27.3161295674845,24.275076080479387,44.873046875
543,5.43,1024,1137,2048,1946,1,0,1,27.3161295674845,30.33050714670886,50.0
544,5.44,1024,910,1837,1939,1,0,1,27.3161295674845,24.275076080479387,44.8486328125
545,5.45,1024,910,2047,1945,1,0,1,27.3161295674845,24.275076080479387,49.9755859375
546,5.46,1024,1137,2053,1951,1,0,1,27.3161295674845,30.33050714670886,50.1220703125
547,5.47,1024,910,1842,1944,1,0,1,27.3161295674845,24.275076080479387,44.970703125
548,5.48,1024,1137,2052,1950,1,0,1,27.3161295674845,30.33050714670886,50.09765625
549,5.49,1024,910,1841,1943,1,0,1,27.3161295674845,24.275076080479387,44.9462890625
550,5.5,1024,1137,2051,1949,1,0,1,27.3161295674845,30.33050714670886,50.0732421875
551,5.51,1024,910,1840,1942,1,0,1,27.3161295674845,24.275076080479387,44.921875
552,5.52,1024,1137,2050,1948,1,0,1,27.3161295674845,30.33050714670886,50.048828125
553,5.53,1024,910,1839,1941,1,0,1,27.3161295674845,24.275076080479387,44.8974609375
554,5.54,1024,910,2049,1947,1,0,1,27.3161295674845,24.275076080479387,50.0244140625
555,5.55,1024,1137,2055,1953,1,0,1,27.3161295674845,30.33050714670886,50.1708984375
556,5.56,1024,910,1844,1946,1,0,1,27.3161295674845,24.275076080479387,45.01953125
557,5.57,1024,1137,2054,1952,1,0,1,27.3161295674845,30.33050714670886,50.146484375
558,5.58,1024,910,1843,1945,1,0,1,27.3161295674845,24.275076080479387,44.9951171875
559,5.59,1024,1137,2053,1951,1,0,1,27.3161295674845,30.33050714670886,50.1220703125
560,5.6,1024,910,1842,1944,1,0,1,27.3161295674845,24.275076080479387,44.970703125
561,5.61,1024,1137,2052,1950,1,0,1,27.3161295674845,30.33050714670886,50.09765625
562,5.62,1024,910,1841,1943,1,0,1,27.3161295674845,24.275076080479387,44.9462890625
563,5.63,1024,1137,2051,1949,1,0,1,27.3161295674845,30.33050714670886,50.0732421875
564,5.64,1024,910,1840,1942,1,0,1,27.3161295674845,24.275076080479387,44.921875
565,5.65,1024,910,2050,1948,1,0,1,27.3161295674845,24.275076080479387,50.048828125
566,5.66,1024,1137,2056,1954,1,0,1,27.3161295674845,30.33050714670886,50.1953125
567,5.67,1024,910,1845,1947,1,0,1,27.3161295674845,24.275076080479387,45.0439453125
568,5.68,1024,1137,2055,1953,1,0,1,27.3161295674845,30.33050714670886,50.1708984375
569,5.69,1024,910,1844,1946,1,0,1,27.3161295674845,24.275076080479387,45.01953125
570,5.7,1024,1137,2054,1952,1,0,1,27.3161295674845,30.33050714670886,50.146484375
571,5.71,1024,910,1843,1945,1,0,1,27.3161295674845,24.275076080479387,44.9951171875
572,5.72,1024,1137,2053,1951,1,0,1,27.3161295674845,30.33050714670886,50.1220703125
573,5.73,1024,910,1842,1944,1,0,1,27.3161295674845,24.275076080479387,44.970703125
574,5.74,1024,1137,2052,1950,1,0,1,27.3161295674845,30.33050714670886,50.09765625
575,5.75,1024,910,1841,1943,1,0,1,27.3161295674845,24.275076080479387,44.9462890625
576,5.76,1024,1137,2051,1949,1,0,1,27.3161295674845,30.33050714670886,50.0732421875
577,5.77,1024,910,1840,1942,1,0,1,27.3161295674845,24.275076080479387,44.921875
578,5.78,1024,1137,2050,1948,1,0,1,27.3161295674845,30.33050714670886,50.048828125
579,5.79,1024,910,1839,1941,1,0,1,27.3161295674845,24.275076080479387,44.8974609375
580,5.8,1024,1137,2049,1947,1,0,1,27.3161295674845,30.33050714670886,50.0244140625
581,5.81,1024,910,1838,1940,1,0,1,27.3161295674845,24.275076080479387,44.873046875
582,5.82,1024,910,2048,1946,1,0,1,27.3161295674845,24.275076080479387,50.0
583,5.83,1024,1137,2054,1952,1,0,1,27.3161295674845,30.33050714670886,50.146484375
584,5.84,1024,910,1843,1945,1,0,1,27.3161295674845,24.275076080479387,44.9951171875
585,5.85,1024,1137,2053,1951,1,0,1,27.3161295674845,30.33050714670886,50.1220703125
586,5.86,1024,910,1842,1944,1,0,1,27.3161295674845,24.275076080479387,44.970703125
587,5.87,1024,1137,2052,1950,1,0,1,27.3161295674845,30.33050714670886,50.09765625
588,5.88,1024,910,1841,1943,1,0,1,27.3161295674845,24.275076080479387,44.9462890625
589,5.89,1024,1137,2051,1949,1,0,1,27.3161295674845,30.33050714670886,50.0732421875
590,5.9,1024,910,1840,1942,1,0,1,27.3161295674845,24.275076080479387,44.921875
591,5.91,1024,1137,2050,1948,1,0,1,27.3161295674845,30.33050714670886,50.048828125
592,5.92,1024,910,1839,1941,1,0,1,27.3161295674845,24.275076080479387,44.8974609375
593,5.93,1024,1137,2049,1947,1,0,1,27.3161295674845,30.33050714670886,50.0244140625
594,5.94,1024,910,1838,1940,1,0,1,27.3161295674845,24.275076080479387,44.873046875
595,5.95,1024,1137,2048,1946,1,0,1,27.3161295674845,30.33050714670886,50.0
596,5.96,1024,910,1837,1939,1,0,1,27.3161295674845,24.275076080479387,44.8486328125
597,5.97,1024,1137,2047,1945,1,0,1,27.3161295674845,30.33050714670886,49.9755859375
598,5.98,1024,910,1836,1938,1,0,1,27.3161295674845,24.275076080479387,44.82421875
599,5.99,1024,910,2046,1944,1,0,1,27.3161295674845,24.275076080479387,49.951171875
600,6.0,1024,1137,2052,1950,1,0,1,27.3161295674845,30.33050714670886,50.09765625
601,6.01,1024,910,1841,1943,1,0,1,27.3161295674845,24.275076080479387,44.9462890625
602,6.02,1024,1137,2051,1949,1,0,1,27.3161295674845,30.33050714670886,50.0732421875
603,6.03,1024,910,1840,1942,1,0,1,27.3161295674845,24.275076080479387,44.921875
604,6.04,1024,1137,2050,1948,1,0,1,27.3161295674845,30.33050714670886,50.048828125
605,6.05,1024,910,1839,1941,1,0,1,27.3161295674845,24.275076080479387,44.8974609375
606,6.06,1024,1137,2049,1947,1,0,1,27.3161295674845,30.33050714670886,50.0244140625
607,6.07,1024,910,1838,1940,1,0,1,27.3161295674845,24.275076080479387,44.873046875
608,6.08,1024,910,2048,1946,1,0,1,27.3161295674845,24.275076080479387,50.0
609,6.09,1024,1137,2054,1952,1,0,1,27.3161295674845,30.33050714670886,50.146484375
610,6.1,1024,910,1843,1945,1,0,1,27.3161295674845,24.275076080479387,44.9951171875
611,6.11,1024,1137,2053,1951,1,0,1,27.3161295674845,30.33050714670886,50.1220703125
612,6.12,1024,910,1842,1944,1,0,1,27.3161295674845,24.275076080479387,44.970703125
613,6.13,1024,910,2052,1950,1,0,1,27.3161295674845,24.275076080479387,50.09765625
614,6.14,1024,1137,2058,1956,1,0,1,27.3161295674845,30.33050714670886,50.244140625
615,6.15,1024,910,1847,1949,1,0,1,27.3161295674845,24.275076080479387,45.0927734375
616,6.16,1024,1137,2057,1955,1,0,1,27.3161295674845,30.33050714670886,50.2197265625
617,6.17,1024,910,1846,1948,1,0,1,27.3161295674845,24.275076080479387,45.068359375
618,6.18,1024,1137,2056,1954,1,0,1,27.3161295674845,30.33050714670886,50.1953125
619,6.19,1024,910,1845,1947,1,0,1,27.3161295674845,24.275076080479387,45.0439453125
620,6.2,1024,910,2055,1953,1,0,1,27.3161295674845,24.275076080479387,50.1708984375
621,6.21,1024,1137,2061,1959,1,0,1,27.3161295674845,30.33050714670886,50.3173828125
622,6.22,1024,910,1850,1952,1,0,1,27.3161295674845,24.275076080479387,45.166015625
623,6.23,1024,1137,2060,1958,1,0,1,27.3161295674845,30.33050714670886,50.29296875
624,6.24,1024,910,1849,1951,1,0,1,27.3161295674845,24.275076080479387,45.1416015625
625,6.25,1024,910,2059,1957,1,0,1,27.3161295674845,24.275076080479387,50.2685546875
626,6.26,1024,1137,2065,1963,1,0,1,27.3161295674845,30.33050714670886,50.4150390625
627,6.27,1024,910,1854,1956,1,0,1,27.3161295674845,24.275076080479387,45.263671875
628,6.28,1024,1137,2064,1962,1,0,1,27.3161295674845,30.33050714670886,50.390625
629,6.29,1024,910,1853,1955,1,0,1,27.3161295674845,24.275076080479387,45.2392578125
630,6.3,1024,910,2063,1961,1,0,1,27.3161295674845,24.275076080479387,50.3662109375
631,6.31,1024,1137,2069,1967,1,0,1,27.3161295674845,30.33050714670886,50.5126953125
632,6.32,1024,910,1858,1960,1,0,1,27.3161295674845,24.275076080479387,45.361328125
633,6.33,1024,1137,2068,1966,1,0,1,27.3161295674845,30.33050714670886,50.48828125
634,6.34,1024,910,1857,1959,1,0,1,27.3161295674845,24.275076080479387,45.3369140625
635,6.35,1024,1137,2067,1965,1,0,1,27.3161295674845,30.33050714670886,50.4638671875
636,6.36,1024,910,1856,1958,1,0,1,27.3161295674845,24.275076080479387,45.3125
637,6.37,1024,910,2066,1964,1,0,1,27.3161295674845,24.275076080479387,50.439453125
638,6.38,1024,1137,2072,1970,1,0,1,27.3161295674845,30.33050714670886,50.5859375
639,6.39,1024,910,1861,1963,1,0,1,27.3161295674845,24.275076080479387,45.4345703125
640,6.4,1024,1137,2071,1969,1,0,1,27.3161295674845,30.33050714670886,50.5615234375
641,6.41,1024,910,1860,1962,1,0,1,27.3161295674845,24.275076080479387,45.41015625
642,6.42,1024,1137,2070,1968,1,0,1,27.3161295674845,30.33050714670886,50.537109375
643,6.43,1024,910,1859,1961,1,0,1,27.3161295674845,24.275076080479387,45.3857421875
644,6.44,1024,910,2069,1967,1,0,1,27.3161295674845,24.275076080479387,50.5126953125
645,6.45,1024,1137,2075,1973,1,0,1,27.3161295674845,30.33050714670886,50.6591796875
646,6.46,1024,910,1864,1966,1,0,1,27.3161295674845,24.275076080479387,45.5078125
647,6.47,1024,1137,2074,1972,1,0,1,27.3161295674845,30.33050714670886,50.634765625
648,6.48,1024,910,1863,1965,1,0,1,27.3161295674845,24.275076080479387,45.4833984375
649,6.49,1024,1137,2073,1971,1,0,1,27.3161295674845,30.33050714670886,50.6103515625
650,6.5,1024,910,1862,1964,1,0,1,27.3161295674845,24.275076080479387,45.458984375
651,6.51,1024,1137,2072,1970,1,0,1,27.3161295674845,30.33050714670886,50.5859375
652,6.52,1024,910,1861,1963,1,0,1,27.3161295674845,24.275076080479387,45.4345703125
653,6.53,1024,910,2071,1969,1,0,1,27.3161295674845,24.275076080479387,50.5615234375
654,6.54,1024,1137,2077,1975,1,0,1,27.3161295674845,30.33050714670886,50.7080078125
655,6.55,1024,910,1866,1968,1,0,1,27.3161295674845,24.275076080479387,45.556640625
656,6.56,1024,1137,2076,1974,1,0,1,27.3161295674845,30.33050714670886,50.68359375
657,6.57,1024,910,1865,1967,1,0,1,27.3161295674845,24.275076080479387,45.5322265625
658,6.58,1024,1137,2075,1973,1,0,1,27.3161295674845,30.33050714670886,50.6591796875
659,6.59,1024,910,1864,1966,1,0,1,27.3161295674845,24.275076080479387,45.5078125
660,6.6,1024,1137,2074,1972,1,0,1,27.3161295674845,30.33050714670886,50.634765625
661,6.61,1024,910,1863,1965,1,0,1,27.3161295674845,24.275076080479387,45.4833984375
662,6.62,1024,910,2073,1971,1,0,1,27.3161295674845,24.275076080479387,50.6103515625
663,6.63,1024,1137,2079,1977,1,0,1,27.3161295674845,30.33050714670886,50.7568359375
664,6.64,1024,910,1868,1970,1,0,1,27.3161295674845,24.275076080479387,45.60546875
665,6.65,1024,1137,2078,1976,1,0,1,27.3161295674845,30.33050714670886,50.732421875
666,6.66,1024,910,1867,1969,1,0,1,27.3161295674845,24.275076080479387,45.5810546875
667,6.67,1024,1137,2077,1975,1,0,1,27.3161295674845,30.33050714670886,50.7080078125
668,6.68,1024,910,1866,1968,1,0,1,27.3161295674845,24.275076080479387,45.556640625
669,6.69,1024,1137,2076,1974,1,0,1,27.3161295674845,30.33050714670886,50.68359375
670,6.7,1024,910,1865,1967,1,0,1,27.3161295674845,24.275076080479387,45.5322265625
671,6.71,1024,1137,2075,1973,1,0,1,27.3161295674845,30.33050714670886,50.6591796875
672,6.72,1024,910,1864,1966,1,0,1,27.3161295674845,24.275076080479387,45.5078125
673,6.73,1024,1137,2074,1972,1,0,1,27.3161295674845,30.33050714670886,50.634765625
674,6.74,1024,910,1863,1965,1,0,1,27.3161295674845,24.275076080479387,45.4833984375
675,6.75,1024,910,2073,1971,1,0,1,27.3161295674845,24.275076080479387,50.6103515625
676,6.76,1024,1137,2079,1977,1,0,1,27.3161295674845,30.33050714670886,50.7568359375
677,6.77,1024,910,1868,1970,1,0,1,27.3161295674845,24.275076080479387,45.60546875
678,6.78,1024,1137,2078,1976,1,0,1,27.3161295674845,30.33050714670886,50.732421875
679,6.79,1024,910,1867,1969,1,0,1,27.3161295674845,24.275076080479387,45.5810546875
680,6.8,1024,1137,2077,1975,1,0,1,27.3161295674845,30.33050714670886,50.7080078125
681,6.81,1024,910,1866,1968,1,0,1,27.3161295674845,24.275076080479387,45.556640625
682,6.82,1024,1137,2076,1974,1,0,1,27.3161295674845,30.33050714670886,50.68359375
683,6.83,1024,910,1865,1967,1,0,1,27.3161295674845,24.275076080479387,45.5322265625
684,6.84,1024,1137,2075,1973,1,0,1,27.3161295674845,30.33050714670886,50.6591796875
685,6.85,1024,910,1864,1966,1,0,1,27.3161295674845,24.275076080479387,45.5078125
686,6.86,1024,1137,2074,1972,1,0,1,27.3161295674845,30.33050714670886,50.634765625
687,6.87,1024,910,1863,1965,1,0,1,27.3161295674845,24.275076080479387,45.4833984375
688,6.88,1024,1137,2073,1971,1,0,1,27.3161295674845,30.33050714670886,50.6103515625
689,6.89,1024,910,1862,1964,1,0,1,27.3161295674845,24.275076080479387,45.458984375
690,6.9,1024,910,2072,1970,1,0,1,27.3161295674845,24.275076080479387,50.5859375
691,6.91,1024,1137,2078,1976,1,0,1,27.3161295674845,30.33050714670886,50.732421875
692,6.92,1024,910,1867,1969,1,0,1,27.3161295674845,24.275076080479387,45.5810546875
693,6.93,1024,1137,2077,1975,1,0,1,27.3161295674845,30.33050714670886,50.7080078125
694,6.94,1024,910,1866,1968,1,0,1,27.3161295674845,24.275076080479387,45.556640625
695,6.95,1024,1137,2076,1974,1,0,1,27.3161295674845,30.33050714670886,50.68359375
696,6.96,1024,910,1865,1967,1,0,1,27.3161295674845,24.275076080479387,45.5322265625
697,6.97,1024,1137,2075,1973,1,0,1,27.3161295674845,30.33050714670886,50.6591796875
698,6.98,1024,910,1864,1966,1,0,1,27.3161295674845,24.275076080479387,45.5078125
699,6.99,1024,1137,2074,1972,1,0,1,27.3161295674845,30.33050714670886,50.634765625
700,7.0,1024,910,1863,1965,1,0,1,27.3161295674845,24.275076080479387,45.4833984375
701,7.01,1024,1137,2073,1971,1,0,1,27.3161295674845,30.33050714670886,50.6103515625
702,7.02,1024,910,1862,1964,1,0,1,27.3161295674845,24.275076080479387,45.458984375
703,7.03,1024,1137,2072,1970,1,0,1,27.3161295674845,30.33050714670886,50.5859375
704,7.04,1024,910,1861,1963,1,0,1,27.3161295674845,24.275076080479387,45.4345703125
705,7.05,1024,1137,2071,1969,1,0,1,27.3161295674845,30.33050714670886,50.5615234375
706,7.06,1024,910,1860,1962,1,0,1,27.3161295674845,24.275076080479387,45.41015625
707,7.07,1024,1137,2070,1968,1,0,1,27.3161295674845,30.33050714670886,50.537109375
708,7.08,1024,910,1859,1961,1,0,1,27.3161295674845,24.275076080479387,45.3857421875
709,7.09,1024,1137,2069,1967,1,0,1,27.3161295674845,30.33050714670886,50.5126953125
710,7.1,1024,910,1858,1960,1,0,1,27.3161295674845,24.275076080479387,45.361328125
711,7.11,1024,1137,2068,1966,1,0,1,27.3161295674845,30.33050714670886,50.48828125
712,7.12,1024,910,1857,1959,1,0,1,27.3161295674845,24.275076080479387,45.3369140625
713,7.13,1024,1137,2067,1965,1,0,1,27.3161295674845,30.33050714670886,50.4638671875
714,7.14,1024,910,1856,1958,1,0,1,27.3161295674845,24.275076080479387,45.3125
715,7.15,1024,1137,2066,1964,1,0,1,27.3161295674845,30.33050714670886,50.439453125
716,7.16,1024,910,1855,1957,1,0,1,27.3161295674845,24.275076080479387,45.2880859375
717,7.17,1024,910,2065,1963,1,0,1,27.3161295674845,24.275076080479387,50.4150390625
718,7.18,1024,1137,2071,1969,1,0,1,27.3161295674845,30.33050714670886,50.5615234375
719,7.19,1024,910,1860,1962,1,0,1,27.3161295674845,24.275076080479387,45.41015625
720,7.2,1024,1137,2070,1968,1,0,1,27.3161295674845,30.33050714670886,50.537109375
721,7.21,1024,910,1859,1961,1,0,1,27.3161295674845,24.275076080479387,45.3857421875
722,7.22,1024,1137,2069,1967,1,0,1,27.3161295674845,30.33050714670886,50.5126953125
723,7.23,1024,910,1858,1960,1,0,1,27.3161295674845,24.275076080479387,45.361328125
724,7.24,1024,1137,2068,1966,1,0,1,27.3161295674845,30.33050714670886,50.48828125
725,7.25,1024,910,1857,1959,1,0,1,27.3161295674845,24.275076080479387,45.3369140625
726,7.26,1024,1137,2067,1965,1,0,1,27.3161295674845,30.33050714670886,50.4638671875
727,7.27,1024,910,1856,1958,1,0,1,27.3161295674845,24.275076080479387,45.3125
728,7.28,1024,1137,2066,1964,1,0,1,27.3161295674845,30.33050714670886,50.439453125
729,7.29,1024,910,1855,1957,1,0,1,27.3161295674845,24.275076080479387,45.2880859375
730,7.3,1024,1137,2065,1963,1,0,1,27.3161295674845,30.33050714670886,50.4150390625
731,7.31,1024,910,1854,1956,1,0,1,27.3161295674845,24.275076080479387,45.263671875
732,7.32,1024,1137,2064,1962,1,0,1,27.3161295674845,30.33050714670886,50.390625
733,7.33,1024,910,1853,1955,1,0,1,27.3161295674845,24.275076080479387,45.2392578125
734,7.34,1024,1137,2063,1961,1,0,1,27.3161295674845,30.33050714670886,50.3662109375
735,7.35,1024,910,1852,1954,1,0,1,27.3161295674845,24.275076080479387,45.21484375
736,7.36,1024,1137,2062,1960,1,0,1,27.3161295674845,30.33050714670886,50.341796875
737,7.37,1024,910,1851,1953,1,0,1,27.3161295674845,24.275076080479387,45.1904296875
738,7.38,1024,910,2061,1959,1,0,1,27.3161295674845,24.275076080479387,50.3173828125
739,7.39,1024,1137,2067,1965,1,0,1,27.3161295674845,30.33050714670886,50.4638671875
740,7.4,1024,910,1856,1958,1,0,1,27.3161295674845,24.275076080479387,45.3125
741,7.41,1024,1137,2066,1964,1,0,1,27.3161295674845,30.33050714670886,50.439453125
742,7.42,1024,910,1855,1957,1,0,1,27.3161295674845,24.275076080479387,45.2880859375
743,7.43,1024,1137,2065,1963,1,0,1,27.3161295674845,30.33050714670886,50.4150390625
744,7.44,1024,910,1854,1956,1,0,1,27.3161295674845,24.275076080479387,45.263671875
745,7.45,1024,1137,2064,1962,1,0,1,27.3161295674845,30.33050714670886,50.390625
746,7.46,1024,910,1853,1955,1,0,1,27.3161295674845,24.275076080479387,45.2392578125
747,7.47,1024,1137,2063,1961,1,0,1,27.3161295674845,30.33050714670886,50.3662109375
748,7.48,1024,910,1852,1954,1,0,1,27.3161295674845,24.275076080479387,45.21484375
749,7.49,1024,1137,2062,1960,1,0,1,27.3161295674845,30.33050714670886,50.341796875
750,7.5,1024,910,1851,1953,1,0,1,27.3161295674845,24.275076080479387,45.1904296875
751,7.51,1024,1137,2061,1959,1,0,1,27.3161295674845,30.33050714670886,50.3173828125
752,7.52,1024,910,1850,1952,1,0,1,27.3161295674845,24.275076080479387,45.166015625
753,7.53,1024,1137,2060,1958,1,0,1,27.3161295674845,30.33050714670886,50.29296875
754,7.54,1024,910,1849,1951,1,0,1,27.3161295674845,24.275076080479387,45.1416015625
755,7.55,1024,910,2059,1957,1,0,1,27.3161295674845,24.275076080479387,50.2685546875
756,7.56,1024,1137,2065,1963,1,0,1,27.3161295674845,30.33050714670886,50.4150390625
757,7.57,1024,910,1854,1956,1,0,1,27.3161295674845,24.275076080479387,45.263671875
758,7.58,1024,1137,2064,1962,1,0,1,27.3161295674845,30.33050714670886,50.390625
759,7.59,1024,910,1853,1955,1,0,1,27.3161295674845,24.275076080479387,45.2392578125
760,7.6,1024,1137,2063,1961,1,0,1,27.3161295674845,30.33050714670886,50.3662109375
761,7.61,1024,910,1852,1954,1,0,1,27.3161295674845,24.275076080479387,45.21484375
762,7.62,1024,1137,2062,1960,1,0,1,27.3161295674845,30.33050714670886,50.341796875
763,7.63,1024,910,1851,1953,1,0,1,27.3161295674845,24.275076080479387,45.1904296875
764,7.64,1024,1137,2061,1959,1,0,1,27.3161295674845,30.33050714670886,50.3173828125
765,7.65,1024,910,1850,1952,1,0,1,27.3161295674845,24.275076080479387,45.166015625
766,7.66,1024,1137,2060,1958,1,0,1,27.3161295674845,30.33050714670886,50.29296875
767,7.67,1024,910,1849,1951,1,0,1,27.3161295674845,24.275076080479387,45.1416015625
768,7.68,1024,1137,2059,1957,1,0,1,27.3161295674845,30.33050714670886,50.2685546875
769,7.69,1024,910,1848,1950,1,0,1,27.3161295674845,24.275076080479387,45.1171875
770,7.7,1024,1137,2058,1956,1,0,1,27.3161295674845,30.33050714670886,50.244140625
771,7.71,1024,910,1847,1949,1,0,1,27.3161295674845,24.275076080479387,45.0927734375
772,7.72,1024,910,2057,1955,1,0,1,27.3161295674845,24.275076080479387,50.2197265625
773,7.73,1024,1137,2063,1961,1,0,1,27.3161295674845,30.33050714670886,50.3662109375
774,7.74,1024,910,1852,1954,1,0,1,27.3161295674845,24.275076080479387,45.21484375
775,7.75,1024,1137,2062,1960,1,0,1,27.3161295674845,30.33050714670886,50.341796875
776,7.76,1024,910,1851,1953,1,0,1,27.3161295674845,24.275076080479387,45.1904296875
777,7.77,1024,1137,2061,1959,1,0,1,27.3161295674845,30.33050714670886,50.3173828125
778,7.78,1024,910,1850,1952,1,0,1,27.3161295674845,24.275076080479387,45.166015625
779,7.79,1024,1137,2060,1958,1,0,1,27.3161295674845,30.33050714670886,50.29296875
780,7.8,1024,910,1849,1951,1,0,1,27.3161295674845,24.275076080479387,45.1416015625
781,7.81,1024,1137,2059,1957,1,0,1,27.3161295674845,30.33050714670886,50.2685546875
782,7.82,1024,910,1848,1950,1,0,1,27.3161295674845,24.275076080479387,45.1171875
783,7.83,1024,1137,2058,1956,1,0,1,27.3161295674845,30.33050714670886,50.244140625
784,7.84,1024,910,1847,1949,1,0,1,27.3161295674845,24.275076080479387,45.0927734375
785,7.85,1024,1137,2057,1955,1,0,1,27.3161295674845,30.33050714670886,50.2197265625
786,7.86,1024,910,1846,1948,1,0,1,27.3161295674845,24.275076080479387,45.068359375
787,7.87,1024,910,2056,1954,1,0,1,27.3161295674845,24.275076080479387,50.1953125
788,7.88,1024,1137,2062,1960,1,0,1,27.3161295674845,30.33050714670886,50.341796875
789,7.89,1024,910,1851,1953,1,0,1,27.3161295674845,24.275076080479387,45.1904296875
790,7.9,1024,1137,2061,1959,1,0,1,27.3161295674845,30.33050714670886,50.3173828125
791,7.91,1024,910,1850,1952,1,0,1,27.3161295674845,24.275076080479387,45.166015625
792,7.92,1024,1137,2060,1958,1,0,1,27.3161295674845,30.33050714670886,50.29296875
793,7.93,1024,910,1849,1951,1,0,1,27.3161295674845,24.275076080479387,45.1416015625
794,7.94,1024,1137,2059,1957,1,0,1,27.3161295674845,30.33050714670886,50.2685546875
795,7.95,1024,910,1848,1950,1,0,1,27.3161295674845,24.275076080479387,45.1171875
796,7.96,1024,1137,2058,1956,1,0,1,27.3161295674845,30.33050714670886,50.244140625
797,7.97,1024,910,1847,1949,1,0,1,27.3161295674845,24.275076080479387,45.0927734375
798,7.98,1024,1137,2057,1955,1,0,1,27.3161295674845,30.33050714670886,50.2197265625
799,7.99,1024,910,1846,1948,1,0,1,27.3161295674845,24.275076080479387,45.068359375
800,8.0,1024,1137,2056,1954,1,0,1,27.3161295674845,30.33050714670886,50.1953125
801,8.01,1024,910,1845,1947,1,0,1,27.3161295674845,24.275076080479387,45.0439453125
802,8.02,1024,910,2055,1953,1,0,1,27.3161295674845,24.275076080479387,50.1708984375
803,8.03,1024,1137,2061,1959,1,0,1,27.3161295674845,30.33050714670886,50.3173828125
804,8.04,1024,910,1850,1952,1,0,1,27.3161295674845,24.275076080479387,45.166015625
805,8.05,1024,1137,2060,1958,1,0,1,27.3161295674845,30.33050714670886,50.29296875
806,8.06,1024,910,1849,1951,1,0,1,27.3161295674845,24.275076080479387,45.1416015625
807,8.07,1024,1137,2059,1957,1,0,1,27.3161295674845,30.33050714670886,50.2685546875
808,8.08,1024,910,1848,1950,1,0,1,27.3161295674845,24.275076080479387,45.1171875
809,8.09,1024,1137,2058,1956,1,0,1,27.3161295674845,30.33050714670886,50.244140625
810,8.1,1024,910,1847,1949,1,0,1,27.3161295674845,24.275076080479387,45.0927734375
811,8.11,1024,1137,2057,1955,1,0,1,27.3161295674845,30.33050714670886,50.2197265625
812,8.12,1024,910,1846,1948,1,0,1,27.3161295674845,24.275076080479387,45.068359375
813,8.13,1024,1137,2056,1954,1,0,1,27.3161295674845,30.33050714670886,50.1953125
814,8.14,1024,910,1845,1947,1,0,1,27.3161295674845,24.275076080479387,45.0439453125
815,8.15,1024,1137,2055,1953,1,0,1,27.3161295674845,30.33050714670886,50.1708984375
816,8.16,1024,910,1844,1946,1,0,1,27.3161295674845,24.275076080479387,45.01953125
817,8.17,1024,1137,2054,1952,1,0,1,27.3161295674845,30.33050714670886,50.146484375
818,8.18,1024,910,1843,1945,1,0,1,27.3161295674845,24.275076080479387,44.9951171875
819,8.19,1024,1137,2053,1951,1,0,1,27.3161295674845,30.33050714670886,50.1220703125
820,8.2,1024,910,1842,1944,1,0,1,27.3161295674845,24.275076080479387,44.970703125
821,8.21,1024,910,2052,1950,1,0,1,27.3161295674845,24.275076080479387,50.09765625
822,8.22,1024,1137,2058,1956,1,0,1,27.3161295674845,30.33050714670886,50.244140625
823,8.23,1024,910,1847,1949,1,0,1,27.3161295674845,24.275076080479387,45.0927734375
824,8.24,1024,1137,2057,1955,1,0,1,27.3161295674845,30.33050714670886,50.2197265625
825,8.25,1024,910,1846,1948,1,0,1,27.3161295674845,24.275076080479387,45.068359375
826,8.26,1024,1137,2056,1954,1,0,1,27.3161295674845,30.33050714670886,50.1953125
827,8.27,1024,910,1845,1947,1,0,1,27.3161295674845,24.275076080479387,45.0439453125
828,8.28,1024,1137,2055,1953,1,0,1,27.3161295674845,30.33050714670886,50.1708984375
829,8.29,1024,910,1844,1946,1,0,1,27.3161295674845,24.275076080479387,45.01953125
830,8.3,1024,1137,2054,1952,1,0,1,27.3161295674845,30.33050714670886,50.146484375
831,8.31,1024,910,1843,1945,1,0,1,27.3161295674845,24.275076080479387,44.9951171875
832,8.32,1024,1137,2053,1951,1,0,1,27.3161295674845,30.33050714670886,50.1220703125
833,8.33,1024,910,1842,1944,1,0,1,27.3161295674845,24.275076080479387,44.970703125
834,8.34,1024,1137,2052,1950,1,0,1,27.3161295674845,30.33050714670886,50.09765625
835,8.35,1024,910,1841,1943,1,0,1,27.3161295674845,24.275076080479387,44.9462890625
836,8.36,1024,910,2051,1949,1,0,1,27.3161295674845,24.275076080479387,50.0732421875
837,8.37,1024,1137,2057,1955,1,0,1,27.3161295674845,30.33050714670886,50.2197265625
838,8.38,1024,910,1846,1948,1,0,1,27.3161295674845,24.275076080479387,45.068359375
839,8.39,1024,1137,2056,1954,1,0,1,27.3161295674845,30.33050714670886,50.1953125
840,8.4,1024,910,1845,1947,1,0,1,27.3161295674845,24.275076080479387,45.0439453125
841,8.41,1024,1137,2055,1953,1,0,1,27.3161295674845,30.33050714670886,50.1708984375
842,8.42,1024,910,1844,1946,1,0,1,27.3161295674845,24.275076080479387,45.01953125
843,8.43,1024,1137,2054,1952,1,0,1,27.3161295674845,30.33050714670886,50.146484375
844,8.44,1024,910,1843,1945,1,0,1,27.3161295674845,24.275076080479387,44.9951171875
845,8.45,1024,1137,2053,1951,1,0,1,27.3161295674845,30.33050714670886,50.1220703125
846,8.46,1024,910,1842,1944,1,0,1,27.3161295674845,24.275076080479387,44.970703125
847,8.47,1024,1137,2052,1950,1,0,1,27.3161295674845,30.33050714670886,50.09765625
848,8.48,1024,910,1841,1943,1,0,1,27.3161295674845,24.275076080479387,44.9462890625
849,8.49,1024,910,2051,1949,1,0,1,27.3161295674845,24.275076080479387,50.0732421875
850,8.5,1024,1137,2057,1955,1,0,1,27.3161295674845,30.33050714670886,50.2197265625
851,8.51,1024,910,1846,1948,1,0,1,27.3161295674845,24.275076080479387,45.068359375
852,8.52,1024,1137,2056,1954,1,0,1,27.3161295674845,30.33050714670886,50.1953125
853,8.53,1024,910,1845,1947,1,0,1,27.3161295674845,24.275076080479387,45.0439453125
854,8.54,1024,1137,2055,1953,1,0,1,27.3161295674845,30.33050714670886,50.1708984375
855,8.55,1024,910,1844,1946,1,0,1,27.3161295674845,24.275076080479387,45.01953125
856,8.56,1024,1137,2054,1952,1,0,1,27.3161295674845,30.33050714670886,50.146484375
857,8.57,1024,910,1843,1945,1,0,1,27.3161295674845,24.275076080479387,44.9951171875
858,8.58,1024,1137,2053,1951,1,0,1,27.3161295674845,30.33050714670886,50.1220703125
859,8.59,1024,910,1842,1944,1,0,1,27.3161295674845,24.275076080479387,44.970703125
860,8.6,1024,910,2052,1950,1,0,1,27.3161295674845,24.275076080479387,50.09765625
861,8.61,1024,1137,2058,1956,1,0,1,27.3161295674845,30.33050714670886,50.244140625
862,8.62,1024,910,1847,1949,1,0,1,27.3161295674845,24.275076080479387,45.0927734375
863,8.63,1024,1137,2057,1955,1,0,1,27.3161295674845,30.33050714670886,50.2197265625
864,8.64,1024,910,1846,1948,1,0,1,27.3161295674845,24.275076080479387,45.068359375
865,8.65,1024,1137,2056,1954,1,0,1,27.3161295674845,30.33050714670886,50.1953125
866,8.66,1024,910,1845,1947,1,0,1,27.3161295674845,24.275076080479387,45.0439453125
867,8.67,1024,1137,2055,1953,1,0,1,27.3161295674845,30.33050714670886,50.1708984375
868,8.68,1024,910,1844,1946,1,0,1,27.3161295674845,24.275076080479387,45.01953125
869,8.69,1024,1137,2054,1952,1,0,1,27.3161295674845,30.33050714670886,50.146484375
870,8.7,1024,910,1843,1945,1,0,1,27.3161295674845,24.275076080479387,44.9951171875
871,8.71,1024,1137,2053,1951,1,0,1,27.3161295674845,30.33050714670886,50.1220703125
872,8.72,1024,910,1842,1944,1,0,1,27.3161295674845,24.275076080479387,44.970703125
873,8.73,1024,910,2052,1950,1,0,1,27.3161295674845,24.275076080479387,50.09765625
874,8.74,1024,1137,2058,1956,1,0,1,27.3161295674845,30.33050714670886,50.244140625
875,8.75,1024,910,1847,1949,1,0,1,27.3161295674845,24.275076080479387,45.0927734375
876,8.76,1024,1137,2057,1955,1,0,1,27.3161295674845,30.33050714670886,50.2197265625
877,8.77,1024,910,1846,1948,1,0,1,27.3161295674845,24.275076080479387,45.068359375
878,8.78,1024,1137,2056,1954,1,0,1,27.3161295674845,30.33050714670886,50.1953125
879,8.79,1024,910,1845,1947,1,0,1,27.3161295674845,24.275076080479387,45.0439453125
880,8.8,1024,1137,2055,1953,1,0,1,27.3161295674845,30.33050714670886,50.1708984375
881,8.81,1024,910,1844,1946,1,0,1,27.3161295674845,24.275076080479387,45.01953125
882,8.82,1024,1137,2054,1952,1,0,1,27.3161295674845,30.33050714670886,50.146484375
883,8.83,1024,910,1843,1945,1,0,1,27.3161295674845,24.275076080479387,44.9951171875
884,8.84,1024,910,2053,1951,1,0,1,27.3161295674845,24.275076080479387,50.1220703125
885,8.85,1024,1137,2059,1957,1,0,1,27.3161295674845,30.33050714670886,50.2685546875
886,8.86,1024,910,1848,1950,1,0,1,27.3161295674845,24.275076080479387,45.1171875
887,8.87,1024,1137,2058,1956,1,0,1,27.3161295674845,30.33050714670886,50.244140625
888,8.88,1024,910,1847,1949,1,0,1,27.3161295674845,24.275076080479387,45.0927734375
889,8.89,1024,1137,2057,1955,1,0,1,27.3161295674845,30.33050714670886,50.2197265625
890,8.9,1024,910,1846,1948,1,0,1,27.3161295674845,24.275076080479387,45.068359375
891,8.91,1024,1137,2056,1954,1,0,1,27.3161295674845,30.33050714670886,50.1953125
892,8.92,1024,910,1845,1947,1,0,1,27.3161295674845,24.275076080479387,45.0439453125
893,8.93,1024,1137,2055,1953,1,0,1,27.3161295674845,30.33050714670886,50.1708984375
894,8.94,1024,910,1844,1946,1,0,1,27.3161295674845,24.275076080479387,45.01953125
895,8.95,1024,1137,2054,1952,1,0,1,27.3161295674845,30.33050714670886,50.146484375
896,8.96,1024,910,1843,1945,1,0,1,27.3161295674845,24.275076080479387,44.9951171875
897,8.97,1024,910,2053,1951,1,0,1,27.3161295674845,24.275076080479387,50.1220703125
898,8.98,1024,1137,2059,1957,1,0,1,27.3161295674845,30.33050714670886,50.2685546875
899,8.99,1024,910,1848,1950,1,0,1,27.3161295674845,24.275076080479387,45.1171875
900,9.0,1024,1137,2058,1956,1,0,1,27.3161295674845,30.33050714670886,50.244140625
901,9.01,1024,910,1847,1949,1,0,1,27.3161295674845,24.275076080479387,45.0927734375
902,9.02,1024,1137,2057,1955,1,0,1,27.3161295674845,30.33050714670886,50.2197265625
903,9.03,1024,910,1846,1948,1,0,1,27.3161295674845,24.275076080479387,45.068359375
904,9.04,1024,1137,2056,1954,1,0,1,27.3161295674845,30.33050714670886,50.1953125
905,9.05,1024,910,1845,1947,1,0,1,27.3161295674845,24.275076080479387,45.0439453125
906,9.06,1024,1137,2055,1953,1,0,1,27.3161295674845,30.33050714670886,50.1708984375
907,9.07,1024,910,1844,1946,1,0,1,27.3161295674845,24.275076080479387,45.01953125
908,9.08,1024,1137,2054,1952,1,0,1,27.3161295674845,30.33050714670886,50.146484375
909,9.09,1024,910,1843,1945,1,0,1,27.3161295674845,24.275076080479387,44.9951171875
910,9.1,1024,1137,2053,1951,1,0,1,27.3161295674845,30.33050714670886,50.1220703125
911,9.11,1024,910,1842,1944,1,0,1,27.3161295674845,24.275076080479387,44.970703125
912,9.12,1024,910,2052,1950,1,0,1,27.3161295674845,24.275076080479387,50.09765625
913,9.13,1024,1137,2058,1956,1,0,1,27.3161295674845,30.33050714670886,50.244140625
914,9.14,1024,910,1847,1949,1,0,1,27.3161295674845,24.275076080479387,45.0927734375
915,9.15,1024,1137,2057,1955,1,0,1,27.3161295674845,30.33050714670886,50.2197265625
916,9.16,1024,910,1846,1948,1,0,1,27.3161295674845,24.275076080479387,45.068359375
917,9.17,1024,1137,2056,1954,1,0,1,27.3161295674845,30.33050714670886,50.1953125
918,9.18,1024,910,1845,1947,1,0,1,27.3161295674845,24.275076080479387,45.0439453125
919,9.19,1024,1137,2055,1953,1,0,1,27.3161295674845,30.33050714670886,50.1708984375
920,9.2,1024,910,1844,1946,1,0,1,27.3161295674845,24.275076080479387,45.01953125
921,9.21,1024,1137,2054,1952,1,0,1,27.3161295674845,30.33050714670886,50.146484375
922,9.22,1024,910,1843,1945,1,0,1,27.3161295674845,24.275076080479387,44.9951171875
923,9.23,1024,1137,2053,1951,1,0,1,27.3161295674845,30.33050714670886,50.1220703125
924,9.24,1024,910,1842,1944,1,0,1,27.3161295674845,24.275076080479387,44.970703125
925,9.25,1024,1137,2052,1950,1,0,1,27.3161295674845,30.33050714670886,50.09765625
926,9.26,1024,910,1841,1943,1,0,1,27.3161295674845,24.275076080479387,44.9462890625
927,9.27,1024,1137,2051,1949,1,0,1,27.3161295674845,30.33050714670886,50.0732421875
928,9.28,1024,910,1840,1942,1,0,1,27.3161295674845,24.275076080479387,44.921875
929,9.29,1024,910,2050,1948,1,0,1,27.3161295674845,24.275076080479387,50.048828125
930,9.3,1024,1137,2056,1954,1,0,1,27.3161295674845,30.33050714670886,50.1953125
931,9.31,1024,910,1845,1947,1,0,1,27.3161295674845,24.275076080479387,45.0439453125
932,9.32,1024,1137,2055,1953,1,0,1,27.3161295674845,30.33050714670886,50.1708984375
933,9.33,1024,910,1844,1946,1,0,1,27.3161295674845,24.275076080479387,45.01953125
934,9.34,1024,1137,2054,1952,1,0,1,27.3161295674845,30.33050714670886,50.146484375
935,9.35,1024,910,1843,1945,1,0,1,27.3161295674845,24.275076080479387,44.9951171875
936,9.36,1024,1137,2053,1951,1,0,1,27.3161295674845,30.33050714670886,50.1220703125
937,9.37,1024,910,1842,1944,1,0,1,27.3161295674845,24.275076080479387,44.970703125
938,9.38,1024,1137,2052,1950,1,0,1,27.3161295674845,30.33050714670886,50.09765625
939,9.39,1024,910,1841,1943,1,0,1,27.3161295674845,24.275076080479387,44.9462890625
940,9.4,1024,1137,2051,1949,1,0,1,27.3161295674845,30.33050714670886,50.0732421875
941,9.41,1024,910,1840,1942,1,0,1,27.3161295674845,24.275076080479387,44.921875
942,9.42,1024,910,2050,1948,1,0,1,27.3161295674845,24.275076080479387,50.048828125
943,9.43,1024,1137,2056,1954,1,0,1,27.3161295674845,30.33050714670886,50.1953125
944,9.44,1024,910,1845,1947,1,0,1,27.3161295674845,24.275076080479387,45.0439453125
945,9.45,1024,1137,2055,1953,1,0,1,27.3161295674845,30.33050714670886,50.1708984375
946,9.46,1024,910,1844,1946,1,0,1,27.3161295674845,24.275076080479387,45.01953125
947,9.47,1024,1137,2054,1952,1,0,1,27.3161295674845,30.33050714670886,50.146484375
948,9.48,1024,910,1843,1945,1,0,1,27.3161295674845,24.275076080479387,44.9951171875
949,9.49,1024,1137,2053,1951,1,0,1,27.3161295674845,30.33050714670886,50.1220703125
950,9.5,1024,910,1842,1944,1,0,1,27.3161295674845,24.275076080479387,44.970703125
951,9.51,1024,1137,2052,1950,1,0,1,27.3161295674845,30.33050714670886,50.09765625
952,9.52,1024,910,1841,1943,1,0,1,27.3161295674845,24.275076080479387,44.9462890625
953,9.53,1024,910,2051,1949,1,0,1,27.3161295674845,24.275076080479387,50.0732421875
954,9.54,1024,1137,2057,1955,1,0,1,27.3161295674845,30.33050714670886,50.2197265625
955,9.55,1024,910,1846,1948,1,0,1,27.3161295674845,24.275076080479387,45.068359375
956,9.56,1024,1137,2056,1954,1,0,1,27.3161295674845,30.33050714670886,50.1953125
957,9.57,1024,910,1845,1947,1,0,1,27.3161295674845,24.275076080479387,45.0439453125
958,9.58,1024,1137,2055,1953,1,0,1,27.3161295674845,30.33050714670886,50.1708984375
959,9.59,1024,910,1844,1946,1,0,1,27.3161295674845,24.275076080479387,45.01953125
960,9.6,1024,1137,2054,1952,1,0,1,27.3161295674845,30.33050714670886,50.146484375
961,9.61,1024,910,1843,1945,1,0,1,27.3161295674845,24.275076080479387,44.9951171875
962,9.62,1024,1137,2053,1951,1,0,1,27.3161295674845,30.33050714670886,50.1220703125
963,9.63,1024,910,1842,1944,1,0,1,27.3161295674845,24.275076080479387,44.970703125
964,9.64,1024,910,2052,1950,1,0,1,27.3161295674845,24.275076080479387,50.09765625
965,9.65,1024,1137,2058,1956,1,0,1,27.3161295674845,30.33050714670886,50.244140625
966,9.66,1024,910,1847,1949,1,0,1,27.3161295674845,24.275076080479387,45.0927734375
967,9.67,1024,1137,2057,1955,1,0,1,27.3161295674845,30.33050714670886,50.2197265625
968,9.68,1024,910,1846,1948,1,0,1,27.3161295674845,24.275076080479387,45.068359375
969,9.69,1024,1137,2056,1954,1,0,1,27.3161295674845,30.33050714670886,50.1953125
970,9.7,1024,910,1845,1947,1,0,1,27.3161295674845,24.275076080479387,45.0439453125
971,9.71,1024,1137,2055,1953,1,0,1,27.3161295674845,30.33050714670886,50.1708984375
972,9.72,1024,910,1844,1946,1,0,1,27.3161295674845,24.275076080479387,45.01953125
973,9.73,1024,1137,2054,1952,1,0,1,27.3161295674845,30.33050714670886,50.146484375
974,9.74,1024,910,1843,1945,1,0,1,27.3161295674845,24.275076080479387,44.9951171875
975,9.75,1024,1137,2053,1951,1,0,1,27.3161295674845,30.33050714670886,50.1220703125
976,9.76,1024,910,1842,1944,1,0,1,27.3161295674845,24.275076080479387,44.970703125
977,9.77,1024,910,2052,1950,1,0,1,27.3161295674845,24.275076080479387,50.09765625
978,9.78,1024,1137,2058,1956,1,0,1,27.3161295674845,30.33050714670886,50.244140625
979,9.79,1024,910,1847,1949,1,0,1,27.3161295674845,24.275076080479387,45.0927734375
980,9.8,1024,1137,2057,1955,1,0,1,27.3161295674845,30.33050714670886,50.2197265625
981,9.81,1024,910,1846,1948,1,0,1,27.3161295674845,24.275076080479387,45.068359375
982,9.82,1024,1137,2056,1954,1,0,1,27.3161295674845,30.33050714670886,50.1953125
983,9.83,1024,910,1845,1947,1,0,1,27.3161295674845,24.275076080479387,45.0439453125
984,9.84,1024,1137,2055,1953,1,0,1,27.3161295674845,30.33050714670886,50.1708984375
985,9.85,1024,910,1844,1946,1,0,1,27.3161295674845,24.275076080479387,45.01953125
986,9.86,1024,1137,2054,1952,1,0,1,27.3161295674845,30.33050714670886,50.146484375
987,9.87,1024,910,1843,1945,1,0,1,27.3161295674845,24.275076080479387,44.9951171875
988,9.88,1024,1137,2053,1951,1,0,1,27.3161295674845,30.33050714670886,50.1220703125
989,9.89,1024,910,1842,1944,1,0,1,27.3161295674845,24.275076080479387,44.970703125
990,9.9,1024,910,2052,1950,1,0,1,27.3161295674845,24.275076080479387,50.09765625
991,9.91,1024,1137,2058,1956,1,0,1,27.3161295674845,30.33050714670886,50.244140625
992,9.92,1024,910,1847,1949,1,0,1,27.3161295674845,24.275076080479387,45.0927734375
993,9.93,1024,1137,2057,1955,1,0,1,27.3161295674845,30.33050714670886,50.2197265625
994,9.94,1024,910,1846,1948,1,0,1,27.3161295674845,24.275076080479387,45.068359375
995,9.95,1024,1137,2056,1954,1,0,1,27.3161295674845,30.33050714670886,50.1953125
996,9.96,1024,910,1845,1947,1,0,1,27.3161295674845,24.275076080479387,45.0439453125
997,9.97,1024,1137,2055,1953,1,0,1,27.3161295674845,30.33050714670886,50.1708984375
998,9.98,1024,910,1844,1946,1,0,1,27.3161295674845,24.275076080479387,45.01953125
999,9.99,1024,1137,2054,1952,1,0,1,27.3161295674845,30.33050714670886,50.146484375
1000,10.0,1024,910,1843,1945,1,0,1,27.3161295674845,24.275076080479387,44.9951171875
1001,10.01,1024,1137,2053,1951,1,0,1,27.3161295674845,30.33050714670886,50.1220703125
1002,10.02,1024,910,1842,1944,1,0,1,27.3161295674845,24.275076080479387,44.970703125
1003,10.03,1024,1137,2052,1950,1,0,1,27.3161295674845,30.33050714670886,50.09765625
1004,10.04,1024,910,1841,1943,1,0,1,27.3161295674845,24.275076080479387,44.9462890625
1005,10.05,1024,910,2051,1949,1,0,1,27.3161295674845,24.275076080479387,50.0732421875
1006,10.06,1024,1137,2057,1955,1,0,1,27.3161295674845,30.33050714670886,50.2197265625
1007,10.07,1024,910,1846,1948,1,0,1,27.3161295674845,24.275076080479387,45.068359375
1008,10.08,1024,1137,2056,1954,1,0,1,27.3161295674845,30.33050714670886,50.1953125
1009,10.09,1024,910,1845,1947,1,0,1,27.3161295674845,24.275076080479387,45.0439453125
1010,10.1,1024,1137,2055,1953,1,0,1,27.3161295674845,30.33050714670886,50.1708984375
1011,10.11,1024,910,1844,1946,1,0,1,27.3161295674845,24.275076080479387,45.01953125
1012,10.12,1024,1137,2054,1952,1,0,1,27.3161295674845,30.33050714670886,50.146484375
1013,10.13,1024,910,1843,1945,1,0,1,27.3161295674845,24.275076080479387,44.9951171875
1014,10.14,1024,1137,2053,1951,1,0,1,27.3161295674845,30.33050714670886,50.1220703125
1015,10.15,1024,910,1842,1944,1,0,1,27.3161295674845,24.275076080479387,44.970703125
1016,10.16,1024,1137,2052,1950,1,0,1,27.3161295674845,30.33050714670886,50.09765625
1017,10.17,1024,910,1841,1943,1,0,1,27.3161295674845,24.275076080479387,44.9462890625
1018,10.18,1024,910,2051,1949,1,0,1,27.3161295674845,24.275076080479387,50.0732421875
1019,10.19,1024,1137,2057,1955,1,0,1,27.3161295674845,30.33050714670886,50.2197265625
1020,10.2,1024,910,1846,1948,1,0,1,27.3161295674845,24.275076080479387,45.068359375
1021,10.21,1024,1137,2056,1954,1,0,1,27.3161295674845,30.33050714670886,50.1953125
1022,10.22,1024,910,1845,1947,1,0,1,27.3161295674845,24.275076080479387,45.0439453125
1023,10.23,1024,1137,2055,1953,1,0,1,27.3161295674845,30.33050714670886,50.1708984375
1024,10.24,1024,910,1844,1946,1,0,1,27.3161295674845,24.275076080479387,45.01953125
1025,10.25,1024,1137,2054,1952,1,0,1,27.3161295674845,30.33050714670886,50.146484375
1026,10.26,1024,910,1843,1945,1,0,1,27.3161295674845,24.275076080479387,44.9951171875
1027,10.27,1024,1137,2053,1951,1,0,1,27.3161295674845,30.33050714670886,50.1220703125
1028,10.28,1024,910,1842,1944,1,0,1,27.3161295674845,24.275076080479387,44.970703125
1029,10.29,1024,1137,2052,1950,1,0,1,27.3161295674845,30.33050714670886,50.09765625
1030,10.3,1024,910,1841,1943,1,0,1,27.3161295674845,24.275076080479387,44.9462890625
1031,10.31,1024,910,2051,1949,1,0,1,27.3161295674845,24.275076080479387,50.0732421875
1032,10.32,1024,1137,2057,1955,1,0,1,27.3161295674845,30.33050714670886,50.2197265625
1033,10.33,1024,910,1846,1948,1,0,1,27.3161295674845,24.275076080479387,45.068359375
1034,10.34,1024,1137,2056,1954,1,0,1,27.3161295674845,30.33050714670886,50.1953125
1035,10.35,1024,910,1845,1947,1,0,1,27.3161295674845,24.275076080479387,45.0439453125
1036,10.36,1024,1137,2055,1953,1,0,1,27.3161295674845,30.33050714670886,50.1708984375
1037,10.37,1024,910,1844,1946,1,0,1,27.3161295674845,24.275076080479387,45.01953125
1038,10.38,1024,1137,2054,1952,1,0,1,27.3161295674845,30.33050714670886,50.146484375
1039,10.39,1024,910,1843,1945,1,0,1,27.3161295674845,24.275076080479387,44.9951171875
1040,10.4,1024,1137,2053,1951,1,0,1,27.3161295674845,30.33050714670886,50.1220703125
1041,10.41,1024,910,1842,1944,1,0,1,27.3161295674845,24.275076080479387,44.970703125
1042,10.42,1024,1137,2052,1950,1,0,1,27.3161295674845,30.33050714670886,50.09765625
1043,10.43,1024,910,1841,1943,1,0,1,27.3161295674845,24.275076080479387,44.9462890625
1044,10.44,1024,1137,2051,1949,1,0,1,27.3161295674845,30.33050714670886,50.0732421875
1045,10.45,1024,910,1840,1942,1,0,1,27.3161295674845,24.275076080479387,44.921875
1046,10.46,1024,910,2050,1948,1,0,1,27.3161295674845,24.275076080479387,50.048828125
1047,10.47,1024,1137,2056,1954,1,0,1,27.3161295674845,30.33050714670886,50.1953125
1048,10.48,1024,910,1845,1947,1,0,1,27.3161295674845,24.275076080479387,45.0439453125
1049,10.49,1024,1137,2055,1953,1,0,1,27.3161295674845,30.33050714670886,50.1708984375
1050,10.5,1024,910,1844,1946,1,0,1,27.3161295674845,24.275076080479387,45.01953125
1051,10.51,1024,1137,2054,1952,1,0,1,27.3161295674845,30.33050714670886,50.146484375
1052,10.52,1024,910,1843,1945,1,0,1,27.3161295674845,24.275076080479387,44.9951171875
1053,10.53,1024,1137,2053,1951,1,0,1,27.3161295674845,30.33050714670886,50.1220703125
1054,10.54,1024,910,1842,1944,1,0,1,27.3161295674845,24.275076080479387,44.970703125
1055,10.55,1024,1137,2052,1950,1,0,1,27.3161295674845,30.33050714670886,50.09765625
1056,10.56,1024,910,1841,1943,1,0,1,27.3161295674845,24.275076080479387,44.9462890625
1057,10.57,1024,1137,2051,1949,1,0,1,27.3161295674845,30.33050714670886,50.0732421875
1058,10.58,1024,910,1840,1942,1,0,1,27.3161295674845,24.275076080479387,44.921875
1059,10.59,1024,910,2050,1948,1,0,1,27.3161295674845,24.275076080479387,50.048828125
1060,10.6,1024,1137,2056,1954,1,0,1,27.3161295674845,30.33050714670886,50.1953125
1061,10.61,1024,910,1845,1947,1,0,1,27.3161295674845,24.275076080479387,45.0439453125
1062,10.62,1024,1137,2055,1953,1,0,1,27.3161295674845,30.33050714670886,50.1708984375
1063,10.63,1024,910,1844,1946,1,0,1,27.3161295674845,24.275076080479387,45.01953125
1064,10.64,1024,1137,2054,1952,1,0,1,27.3161295674845,30.33050714670886,50.146484375
1065,10.65,1024,910,1843,1945,1,0,1,27.3161295674845,24.275076080479387,44.9951171875
1066,10.66,1024,1137,2053,1951,1,0,1,27.3161295674845,30.33050714670886,50.1220703125
1067,10.67,1024,910,1842,1944,1,0,1,27.3161295674845,24.275076080479387,44.970703125
1068,10.68,1024,1137,2052,1950,1,0,1,27.3161295674845,30.33050714670886,50.09765625
1069,10.69,1024,910,1841,1943,1,0,1,27.3161295674845,24.275076080479387,44.9462890625
1070,10.7,1024,1137,2051,1949,1,0,1,27.3161295674845,30.33050714670886,50.0732421875
1071,10.71,1024,910,1840,1942,1,0,1,27.3161295674845,24.275076080479387,44.921875
1072,10.72,1024,910,2050,1948,1,0,1,27.3161295674845,24.275076080479387,50.048828125
1073,10.73,1024,1137,2056,1954,1,0,1,27.3161295674845,30.33050714670886,50.1953125
1074,10.74,1024,910,1845,1947,1,0,1,27.3161295674845,24.275076080479387,45.0439453125
1075,10.75,1024,1137,2055,1953,1,0,1,27.3161295674845,30.33050714670886,50.1708984375
1076,10.76,1024,910,1844,1946,1,0,1,27.3161295674845,24.275076080479387,45.01953125
1077,10.77,1024,1137,2054,1952,1,0,1,27.3161295674845,30.33050714670886,50.146484375
1078,10.78,1024,910,1843,1945,1,0,1,27.3161295674845,24.275076080479387,44.9951171875
1079,10.79,1024,1137,2053,1951,1,0,1,27.3161295674845,30.33050714670886,50.1220703125
1080,10.8,1024,910,1842,1944,1,0,1,27.3161295674845,24.275076080479387,44.970703125
1081,10.81,1024,1137,2052,1950,1,0,1,27.3161295674845,30.33050714670886,50.09765625
1082,10.82,1024,910,1841,1943,1,0,1,27.3161295674845,24.275076080479387,44.9462890625
1083,10.83,1024,1137,2051,1949,1,0,1,27.3161295674845,30.33050714670886,50.0732421875
1084,10.84,1024,910,1840,1942,1,0,1,27.3161295674845,24.275076080479387,44.921875
1085,10.85,1024,910,2050,1948,1,0,1,27.3161295674845,24.275076080479387,50.048828125
1086,10.86,1024,1137,2056,1954,1,0,1,27.3161295674845,30.33050714670886,50.1953125
1087,10.87,1024,910,1845,1947,1,0,1,27.3161295674845,24.275076080479387,45.0439453125
1088,10.88,1024,1137,2055,1953,1,0,1,27.3161295674845,30.33050714670886,50.1708984375
1089,10.89,1024,910,1844,1946,1,0,1,27.3161295674845,24.275076080479387,45.01953125
1090,10.9,1024,1137,2054,1952,1,0,1,27.3161295674845,30.33050714670886,50.146484375
1091,10.91,1024,910,1843,1945,1,0,1,27.3161295674845,24.275076080479387,44.9951171875
1092,10.92,1024,1137,2053,1951,1,0,1,27.3161295674845,30.33050714670886,50.1220703125
1093,10.93,1024,910,1842,1944,1,0,1,27.3161295674845,24.275076080479387,44.970703125
1094,10.94,1024,1137,2052,1950,1,0,1,27.3161295674845,30.33050714670886,50.09765625
1095,10.95,1024,910,1841,1943,1,0,1,27.3161295674845,24.275076080479387,44.9462890625
1096,10.96,1024,910,2051,1949,1,0,1,27.3161295674845,24.275076080479387,50.0732421875
1097,10.97,1024,1137,2057,1955,1,0,1,27.3161295674845,30.33050714670886,50.2197265625
1098,10.98,1024,910,1846,1948,1,0,1,27.3161295674845,24.275076080479387,45.068359375
1099,10.99,1024,1137,2056,1954,1,0,1,27.3161295674845,30.33050714670886,50.1953125
1100,11.0,1024,910,1845,1947,1,0,1,27.3161295674845,24.275076080479387,45.0439453125
1101,11.01,1024,1137,2055,1953,1,0,1,27.3161295674845,30.33050714670886,50.1708984375
1102,11.02,1024,910,1844,1946,1,0,1,27.3161295674845,24.275076080479387,45.01953125
1103,11.03,1024,1137,2054,1952,1,0,1,27.3161295674845,30.33050714670886,50.146484375
1104,11.04,1024,910,1843,1945,1,0,1,27.3161295674845,24.275076080479387,44.9951171875
1105,11.05,1024,1137,2053,1951,1,0,1,27.3161295674845,30.33050714670886,50.1220703125
1106,11.06,1024,910,1842,1944,1,0,1,27.3161295674845,24.275076080479387,44.970703125
1107,11.07,1024,910,2052,1950,1,0,1,27.3161295674845,24.275076080479387,50.09765625
1108,11.08,1024,1137,2058,1956,1,0,1,27.3161295674845,30.33050714670886,50.244140625
1109,11.09,1024,910,1847,1949,1,0,1,27.3161295674845,24.275076080479387,45.0927734375
1110,11.1,1024,1137,2057,1955,1,0,1,27.3161295674845,30.33050714670886,50.2197265625
1111,11.11,1024,910,1846,1948,1,0,1,27.3161295674845,24.275076080479387,45.068359375
1112,11.12,1024,1137,2056,1954,1,0,1,27.3161295674845,30.33050714670886,50.1953125
1113,11.13,1024,910,1845,1947,1,0,1,27.3161295674845,24.275076080479387,45.0439453125
1114,11.14,1024,1137,2055,1953,1,0,1,27.3161295674845,30.33050714670886,50.1708984375
1115,11.15,1024,910,1844,1946,1,0,1,27.3161295674845,24.275076080479387,45.01953125
1116,11.16,1024,1137,2054,1952,1,0,1,27.3161295674845,30.33050714670886,50.146484375
1117,11.17,1024,910,1843,1945,1,0,1,27.3161295674845,24.275076080479387,44.9951171875
1118,11.18,1024,910,2053,1951,1,0,1,27.3161295674845,24.275076080479387,50.1220703125
1119,11.19,1024,1137,2059,1957,1,0,1,27.3161295674845,30.33050714670886,50.2685546875
1120,11.2,1024,910,1848,1950,1,0,1,27.3161295674845,24.275076080479387,45.1171875
1121,11.21,1024,1137,2058,1956,1,0,1,27.3161295674845,30.33050714670886,50.244140625
1122,11.22,1024,910,1847,1949,1,0,1,27.3161295674845,24.275076080479387,45.0927734375
1123,11.23,1024,1137,2057,1955,1,0,1,27.3161295674845,30.33050714670886,50.2197265625
1124,11.24,1024,910,1846,1948,1,0,1,27.3161295674845,24.275076080479387,45.068359375
1125,11.25,1024,1137,2056,1954,1,0,1,27.3161295674845,30.33050714670886,50.1953125
1126,11.26,1024,910,1845,1947,1,0,1,27.3161295674845,24.275076080479387,45.0439453125
1127,11.27,1024,1137,2055,1953,1,0,1,27.3161295674845,30.33050714670886,50.1708984375
1128,11.28,1024,910,1844,1946,1,0,1,27.3161295674845,24.275076080479387,45.01953125
1129,11.29,1024,910,2054,1952,1,0,1,27.3161295674845,24.275076080479387,50.146484375
1130,11.3,1024,1137,2060,1958,1,0,1,27.3161295674845,30.33050714670886,50.29296875
1131,11.31,1024,910,1849,1951,1,0,1,27.3161295674845,24.275076080479387,45.1416015625
1132,11.32,1024,1137,2059,1957,1,0,1,27.3161295674845,30.33050714670886,50.2685546875
1133,11.33,1024,910,1848,1950,1,0,1,27.3161295674845,24.275076080479387,45.1171875
1134,11.34,1024,1137,2058,1956,1,0,1,27.3161295674845,30.33050714670886,50.244140625
1135,11.35,1024,910,1847,1949,1,0,1,27.3161295674845,24.275076080479387,45.0927734375
1136,11.36,1024,1137,2057,1955,1,0,1,27.3161295674845,30.33050714670886,50.2197265625
1137,11.37,1024,910,1846,1948,1,0,1,27.3161295674845,24.275076080479387,45.068359375
1138,11.38,1024,1137,2056,1954,1,0,1,27.3161295674845,30.33050714670886,50.1953125
1139,11.39,1024,910,1845,1947,1,0,1,27.3161295674845,24.275076080479387,45.0439453125
1140,11.4,1024,1137,2055,1953,1,0,1,27.3161295674845,30.33050714670886,50.1708984375
1141,11.41,1024,910,1844,1946,1,0,1,27.3161295674845,24.275076080479387,45.01953125
1142,11.42,1024,1137,2054,1952,1,0,1,27.3161295674845,30.33050714670886,50.146484375
1143,11.43,1024,910,1843,1945,1,0,1,27.3161295674845,24.275076080479387,44.9951171875
1144,11.44,1024,910,2053,1951,1,0,1,27.3161295674845,24.275076080479387,50.1220703125
1145,11.45,1024,1137,2059,1957,1,0,1,27.3161295674845,30.33050714670886,50.2685546875
1146,11.46,1024,910,1848,1950,1,0,1,27.3161295674845,24.275076080479387,45.1171875
1147,11.47,1024,1137,2058,1956,1,0,1,27.3161295674845,30.33050714670886,50.244140625
1148,11.48,1024,910,1847,1949,1,0,1,27.3161295674845,24.275076080479387,45.0927734375
1149,11.49,1024,1137,2057,1955,1,0,1,27.3161295674845,30.33050714670886,50.2197265625
1150,11.5,1024,910,1846,1948,1,0,1,27.3161295674845,24.275076080479387,45.068359375
1151,11.51,1024,1137,2056,1954,1,0,1,27.3161295674845,30.33050714670886,50.1953125
1152,11.52,1024,910,1845,1947,1,0,1,27.3161295674845,24.275076080479387,45.0439453125
1153,11.53,1024,1137,2055,1953,1,0,1,27.3161295674845,30.33050714670886,50.1708984375
1154,11.54,1024,910,1844,1946,1,0,1,27.3161295674845,24.275076080479387,45.01953125
1155,11.55,1024,1137,2054,1952,1,0,1,27.3161295674845,30.33050714670886,50.146484375
1156,11.56,1024,910,1843,1945,1,0,1,27.3161295674845,24.275076080479387,44.9951171875
1157,11.57,1024,1137,2053,1951,1,0,1,27.3161295674845,30.33050714670886,50.1220703125
1158,11.58,1024,910,1842,1944,1,0,1,27.3161295674845,24.275076080479387,44.970703125
1159,11.59,1024,910,2052,1950,1,0,1,27.3161295674845,24.275076080479387,50.09765625
1160,11.6,1024,1137,2058,1956,1,0,1,27.3161295674845,30.33050714670886,50.244140625
1161,11.61,1024,910,1847,1949,1,0,1,27.3161295674845,24.275076080479387,45.0927734375
1162,11.62,1024,1137,2057,1955,1,0,1,27.3161295674845,30.33050714670886,50.2197265625
1163,11.63,1024,910,1846,1948,1,0,1,27.3161295674845,24.275076080479387,45.068359375
1164,11.64,1024,1137,2056,1954,1,0,1,27.3161295674845,30.33050714670886,50.1953125
1165,11.65,1024,910,1845,1947,1,0,1,27.3161295674845,24.275076080479387,45.0439453125
1166,11.66,1024,1137,2055,1953,1,0,1,27.3161295674845,30.33050714670886,50.1708984375
1167,11.67,1024,910,1844,1946,1,0,1,27.3161295674845,24.275076080479387,45.01953125
1168,11.68,1024,1137,2054,1952,1,0,1,27.3161295674845,30.33050714670886,50.146484375
1169,11.69,1024,910,1843,1945,1,0,1,27.3161295674845,24.275076080479387,44.9951171875
1170,11.7,1024,1137,2053,1951,1,0,1,27.3161295674845,30.33050714670886,50.1220703125
1171,11.71,1024,910,1842,1944,1,0,1,27.3161295674845,24.275076080479387,44.970703125
1172,11.72,1024,910,2052,1950,1,0,1,27.3161295674845,24.275076080479387,50.09765625
1173,11.73,1024,1137,2058,1956,1,0,1,27.3161295674845,30.33050714670886,50.244140625
1174,11.74,1024,910,1847,1949,1,0,1,27.3161295674845,24.275076080479387,45.0927734375
1175,11.75,1024,1137,2057,1955,1,0,1,27.3161295674845,30.33050714670886,50.2197265625
1176,11.76,1024,910,1846,1948,1,0,1,27.3161295674845,24.275076080479387,45.068359375
1177,11.77,1024,1137,2056,1954,1,0,1,27.3161295674845,30.33050714670886,50.1953125
1178,11.78,1024,910,1845,1947,1,0,1,27.3161295674845,24.275076080479387,45.0439453125
1179,11.79,1024,1137,2055,1953,1,0,1,27.3161295674845,30.33050714670886,50.1708984375
1180,11.8,1024,910,1844,1946,1,0,1,27.3161295674845,24.275076080479387,45.01953125
1181,11.81,1024,1137,2054,1952,1,0,1,27.3161295674845,30.33050714670886,50.146484375
1182,11.82,1024,910,1843,1945,1,0,1,27.3161295674845,24.275076080479387,44.9951171875
1183,11.83,1024,910,2053,1951,1,0,1,27.3161295674845,24.275076080479387,50.1220703125
1184,11.84,1024,1137,2059,1957,1,0,1,27.3161295674845,30.33050714670886,50.2685546875
1185,11.85,1024,910,1848,1950,1,0,1,27.3161295674845,24.275076080479387,45.1171875
1186,11.86,1024,1137,2058,1956,1,0,1,27.3161295674845,30.33050714670886,50.244140625
1187,11.87,1024,910,1847,1949,1,0,1,27.3161295674845,24.275076080479387,45.0927734375
1188,11.88,1024,1137,2057,1955,1,0,1,27.3161295674845,30.33050714670886,50.2197265625
1189,11.89,1024,910,1846,1948,1,0,1,27.3161295674845,24.275076080479387,45.068359375
1190,11.9,1024,1137,2056,1954,1,0,1,27.3161295674845,30.33050714670886,50.1953125
1191,11.91,1024,910,1845,1947,1,0,1,27.3161295674845,24.275076080479387,45.0439453125
1192,11.92,1024,1137,2055,1953,1,0,1,27.3161295674845,30.33050714670886,50.1708984375
1193,11.93,1024,910,1844,1946,1,0,1,27.3161295674845,24.275076080479387,45.01953125
1194,11.94,1024,1137,2054,1952,1,0,1,27.3161295674845,30.33050714670886,50.146484375
1195,11.95,1024,910,1843,1945,1,0,1,27.3161295674845,24.275076080479387,44.9951171875
1196,11.96,1024,1137,2053,1951,1,0,1,27.3161295674845,30.33050714670886,50.1220703125
1197,11.97,1024,910,1842,1944,1,0,1,27.3161295674845,24.275076080479387,44.970703125
1198,11.98,1024,910,2052,1950,1,0,1,27.3161295674845,24.275076080479387,50.09765625
1199,11.99,1024,1137,2058,1956,1,0,1,27.3161295674845,30.33050714670886,50.244140625
1200,12.0,1024,910,1847,1949,1,0,1,27.3161295674845,24.275076080479387,45.0927734375
1201,12.01,1024,1137,2057,1955,1,0,1,27.3161295674845,30.33050714670886,50.2197265625
1202,12.02,1024,910,1846,1948,1,0,1,27.3161295674845,24.275076080479387,45.068359375
1203,12.03,1024,1137,2056,1954,1,0,1,27.3161295674845,30.33050714670886,50.1953125
1204,12.04,1024,910,1845,1947,1,0,1,27.3161295674845,24.275076080479387,45.0439453125
1205,12.05,1024,1137,2055,1953,1,0,1,27.3161295674845,30.33050714670886,50.1708984375
1206,12.06,1024,910,1844,1946,1,0,1,27.3161295674845,24.275076080479387,45.01953125
1207,12.07,1024,1137,2054,1952,1,0,1,27.3161295674845,30.33050714670886,50.146484375
1208,12.08,1024,910,1843,1945,1,0,1,27.3161295674845,24.275076080479387,44.9951171875
1209,12.09,1024,1137,2053,1951,1,0,1,27.3161295674845,30.33050714670886,50.1220703125
1210,12.1,1024,910,1842,1944,1,0,1,27.3161295674845,24.275076080479387,44.970703125
1211,12.11,1024,1137,2052,1950,1,0,1,27.3161295674845,30.33050714670886,50.09765625
1212,12.12,1024,910,1841,1943,1,0,1,27.3161295674845,24.275076080479387,44.9462890625
1213,12.13,1024,910,2051,1949,1,0,1,27.3161295674845,24.275076080479387,50.0732421875
1214,12.14,1024,1137,2057,1955,1,0,1,27.3161295674845,30.33050714670886,50.2197265625
1215,12.15,1024,910,1846,1948,1,0,1,27.3161295674845,24.275076080479387,45.068359375
1216,12.16,1024,1137,2056,1954,1,0,1,27.3161295674845,30.33050714670886,50.1953125
1217,12.17,1024,910,1845,1947,1,0,1,27.3161295674845,24.275076080479387,45.0439453125
1218,12.18,1024,1137,2055,1953,1,0,1,27.3161295674845,30.33050714670886,50.1708984375
1219,12.19,1024,910,1844,1946,1,0,1,27.3161295674845,24.275076080479387,45.01953125
1220,12.2,1024,1137,2054,1952,1,0,1,27.3161295674845,30.33050714670886,50.146484375
1221,12.21,1024,910,1843,1945,1,0,1,27.3161295674845,24.275076080479387,44.9951171875
1222,12.22,1024,1137,2053,1951,1,0,1,27.3161295674845,30.33050714670886,50.1220703125
1223,12.23,1024,910,1842,1944,1,0,1,27.3161295674845,24.275076080479387,44.970703125
1224,12.24,1024,910,2052,1950,1,0,1,27.3161295674845,24.275076080479387,50.09765625
1225,12.25,1024,1137,2058,1956,1,0,1,27.3161295674845,30.33050714670886,50.244140625
1226,12.26,1024,910,1847,1949,1,0,1,27.3161295674845,24.275076080479387,45.0927734375
1227,12.27,1024,1137,2057,1955,1,0,1,27.3161295674845,30.33050714670886,50.2197265625
1228,12.28,1024,910,1846,1948,1,0,1,27.3161295674845,24.275076080479387,45.068359375
1229,12.29,1024,1137,2056,1954,1,0,1,27.3161295674845,30.33050714670886,50.1953125
1230,12.3,1024,910,1845,1947,1,0,1,27.3161295674845,24.275076080479387,45.0439453125
1231,12.31,1024,1137,2055,1953,1,0,1,27.3161295674845,30.33050714670886,50.1708984375
1232,12.32,1024,910,1844,1946,1,0,1,27.3161295674845,24.275076080479387,45.01953125
1233,12.33,1024,1137,2054,1952,1,0,1,27.3161295674845,30.33050714670886,50.146484375
1234,12.34,1024,910,1843,1945,1,0,1,27.3161295674845,24.275076080479387,44.9951171875
1235,12.35,1024,910,2053,1951,1,0,1,27.3161295674845,24.275076080479387,50.1220703125
1236,12.36,1024,1137,2059,1957,1,0,1,27.3161295674845,30.33050714670886,50.2685546875
1237,12.37,1024,910,1848,1950,1,0,1,27.3161295674845,24.275076080479387,45.1171875
1238,12.38,1024,1137,2058,1956,1,0,1,27.3161295674845,30.33050714670886,50.244140625
1239,12.39,1024,910,1847,1949,1,0,1,27.3161295674845,24.275076080479387,45.0927734375
1240,12.4,1024,1137,2057,1955,1,0,1,27.3161295674845,30.33050714670886,50.2197265625
1241,12.41,1024,910,1846,1948,1,0,1,27.3161295674845,24.275076080479387,45.068359375
1242,12.42,1024,1137,2056,1954,1,0,1,27.3161295674845,30.33050714670886,50.1953125
1243,12.43,1024,910,1845,1947,1,0,1,27.3161295674845,24.275076080479387,45.0439453125
1244,12.44,1024,1137,2055,1953,1,0,1,27.3161295674845,30.33050714670886,50.1708984375
1245,12.45,1024,910,1844,1946,1,0,1,27.3161295674845,24.275076080479387,45.01953125
1246,12.46,1024,910,2054,1952,1,0,1,27.3161295674845,24.275076080479387,50.146484375
1247,12.47,1024,1137,2060,1958,1,0,1,27.3161295674845,30.33050714670886,50.29296875
1248,12.48,1024,910,1849,1951,1,0,1,27.3161295674845,24.275076080479387,45.1416015625
1249,12.49,1024,1137,2059,1957,1,0,1,27.3161295674845,30.33050714670886,50.2685546875
1250,12.5,1024,910,1848,1950,1,0,1,27.3161295674845,24.275076080479387,45.1171875
1251,12.51,1024,1137,2058,1956,1,0,1,27.3161295674845,30.33050714670886,50.244140625
1252,12.52,1024,910,1847,1949,1,0,1,27.3161295674845,24.275076080479387,45.0927734375
1253,12.53,1024,1137,2057,1955,1,0,1,27.3161295674845,30.33050714670886,50.2197265625
1254,12.54,1024,910,1846,1948,1,0,1,27.3161295674845,24.275076080479387,45.068359375
1255,12.55,1024,1137,2056,1954,1,0,1,27.3161295674845,30.33050714670886,50.1953125
1256,12.56,1024,910,1845,1947,1,0,1,27.3161295674845,24.275076080479387,45.0439453125
1257,12.57,1024,1137,2055,1953,1,0,1,27.3161295674845,30.33050714670886,50.1708984375
1258,12.58,1024,910,1844,1946,1,0,1,27.3161295674845,24.275076080479387,45.01953125
1259,12.59,1024,910,2054,1952,1,0,1,27.3161295674845,24.275076080479387,50.146484375
1260,12.6,1024,1137,2060,1958,1,0,1,27.3161295674845,30.33050714670886,50.29296875
1261,12.61,1024,910,1849,1951,1,0,1,27.3161295674845,24.275076080479387,45.1416015625
1262,12.62,1024,1137,2059,1957,1,0,1,27.3161295674845,30.33050714670886,50.2685546875
1263,12.63,1024,910,1848,1950,1,0,1,27.3161295674845,24.275076080479387,45.1171875
1264,12.64,1024,1137,2058,1956,1,0,1,27.3161295674845,30.33050714670886,50.244140625
1265,12.65,1024,910,1847,1949,1,0,1,27.3161295674845,24.275076080479387,45.0927734375
1266,12.66,1024,1137,2057,1955,1,0,1,27.3161295674845,30.33050714670886,50.2197265625
1267,12.67,1024,910,1846,1948,1,0,1,27.3161295674845,24.275076080479387,45.068359375
1268,12.68,1024,1137,2056,1954,1,0,1,27.3161295674845,30.33050714670886,50.1953125
1269,12.69,1024,910,1845,1947,1,0,1,27.3161295674845,24.275076080479387,45.0439453125
1270,12.7,1024,1137,2055,1953,1,0,1,27.3161295674845,30.33050714670886,50.1708984375
1271,12.71,1024,910,1844,1946,1,0,1,27.3161295674845,24.275076080479387,45.01953125
1272,12.72,1024,910,2054,1952,1,0,1,27.3161295674845,24.275076080479387,50.146484375
1273,12.73,1024,1137,2060,1958,1,0,1,27.3161295674845,30.33050714670886,50.29296875
1274,12.74,1024,910,1849,1951,1,0,1,27.3161295674845,24.275076080479387,45.1416015625
1275,12.75,1024,1137,2059,1957,1,0,1,27.3161295674845,30.33050714670886,50.2685546875
1276,12.76,1024,910,1848,1950,1,0,1,27.3161295674845,24.275076080479387,45.1171875
1277,12.77,1024,1137,2058,1956,1,0,1,27.3161295674845,30.33050714670886,50.244140625
1278,12.78,1024,910,1847,1949,1,0,1,27.3161295674845,24.275076080479387,45.0927734375
1279,12.79,1024,1137,2057,1955,1,0,1,27.3161295674845,30.33050714670886,50.2197265625
1280,12.8,1024,910,1846,1948,1,0,1,27.3161295674845,24.275076080479387,45.068359375
1281,12.81,1024,1137,2056,1954,1,0,1,27.3161295674845,30.33050714670886,50.1953125
1282,12.82,1024,910,1845,1947,1,0,1,27.3161295674845,24.275076080479387,45.0439453125
1283,12.83,1024,910,2055,1953,1,0,1,27.3161295674845,24.275076080479387,50.1708984375
1284,12.84,1024,1137,2061,1959,1,0,1,27.3161295674845,30.33050714670886,50.3173828125
1285,12.85,1024,910,1850,1952,1,0,1,27.3161295674845,24.275076080479387,45.166015625
1286,12.86,1024,1137,2060,1958,1,0,1,27.3161295674845,30.33050714670886,50.29296875
1287,12.87,1024,910,1849,1951,1,0,1,27.3161295674845,24.275076080479387,45.1416015625
1288,12.88,1024,1137,2059,1957,1,0,1,27.3161295674845,30.33050714670886,50.2685546875
1289,12.89,1024,910,1848,1950,1,0,1,27.3161295674845,24.275076080479387,45.1171875
1290,12.9,1024,1137,2058,1956,1,0,1,27.3161295674845,30.33050714670886,50.244140625
1291,12.91,1024,910,1847,1949,1,0,1,27.3161295674845,24.275076080479387,45.0927734375
1292,12.92,1024,1137,2057,1955,1,0,1,27.3161295674845,30.33050714670886,50.2197265625
1293,12.93,1024,910,1846,1948,1,0,1,27.3161295674845,24.275076080479387,45.068359375
1294,12.94,1024,1137,2056,1954,1,0,1,27.3161295674845,30.33050714670886,50.1953125
1295,12.95,1024,910,1845,1947,1,0,1,27.3161295674845,24.275076080479387,45.0439453125
1296,12.96,1024,910,2055,1953,1,0,1,27.3161295674845,24.275076080479387,50.1708984375
1297,12.97,1024,1137,2061,1959,1,0,1,27.3161295674845,30.33050714670886,50.3173828125
1298,12.98,1024,910,1850,1952,1,0,1,27.3161295674845,24.275076080479387,45.166015625
1299,12.99,1024,1137,2060,1958,1,0,1,27.3161295674845,30.33050714670886,50.29296875
1300,13.0,1024,910,1849,1951,1,0,1,27.3161295674845,24.275076080479387,45.1416015625
1301,13.01,1024,1137,2059,1957,1,0,1,27.3161295674845,30.33050714670886,50.2685546875
1302,13.02,1024,910,1848,1950,1,0,1,27.3161295674845,24.275076080479387,45.1171875
1303,13.03,1024,1137,2058,1956,1,0,1,27.3161295674845,30.33050714670886,50.244140625
1304,13.04,1024,910,1847,1949,1,0,1,27.3161295674845,24.275076080479387,45.0927734375
1305,13.05,1024,1137,2057,1955,1,0,1,27.3161295674845,30.33050714670886,50.2197265625
1306,13.06,1024,910,1846,1948,1,0,1,27.3161295674845,24.275076080479387,45.068359375
1307,13.07,1024,1137,2056,1954,1,0,1,27.3161295674845,30.33050714670886,50.1953125
1308,13.08,1024,910,1845,1947,1,0,1,27.3161295674845,24.275076080479387,45.0439453125
1309,13.09,1024,1137,2055,1953,1,0,1,27.3161295674845,30.33050714670886,50.1708984375
1310,13.1,1024,910,1844,1946,1,0,1,27.3161295674845,24.275076080479387,45.01953125
1311,13.11,1024,1137,2054,1952,1,0,1,27.3161295674845,30.33050714670886,50.146484375
1312,13.12,1024,910,1843,1945,1,0,1,27.3161295674845,24.275076080479387,44.9951171875
1313,13.13,1024,1137,2053,1951,1,0,1,27.3161295674845,30.33050714670886,50.1220703125
1314,13.14,1024,910,1842,1944,1,0,1,27.3161295674845,24.275076080479387,44.970703125
1315,13.15,1024,1137,2052,1950,1,0,1,27.3161295674845,30.33050714670886,50.09765625
1316,13.16,1024,910,1841,1943,1,0,1,27.3161295674845,24.275076080479387,44.9462890625
1317,13.17,1024,910,2051,1949,1,0,1,27.3161295674845,24.275076080479387,50.0732421875
1318,13.18,1024,1137,2057,1955,1,0,1,27.3161295674845,30.33050714670886,50.2197265625
1319,13.19,1024,910,1846,1948,1,0,1,27.3161295674845,24.275076080479387,45.068359375
1320,13.2,1024,1137,2056,1954,1,0,1,27.3161295674845,30.33050714670886,50.1953125
1321,13.21,1024,910,1845,1947,1,0,1,27.3161295674845,24.275076080479387,45.0439453125
1322,13.22,1024,1137,2055,1953,1,0,1,27.3161295674845,30.33050714670886,50.1708984375
1323,13.23,1024,910,1844,1946,1,0,1,27.3161295674845,24.275076080479387,45.01953125
1324,13.24,1024,1137,2054,1952,1,0,1,27.3161295674845,30.33050714670886,50.146484375
1325,13.25,1024,910,1843,1945,1,0,1,27.3161295674845,24.275076080479387,44.9951171875
1326,13.26,1024,1137,2053,1951,1,0,1,27.3161295674845,30.33050714670886,50.1220703125
1327,13.27,1024,910,1842,1944,1,0,1,27.3161295674845,24.275076080479387,44.970703125
1328,13.28,1024,1137,2052,1950,1,0,1,27.3161295674845,30.33050714670886,50.09765625
1329,13.29,1024,910,1841,1943,1,0,1,27.3161295674845,24.275076080479387,44.9462890625
1330,13.3,1024,1137,2051,1949,1,0,1,27.3161295674845,30.33050714670886,50.0732421875
1331,13.31,1024,910,1840,1942,1,0,1,27.3161295674845,24.275076080479387,44.921875
1332,13.32,1024,1137,2050,1948,1,0,1,27.3161295674845,30.33050714670886,50.048828125
1333,13.33,1024,910,1839,1941,1,0,1,27.3161295674845,24.275076080479387,44.8974609375
1334,13.34,1024,910,2049,1947,1,0,1,27.3161295674845,24.275076080479387,50.0244140625
1335,13.35,1024,1137,2055,1953,1,0,1,27.3161295674845,30.33050714670886,50.1708984375
1336,13.36,1024,910,1844,1946,1,0,1,27.3161295674845,24.275076080479387,45.01953125
1337,13.37,1024,1137,2054,1952,1,0,1,27.3161295674845,30.33050714670886,50.146484375
1338,13.38,1024,910,1843,1945,1,0,1,27.3161295674845,24.275076080479387,44.9951171875
1339,13.39,1024,1137,2053,1951,1,0,1,27.3161295674845,30.33050714670886,50.1220703125
1340,13.4,1024,910,1842,1944,1,0,1,27.3161295674845,24.275076080479387,44.970703125
1341,13.41,1024,1137,2052,1950,1,0,1,27.3161295674845,30.33050714670886,50.09765625
1342,13.42,1024,910,1841,1943,1,0,1,27.3161295674845,24.275076080479387,44.9462890625
1343,13.43,1024,1137,2051,1949,1,0,1,27.3161295674845,30.33050714670886,50.0732421875
1344,13.44,1024,910,1840,1942,1,0,1,27.3161295674845,24.275076080479387,44.921875
1345,13.45,1024,1137,2050,1948,1,0,1,27.3161295674845,30.33050714670886,50.048828125
1346,13.46,1024,910,1839,1941,1,0,1,27.3161295674845,24.275076080479387,44.8974609375
1347,13.47,1024,1137,2049,1947,1,0,1,27.3161295674845,30.33050714670886,50.0244140625
1348,13.48,1024,910,1838,1940,1,0,1,27.3161295674845,24.275076080479387,44.873046875
1349,13.49,1024,910,2048,1946,1,0,1,27.3161295674845,24.275076080479387,50.0
1350,13.5,1024,1137,2054,1952,1,0,1,27.3161295674845,30.33050714670886,50.146484375
1351,13.51,1024,910,1843,1945,1,0,1,27.3161295674845,24.275076080479387,44.9951171875
1352,13.52,1024,1137,2053,1951,1,0,1,27.3161295674845,30.33050714670886,50.1220703125
1353,13.53,1024,910,1842,1944,1,0,1,27.3161295674845,24.275076080479387,44.970703125
1354,13.54,1024,1137,2052,1950,1,0,1,27.3161295674845,30.33050714670886,50.09765625
1355,13.55,1024,910,1841,1943,1,0,1,27.3161295674845,24.275076080479387,44.9462890625
1356,13.56,1024,1137,2051,1949,1,0,1,27.3161295674845,30.33050714670886,50.0732421875
1357,13.57,1024,910,1840,1942,1,0,1,27.3161295674845,24.275076080479387,44.921875
1358,13.58,1024,1137,2050,1948,1,0,1,27.3161295674845,30.33050714670886,50.048828125
1359,13.59,1024,910,1839,1941,1,0,1,27.3161295674845,24.275076080479387,44.8974609375
1360,13.6,1024,910,2049,1947,1,0,1,27.3161295674845,24.275076080479387,50.0244140625
1361,13.61,1024,1137,2055,1953,1,0,1,27.3161295674845,30.33050714670886,50.1708984375
1362,13.62,1024,910,1844,1946,1,0,1,27.3161295674845,24.275076080479387,45.01953125
1363,13.63,1024,1137,2054,1952,1,0,1,27.3161295674845,30.33050714670886,50.146484375
1364,13.64,1024,910,1843,1945,1,0,1,27.3161295674845,24.275076080479387,44.9951171875
1365,13.65,1024,1137,2053,1951,1,0,1,27.3161295674845,30.33050714670886,50.1220703125
1366,13.66,1024,910,1842,1944,1,0,1,27.3161295674845,24.275076080479387,44.970703125
1367,13.67,1024,1137,2052,1950,1,0,1,27.3161295674845,30.33050714670886,50.09765625
1368,13.68,1024,910,1841,1943,1,0,1,27.3161295674845,24.275076080479387,44.9462890625
1369,13.69,1024,910,2051,1949,1,0,1,27.3161295674845,24.275076080479387,50.0732421875
1370,13.7,1024,1137,2057,1955,1,0,1,27.3161295674845,30.33050714670886,50.2197265625
1371,13.71,1024,910,1846,1948,1,0,1,27.3161295674845,24.275076080479387,45.068359375
1372,13.72,1024,1137,2056,1954,1,0,1,27.3161295674845,30.33050714670886,50.1953125
1373,13.73,1024,910,1845,1947,1,0,1,27.3161295674845,24.275076080479387,45.0439453125
1374,13.74,1024,1137,2055,1953,1,0,1,27.3161295674845,30.33050714670886,50.1708984375
1375,13.75,1024,910,1844,1946,1,0,1,27.3161295674845,24.275076080479387,45.01953125
1376,13.76,1024,1137,2054,1952,1,0,1,27.3161295674845,30.33050714670886,50.146484375
1377,13.77,1024,910,1843,1945,1,0,1,27.3161295674845,24.275076080479387,44.9951171875
1378,13.78,1024,1137,2053,1951,1,0,1,27.3161295674845,30.33050714670886,50.1220703125
1379,13.79,1024,910,1842,1944,1,0,1,27.3161295674845,24.275076080479387,44.970703125
1380,13.8,1024,910,2052,1950,1,0,1,27.3161295674845,24.275076080479387,50.09765625
1381,13.81,1024,1137,2058,1956,1,0,1,27.3161295674845,30.33050714670886,50.244140625
1382,13.82,1024,910,1847,1949,1,0,1,27.3161295674845,24.275076080479387,45.0927734375
1383,13.83,1024,1137,2057,1955,1,0,1,27.3161295674845,30.33050714670886,50.2197265625
1384,13.84,1024,910,1846,1948,1,0,1,27.3161295674845,24.275076080479387,45.068359375
1385,13.85,1024,1137,2056,1954,1,0,1,27.3161295674845,30.33050714670886,50.1953125
1386,13.86,1024,910,1845,1947,1,0,1,27.3161295674845,24.275076080479387,45.0439453125
1387,13.87,1024,1137,2055,1953,1,0,1,27.3161295674845,30.33050714670886,50.1708984375
1388,13.88,1024,910,1844,1946,1,0,1,27.3161295674845,24.275076080479387,45.01953125
1389,13.89,1024,910,2054,1952,1,0,1,27.3161295674845,24.275076080479387,50.146484375
1390,13.9,1024,1137,2060,1958,1,0,1,27.3161295674845,30.33050714670886,50.29296875
1391,13.91,1024,910,1849,1951,1,0,1,27.3161295674845,24.275076080479387,45.1416015625
1392,13.92,1024,1137,2059,1957,1,0,1,27.3161295674845,30.33050714670886,50.2685546875
1393,13.93,1024,910,1848,1950,1,0,1,27.3161295674845,24.275076080479387,45.1171875
1394,13.94,1024,1137,2058,1956,1,0,1,27.3161295674845,30.33050714670886,50.244140625
1395,13.95,1024,910,1847,1949,1,0,1,27.3161295674845,24.275076080479387,45.0927734375
1396,13.96,1024,1137,2057,1955,1,0,1,27.3161295674845,30.33050714670886,50.2197265625
1397,13.97,1024,910,1846,1948,1,0,1,27.3161295674845,24.275076080479387,45.068359375
1398,13.98,1024,910,2056,1954,1,0,1,27.3161295674845,24.275076080479387,50.1953125
1399,13.99,1024,1137,2062,1960,1,0,1,27.3161295674845,30.33050714670886,50.341796875
1400,14.0,1024,910,1851,1953,1,0,1,27.3161295674845,24.275076080479387,45.1904296875
1401,14.01,1024,1137,2061,1959,1,0,1,27.3161295674845,30.33050714670886,50.3173828125
1402,14.02,1024,910,1850,1952,1,0,1,27.3161295674845,24.275076080479387,45.166015625
1403,14.03,1024,1137,2060,1958,1,0,1,27.3161295674845,30.33050714670886,50.29296875
1404,14.04,1024,910,1849,1951,1,0,1,27.3161295674845,24.275076080479387,45.1416015625
1405,14.05,1024,1137,2059,1957,1,0,1,27.3161295674845,30.33050714670886,50.2685546875
1406,14.06,1024,910,1848,1950,1,0,1,27.3161295674845,24.275076080479387,45.1171875
1407,14.07,1024,1137,2058,1956,1,0,1,27.3161295674845,30.33050714670886,50.244140625
1408,14.08,1024,910,1847,1949,1,0,1,27.3161295674845,24.275076080479387,45.0927734375
1409,14.09,1024,910,2057,1955,1,0,1,27.3161295674845,24.275076080479387,50.2197265625
1410,14.1,1024,1137,2063,1961,1,0,1,27.3161295674845,30.33050714670886,50.3662109375
1411,14.11,1024,910,1852,1954,1,0,1,27.3161295674845,24.275076080479387,45.21484375
1412,14.12,1024,1137,2062,1960,1,0,1,27.3161295674845,30.33050714670886,50.341796875
1413,14.13,1024,910,1851,1953,1,0,1,27.3161295674845,24.275076080479387,45.1904296875
1414,14.14,1024,1137,2061,1959,1,0,1,27.3161295674845,30.33050714670886,50.3173828125
1415,14.15,1024,910,1850,1952,1,0,1,27.3161295674845,24.275076080479387,45.166015625
1416,14.16,1024,1137,2060,1958,1,0,1,27.3161295674845,30.33050714670886,50.29296875
1417,14.17,1024,910,1849,1951,1,0,1,27.3161295674845,24.275076080479387,45.1416015625
1418,14.18,1024,1137,2059,1957,1,0,1,27.3161295674845,30.33050714670886,50.2685546875
1419,14.19,1024,910,1848,1950,1,0,1,27.3161295674845,24.275076080479387,45.1171875
1420,14.2,1024,1137,2058,1956,1,0,1,27.3161295674845,30.33050714670886,50.244140625
1421,14.21,1024,910,1847,1949,1,0,1,27.3161295674845,24.275076080479387,45.0927734375
1422,14.22,1024,1137,2057,1955,1,0,1,27.3161295674845,30.33050714670886,50.2197265625
1423,14.23,1024,910,1846,1948,1,0,1,27.3161295674845,24.275076080479387,45.068359375
1424,14.24,1024,1137,2056,1954,1,0,1,27.3161295674845,30.33050714670886,50.1953125
1425,14.25,1024,910,1845,1947,1,0,1,27.3161295674845,24.275076080479387,45.0439453125
1426,14.26,1024,1137,2055,1953,1,0,1,27.3161295674845,30.33050714670886,50.1708984375
1427,14.27,1024,910,1844,1946,1,0,1,27.3161295674845,24.275076080479387,45.01953125
1428,14.28,1024,910,2054,1952,1,0,1,27.3161295674845,24.275076080479387,50.146484375
1429,14.29,1024,1137,2060,1958,1,0,1,27.3161295674845,30.33050714670886,50.29296875
1430,14.3,1024,910,1849,1951,1,0,1,27.3161295674845,24.275076080479387,45.1416015625
1431,14.31,1024,1137,2059,1957,1,0,1,27.3161295674845,30.33050714670886,50.2685546875
1432,14.32,1024,910,1848,1950,1,0,1,27.3161295674845,24.275076080479387,45.1171875
1433,14.33,1024,1137,2058,1956,1,0,1,27.3161295674845,30.33050714670886,50.244140625
1434,14.34,1024,910,1847,1949,1,0,1,27.3161295674845,24.275076080479387,45.0927734375
1435,14.35,1024,1137,2057,1955,1,0,1,27.3161295674845,30.33050714670886,50.2197265625
1436,14.36,1024,910,1846,1948,1,0,1,27.3161295674845,24.275076080479387,45.068359375
1437,14.37,1024,1137,2056,1954,1,0,1,27.3161295674845,30.33050714670886,50.1953125
1438,14.38,1024,910,1845,1947,1,0,1,27.3161295674845,24.275076080479387,45.0439453125
1439,14.39,1024,1137,2055,1953,1,0,1,27.3161295674845,30.33050714670886,50.1708984375
1440,14.4,1024,910,1844,1946,1,0,1,27.3161295674845,24.275076080479387,45.01953125
1441,14.41,1024,1137,2054,1952,1,0,1,27.3161295674845,30.33050714670886,50.146484375
1442,14.42,1024,910,1843,1945,1,0,1,27.3161295674845,24.275076080479387,44.9951171875
1443,14.43,1024,1137,2053,1951,1,0,1,27.3161295674845,30.33050714670886,50.1220703125
1444,14.44,1024,910,1842,1944,1,0,1,27.3161295674845,24.275076080479387,44.970703125
1445,14.45,1024,1137,2052,1950,1,0,1,27.3161295674845,30.33050714670886,50.09765625
1446,14.46,1024,910,1841,1943,1,0,1,27.3161295674845,24.275076080479387,44.9462890625
1447,14.47,1024,910,2051,1949,1,0,1,27.3161295674845,24.275076080479387,50.0732421875
1448,14.48,1024,1137,2057,1955,1,0,1,27.3161295674845,30.33050714670886,50.2197265625
1449,14.49,1024,910,1846,1948,1,0,1,27.3161295674845,24.275076080479387,45.068359375
1450,14.5,1024,1137,2056,1954,1,0,1,27.3161295674845,30.33050714670886,50.1953125
1451,14.51,1024,910,1845,1947,1,0,1,27.3161295674845,24.275076080479387,45.0439453125
1452,14.52,1024,1137,2055,1953,1,0,1,27.3161295674845,30.33050714670886,50.1708984375
1453,14.53,1024,910,1844,1946,1,0,1,27.3161295674845,24.275076080479387,45.01953125
1454,14.54,1024,1137,2054,1952,1,0,1,27.3161295674845,30.33050714670886,50.146484375
1455,14.55,1024,910,1843,1945,1,0,1,27.3161295674845,24.275076080479387,44.9951171875
1456,14.56,1024,1137,2053,1951,1,0,1,27.3161295674845,30.33050714670886,50.1220703125
1457,14.57,1024,910,1842,1944,1,0,1,27.3161295674845,24.275076080479387,44.970703125
1458,14.58,1024,910,2052,1950,1,0,1,27.3161295674845,24.275076080479387,50.09765625
1459,14.59,1024,1137,2058,1956,1,0,1,27.3161295674845,30.33050714670886,50.244140625
1460,14.6,1024,910,1847,1949,1,0,1,27.3161295674845,24.275076080479387,45.0927734375
1461,14.61,1024,1137,2057,1955,1,0,1,27.3161295674845,30.33050714670886,50.2197265625
1462,14.62,1024,910,1846,1948,1,0,1,27.3161295674845,24.275076080479387,45.068359375
1463,14.63,1024,1137,2056,1954,1,0,1,27.3161295674845,30.33050714670886,50.1953125
1464,14.64,1024,910,1845,1947,1,0,1,27.3161295674845,24.275076080479387,45.0439453125
1465,14.65,1024,1137,2055,1953,1,0,1,27.3161295674845,30.33050714670886,50.1708984375
1466,14.66,1024,910,1844,1946,1,0,1,27.3161295674845,24.275076080479387,45.01953125
1467,14.67,1024,1137,2054,1952,1,0,1,27.3161295674845,30.33050714670886,50.146484375
1468,14.68,1024,910,1843,1945,1,0,1,27.3161295674845,24.275076080479387,44.9951171875
1469,14.69,1024,910,2053,1951,1,0,1,27.3161295674845,24.275076080479387,50.1220703125
1470,14.7,1024,1137,2059,1957,1,0,1,27.3161295674845,30.33050714670886,50.2685546875
1471,14.71,1024,910,1848,1950,1,0,1,27.3161295674845,24.275076080479387,45.1171875
1472,14.72,1024,1137,2058,1956,1,0,1,27.3161295674845,30.33050714670886,50.244140625
1473,14.73,1024,910,1847,1949,1,0,1,27.3161295674845,24.275076080479387,45.0927734375
1474,14.74,1024,1137,2057,1955,1,0,1,27.3161295674845,30.33050714670886,50.2197265625
1475,14.75,1024,910,1846,1948,1,0,1,27.3161295674845,24.275076080479387,45.068359375
1476,14.76,1024,1137,2056,1954,1,0,1,27.3161295674845,30.33050714670886,50.1953125
1477,14.77,1024,910,1845,1947,1,0,1,27.3161295674845,24.275076080479387,45.0439453125
1478,14.78,1024,1137,2055,1953,1,0,1,27.3161295674845,30.33050714670886,50.1708984375
1479,14.79,1024,910,1844,1946,1,0,1,27.3161295674845,24.275076080479387,45.01953125
1480,14.8,1024,910,2054,1952,1,0,1,27.3161295674845,24.275076080479387,50.146484375
1481,14.81,1024,1137,2060,1958,1,0,1,27.3161295674845,30.33050714670886,50.29296875
1482,14.82,1024,910,1849,1951,1,0,1,27.3161295674845,24.275076080479387,45.1416015625
1483,14.83,1024,1137,2059,1957,1,0,1,27.3161295674845,30.33050714670886,50.2685546875
1484,14.84,1024,910,1848,1950,1,0,1,27.3161295674845,24.275076080479387,45.1171875
1485,14.85,1024,1137,2058,1956,1,0,1,27.3161295674845,30.33050714670886,50.244140625
1486,14.86,1024,910,1847,1949,1,0,1,27.3161295674845,24.275076080479387,45.0927734375
1487,14.87,1024,1137,2057,1955,1,0,1,27.3161295674845,30.33050714670886,50.2197265625
1488,14.88,1024,910,1846,1948,1,0,1,27.3161295674845,24.275076080479387,45.068359375
1489,14.89,1024,1137,2056,1954,1,0,1,27.3161295674845,30.33050714670886,50.1953125
1490,14.9,1024,910,1845,1947,1,0,1,27.3161295674845,24.275076080479387,45.0439453125
1491,14.91,1024,910,2055,1953,1,0,1,27.3161295674845,24.275076080479387,50.1708984375
1492,14.92,1024,1137,2061,1959,1,0,1,27.3161295674845,30.33050714670886,50.3173828125
1493,14.93,1024,910,1850,1952,1,0,1,27.3161295674845,24.275076080479387,45.166015625
1494,14.94,1024,1137,2060,1958,1,0,1,27.3161295674845,30.33050714670886,50.29296875
1495,14.95,1024,910,1849,1951,1,0,1,27.3161295674845,24.275076080479387,45.1416015625
1496,14.96,1024,1137,2059,1957,1,0,1,27.3161295674845,30.33050714670886,50.2685546875
1497,14.97,1024,910,1848,1950,1,0,1,27.3161295674845,24.275076080479387,45.1171875
1498,14.98,1024,1137,2058,1956,1,0,1,27.3161295674845,30.33050714670886,50.244140625
1499,14.99,1024,910,1847,1949,1,0,1,27.3161295674845,24.275076080479387,45.0927734375
1500,15.0,1024,1137,2057,1955,1,0,1,27.3161295674845,30.33050714670886,50.2197265625
1501,15.01,1024,910,1846,1948,1,0,1,27.3161295674845,24.275076080479387,45.068359375
1502,15.02,1024,910,2056,1954,1,0,1,27.3161295674845,24.275076080479387,50.1953125
1503,15.03,1024,1137,2062,1960,1,0,1,27.3161295674845,30.33050714670886,50.341796875
1504,15.04,1024,910,1851,1953,1,0,1,27.3161295674845,24.275076080479387,45.1904296875
1505,15.05,1024,1137,2061,1959,1,0,1,27.3161295674845,30.33050714670886,50.3173828125
1506,15.06,1024,910,1850,1952,1,0,1,27.3161295674845,24.275076080479387,45.166015625
1507,15.07,1024,1137,2060,1958,1,0,1,27.3161295674845,30.33050714670886,50.29296875
1508,15.08,1024,910,1849,1951,1,0,1,27.3161295674845,24.275076080479387,45.1416015625
1509,15.09,1024,1137,2059,1957,1,0,1,27.3161295674845,30.33050714670886,50.2685546875
1510,15.1,1024,910,1848,1950,1,0,1,27.3161295674845,24.275076080479387,45.1171875
1511,15.11,1024,1137,2058,1956,1,0,1,27.3161295674845,30.33050714670886,50.244140625
1512,15.12,1024,910,1847,1949,1,0,1,27.3161295674845,24.275076080479387,45.0927734375
1513,15.13,1024,1137,2057,1955,1,0,1,27.3161295674845,30.33050714670886,50.2197265625
1514,15.14,1024,910,1846,1948,1,0,1,27.3161295674845,24.275076080479387,45.068359375
1515,15.15,1024,910,2056,1954,1,0,1,27.3161295674845,24.275076080479387,50.1953125
1516,15.16,1024,1137,2062,1960,1,0,1,27.3161295674845,30.33050714670886,50.341796875
1517,15.17,1024,910,1851,1953,1,0,1,27.3161295674845,24.275076080479387,45.1904296875
1518,15.18,1024,1137,2061,1959,1,0,1,27.3161295674845,30.33050714670886,50.3173828125
1519,15.19,1024,910,1850,1952,1,0,1,27.3161295674845,24.275076080479387,45.166015625
1520,15.2,1024,1137,2060,1958,1,0,1,27.3161295674845,30.33050714670886,50.29296875
1521,15.21,1024,910,1849,1951,1,0,1,27.3161295674845,24.275076080479387,45.1416015625
1522,15.22,1024,1137,2059,1957,1,0,1,27.3161295674845,30.33050714670886,50.2685546875
1523,15.23,1024,910,1848,1950,1,0,1,27.3161295674845,24.275076080479387,45.1171875
1524,15.24,1024,1137,2058,1956,1,0,1,27.3161295674845,30.33050714670886,50.244140625
1525,15.25,1024,910,1847,1949,1,0,1,27.3161295674845,24.275076080479387,45.0927734375
1526,15.26,1024,1137,2057,1955,1,0,1,27.3161295674845,30.33050714670886,50.2197265625
1527,15.27,1024,910,1846,1948,1,0,1,27.3161295674845,24.275076080479387,45.068359375
1528,15.28,1024,1137,2056,1954,1,0,1,27.3161295674845,30.33050714670886,50.1953125
1529,15.29,1024,910,1845,1947,1,0,1,27.3161295674845,24.275076080479387,45.0439453125
1530,15.3,1024,1137,2055,1953,1,0,1,27.3161295674845,30.33050714670886,50.1708984375
1531,15.31,1024,910,1844,1946,1,0,1,27.3161295674845,24.275076080479387,45.01953125
1532,15.32,1024,1137,2054,1952,1,0,1,27.3161295674845,30.33050714670886,50.146484375
1533,15.33,1024,910,1843,1945,1,0,1,27.3161295674845,24.275076080479387,44.9951171875
1534,15.34,1024,910,2053,1951,1,0,1,27.3161295674845,24.275076080479387,50.1220703125
1535,15.35,1024,1137,2059,1957,1,0,1,27.3161295674845,30.33050714670886,50.2685546875
1536,15.36,1024,910,1848,1950,1,0,1,27.3161295674845,24.275076080479387,45.1171875
1537,15.37,1024,1137,2058,1956,1,0,1,27.3161295674845,30.33050714670886,50.244140625
1538,15.38,1024,910,1847,1949,1,0,1,27.3161295674845,24.275076080479387,45.0927734375
1539,15.39,1024,1137,2057,1955,1,0,1,27.3161295674845,30.33050714670886,50.2197265625
1540,15.4,1024,910,1846,1948,1,0,1,27.3161295674845,24.275076080479387,45.068359375
1541,15.41,1024,1137,2056,1954,1,0,1,27.3161295674845,30.33050714670886,50.1953125
1542,15.42,1024,910,1845,1947,1,0,1,27.3161295674845,24.275076080479387,45.0439453125
1543,15.43,1024,1137,2055,1953,1,0,1,27.3161295674845,30.33050714670886,50.1708984375
1544,15.44,1024,910,1844,1946,1,0,1,27.3161295674845,24.275076080479387,45.01953125
1545,15.45,1024,1137,2054,1952,1,0,1,27.3161295674845,30.33050714670886,50.146484375
1546,15.46,1024,910,1843,1945,1,0,1,27.3161295674845,24.275076080479387,44.9951171875
1547,15.47,1024,1137,2053,1951,1,0,1,27.3161295674845,30.33050714670886,50.1220703125
1548,15.48,1024,910,1842,1944,1,0,1,27.3161295674845,24.275076080479387,44.970703125
1549,15.49,1024,1137,2052,1950,1,0,1,27.3161295674845,30.33050714670886,50.09765625
1550,15.5,1024,910,1841,1943,1,0,1,27.3161295674845,24.275076080479387,44.9462890625
1551,15.51,1024,1137,2051,1949,1,0,1,27.3161295674845,30.33050714670886,50.0732421875
1552,15.52,1024,910,1840,1942,1,0,1,27.3161295674845,24.275076080479387,44.921875
1553,15.53,1024,1137,2050,1948,1,0,1,27.3161295674845,30.33050714670886,50.048828125
1554,15.54,1024,910,1839,1941,1,0,1,27.3161295674845,24.275076080479387,44.8974609375
1555,15.55,1024,1137,2049,1947,1,0,1,27.3161295674845,30.33050714670886,50.0244140625
1556,15.56,1024,910,1838,1940,1,0,1,27.3161295674845,24.275076080479387,44.873046875
1557,15.57,1024,1137,2048,1946,1,0,1,27.3161295674845,30.33050714670886,50.0
1558,15.58,1024,910,1837,1939,1,0,1,27.3161295674845,24.275076080479387,44.8486328125
1559,15.59,1024,910,2047,1945,1,0,1,27.3161295674845,24.275076080479387,49.9755859375
1560,15.6,1024,1137,2053,1951,1,0,1,27.3161295674845,30.33050714670886,50.1220703125
1561,15.61,1024,910,1842,1944,1,0,1,27.3161295674845,24.275076080479387,44.970703125
1562,15.62,1024,1137,2052,1950,1,0,1,27.3161295674845,30.33050714670886,50.09765625
1563,15.63,1024,910,1841,1943,1,0,1,27.3161295674845,24.275076080479387,44.9462890625
1564,15.64,1024,1137,2051,1949,1,0,1,27.3161295674845,30.33050714670886,50.0732421875
1565,15.65,1024,910,1840,1942,1,0,1,27.3161295674845,24.275076080479387,44.921875
1566,15.66,1024,1137,2050,1948,1,0,1,27.3161295674845,30.33050714670886,50.048828125
1567,15.67,1024,910,1839,1941,1,0,1,27.3161295674845,24.275076080479387,44.8974609375
1568,15.68,1024,1137,2049,1947,1,0,1,27.3161295674845,30.33050714670886,50.0244140625
1569,15.69,1024,910,1838,1940,1,0,1,27.3161295674845,24.275076080479387,44.873046875
1570,15.7,1024,910,2048,1946,1,0,1,27.3161295674845,24.275076080479387,50.0
1571,15.71,1024,1137,2054,1952,1,0,1,27.3161295674845,30.33050714670886,50.146484375
1572,15.72,1024,910,1843,1945,1,0,1,27.3161295674845,24.275076080479387,44.9951171875
1573,15.73,1024,1137,2053,1951,1,0,1,27.3161295674845,30.33050714670886,50.1220703125
1574,15.74,1024,910,1842,1944,1,0,1,27.3161295674845,24.275076080479387,44.970703125
1575,15.75,1024,1137,2052,1950,1,0,1,27.3161295674845,30.33050714670886,50.09765625
1576,15.76,1024,910,1841,1943,1,0,1,27.3161295674845,24.275076080479387,44.9462890625
1577,15.77,1024,1137,2051,1949,1,0,1,27.3161295674845,30.33050714670886,50.0732421875
1578,15.78,1024,910,1840,1942,1,0,1,27.3161295674845,24.275076080479387,44.921875
1579,15.79,1024,1137,2050,1948,1,0,1,27.3161295674845,30.33050714670886,50.048828125
1580,15.8,1024,910,1839,1941,1,0,1,27.3161295674845,24.275076080479387,44.8974609375
1581,15.81,1024,910,2049,1947,1,0,1,27.3161295674845,24.275076080479387,50.0244140625
1582,15.82,1024,1137,2055,1953,1,0,1,27.3161295674845,30.33050714670886,50.1708984375
1583,15.83,1024,910,1844,1946,1,0,1,27.3161295674845,24.275076080479387,45.01953125
1584,15.84,1024,1137,2054,1952,1,0,1,27.3161295674845,30.33050714670886,50.146484375
1585,15.85,1024,910,1843,1945,1,0,1,27.3161295674845,24.275076080479387,44.9951171875
1586,15.86,1024,1137,2053,1951,1,0,1,27.3161295674845,30.33050714670886,50.1220703125
1587,15.87,1024,910,1842,1944,1,0,1,27.3161295674845,24.275076080479387,44.970703125
1588,15.88,1024,1137,2052,1950,1,0,1,27.3161295674845,30.33050714670886,50.09765625
1589,15.89,1024,910,1841,1943,1,0,1,27.3161295674845,24.275076080479387,44.9462890625
1590,15.9,1024,910,2051,1949,1,0,1,27.3161295674845,24.275076080479387,50.0732421875
1591,15.91,1024,1137,2057,1955,1,0,1,27.3161295674845,30.33050714670886,50.2197265625
1592,15.92,1024,910,1846,1948,1,0,1,27.3161295674845,24.275076080479387,45.068359375
1593,15.93,1024,1137,2056,1954,1,0,1,27.3161295674845,30.33050714670886,50.1953125
1594,15.94,1024,910,1845,1947,1,0,1,27.3161295674845,24.275076080479387,45.0439453125
1595,15.95,1024,1137,2055,1953,1,0,1,27.3161295674845,30.33050714670886,50.1708984375
1596,15.96,1024,910,1844,1946,1,0,1,27.3161295674845,24.275076080479387,45.01953125
1597,15.97,1024,1137,2054,1952,1,0,1,27.3161295674845,30.33050714670886,50.146484375
1598,15.98,1024,910,1843,1945,1,0,1,27.3161295674845,24.275076080479387,44.9951171875
1599,15.99,1024,1137,2053,1951,1,0,1,27.3161295674845,30.33050714670886,50.1220703125
1600,16.0,1024,910,1842,1944,1,0,1,27.3161295674845,24.275076080479387,44.970703125
1601,16.01,1024,910,2052,1950,1,0,1,27.3161295674845,24.275076080479387,50.09765625
1602,16.02,1024,1137,2058,1956,1,0,1,27.3161295674845,30.33050714670886,50.244140625
1603,16.03,1024,910,1847,1949,1,0,1,27.3161295674845,24.275076080479387,45.0927734375
1604,16.04,1024,1137,2057,1955,1,0,1,27.3161295674845,30.33050714670886,50.2197265625
1605,16.05,1024,910,1846,1948,1,0,1,27.3161295674845,24.275076080479387,45.068359375
1606,16.06,1024,1137,2056,1954,1,0,1,27.3161295674845,30.33050714670886,50.1953125
1607,16.07,1024,910,1845,1947,1,0,1,27.3161295674845,24.275076080479387,45.0439453125
1608,16.08,1024,1137,2055,1953,1,0,1,27.3161295674845,30.33050714670886,50.1708984375
1609,16.09,1024,910,1844,1946,1,0,1,27.3161295674845,24.275076080479387,45.01953125
1610,16.1,1024,1137,2054,1952,1,0,1,27.3161295674845,30.33050714670886,50.146484375
1611,16.11,1024,910,1843,1945,1,0,1,27.3161295674845,24.275076080479387,44.9951171875
1612,16.12,1024,910,2053,1951,1,0,1,27.3161295674845,24.275076080479387,50.1220703125
1613,16.13,1024,1137,2059,1957,1,0,1,27.3161295674845,30.33050714670886,50.2685546875
1614,16.14,1024,910,1848,1950,1,0,1,27.3161295674845,24.275076080479387,45.1171875
1615,16.15,1024,1137,2058,1956,1,0,1,27.3161295674845,30.33050714670886,50.244140625
1616,16.16,1024,910,1847,1949,1,0,1,27.3161295674845,24.275076080479387,45.0927734375
1617,16.17,1024,1137,2057,1955,1,0,1,27.3161295674845,30.33050714670886,50.2197265625
1618,16.18,1024,910,1846,1948,1,0,1,27.3161295674845,24.275076080479387,45.068359375
1619,16.19,1024,1137,2056,1954,1,0,1,27.3161295674845,30.33050714670886,50.1953125
1620,16.2,1024,910,1845,1947,1,0,1,27.3161295674845,24.275076080479387,45.0439453125
1621,16.21,1024,1137,2055,1953,1,0,1,27.3161295674845,30.33050714670886,50.1708984375
1622,16.22,1024,910,1844,1946,1,0,1,27.3161295674845,24.275076080479387,45.01953125
1623,16.23,1024,910,2054,1952,1,0,1,27.3161295674845,24.275076080479387,50.146484375
1624,16.24,1024,1137,2060,1958,1,0,1,27.3161295674845,30.33050714670886,50.29296875
1625,16.25,1024,910,1849,1951,1,0,1,27.3161295674845,24.275076080479387,45.1416015625
1626,16.26,1024,1137,2059,1957,1,0,1,27.3161295674845,30.33050714670886,50.2685546875
1627,16.27,1024,910,1848,1950,1,0,1,27.3161295674845,24.275076080479387,45.1171875
1628,16.28,1024,1137,2058,1956,1,0,1,27.3161295674845,30.33050714670886,50.244140625
1629,16.29,1024,910,1847,1949,1,0,1,27.3161295674845,24.275076080479387,45.0927734375
1630,16.3,1024,1137,2057,1955,1,0,1,27.3161295674845,30.33050714670886,50.2197265625
1631,16.31,1024,910,1846,1948,1,0,1,27.3161295674845,24.275076080479387,45.068359375
1632,16.32,1024,1137,2056,1954,1,0,1,27.3161295674845,30.33050714670886,50.1953125
1633,16.33,1024,910,1845,1947,1,0,1,27.3161295674845,24.275076080479387,45.0439453125
1634,16.34,1024,1137,2055,1953,1,0,1,27.3161295674845,30.33050714670886,50.1708984375
1635,16.35,1024,910,1844,1946,1,0,1,27.3161295674845,24.275076080479387,45.01953125
1636,16.36,1024,1137,2054,1952,1,0,1,27.3161295674845,30.33050714670886,50.146484375
1637,16.37,1024,910,1843,1945,1,0,1,27.3161295674845,24.275076080479387,44.9951171875
1638,16.38,1024,1137,2053,1951,1,0,1,27.3161295674845,30.33050714670886,50.1220703125
1639,16.39,1024,910,1842,1944,1,0,1,27.3161295674845,24.275076080479387,44.970703125
1640,16.4,1024,910,2052,1950,1,0,1,27.3161295674845,24.275076080479387,50.09765625
1641,16.41,1024,1137,2058,1956,1,0,1,27.3161295674845,30.33050714670886,50.244140625
1642,16.42,1024,910,1847,1949,1,0,1,27.3161295674845,24.275076080479387,45.0927734375
1643,16.43,1024,1137,2057,1955,1,0,1,27.3161295674845,30.33050714670886,50.2197265625
1644,16.44,1024,910,1846,1948,1,0,1,27.3161295674845,24.275076080479387,45.068359375
1645,16.45,1024,1137,2056,1954,1,0,1,27.3161295674845,30.33050714670886,50.1953125
1646,16.46,1024,910,1845,1947,1,0,1,27.3161295674845,24.275076080479387,45.0439453125
1647,16.47,1024,1137,2055,1953,1,0,1,27.3161295674845,30.33050714670886,50.1708984375
1648,16.48,1024,910,1844,1946,1,0,1,27.3161295674845,24.275076080479387,45.01953125
1649,16.49,1024,1365,2054,1952,1,0,1,27.3161295674845,36.412614120719084,50.146484375
1650,16.5,1024,910,1624,1931,1,0,1,27.3161295674845,24.275076080479387,39.6484375
1651,16.51,1024,1137,2039,1937,1,0,1,27.3161295674845,30.33050714670886,49.7802734375
1652,16.52,1024,910,1828,1930,1,0,1,27.3161295674845,24.275076080479387,44.62890625
1653,16.53,1024,1137,2038,1936,1,0,1,27.3161295674845,30.33050714670886,49.755859375
1654,16.54,1024,910,1827,1929,1,0,1,27.3161295674845,24.275076080479387,44.6044921875
1655,16.55,1024,910,2037,1935,1,0,1,27.3161295674845,24.275076080479387,49.7314453125
1656,16.56,1024,1137,2043,1941,1,0,1,27.3161295674845,30.33050714670886,49.8779296875
1657,16.57,1536,910,2323,1964,1,0,1,40.97419435122675,24.275076080479387,56.7138671875
1658,16.58,1536,1137,2564,2001,1,0,1,40.97419435122675,30.33050714670886,62.59765625
1659,16.59,1536,910,2383,2024,1,0,1,40.97419435122675,24.275076080479387,58.1787109375
1660,16.6,1536,1137,2624,2061,1,0,1,40.97419435122675,30.33050714670886,64.0625
1661,16.61,1536,1137,2443,2084,1,0,1,40.97419435122675,30.33050714670886,59.6435546875
1662,16.62,1536,910,2466,2107,1,0,1,40.97419435122675,24.275076080479387,60.205078125
1663,16.63,1536,1137,2707,2144,1,0,1,40.97419435122675,30.33050714670886,66.0888671875
1664,16.64,1536,1137,2526,2167,1,0,1,40.97419435122675,30.33050714670886,61.669921875
1665,16.65,1536,1137,2549,2190,1,0,1,40.97419435122675,30.33050714670886,62.2314453125
1666,16.66,1536,1137,2572,2213,1,0,1,40.97419435122675,30.33050714670886,62.79296875
1667,16.67,1536,1365,2595,2236,1,0,1,40.97419435122675,36.412614120719084,63.3544921875
1668,16.68,1536,1137,2399,2246,1,0,1,40.97419435122675,30.33050714670886,58.5693359375
1669,16.69,1536,1137,2628,2269,1,0,1,40.97419435122675,30.33050714670886,64.16015625
1670,16.7,1536,1365,2651,2292,1,0,1,40.97419435122675,36.412614120719084,64.7216796875
1671,16.71,1536,1137,2455,2302,1,0,1,40.97419435122675,30.33050714670886,59.9365234375
1672,16.72,1536,1365,2684,2325,1,0,1,40.97419435122675,36.412614120719084,65.52734375
1673,16.73,1536,1137,2488,2335,1,0,1,40.97419435122675,30.33050714670886,60.7421875
1674,16.74,1536,1365,2717,2358,1,0,1,40.97419435122675,36.412614120719084,66.3330078125
1675,16.75,1536,1137,2521,2368,1,0,1,40.97419435122675,30.33050714670886,61.5478515625
1676,16.76,1536,1365,2750,2391,1,0,1,40.97419435122675,36.412614120719084,67.138671875
1677,16.77,1536,1365,2554,2401,1,0,1,40.97419435122675,36.412614120719084,62.353515625
1678,16.78,1536,1365,2564,2411,1,0,1,40.97419435122675,36.412614120719084,62.59765625
1679,16.79,1536,1365,2574,2421,1,0,1,40.97419435122675,36.412614120719084,62.841796875
1680,16.8,1536,1365,2584,2431,1,0,1,40.97419435122675,36.412614120719084,63.0859375
1681,16.81,1536,1365,2594,2441,1,0,1,40.97419435122675,36.412614120719084,63.330078125
1682,16.82,1536,1365,2604,2451,1,0,1,40.97419435122675,36.412614120719084,63.57421875
1683,16.83,1536,1365,2614,2461,1,0,1,40.97419435122675,36.412614120719084,63.818359375
1684,16.84,1536,1365,2624,2471,1,0,1,40.97419435122675,36.412614120719084,64.0625
1685,16.85,1536,1592,2634,2481,1,0,1,40.97419435122675,42.46804518694856,64.306640625
1686,16.86,1536,1365,2426,2477,1,0,1,40.97419435122675,36.412614120719084,59.228515625
1687,16.87,1536,1365,2640,2487,1,0,1,40.97419435122675,36.412614120719084,64.453125
1688,16.88,1536,1592,2650,2497,1,0,1,40.97419435122675,42.46804518694856,64.697265625
1689,16.89,1536,1365,2442,2493,1,0,1,40.97419435122675,36.412614120719084,59.619140625
1690,16.9,1536,1365,2656,2503,1,0,1,40.97419435122675,36.412614120719084,64.84375
1691,16.91,1536,1592,2666,2513,1,0,1,40.97419435122675,42.46804518694856,65.087890625
1692,16.92,1536,1365,2458,2509,1,0,1,40.97419435122675,36.412614120719084,60.009765625
1693,16.93,1536,1592,2672,2519,1,0,1,40.97419435122675,42.46804518694856,65.234375
1694,16.94,1536,1365,2464,2515,1,0,1,40.97419435122675,36.412614120719084,60.15625
1695,16.95,1536,1592,2678,2525,1,0,1,40.97419435122675,42.46804518694856,65.380859375
1696,16.96,1536,1592,2470,2521,1,0,1,40.97419435122675,42.46804518694856,60.302734375
1697,16.97,1536,1365,2466,2517,1,0,1,40.97419435122675,36.412614120719084,60.205078125
1698,16.98,1536,1592,2680,2527,1,0,1,40.97419435122675,42.46804518694856,65.4296875
1699,16.99,1536,1592,2472,2523,1,0,1,40.97419435122675,42.46804518694856,60.3515625
1700,17.0,1536,1365,2468,2519,1,0,1,40.97419435122675,36.412614120719084,60.25390625
1701,17.01,1536,1592,2682,2529,1,0,1,40.97419435122675,42.46804518694856,65.478515625
1702,17.02,1536,1592,2474,2525,1,0,1,40.97419435122675,42.46804518694856,60.400390625
1703,17.03,1536,1592,2470,2521,1,0,1,40.97419435122675,42.46804518694856,60.302734375
1704,17.04,1536,1365,2466,2517,1,0,1,40.97419435122675,36.412614120719084,60.205078125
1705,17.05,1536,1592,2680,2527,1,0,1,40.97419435122675,42.46804518694856,65.4296875
1706,17.06,1536,1592,2472,2523,1,0,1,40.97419435122675,42.46804518694856,60.3515625
1707,17.07,1536,1592,2468,2519,1,0,1,40.97419435122675,42.46804518694856,60.25390625
1708,17.08,1536,1365,2464,2515,1,0,1,40.97419435122675,36.412614120719084,60.15625
1709,17.09,1536,1592,2678,2525,1,0,1,40.97419435122675,42.46804518694856,65.380859375
1710,17.1,1536,1592,2470,2521,1,0,1,40.97419435122675,42.46804518694856,60.302734375
1711,17.11,1536,1592,2466,2517,1,0,1,40.97419435122675,42.46804518694856,60.205078125
1712,17.12,1536,1592,2462,2513,1,0,1,40.97419435122675,42.46804518694856,60.107421875
1713,17.13,1536,1592,2458,2509,1,0,1,40.97419435122675,42.46804518694856,60.009765625
1714,17.14,1536,1592,2454,2505,1,0,1,40.97419435122675,42.46804518694856,59.912109375
1715,17.15,1536,1592,2450,2501,1,0,1,40.97419435122675,42.46804518694856,59.814453125
1716,17.16,1536,1592,2446,2497,1,0,1,40.97419435122675,42.46804518694856,59.716796875
1717,17.17,1536,1365,2442,2493,1,0,1,40.97419435122675,36.412614120719084,59.619140625
1718,17.18,1536,1592,2656,2503,1,0,1,40.97419435122675,42.46804518694856,64.84375
1719,17.19,1536,1592,2448,2499,1,0,1,40.97419435122675,42.46804518694856,59.765625
1720,17.2,1536,1592,2444,2495,1,0,1,40.97419435122675,42.46804518694856,59.66796875
1721,17.21,1536,1592,2440,2491,1,0,1,40.97419435122675,42.46804518694856,59.5703125
1722,17.22,1536,1592,2436,2487,1,0,1,40.97419435122675,42.46804518694856,59.47265625
1723,17.23,1536,1592,2432,2483,1,0,1,40.97419435122675,42.46804518694856,59.375
1724,17.24,1536,1592,2428,2479,1,0,1,40.97419435122675,42.46804518694856,59.27734375
1725,17.25,1536,1592,2424,2475,1,0,1,40.97419435122675,42.46804518694856,59.1796875
1726,17.26,1536,1592,2420,2471,1,0,1,40.97419435122675,42.46804518694856,59.08203125
1727,17.27,1536,1592,2416,2467,1,0,1,40.97419435122675,42.46804518694856,58.984375
1728,17.28,1536,1365,2412,2463,1,0,1,40.97419435122675,36.412614120719084,58.88671875
1729,17.29,1536,1592,2626,2473,1,0,1,40.97419435122675,42.46804518694856,64.111328125
1730,17.3,1536,1592,2418,2469,1,0,1,40.97419435122675,42.46804518694856,59.033203125
1731,17.31,1536,1592,2414,2465,1,0,1,40.97419435122675,42.46804518694856,58.935546875
1732,17.32,1536,1592,2410,2461,1,0,1,40.97419435122675,42.46804518694856,58.837890625
1733,17.33,1536,1592,2406,2457,1,0,1,40.97419435122675,42.46804518694856,58.740234375
1734,17.34,1536,1592,2402,2453,1,0,1,40.97419435122675,42.46804518694856,58.642578125
1735,17.35,1536,1592,2398,2449,1,0,1,40.97419435122675,42.46804518694856,58.544921875
1736,17.36,1536,1592,2394,2445,1,0,1,40.97419435122675,42.46804518694856,58.447265625
1737,17.37,1536,1592,2390,2441,1,0,1,40.97419435122675,42.46804518694856,58.349609375
1738,17.38,1536,1592,2386,2437,1,0,1,40.97419435122675,42.46804518694856,58.251953125
1739,17.39,1536,1365,2382,2433,1,0,1,40.97419435122675,36.412614120719084,58.154296875
1740,17.4,1536,1592,2596,2443,1,0,1,40.97419435122675,42.46804518694856,63.37890625
1741,17.41,1536,1592,2388,2439,1,0,1,40.97419435122675,42.46804518694856,58.30078125
1742,17.42,1536,1592,2384,2435,1,0,1,40.97419435122675,42.46804518694856,58.203125
1743,17.43,1536,1592,2380,2431,1,0,1,40.97419435122675,42.46804518694856,58.10546875
1744,17.44,1536,1592,2376,2427,1,0,1,40.97419435122675,42.46804518694856,58.0078125
1745,17.45,1536,1592,2372,2423,1,0,1,40.97419435122675,42.46804518694856,57.91015625
1746,17.46,1536,1365,2368,2419,1,0,1,40.97419435122675,36.412614120719084,57.8125
1747,17.47,1536,1592,2582,2429,1,0,1,40.97419435122675,42.46804518694856,63.037109375
1748,17.48,1536,1592,2374,2425,1,0,1,40.97419435122675,42.46804518694856,57.958984375
1749,17.49,1536,1592,2370,2421,1,0,1,40.97419435122675,42.46804518694856,57.861328125
1750,17.5,1536,1592,2366,2417,1,0,1,40.97419435122675,42.46804518694856,57.763671875
1751,17.51,1536,1592,2362,2413,1,0,1,40.97419435122675,42.46804518694856,57.666015625
1752,17.52,1536,1365,2358,2409,1,0,1,40.97419435122675,36.412614120719084,57.568359375
1753,17.53,1536,1592,2572,2419,1,0,1,40.97419435122675,42.46804518694856,62.79296875
1754,17.54,1536,1592,2364,2415,1,0,1,40.97419435122675,42.46804518694856,57.71484375
1755,17.55,1536,1592,2360,2411,1,0,1,40.97419435122675,42.46804518694856,57.6171875
1756,17.56,1536,1592,2356,2407,1,0,1,40.97419435122675,42.46804518694856,57.51953125
1757,17.57,1536,1365,2352,2403,1,0,1,40.97419435122675,36.412614120719084,57.421875
1758,17.58,1536,1592,2566,2413,1,0,1,40.97419435122675,42.46804518694856,62.646484375
1759,17.59,1536,1592,2358,2409,1,0,1,40.97419435122675,42.46804518694856,57.568359375
1760,17.6,1536,1592,2354,2405,1,0,1,40.97419435122675,42.46804518694856,57.470703125
1761,17.61,1536,1592,2350,2401,1,0,1,40.97419435122675,42.46804518694856,57.373046875
1762,17.62,1536,1365,2346,2397,1,0,1,40.97419435122675,36.412614120719084,57.275390625
1763,17.63,1536,1592,2560,2407,1,0,1,40.97419435122675,42.46804518694856,62.5
1764,17.64,1536,1592,2352,2403,1,0,1,40.97419435122675,42.46804518694856,57.421875
1765,17.65,1536,1592,2348,2399,1,0,1,40.97419435122675,42.46804518694856,57.32421875
1766,17.66,1536,1365,2344,2395,1,0,1,40.97419435122675,36.412614120719084,57.2265625
1767,17.67,1536,1592,2558,2405,1,0,1,40.97419435122675,42.46804518694856,62.451171875
1768,17.68,1536,1592,2350,2401,1,0,1,40.97419435122675,42.46804518694856,57.373046875
1769,17.69,1536,1592,2346,2397,1,0,1,40.97419435122675,42.46804518694856,57.275390625
1770,17.7,1536,1365,2342,2393,1,0,1,40.97419435122675,36.412614120719084,57.177734375
1771,17.71,1536,1592,2556,2403,1,0,1,40.97419435122675,42.46804518694856,62.40234375
1772,17.72,1536,1592,2348,2399,1,0,1,40.97419435122675,42.46804518694856,57.32421875
1773,17.73,1536,1592,2344,2395,1,0,1,40.97419435122675,42.46804518694856,57.2265625
1774,17.74,1536,1592,2340,2391,1,0,1,40.97419435122675,42.46804518694856,57.12890625
1775,17.75,1536,1365,2336,2387,1,0,1,40.97419435122675,36.412614120719084,57.03125
1776,17.76,1536,1592,2550,2397,1,0,1,40.97419435122675,42.46804518694856,62.255859375
1777,17.77,1536,1592,2342,2393,1,0,1,40.97419435122675,42.46804518694856,57.177734375
1778,17.78,1536,1365,2338,2389,1,0,1,40.97419435122675,36.412614120719084,57.080078125
1779,17.79,1536,1592,2552,2399,1,0,1,40.97419435122675,42.46804518694856,62.3046875
1780,17.8,1536,1592,2344,2395,1,0,1,40.97419435122675,42.46804518694856,57.2265625
1781,17.81,1536,1592,2340,2391,1,0,1,40.97419435122675,42.46804518694856,57.12890625
1782,17.82,1536,1365,2336,2387,1,0,1,40.97419435122675,36.412614120719084,57.03125
1783,17.83,1536,1592,2550,2397,1,0,1,40.97419435122675,42.46804518694856,62.255859375
1784,17.84,1536,1592,2342,2393,1,0,1,40.97419435122675,42.46804518694856,57.177734375
1785,17.85,1536,1592,2338,2389,1,0,1,40.97419435122675,42.46804518694856,57.080078125
1786,17.86,1536,1365,2334,2385,1,0,1,40.97419435122675,36.412614120719084,56.982421875
1787,17.87,1536,1592,2548,2395,1,0,1,40.97419435122675,42.46804518694856,62.20703125
1788,17.88,1536,1592,2340,2391,1,0,1,40.97419435122675,42.46804518694856,57.12890625
1789,17.89,1536,1592,2336,2387,1,0,1,40.97419435122675,42.46804518694856,57.03125
1790,17.9,1536,1365,2332,2383,1,0,1,40.97419435122675,36.412614120719084,56.93359375
1791,17.91,1536,1592,2546,2393,1,0,1,40.97419435122675,42.46804518694856,62.158203125
1792,17.92,1536,1592,2338,2389,1,0,1,40.97419435122675,42.46804518694856,57.080078125
1793,17.93,1536,1592,2334,2385,1,0,1,40.97419435122675,42.46804518694856,56.982421875
1794,17.94,1536,1365,2330,2381,1,0,1,40.97419435122675,36.412614120719084,56.884765625
1795,17.95,1536,1592,2544,2391,1,0,1,40.97419435122675,42.46804518694856,62.109375
1796,17.96,1536,1592,2336,2387,1,0,1,40.97419435122675,42.46804518694856,57.03125
1797,17.97,1536,1592,2332,2383,1,0,1,40.97419435122675,42.46804518694856,56.93359375
1798,17.98,1536,1365,2328,2379,1,0,1,40.97419435122675,36.412614120719084,56.8359375
1799,17.99,1536,1592,2542,2389,1,0,1,40.97419435122675,42.46804518694856,62.060546875
1800,18.0,1536,1592,2334,2385,1,0,1,40.97419435122675,42.46804518694856,56.982421875
1801,18.01,1536,1592,2330,2381,1,0,1,40.97419435122675,42.46804518694856,56.884765625
1802,18.02,1536,1365,2326,2377,1,0,1,40.97419435122675,36.412614120719084,56.787109375
1803,18.03,1536,1592,2540,2387,1,0,1,40.97419435122675,42.46804518694856,62.01171875
1804,18.04,1536,1592,2332,2383,1,0,1,40.97419435122675,42.46804518694856,56.93359375
1805,18.05,1536,1592,2328,2379,1,0,1,40.97419435122675,42.46804518694856,56.8359375
1806,18.06,1536,1365,2324,2375,1,0,1,40.97419435122675,36.412614120719084,56.73828125
1807,18.07,1536,1592,2538,2385,1,0,1,40.97419435122675,42.46804518694856,61.962890625
1808,18.08,1536,1592,2330,2381,1,0,1,40.97419435122675,42.46804518694856,56.884765625
1809,18.09,1536,1592,2326,2377,1,0,1,40.97419435122675,42.46804518694856,56.787109375
1810,18.1,1536,1365,2322,2373,1,0,1,40.97419435122675,36.412614120719084,56.689453125
1811,18.11,1536,1592,2536,2383,1,0,1,40.97419435122675,42.46804518694856,61.9140625
1812,18.12,1536,1592,2328,2379,1,0,1,40.97419435122675,42.46804518694856,56.8359375
1813,18.13,1536,1592,2324,2375,1,0,1,40.97419435122675,42.46804518694856,56.73828125
1814,18.14,1536,1365,2320,2371,1,0,1,40.97419435122675,36.412614120719084,56.640625
1815,18.15,1536,1592,2534,2381,1,0,1,40.97419435122675,42.46804518694856,61.865234375
1816,18.16,1536,1592,2326,2377,1,0,1,40.97419435122675,42.46804518694856,56.787109375
1817,18.17,1536,1365,2322,2373,1,0,1,40.97419435122675,36.412614120719084,56.689453125
1818,18.18,1536,1592,2536,2383,1,0,1,40.97419435122675,42.46804518694856,61.9140625
1819,18.19,1536,1592,2328,2379,1,0,1,40.97419435122675,42.46804518694856,56.8359375
1820,18.2,1536,1592,2324,2375,1,0,1,40.97419435122675,42.46804518694856,56.73828125
1821,18.21,1536,1365,2320,2371,1,0,1,40.97419435122675,36.412614120719084,56.640625
1822,18.22,1536,1592,2534,2381,1,0,1,40.97419435122675,42.46804518694856,61.865234375
1823,18.23,1536,1592,2326,2377,1,0,1,40.97419435122675,42.46804518694856,56.787109375
1824,18.24,1536,1365,2322,2373,1,0,1,40.97419435122675,36.412614120719084,56.689453125
1825,18.25,1536,1592,2536,2383,1,0,1,40.97419435122675,42.46804518694856,61.9140625
1826,18.26,1536,1592,2328,2379,1,0,1,40.97419435122675,42.46804518694856,56.8359375
1827,18.27,1536,1592,2324,2375,1,0,1,40.97419435122675,42.46804518694856,56.73828125
1828,18.28,1536,1365,2320,2371,1,0,1,40.97419435122675,36.412614120719084,56.640625
1829,18.29,1536,1592,2534,2381,1,0,1,40.97419435122675,42.46804518694856,61.865234375
1830,18.3,1536,1592,2326,2377,1,0,1,40.97419435122675,42.46804518694856,56.787109375
1831,18.31,1536,1365,2322,2373,1,0,1,40.97419435122675,36.412614120719084,56.689453125
1832,18.32,1536,1592,2536,2383,1,0,1,40.97419435122675,42.46804518694856,61.9140625
1833,18.33,1536,1592,2328,2379,1,0,1,40.97419435122675,42.46804518694856,56.8359375
1834,18.34,1536,1592,2324,2375,1,0,1,40.97419435122675,42.46804518694856,56.73828125
1835,18.35,1536,1365,2320,2371,1,0,1,40.97419435122675,36.412614120719084,56.640625
1836,18.36,1536,1592,2534,2381,1,0,1,40.97419435122675,42.46804518694856,61.865234375
1837,18.37,1536,1592,2326,2377,1,0,1,40.97419435122675,42.46804518694856,56.787109375
1838,18.38,1536,1365,2322,2373,1,0,1,40.97419435122675,36.412614120719084,56.689453125
1839,18.39,1536,1592,2536,2383,1,0,1,40.97419435122675,42.46804518694856,61.9140625
1840,18.4,1536,1592,2328,2379,1,0,1,40.97419435122675,42.46804518694856,56.8359375
1841,18.41,1536,1592,2324,2375,1,0,1,40.97419435122675,42.46804518694856,56.73828125
1842,18.42,1536,1365,2320,2371,1,0,1,40.97419435122675,36.412614120719084,56.640625
1843,18.43,1536,1592,2534,2381,1,0,1,40.97419435122675,42.46804518694856,61.865234375
1844,18.44,1536,1592,2326,2377,1,0,1,40.97419435122675,42.46804518694856,56.787109375
1845,18.45,1536,1365,2322,2373,1,0,1,40.97419435122675,36.412614120719084,56.689453125
1846,18.46,1536,1592,2536,2383,1,0,1,40.97419435122675,42.46804518694856,61.9140625
1847,18.47,1536,1592,2328,2379,1,0,1,40.97419435122675,42.46804518694856,56.8359375
1848,18.48,1536,1592,2324,2375,1,0,1,40.97419435122675,42.46804518694856,56.73828125
1849,18.49,1536,1365,2320,2371,1,0,1,40.97419435122675,36.412614120719084,56.640625
1850,18.5,1536,1592,2534,2381,1,0,1,40.97419435122675,42.46804518694856,61.865234375
1851,18.51,1536,1592,2326,2377,1,0,1,40.97419435122675,42.46804518694856,56.787109375
1852,18.52,1536,1365,2322,2373,1,0,1,40.97419435122675,36.412614120719084,56.689453125
1853,18.53,1536,1592,2536,2383,1,0,1,40.97419435122675,42.46804518694856,61.9140625
1854,18.54,1536,1592,2328,2379,1,0,1,40.97419435122675,42.46804518694856,56.8359375
1855,18.55,1536,1592,2324,2375,1,0,1,40.97419435122675,42.46804518694856,56.73828125
1856,18.56,1536,1365,2320,2371,1,0,1,40.97419435122675,36.412614120719084,56.640625
1857,18.57,1536,1592,2534,2381,1,0,1,40.97419435122675,42.46804518694856,61.865234375
1858,18.58,1536,1592,2326,2377,1,0,1,40.97419435122675,42.46804518694856,56.787109375
1859,18.59,1536,1365,2322,2373,1,0,1,40.97419435122675,36.412614120719084,56.689453125
1860,18.6,1536,1592,2536,2383,1,0,1,40.97419435122675,42.46804518694856,61.9140625
1861,18.61,1536,1592,2328,2379,1,0,1,40.97419435122675,42.46804518694856,56.8359375
1862,18.62,1536,1592,2324,2375,1,0,1,40.97419435122675,42.46804518694856,56.73828125
1863,18.63,1536,1365,2320,2371,1,0,1,40.97419435122675,36.412614120719084,56.640625
1864,18.64,1536,1592,2534,2381,1,0,1,40.97419435122675,42.46804518694856,61.865234375
1865,18.65,1536,1592,2326,2377,1,0,1,40.97419435122675,42.46804518694856,56.787109375
1866,18.66,1536,1592,2322,2373,1,0,1,40.97419435122675,42.46804518694856,56.689453125
1867,18.67,1536,1365,2318,2369,1,0,1,40.97419435122675,36.412614120719084,56.591796875
1868,18.68,1536,1592,2532,2379,1,0,1,40.97419435122675,42.46804518694856,61.81640625
1869,18.69,1536,1592,2324,2375,1,0,1,40.97419435122675,42.46804518694856,56.73828125
1870,18.7,1536,1365,2320,2371,1,0,1,40.97419435122675,36.412614120719084,56.640625
1871,18.71,1536,1592,2534,2381,1,0,1,40.97419435122675,42.46804518694856,61.865234375
1872,18.72,1536,1592,2326,2377,1,0,1,40.97419435122675,42.46804518694856,56.787109375
1873,18.73,1536,1592,2322,2373,1,0,1,40.97419435122675,42.46804518694856,56.689453125
1874,18.74,1536,1365,2318,2369,1,0,1,40.97419435122675,36.412614120719084,56.591796875
1875,18.75,1536,1592,2532,2379,1,0,1,40.97419435122675,42.46804518694856,61.81640625
1876,18.76,1536,1592,2324,2375,1,0,1,40.97419435122675,42.46804518694856,56.73828125
1877,18.77,1536,1592,2320,2371,1,0,1,40.97419435122675,42.46804518694856,56.640625
1878,18.78,1536,1365,2316,2367,1,0,1,40.97419435122675,36.412614120719084,56.54296875
1879,18.79,1536,1592,2530,2377,1,0,1,40.97419435122675,42.46804518694856,61.767578125
1880,18.8,1536,1592,2322,2373,1,0,1,40.97419435122675,42.46804518694856,56.689453125
1881,18.81,1536,1365,2318,2369,1,0,1,40.97419435122675,36.412614120719084,56.591796875
1882,18.82,1536,1592,2532,2379,1,0,1,40.97419435122675,42.46804518694856,61.81640625
1883,18.83,1536,1592,2324,2375,1,0,1,40.97419435122675,42.46804518694856,56.73828125
1884,18.84,1536,1592,2320,2371,1,0,1,40.97419435122675,42.46804518694856,56.640625
1885,18.85,1536,1365,2316,2367,1,0,1,40.97419435122675,36.412614120719084,56.54296875
1886,18.86,1536,1592,2530,2377,1,0,1,40.97419435122675,42.46804518694856,61.767578125
1887,18.87,1536,1592,2322,2373,1,0,1,40.97419435122675,42.46804518694856,56.689453125
1888,18.88,1536,1592,2318,2369,1,0,1,40.97419435122675,42.46804518694856,56.591796875
1889,18.89,1536,1365,2314,2365,1,0,1,40.97419435122675,36.412614120719084,56.494140625
1890,18.9,1536,1592,2528,2375,1,0,1,40.97419435122675,42.46804518694856,61.71875
1891,18.91,1536,1592,2320,2371,1,0,1,40.97419435122675,42.46804518694856,56.640625
1892,18.92,1536,1365,2316,2367,1,0,1,40.97419435122675,36.412614120719084,56.54296875
1893,18.93,1536,1592,2530,2377,1,0,1,40.97419435122675,42.46804518694856,61.767578125
1894,18.94,1536,1592,2322,2373,1,0,1,40.97419435122675,42.46804518694856,56.689453125
1895,18.95,1536,1365,2318,2369,1,0,1,40.97419435122675,36.412614120719084,56.591796875
1896,18.96,1536,1592,2532,2379,1,0,1,40.97419435122675,42.46804518694856,61.81640625
1897,18.97,1536,1592,2324,2375,1,0,1,40.97419435122675,42.46804518694856,56.73828125
1898,18.98,1536,1592,2320,2371,1,0,1,40.97419435122675,42.46804518694856,56.640625
1899,18.99,1536,1365,2316,2367,1,0,1,40.97419435122675,36.412614120719084,56.54296875
1900,19.0,1536,1592,2530,2377,1,0,1,40.97419435122675,42.46804518694856,61.767578125
1901,19.01,1536,1592,2322,2373,1,0,1,40.97419435122675,42.46804518694856,56.689453125
1902,19.02,1536,1365,2318,2369,1,0,1,40.97419435122675,36.412614120719084,56.591796875
1903,19.03,1536,1592,2532,2379,1,0,1,40.97419435122675,42.46804518694856,61.81640625
1904,19.04,1536,1592,2324,2375,1,0,1,40.97419435122675,42.46804518694856,56.73828125
1905,19.05,1536,1592,2320,2371,1,0,1,40.97419435122675,42.46804518694856,56.640625
1906,19.06,1536,1365,2316,2367,1,0,1,40.97419435122675,36.412614120719084,56.54296875
1907,19.07,1536,1592,2530,2377,1,0,1,40.97419435122675,42.46804518694856,61.767578125
1908,19.08,1536,1592,2322,2373,1,0,1,40.97419435122675,42.46804518694856,56.689453125
1909,19.09,1536,1365,2318,2369,1,0,1,40.97419435122675,36.412614120719084,56.591796875
1910,19.1,1536,1592,2532,2379,1,0,1,40.97419435122675,42.46804518694856,61.81640625
1911,19.11,1536,1592,2324,2375,1,0,1,40.97419435122675,42.46804518694856,56.73828125
1912,19.12,1536,1592,2320,2371,1,0,1,40.97419435122675,42.46804518694856,56.640625
1913,19.13,1536,1365,2316,2367,1,0,1,40.97419435122675,36.412614120719084,56.54296875
1914,19.14,1536,1592,2530,2377,1,0,1,40.97419435122675,42.46804518694856,61.767578125
1915,19.15,1536,1592,2322,2373,1,0,1,40.97419435122675,42.46804518694856,56.689453125
1916,19.16,1536,1592,2318,2369,1,0,1,40.97419435122675,42.46804518694856,56.591796875
1917,19.17,1536,1365,2314,2365,1,0,1,40.97419435122675,36.412614120719084,56.494140625
1918,19.18,1536,1592,2528,2375,1,0,1,40.97419435122675,42.46804518694856,61.71875
1919,19.19,1536,1592,2320,2371,1,0,1,40.97419435122675,42.46804518694856,56.640625
1920,19.2,1536,1365,2316,2367,1,0,1,40.97419435122675,36.412614120719084,56.54296875
1921,19.21,1536,1592,2530,2377,1,0,1,40.97419435122675,42.46804518694856,61.767578125
1922,19.22,1536,1592,2322,2373,1,0,1,40.97419435122675,42.46804518694856,56.689453125
1923,19.23,1536,1365,2318,2369,1,0,1,40.97419435122675,36.412614120719084,56.591796875
1924,19.24,1536,1592,2532,2379,1,0,1,40.97419435122675,42.46804518694856,61.81640625
1925,19.25,1536,1592,2324,2375,1,0,1,40.97419435122675,42.46804518694856,56.73828125
1926,19.26,1536,1592,2320,2371,1,0,1,40.97419435122675,42.46804518694856,56.640625
1927,19.27,1536,1365,2316,2367,1,0,1,40.97419435122675,36.412614120719084,56.54296875
1928,19.28,1536,1592,2530,2377,1,0,1,40.97419435122675,42.46804518694856,61.767578125
1929,19.29,1536,1592,2322,2373,1,0,1,40.97419435122675,42.46804518694856,56.689453125
1930,19.3,1536,1592,2318,2369,1,0,1,40.97419435122675,42.46804518694856,56.591796875
1931,19.31,1536,1365,2314,2365,1,0,1,40.97419435122675,36.412614120719084,56.494140625
1932,19.32,1536,1592,2528,2375,1,0,1,40.97419435122675,42.46804518694856,61.71875
1933,19.33,1536,1592,2320,2371,1,0,1,40.97419435122675,42.46804518694856,56.640625
1934,19.34,1536,1365,2316,2367,1,0,1,40.97419435122675,36.412614120719084,56.54296875
1935,19.35,1536,1592,2530,2377,1,0,1,40.97419435122675,42.46804518694856,61.767578125
1936,19.36,1536,1592,2322,2373,1,0,1,40.97419435122675,42.46804518694856,56.689453125
1937,19.37,1536,1592,2318,2369,1,0,1,40.97419435122675,42.46804518694856,56.591796875
1938,19.38,1536,1365,2314,2365,1,0,1,40.97419435122675,36.412614120719084,56.494140625
1939,19.39,1536,1592,2528,2375,1,0,1,40.97419435122675,42.46804518694856,61.71875
1940,19.4,1536,1592,2320,2371,1,0,1,40.97419435122675,42.46804518694856,56.640625
1941,19.41,1536,1365,2316,2367,1,0,1,40.97419435122675,36.412614120719084,56.54296875
1942,19.42,1536,1592,2530,2377,1,0,1,40.97419435122675,42.46804518694856,61.767578125
1943,19.43,1536,1592,2322,2373,1,0,1,40.97419435122675,42.46804518694856,56.689453125
1944,19.44,1536,1592,2318,2369,1,0,1,40.97419435122675,42.46804518694856,56.591796875
1945,19.45,1536,1365,2314,2365,1,0,1,40.97419435122675,36.412614120719084,56.494140625
1946,19.46,1536,1592,2528,2375,1,0,1,40.97419435122675,42.46804518694856,61.71875
1947,19.47,1536,1592,2320,2371,1,0,1,40.97419435122675,42.46804518694856,56.640625
1948,19.48,1536,1592,2316,2367,1,0,1,40.97419435122675,42.46804518694856,56.54296875
1949,19.49,1536,1365,2312,2363,1,0,1,40.97419435122675,36.412614120719084,56.4453125
1950,19.5,1536,1592,2526,2373,1,0,1,40.97419435122675,42.46804518694856,61.669921875
1951,19.51,1536,1592,2318,2369,1,0,1,40.97419435122675,42.46804518694856,56.591796875
1952,19.52,1536,1592,2314,2365,1,0,1,40.97419435122675,42.46804518694856,56.494140625
1953,19.53,1536,1365,2310,2361,1,0,1,40.97419435122675,36.412614120719084,56.396484375
1954,19.54,1536,1592,2524,2371,1,0,1,40.97419435122675,42.46804518694856,61.62109375
1955,19.55,1536,1592,2316,2367,1,0,1,40.97419435122675,42.46804518694856,56.54296875
1956,19.56,1536,1592,2312,2363,1,0,1,40.97419435122675,42.46804518694856,56.4453125
1957,19.57,1536,1365,2308,2359,1,0,1,40.97419435122675,36.412614120719084,56.34765625
1958,19.58,1536,1592,2522,2369,1,0,1,40.97419435122675,42.46804518694856,61.572265625
1959,19.59,1536,1592,2314,2365,1,0,1,40.97419435122675,42.46804518694856,56.494140625
1960,19.6,1536,1592,2310,2361,1,0,1,40.97419435122675,42.46804518694856,56.396484375
1961,19.61,1536,1365,2306,2357,1,0,1,40.97419435122675,36.412614120719084,56.298828125
1962,19.62,1536,1592,2520,2367,1,0,1,40.97419435122675,42.46804518694856,61.5234375
1963,19.63,1536,1592,2312,2363,1,0,1,40.97419435122675,42.46804518694856,56.4453125
1964,19.64,1536,1365,2308,2359,1,0,1,40.97419435122675,36.412614120719084,56.34765625
1965,19.65,1536,1592,2522,2369,1,0,1,40.97419435122675,42.46804518694856,61.572265625
1966,19.66,1536,1592,2314,2365,1,0,1,40.97419435122675,42.46804518694856,56.494140625
1967,19.67,1536,1592,2310,2361,1,0,1,40.97419435122675,42.46804518694856,56.396484375
1968,19.68,1536,1365,2306,2357,1,0,1,40.97419435122675,36.412614120719084,56.298828125
1969,19.69,1536,1592,2520,2367,1,0,1,40.97419435122675,42.46804518694856,61.5234375
1970,19.7,1536,1592,2312,2363,1,0,1,40.97419435122675,42.46804518694856,56.4453125
1971,19.71,1536,1365,2308,2359,1,0,1,40.97419435122675,36.412614120719084,56.34765625
1972,19.72,1536,1592,2522,2369,1,0,1,40.97419435122675,42.46804518694856,61.572265625
1973,19.73,1536,1592,2314,2365,1,0,1,40.97419435122675,42.46804518694856,56.494140625
1974,19.74,1536,1592,2310,2361,1,0,1,40.97419435122675,42.46804518694856,56.396484375
1975,19.75,1536,1365,2306,2357,1,0,1,40.97419435122675,36.412614120719084,56.298828125
1976,19.76,1536,1592,2520,2367,1,0,1,40.97419435122675,42.46804518694856,61.5234375
1977,19.77,1536,1592,2312,2363,1,0,1,40.97419435122675,42.46804518694856,56.4453125
1978,19.78,1536,1365,2308,2359,1,0,1,40.97419435122675,36.412614120719084,56.34765625
1979,19.79,1536,1592,2522,2369,1,0,1,40.97419435122675,42.46804518694856,61.572265625
1980,19.8,1536,1592,2314,2365,1,0,1,40.97419435122675,42.46804518694856,56.494140625
1981,19.81,1536,1592,2310,2361,1,0,1,40.97419435122675,42.46804518694856,56.396484375
1982,19.82,1536,1365,2306,2357,1,0,1,40.97419435122675,36.412614120719084,56.298828125
1983,19.83,1536,1592,2520,2367,1,0,1,40.97419435122675,42.46804518694856,61.5234375
1984,19.84,1536,1592,2312,2363,1,0,1,40.97419435122675,42.46804518694856,56.4453125
1985,19.85,1536,1365,2308,2359,1,0,1,40.97419435122675,36.412614120719084,56.34765625
1986,19.86,1536,1592,2522,2369,1,0,1,40.97419435122675,42.46804518694856,61.572265625
1987,19.87,1536,1592,2314,2365,1,0,1,40.97419435122675,42.46804518694856,56.494140625
1988,19.88,1536,1592,2310,2361,1,0,1,40.97419435122675,42.46804518694856,56.396484375
1989,19.89,1536,1365,2306,2357,1,0,1,40.97419435122675,36.412614120719084,56.298828125
1990,19.9,1536,1592,2520,2367,1,0,1,40.97419435122675,42.46804518694856,61.5234375
1991,19.91,1536,1592,2312,2363,1,0,1,40.97419435122675,42.46804518694856,56.4453125
1992,19.92,1536,1592,2308,2359,1,0,1,40.97419435122675,42.46804518694856,56.34765625
1993,19.93,1536,1365,2304,2355,1,0,1,40.97419435122675,36.412614120719084,56.25
1994,19.94,1536,1592,2518,2365,1,0,1,40.97419435122675,42.46804518694856,61.474609375
1995,19.95,1536,1592,2310,2361,1,0,1,40.97419435122675,42.46804518694856,56.396484375
1996,19.96,1536,1365,2306,2357,1,0,1,40.97419435122675,36.412614120719084,56.298828125
1997,19.97,1536,1592,2520,2367,1,0,1,40.97419435122675,42.46804518694856,61.5234375
1998,19.98,1536,1592,2312,2363,1,0,1,40.97419435122675,42.46804518694856,56.4453125
1999,19.99,1536,1365,2308,2359,1,0,1,40.97419435122675,36.412614120719084,56.34765625
2000,20.0,1536,1592,2522,2369,1,0,1,40.97419435122675,42.46804518694856,61.572265625
2001,20.01,1536,1592,2314,2365,1,0,1,40.97419435122675,42.46804518694856,56.494140625
2002,20.02,1536,1592,2310,2361,1,0,1,40.97419435122675,42.46804518694856,56.396484375
2003,20.03,1536,1365,2306,2357,1,0,1,40.97419435122675,36.412614120719084,56.298828125
2004,20.04,1536,1592,2520,2367,1,0,1,40.97419435122675,42.46804518694856,61.5234375
2005,20.05,1536,1592,2312,2363,1,0,1,40.97419435122675,42.46804518694856,56.4453125
2006,20.06,1536,1592,2308,2359,1,0,1,40.97419435122675,42.46804518694856,56.34765625
2007,20.07,1536,1365,2304,2355,1,0,1,40.97419435122675,36.412614120719084,56.25
2008,20.08,1536,1592,2518,2365,1,0,1,40.97419435122675,42.46804518694856,61.474609375
2009,20.09,1536,1592,2310,2361,1,0,1,40.97419435122675,42.46804518694856,56.396484375
2010,20.1,1536,1365,2306,2357,1,0,1,40.97419435122675,36.412614120719084,56.298828125
2011,20.11,1536,1592,2520,2367,1,0,1,40.97419435122675,42.46804518694856,61.5234375
2012,20.12,1536,1592,2312,2363,1,0,1,40.97419435122675,42.46804518694856,56.4453125
2013,20.13,1536,1592,2308,2359,1,0,1,40.97419435122675,42.46804518694856,56.34765625
2014,20.14,1536,1365,2304,2355,1,0,1,40.97419435122675,36.412614120719084,56.25
2015,20.15,1536,1592,2518,2365,1,0,1,40.97419435122675,42.46804518694856,61.474609375
2016,20.16,1536,1592,2310,2361,1,0,1,40.97419435122675,42.46804518694856,56.396484375
2017,20.17,1536,1365,2306,2357,1,0,1,40.97419435122675,36.412614120719084,56.298828125
2018,20.18,1536,1592,2520,2367,1,0,1,40.97419435122675,42.46804518694856,61.5234375
2019,20.19,1536,1592,2312,2363,1,0,1,40.97419435122675,42.46804518694856,56.4453125
2020,20.2,1536,1592,2308,2359,1,0,1,40.97419435122675,42.46804518694856,56.34765625
2021,20.21,1536,1365,2304,2355,1,0,1,40.97419435122675,36.412614120719084,56.25
2022,20.22,1536,1592,2518,2365,1,0,1,40.97419435122675,42.46804518694856,61.474609375
2023,20.23,1536,1592,2310,2361,1,0,1,40.97419435122675,42.46804518694856,56.396484375
2024,20.24,1536,1592,2306,2357,1,0,1,40.97419435122675,42.46804518694856,56.298828125
2025,20.25,1536,1365,2302,2353,1,0,1,40.97419435122675,36.412614120719084,56.201171875
2026,20.26,1536,1592,2516,2363,1,0,1,40.97419435122675,42.46804518694856,61.42578125
2027,20.27,1536,1592,2308,2359,1,0,1,40.97419435122675,42.46804518694856,56.34765625
2028,20.28,1536,1365,2304,2355,1,0,1,40.97419435122675,36.412614120719084,56.25
2029,20.29,1536,1592,2518,2365,1,0,1,40.97419435122675,42.46804518694856,61.474609375
2030,20.3,1536,1592,2310,2361,1,0,1,40.97419435122675,42.46804518694856,56.396484375
2031,20.31,1536,1592,2306,2357,1,0,1,40.97419435122675,42.46804518694856,56.298828125
2032,20.32,1536,1365,2302,2353,1,0,1,40.97419435122675,36.412614120719084,56.201171875
2033,20.33,1536,1592,2516,2363,1,0,1,40.97419435122675,42.46804518694856,61.42578125
2034,20.34,1536,1592,2308,2359,1,0,1,40.97419435122675,42.46804518694856,56.34765625
2035,20.35,1536,1365,2304,2355,1,0,1,40.97419435122675,36.412614120719084,56.25
2036,20.36,1536,1592,2518,2365,1,0,1,40.97419435122675,42.46804518694856,61.474609375
2037,20.37,1536,1592,2310,2361,1,0,1,40.97419435122675,42.46804518694856,56.396484375
2038,20.38,1536,1592,2306,2357,1,0,1,40.97419435122675,42.46804518694856,56.298828125
2039,20.39,1536,1365,2302,2353,1,0,1,40.97419435122675,36.412614120719084,56.201171875
2040,20.4,1536,1592,2516,2363,1,0,1,40.97419435122675,42.46804518694856,61.42578125
2041,20.41,1536,1592,2308,2359,1,0,1,40.97419435122675,42.46804518694856,56.34765625
2042,20.42,1536,1365,2304,2355,1,0,1,40.97419435122675,36.412614120719084,56.25
2043,20.43,1536,1592,2518,2365,1,0,1,40.97419435122675,42.46804518694856,61.474609375
2044,20.44,1536,1592,2310,2361,1,0,1,40.97419435122675,42.46804518694856,56.396484375
2045,20.45,1536,1592,2306,2357,1,0,1,40.97419435122675,42.46804518694856,56.298828125
2046,20.46,1536,1365,2302,2353,1,0,1,40.97419435122675,36.412614120719084,56.201171875
2047,20.47,1536,1592,2516,2363,1,0,1,40.97419435122675,42.46804518694856,61.42578125
2048,20.48,1536,1592,2308,2359,1,0,1,40.97419435122675,42.46804518694856,56.34765625
2049,20.49,1536,1365,2304,2355,1,0,1,40.97419435122675,36.412614120719084,56.25
2050,20.5,1536,1592,2518,2365,1,0,1,40.97419435122675,42.46804518694856,61.474609375
2051,20.51,1536,1592,2310,2361,1,0,1,40.97419435122675,42.46804518694856,56.396484375
2052,20.52,1536,1592,2306,2357,1,0,1,40.97419435122675,42.46804518694856,56.298828125
2053,20.53,1536,1365,2302,2353,1,0,1,40.97419435122675,36.412614120719084,56.201171875
2054,20.54,1536,1592,2516,2363,1,0,1,40.97419435122675,42.46804518694856,61.42578125
2055,20.55,1536,1592,2308,2359,1,0,1,40.97419435122675,42.46804518694856,56.34765625
2056,20.56,1536,1365,2304,2355,1,0,1,40.97419435122675,36.412614120719084,56.25
2057,20.57,1536,1592,2518,2365,1,0,1,40.97419435122675,42.46804518694856,61.474609375
2058,20.58,1536,1592,2310,2361,1,0,1,40.97419435122675,42.46804518694856,56.396484375
2059,20.59,1536,1592,2306,2357,1,0,1,40.97419435122675,42.46804518694856,56.298828125
2060,20.6,1536,1365,2302,2353,1,0,1,40.97419435122675,36.412614120719084,56.201171875
2061,20.61,1536,1592,2516,2363,1,0,1,40.97419435122675,42.46804518694856,61.42578125
2062,20.62,1536,1592,2308,2359,1,0,1,40.97419435122675,42.46804518694856,56.34765625
2063,20.63,1536,1365,2304,2355,1,0,1,40.97419435122675,36.412614120719084,56.25
2064,20.64,1536,1592,2518,2365,1,0,1,40.97419435122675,42.46804518694856,61.474609375
2065,20.65,1536,1592,2310,2361,1,0,1,40.97419435122675,42.46804518694856,56.396484375
2066,20.66,1536,1365,2306,2357,1,0,1,40.97419435122675,36.412614120719084,56.298828125
2067,20.67,1536,1592,2520,2367,1,0,1,40.97419435122675,42.46804518694856,61.5234375
2068,20.68,1536,1592,2312,2363,1,0,1,40.97419435122675,42.46804518694856,56.4453125
2069,20.69,1536,1592,2308,2359,1,0,1,40.97419435122675,42.46804518694856,56.34765625
2070,20.7,1536,1365,2304,2355,1,0,1,40.97419435122675,36.412614120719084,56.25
2071,20.71,1536,1592,2518,2365,1,0,1,40.97419435122675,42.46804518694856,61.474609375
2072,20.72,1536,1592,2310,2361,1,0,1,40.97419435122675,42.46804518694856,56.396484375
2073,20.73,1536,1365,2306,2357,1,0,1,40.97419435122675,36.412614120719084,56.298828125
2074,20.74,1536,1592,2520,2367,1,0,1,40.97419435122675,42.46804518694856,61.5234375
2075,20.75,1536,1592,2312,2363,1,0,1,40.97419435122675,42.46804518694856,56.4453125
2076,20.76,1536,1592,2308,2359,1,0,1,40.97419435122675,42.46804518694856,56.34765625
2077,20.77,1536,1365,2304,2355,1,0,1,40.97419435122675,36.412614120719084,56.25
2078,20.78,1536,1592,2518,2365,1,0,1,40.97419435122675,42.46804518694856,61.474609375
2079,20.79,1536,1592,2310,2361,1,0,1,40.97419435122675,42.46804518694856,56.396484375
2080,20.8,1536,1592,2306,2357,1,0,1,40.97419435122675,42.46804518694856,56.298828125
2081,20.81,1536,1365,2302,2353,1,0,1,40.97419435122675,36.412614120719084,56.201171875
2082,20.82,1536,1592,2516,2363,1,0,1,40.97419435122675,42.46804518694856,61.42578125
2083,20.83,1536,1592,2308,2359,1,0,1,40.97419435122675,42.46804518694856,56.34765625
2084,20.84,1536,1365,2304,2355,1,0,1,40.97419435122675,36.412614120719084,56.25
2085,20.85,1536,1592,2518,2365,1,0,1,40.97419435122675,42.46804518694856,61.474609375
2086,20.86,1536,1592,2310,2361,1,0,1,40.97419435122675,42.46804518694856,56.396484375
2087,20.87,1536,1365,2306,2357,1,0,1,40.97419435122675,36.412614120719084,56.298828125
2088,20.88,1536,1592,2520,2367,1,0,1,40.97419435122675,42.46804518694856,61.5234375
2089,20.89,1536,1592,2312,2363,1,0,1,40.97419435122675,42.46804518694856,56.4453125
2090,20.9,1536,1592,2308,2359,1,0,1,40.97419435122675,42.46804518694856,56.34765625
2091,20.91,1536,1365,2304,2355,1,0,1,40.97419435122675,36.412614120719084,56.25
2092,20.92,1536,1592,2518,2365,1,0,1,40.97419435122675,42.46804518694856,61.474609375
2093,20.93,1536,1592,2310,2361,1,0,1,40.97419435122675,42.46804518694856,56.396484375
2094,20.94,1536,1365,2306,2357,1,0,1,40.97419435122675,36.412614120719084,56.298828125
2095,20.95,1536,1592,2520,2367,1,0,1,40.97419435122675,42.46804518694856,61.5234375
2096,20.96,1536,1592,2312,2363,1,0,1,40.97419435122675,42.46804518694856,56.4453125
2097,20.97,1536,1365,2308,2359,1,0,1,40.97419435122675,36.412614120719084,56.34765625
2098,20.98,1536,1592,2522,2369,1,0,1,40.97419435122675,42.46804518694856,61.572265625
2099,20.99,1536,1592,2314,2365,1,0,1,40.97419435122675,42.46804518694856,56.494140625
2100,21.0,1536,1592,2310,2361,1,0,1,40.97419435122675,42.46804518694856,56.396484375
2101,21.01,1536,1365,2306,2357,1,0,1,40.97419435122675,36.412614120719084,56.298828125
2102,21.02,1536,1592,2520,2367,1,0,1,40.97419435122675,42.46804518694856,61.5234375
2103,21.03,1536,1592,2312,2363,1,0,1,40.97419435122675,42.46804518694856,56.4453125
2104,21.04,1536,1365,2308,2359,1,0,1,40.97419435122675,36.412614120719084,56.34765625
2105,21.05,1536,1592,2522,2369,1,0,1,40.97419435122675,42.46804518694856,61.572265625
2106,21.06,1536,1592,2314,2365,1,0,1,40.97419435122675,42.46804518694856,56.494140625
2107,21.07,1536,1592,2310,2361,1,0,1,40.97419435122675,42.46804518694856,56.396484375
2108,21.08,1536,1365,2306,2357,1,0,1,40.97419435122675,36.412614120719084,56.298828125
2109,21.09,1536,1592,2520,2367,1,0,1,40.97419435122675,42.46804518694856,61.5234375
2110,21.1,1536,1592,2312,2363,1,0,1,40.97419435122675,42.46804518694856,56.4453125
2111,21.11,1536,1365,2308,2359,1,0,1,40.97419435122675,36.412614120719084,56.34765625
2112,21.12,1536,1592,2522,2369,1,0,1,40.97419435122675,42.46804518694856,61.572265625
2113,21.13,1536,1592,2314,2365,1,0,1,40.97419435122675,42.46804518694856,56.494140625
2114,21.14,1536,1592,2310,2361,1,0,1,40.97419435122675,42.46804518694856,56.396484375
2115,21.15,1536,1365,2306,2357,1,0,1,40.97419435122675,36.412614120719084,56.298828125
2116,21.16,1536,1592,2520,2367,1,0,1,40.97419435122675,42.46804518694856,61.5234375
2117,21.17,1536,1592,2312,2363,1,0,1,40.97419435122675,42.46804518694856,56.4453125
2118,21.18,1536,1365,2308,2359,1,0,1,40.97419435122675,36.412614120719084,56.34765625
2119,21.19,1536,1592,2522,2369,1,0,1,40.97419435122675,42.46804518694856,61.572265625
2120,21.2,1536,1592,2314,2365,1,0,1,40.97419435122675,42.46804518694856,56.494140625
2121,21.21,1536,1592,2310,2361,1,0,1,40.97419435122675,42.46804518694856,56.396484375
2122,21.22,1536,1365,2306,2357,1,0,1,40.97419435122675,36.412614120719084,56.298828125
2123,21.23,1536,1592,2520,2367,1,0,1,40.97419435122675,42.46804518694856,61.5234375
2124,21.24,1536,1592,2312,2363,1,0,1,40.97419435122675,42.46804518694856,56.4453125
2125,21.25,1536,1365,2308,2359,1,0,1,40.97419435122675,36.412614120719084,56.34765625
2126,21.26,1536,1592,2522,2369,1,0,1,40.97419435122675,42.46804518694856,61.572265625
2127,21.27,1536,1592,2314,2365,1,0,1,40.97419435122675,42.46804518694856,56.494140625
2128,21.28,1536,1592,2310,2361,1,0,1,40.97419435122675,42.46804518694856,56.396484375
2129,21.29,1536,1365,2306,2357,1,0,1,40.97419435122675,36.412614120719084,56.298828125
2130,21.3,1536,1592,2520,2367,1,0,1,40.97419435122675,42.46804518694856,61.5234375
2131,21.31,1536,1592,2312,2363,1,0,1,40.97419435122675,42.46804518694856,56.4453125
2132,21.32,1536,1365,2308,2359,1,0,1,40.97419435122675,36.412614120719084,56.34765625
2133,21.33,1536,1592,2522,2369,1,0,1,40.97419435122675,42.46804518694856,61.572265625
2134,21.34,1536,1592,2314,2365,1,0,1,40.97419435122675,42.46804518694856,56.494140625
2135,21.35,1536,1592,2310,2361,1,0,1,40.97419435122675,42.46804518694856,56.396484375
2136,21.36,1536,1365,2306,2357,1,0,1,40.97419435122675,36.412614120719084,56.298828125
2137,21.37,1536,1592,2520,2367,1,0,1,40.97419435122675,42.46804518694856,61.5234375
2138,21.38,1536,1592,2312,2363,1,0,1,40.97419435122675,42.46804518694856,56.4453125
2139,21.39,1536,1365,2308,2359,1,0,1,40.97419435122675,36.412614120719084,56.34765625
2140,21.4,1536,1592,2522,2369,1,0,1,40.97419435122675,42.46804518694856,61.572265625
2141,21.41,1536,1592,2314,2365,1,0,1,40.97419435122675,42.46804518694856,56.494140625
2142,21.42,1536,1592,2310,2361,1,0,1,40.97419435122675,42.46804518694856,56.396484375
2143,21.43,1536,1365,2306,2357,1,0,1,40.97419435122675,36.412614120719084,56.298828125
2144,21.44,1536,1592,2520,2367,1,0,1,40.97419435122675,42.46804518694856,61.5234375
2145,21.45,1536,1592,2312,2363,1,0,1,40.97419435122675,42.46804518694856,56.4453125
2146,21.46,1536,1592,2308,2359,1,0,1,40.97419435122675,42.46804518694856,56.34765625
2147,21.47,1536,1365,2304,2355,1,0,1,40.97419435122675,36.412614120719084,56.25
2148,21.48,1536,1592,2518,2365,1,0,1,40.97419435122675,42.46804518694856,61.474609375
2149,21.49,1536,1592,2310,2361,1,0,1,40.97419435122675,42.46804518694856,56.396484375
2150,21.5,1536,1365,2306,2357,1,0,1,40.97419435122675,36.412614120719084,56.298828125
2151,21.51,1536,1592,2520,2367,1,0,1,40.97419435122675,42.46804518694856,61.5234375
2152,21.52,1536,1592,2312,2363,1,0,1,40.97419435122675,42.46804518694856,56.4453125
2153,21.53,1536,1592,2308,2359,1,0,1,40.97419435122675,42.46804518694856,56.34765625
2154,21.54,1536,1365,2304,2355,1,0,1,40.97419435122675,36.412614120719084,56.25
2155,21.55,1536,1592,2518,2365,1,0,1,40.97419435122675,42.46804518694856,61.474609375
2156,21.56,1536,1592,2310,2361,1,0,1,40.97419435122675,42.46804518694856,56.396484375
2157,21.57,1536,1592,2306,2357,1,0,1,40.97419435122675,42.46804518694856,56.298828125
2158,21.58,1536,1365,2302,2353,1,0,1,40.97419435122675,36.412614120719084,56.201171875
2159,21.59,1536,1592,2516,2363,1,0,1,40.97419435122675,42.46804518694856,61.42578125
2160,21.6,1536,1592,2308,2359,1,0,1,40.97419435122675,42.46804518694856,56.34765625
2161,21.61,1536,1592,2304,2355,1,0,1,40.97419435122675,42.46804518694856,56.25
2162,21.62,1536,1365,2300,2351,1,0,1,40.97419435122675,36.412614120719084,56.15234375
2163,21.63,1536,1592,2514,2361,1,0,1,40.97419435122675,42.46804518694856,61.376953125
2164,21.64,1536,1592,2306,2357,1,0,1,40.97419435122675,42.46804518694856,56.298828125
2165,21.65,1536,1365,2302,2353,1,0,1,40.97419435122675,36.412614120719084,56.201171875
2166,21.66,1536,1592,2516,2363,1,0,1,40.97419435122675,42.46804518694856,61.42578125
2167,21.67,1536,1592,2308,2359,1,0,1,40.97419435122675,42.46804518694856,56.34765625
2168,21.68,1536,1592,2304,2355,1,0,1,40.97419435122675,42.46804518694856,56.25
2169,21.69,1536,1365,2300,2351,1,0,1,40.97419435122675,36.412614120719084,56.15234375
2170,21.7,1536,1592,2514,2361,1,0,1,40.97419435122675,42.46804518694856,61.376953125
2171,21.71,1536,1592,2306,2357,1,0,1,40.97419435122675,42.46804518694856,56.298828125
2172,21.72,1536,1592,2302,2353,1,0,1,40.97419435122675,42.46804518694856,56.201171875
2173,21.73,1536,1365,2298,2349,1,0,1,40.97419435122675,36.412614120719084,56.103515625
2174,21.74,1536,1592,2512,2359,1,0,1,40.97419435122675,42.46804518694856,61.328125
2175,21.75,1536,1592,2304,2355,1,0,1,40.97419435122675,42.46804518694856,56.25
2176,21.76,1536,1592,2300,2351,1,0,1,40.97419435122675,42.46804518694856,56.15234375
2177,21.77,1536,1365,2296,2347,1,0,1,40.97419435122675,36.412614120719084,56.0546875
2178,21.78,1536,1592,2510,2357,1,0,1,40.97419435122675,42.46804518694856,61.279296875
2179,21.79,1536,1592,2302,2353,1,0,1,40.97419435122675,42.46804518694856,56.201171875
2180,21.8,1536,1365,2298,2349,1,0,1,40.97419435122675,36.412614120719084,56.103515625
2181,21.81,1536,1592,2512,2359,1,0,1,40.97419435122675,42.46804518694856,61.328125
2182,21.82,1536,1592,2304,2355,1,0,1,40.97419435122675,42.46804518694856,56.25
2183,21.83,1536,1592,2300,2351,1,0,1,40.97419435122675,42.46804518694856,56.15234375
2184,21.84,1536,1365,2296,2347,1,0,1,40.97419435122675,36.412614120719084,56.0546875
2185,21.85,1536,1592,2510,2357,1,0,1,40.97419435122675,42.46804518694856,61.279296875
2186,21.86,1536,1592,2302,2353,1,0,1,40.97419435122675,42.46804518694856,56.201171875
2187,21.87,1536,1365,2298,2349,1,0,1,40.97419435122675,36.412614120719084,56.103515625
2188,21.88,1536,1592,2512,2359,1,0,1,40.97419435122675,42.46804518694856,61.328125
2189,21.89,1536,1592,2304,2355,1,0,1,40.97419435122675,42.46804518694856,56.25
2190,21.9,1536,1592,2300,2351,1,0,1,40.97419435122675,42.46804518694856,56.15234375
2191,21.91,1536,1365,2296,2347,1,0,1,40.97419435122675,36.412614120719084,56.0546875
2192,21.92,1536,1592,2510,2357,1,0,1,40.97419435122675,42.46804518694856,61.279296875
2193,21.93,1536,1592,2302,2353,1,0,1,40.97419435122675,42.46804518694856,56.201171875
2194,21.94,1536,1592,2298,2349,1,0,1,40.97419435122675,42.46804518694856,56.103515625
2195,21.95,1536,1365,2294,2345,1,0,1,40.97419435122675,36.412614120719084,56.005859375
2196,21.96,1536,1592,2508,2355,1,0,1,40.97419435122675,42.46804518694856,61.23046875
2197,21.97,1536,1592,2300,2351,1,0,1,40.97419435122675,42.46804518694856,56.15234375
2198,21.98,1536,1365,2296,2347,1,0,1,40.97419435122675,36.412614120719084,56.0546875
2199,21.99,1536,1592,2510,2357,1,0,1,40.97419435122675,42.46804518694856,61.279296875
2200,22.0,1536,1592,2302,2353,1,0,1,40.97419435122675,42.46804518694856,56.201171875
2201,22.01,1536,1365,2298,2349,1,0,1,40.97419435122675,36.412614120719084,56.103515625
2202,22.02,1536,1592,2512,2359,1,0,1,40.97419435122675,42.46804518694856,61.328125
2203,22.03,1536,1592,2304,2355,1,0,1,40.97419435122675,42.46804518694856,56.25
2204,22.04,1536,1592,2300,2351,1,0,1,40.97419435122675,42.46804518694856,56.15234375
2205,22.05,1536,1365,2296,2347,1,0,1,40.97419435122675,36.412614120719084,56.0546875
2206,22.06,1536,1592,2510,2357,1,0,1,40.97419435122675,42.46804518694856,61.279296875
2207,22.07,1536,1592,2302,2353,1,0,1,40.97419435122675,42.46804518694856,56.201171875
2208,22.08,1536,1592,2298,2349,1,0,1,40.97419435122675,42.46804518694856,56.103515625
2209,22.09,1536,1365,2294,2345,1,0,1,40.97419435122675,36.412614120719084,56.005859375
2210,22.1,1536,1592,2508,2355,1,0,1,40.97419435122675,42.46804518694856,61.23046875
2211,22.11,1536,1592,2300,2351,1,0,1,40.97419435122675,42.46804518694856,56.15234375
2212,22.12,1536,1365,2296,2347,1,0,1,40.97419435122675,36.412614120719084,56.0546875
2213,22.13,1536,1592,2510,2357,1,0,1,40.97419435122675,42.46804518694856,61.279296875
2214,22.14,1536,1592,2302,2353,1,0,1,40.97419435122675,42.46804518694856,56.201171875
2215,22.15,1536,1592,2298,2349,1,0,1,40.97419435122675,42.46804518694856,56.103515625
2216,22.16,1536,1365,2294,2345,1,0,1,40.97419435122675,36.412614120719084,56.005859375
2217,22.17,1536,1592,2508,2355,1,0,1,40.97419435122675,42.46804518694856,61.23046875
2218,22.18,1536,1592,2300,2351,1,0,1,40.97419435122675,42.46804518694856,56.15234375
2219,22.19,1536,1365,2296,2347,1,0,1,40.97419435122675,36.412614120719084,56.0546875
2220,22.2,1536,1592,2510,2357,1,0,1,40.97419435122675,42.46804518694856,61.279296875
2221,22.21,1536,1592,2302,2353,1,0,1,40.97419435122675,42.46804518694856,56.201171875
2222,22.22,1536,1592,2298,2349,1,0,1,40.97419435122675,42.46804518694856,56.103515625
2223,22.23,1536,1365,2294,2345,1,0,1,40.97419435122675,36.412614120719084,56.005859375
2224,22.24,1536,1592,2508,2355,1,0,1,40.97419435122675,42.46804518694856,61.23046875
2225,22.25,1536,1592,2300,2351,1,0,1,40.97419435122675,42.46804518694856,56.15234375
2226,22.26,1536,1365,2296,2347,1,0,1,40.97419435122675,36.412614120719084,56.0546875
2227,22.27,1536,1592,2510,2357,1,0,1,40.97419435122675,42.46804518694856,61.279296875
2228,22.28,1536,1592,2302,2353,1,0,1,40.97419435122675,42.46804518694856,56.201171875
2229,22.29,1536,1592,2298,2349,1,0,1,40.97419435122675,42.46804518694856,56.103515625
2230,22.3,1536,1365,2294,2345,1,0,1,40.97419435122675,36.412614120719084,56.005859375
2231,22.31,1536,1592,2508,2355,1,0,1,40.97419435122675,42.46804518694856,61.23046875
2232,22.32,1536,1592,2300,2351,1,0,1,40.97419435122675,42.46804518694856,56.15234375
2233,22.33,1536,1365,2296,2347,1,0,1,40.97419435122675,36.412614120719084,56.0546875
2234,22.34,1536,1592,2510,2357,1,0,1,40.97419435122675,42.46804518694856,61.279296875
2235,22.35,1536,1592,2302,2353,1,0,1,40.97419435122675,42.46804518694856,56.201171875
2236,22.36,1536,1592,2298,2349,1,0,1,40.97419435122675,42.46804518694856,56.103515625
2237,22.37,1536,1365,2294,2345,1,0,1,40.97419435122675,36.412614120719084,56.005859375
2238,22.38,1536,1592,2508,2355,1,0,1,40.97419435122675,42.46804518694856,61.23046875
2239,22.39,1536,1592,2300,2351,1,0,1,40.97419435122675,42.46804518694856,56.15234375
2240,22.4,1536,1365,2296,2347,1,0,1,40.97419435122675,36.412614120719084,56.0546875
2241,22.41,1536,1592,2510,2357,1,0,1,40.97419435122675,42.46804518694856,61.279296875
2242,22.42,1536,1592,2302,2353,1,0,1,40.97419435122675,42.46804518694856,56.201171875
2243,22.43,1536,1592,2298,2349,1,0,1,40.97419435122675,42.46804518694856,56.103515625
2244,22.44,1536,1365,2294,2345,1,0,1,40.97419435122675,36.412614120719084,56.005859375
2245,22.45,1536,1592,2508,2355,1,0,1,40.97419435122675,42.46804518694856,61.23046875
2246,22.46,1536,1592,2300,2351,1,0,1,40.97419435122675,42.46804518694856,56.15234375
2247,22.47,1536,1365,2296,2347,1,0,1,40.97419435122675,36.412614120719084,56.0546875
2248,22.48,1536,1592,2510,2357,1,0,1,40.97419435122675,42.46804518694856,61.279296875
2249,22.49,1536,1592,2302,2353,1,0,1,40.97419435122675,42.46804518694856,56.201171875
2250,22.5,1536,1592,2298,2349,1,0,1,40.97419435122675,42.46804518694856,56.103515625
2251,22.51,1536,1365,2294,2345,1,0,1,40.97419435122675,36.412614120719084,56.005859375
2252,22.52,1536,1592,2508,2355,1,0,1,40.97419435122675,42.46804518694856,61.23046875
2253,22.53,1536,1592,2300,2351,1,0,1,40.97419435122675,42.46804518694856,56.15234375
2254,22.54,1536,1365,2296,2347,1,0,1,40.97419435122675,36.412614120719084,56.0546875
2255,22.55,1536,1592,2510,2357,1,0,1,40.97419435122675,42.46804518694856,61.279296875
2256,22.56,1536,1592,2302,2353,1,0,1,40.97419435122675,42.46804518694856,56.201171875
2257,22.57,1536,1592,2298,2349,1,0,1,40.97419435122675,42.46804518694856,56.103515625
2258,22.58,1536,1365,2294,2345,1,0,1,40.97419435122675,36.412614120719084,56.005859375
2259,22.59,1536,1592,2508,2355,1,0,1,40.97419435122675,42.46804518694856,61.23046875
2260,22.6,1536,1592,2300,2351,1,0,1,40.97419435122675,42.46804518694856,56.15234375
2261,22.61,1536,1365,2296,2347,1,0,1,40.97419435122675,36.412614120719084,56.0546875
2262,22.62,1536,1592,2510,2357,1,0,1,40.97419435122675,42.46804518694856,61.279296875
2263,22.63,1536,1592,2302,2353,1,0,1,40.97419435122675,42.46804518694856,56.201171875
2264,22.64,1536,1592,2298,2349,1,0,1,40.97419435122675,42.46804518694856,56.103515625
2265,22.65,1536,1365,2294,2345,1,0,1,40.97419435122675,36.412614120719084,56.005859375
2266,22.66,1536,1592,2508,2355,1,0,1,40.97419435122675,42.46804518694856,61.23046875
2267,22.67,1536,1592,2300,2351,1,0,1,40.97419435122675,42.46804518694856,56.15234375
2268,22.68,1536,1365,2296,2347,1,0,1,40.97419435122675,36.412614120719084,56.0546875
2269,22.69,1536,1592,2510,2357,1,0,1,40.97419435122675,42.46804518694856,61.279296875
2270,22.7,1536,1592,2302,2353,1,0,1,40.97419435122675,42.46804518694856,56.201171875
2271,22.71,1536,1592,2298,2349,1,0,1,40.97419435122675,42.46804518694856,56.103515625
2272,22.72,1536,1365,2294,2345,1,0,1,40.97419435122675,36.412614120719084,56.005859375
2273,22.73,1536,1592,2508,2355,1,0,1,40.97419435122675,42.46804518694856,61.23046875
2274,22.74,1536,1592,2300,2351,1,0,1,40.97419435122675,42.46804518694856,56.15234375
2275,22.75,1536,1365,2296,2347,1,0,1,40.97419435122675,36.412614120719084,56.0546875
2276,22.76,1536,1592,2510,2357,1,0,1,40.97419435122675,42.46804518694856,61.279296875
2277,22.77,1536,1592,2302,2353,1,0,1,40.97419435122675,42.46804518694856,56.201171875
2278,22.78,1536,1365,2298,2349,1,0,1,40.97419435122675,36.412614120719084,56.103515625
2279,22.79,1536,1592,2512,2359,1,0,1,40.97419435122675,42.46804518694856,61.328125
2280,22.8,1536,1592,2304,2355,1,0,1,40.97419435122675,42.46804518694856,56.25
2281,22.81,1536,1592,2300,2351,1,0,1,40.97419435122675,42.46804518694856,56.15234375
2282,22.82,1536,1365,2296,2347,1,0,1,40.97419435122675,36.412614120719084,56.0546875
2283,22.83,1536,1592,2510,2357,1,0,1,40.97419435122675,42.46804518694856,61.279296875
2284,22.84,1536,1592,2302,2353,1,0,1,40.97419435122675,42.46804518694856,56.201171875
2285,22.85,1536,1365,2298,2349,1,0,1,40.97419435122675,36.412614120719084,56.103515625
2286,22.86,1536,1592,2512,2359,1,0,1,40.97419435122675,42.46804518694856,61.328125
2287,22.87,1536,1592,2304,2355,1,0,1,40.97419435122675,42.46804518694856,56.25
2288,22.88,1536,1592,2300,2351,1,0,1,40.97419435122675,42.46804518694856,56.15234375
2289,22.89,1536,1365,2296,2347,1,0,1,40.97419435122675,36.412614120719084,56.0546875
2290,22.9,1536,1592,2510,2357,1,0,1,40.97419435122675,42.46804518694856,61.279296875
2291,22.91,1536,1592,2302,2353,1,0,1,40.97419435122675,42.46804518694856,56.201171875
2292,22.92,1536,1365,2298,2349,1,0,1,40.97419435122675,36.412614120719084,56.103515625
2293,22.93,1536,1592,2512,2359,1,0,1,40.97419435122675,42.46804518694856,61.328125
2294,22.94,1536,1592,2304,2355,1,0,1,40.97419435122675,42.46804518694856,56.25
2295,22.95,1536,1592,2300,2351,1,0,1,40.97419435122675,42.46804518694856,56.15234375
2296,22.96,1536,1365,2296,2347,1,0,1,40.97419435122675,36.412614120719084,56.0546875
2297,22.97,1536,1592,2510,2357,1,0,1,40.97419435122675,42.46804518694856,61.279296875
2298,22.98,1536,1592,2302,2353,1,0,1,40.97419435122675,42.46804518694856,56.201171875
2299,22.99,1536,1592,2298,2349,1,0,1,40.97419435122675,42.46804518694856,56.103515625
2300,23.0,1536,1365,2294,2345,1,0,1,40.97419435122675,36.412614120719084,56.005859375
2301,23.01,1536,1592,2508,2355,1,0,1,40.97419435122675,42.46804518694856,61.23046875
2302,23.02,1536,1592,2300,2351,1,0,1,40.97419435122675,42.46804518694856,56.15234375
2303,23.03,1536,1365,2296,2347,1,0,1,40.97419435122675,36.412614120719084,56.0546875
2304,23.04,1536,1592,2510,2357,1,0,1,40.97419435122675,42.46804518694856,61.279296875
2305,23.05,1536,1592,2302,2353,1,0,1,40.97419435122675,42.46804518694856,56.201171875
2306,23.06,1536,1592,2298,2349,1,0,1,40.97419435122675,42.46804518694856,56.103515625
2307,23.07,1536,1365,2294,2345,1,0,1,40.97419435122675,36.412614120719084,56.005859375
2308,23.08,1536,1592,2508,2355,1,0,1,40.97419435122675,42.46804518694856,61.23046875
2309,23.09,1536,1592,2300,2351,1,0,1,40.97419435122675,42.46804518694856,56.15234375
2310,23.1,1536,1365,2296,2347,1,0,1,40.97419435122675,36.412614120719084,56.0546875
2311,23.11,1536,1592,2510,2357,1,0,1,40.97419435122675,42.46804518694856,61.279296875
2312,23.12,1536,1592,2302,2353,1,0,1,40.97419435122675,42.46804518694856,56.201171875
2313,23.13,1536,1592,2298,2349,1,0,1,40.97419435122675,42.46804518694856,56.103515625
2314,23.14,1536,1365,2294,2345,1,0,1,40.97419435122675,36.412614120719084,56.005859375
2315,23.15,1536,1592,2508,2355,1,0,1,40.97419435122675,42.46804518694856,61.23046875
2316,23.16,1536,1592,2300,2351,1,0,1,40.97419435122675,42.46804518694856,56.15234375
2317,23.17,1536,1592,2296,2347,1,0,1,40.97419435122675,42.46804518694856,56.0546875
2318,23.18,1536,1365,2292,2343,1,0,1,40.97419435122675,36.412614120719084,55.95703125
2319,23.19,1536,1592,2506,2353,1,0,1,40.97419435122675,42.46804518694856,61.181640625
2320,23.2,1536,1592,2298,2349,1,0,1,40.97419435122675,42.46804518694856,56.103515625
2321,23.21,1536,1365,2294,2345,1,0,1,40.97419435122675,36.412614120719084,56.005859375
2322,23.22,1536,1592,2508,2355,1,0,1,40.97419435122675,42.46804518694856,61.23046875
2323,23.23,1536,1592,2300,2351,1,0,1,40.97419435122675,42.46804518694856,56.15234375
2324,23.24,1536,1592,2296,2347,1,0,1,40.97419435122675,42.46804518694856,56.0546875
2325,23.25,1536,1365,2292,2343,1,0,1,40.97419435122675,36.412614120719084,55.95703125
2326,23.26,1536,1592,2506,2353,1,0,1,40.97419435122675,42.46804518694856,61.181640625
2327,23.27,1536,1592,2298,2349,1,0,1,40.97419435122675,42.46804518694856,56.103515625
2328,23.28,1536,1592,2294,2345,1,0,1,40.97419435122675,42.46804518694856,56.005859375
2329,23.29,1536,1365,2290,2341,1,0,1,40.97419435122675,36.412614120719084,55.908203125
2330,23.3,1536,1592,2504,2351,1,0,1,40.97419435122675,42.46804518694856,61.1328125
2331,23.31,1536,1592,2296,2347,1,0,1,40.97419435122675,42.46804518694856,56.0546875
2332,23.32,1536,1365,2292,2343,1,0,1,40.97419435122675,36.412614120719084,55.95703125
2333,23.33,1536,1592,2506,2353,1,0,1,40.97419435122675,42.46804518694856,61.181640625
2334,23.34,1536,1592,2298,2349,1,0,1,40.97419435122675,42.46804518694856,56.103515625
2335,23.35,1536,1592,2294,2345,1,0,1,40.97419435122675,42.46804518694856,56.005859375
2336,23.36,1536,1365,2290,2341,1,0,1,40.97419435122675,36.412614120719084,55.908203125
2337,23.37,1536,1592,2504,2351,1,0,1,40.97419435122675,42.46804518694856,61.1328125
2338,23.38,1536,1592,2296,2347,1,0,1,40.97419435122675,42.46804518694856,56.0546875
2339,23.39,1536,1365,2292,2343,1,0,1,40.97419435122675,36.412614120719084,55.95703125
2340,23.4,1536,1592,2506,2353,1,0,1,40.97419435122675,42.46804518694856,61.181640625
2341,23.41,1536,1592,2298,2349,1,0,1,40.97419435122675,42.46804518694856,56.103515625
2342,23.42,1536,1592,2294,2345,1,0,1,40.97419435122675,42.46804518694856,56.005859375
2343,23.43,1536,1365,2290,2341,1,0,1,40.97419435122675,36.412614120719084,55.908203125
2344,23.44,1536,1592,2504,2351,1,0,1,40.97419435122675,42.46804518694856,61.1328125
2345,23.45,1536,1592,2296,2347,1,0,1,40.97419435122675,42.46804518694856,56.0546875
2346,23.46,1536,1365,2292,2343,1,0,1,40.97419435122675,36.412614120719084,55.95703125
2347,23.47,1536,1592,2506,2353,1,0,1,40.97419435122675,42.46804518694856,61.181640625
2348,23.48,1536,1592,2298,2349,1,0,1,40.97419435122675,42.46804518694856,56.103515625
2349,23.49,1536,1592,2294,2345,1,0,1,40.97419435122675,42.46804518694856,56.005859375
2350,23.5,1536,1365,2290,2341,1,0,1,40.97419435122675,36.412614120719084,55.908203125
2351,23.51,1536,1592,2504,2351,1,0,1,40.97419435122675,42.46804518694856,61.1328125
2352,23.52,1536,1592,2296,2347,1,0,1,40.97419435122675,42.46804518694856,56.0546875
2353,23.53,1536,1592,2292,2343,1,0,1,40.97419435122675,42.46804518694856,55.95703125
2354,23.54,1536,1365,2288,2339,1,0,1,40.97419435122675,36.412614120719084,55.859375
2355,23.55,1536,1592,2502,2349,1,0,1,40.97419435122675,42.46804518694856,61.083984375
2356,23.56,1536,1592,2294,2345,1,0,1,40.97419435122675,42.46804518694856,56.005859375
2357,23.57,1536,1365,2290,2341,1,0,1,40.97419435122675,36.412614120719084,55.908203125
2358,23.58,1536,1592,2504,2351,1,0,1,40.97419435122675,42.46804518694856,61.1328125
2359,23.59,1536,1592,2296,2347,1,0,1,40.97419435122675,42.46804518694856,56.0546875
2360,23.6,1536,1592,2292,2343,1,0,1,40.97419435122675,42.46804518694856,55.95703125
2361,23.61,1536,1365,2288,2339,1,0,1,40.97419435122675,36.412614120719084,55.859375
2362,23.62,1536,1820,2502,2349,1,0,1,40.97419435122675,48.550152160958774,61.083984375
2363,23.63,1536,1592,2075,2331,1,0,1,40.97419435122675,42.46804518694856,50.6591796875
2364,23.64,1536,1365,2276,2327,1,0,1,40.97419435122675,36.412614120719084,55.56640625
2365,23.65,1536,1592,2490,2337,1,0,1,40.97419435122675,42.46804518694856,60.791015625
2366,23.66,1536,1592,2282,2333,1,0,1,40.97419435122675,42.46804518694856,55.712890625
2367,23.67,1536,1592,2278,2329,1,0,1,40.97419435122675,42.46804518694856,55.615234375
2368,23.68,1536,1365,2274,2325,1,0,1,40.97419435122675,36.412614120719084,55.517578125
2369,23.69,1536,1592,2488,2335,1,0,1,40.97419435122675,42.46804518694856,60.7421875
2370,23.7,1536,1592,2280,2331,1,0,1,40.97419435122675,42.46804518694856,55.6640625
2371,23.71,1536,1365,2276,2327,1,0,1,40.97419435122675,36.412614120719084,55.56640625
2372,23.72,1536,1592,2490,2337,1,0,1,40.97419435122675,42.46804518694856,60.791015625
2373,23.73,1536,1592,2282,2333,1,0,1,40.97419435122675,42.46804518694856,55.712890625
2374,23.74,1536,1365,2278,2329,1,0,1,40.97419435122675,36.412614120719084,55.615234375
2375,23.75,1536,1592,2492,2339,1,0,1,40.97419435122675,42.46804518694856,60.83984375
2376,23.76,1536,1592,2284,2335,1,0,1,40.97419435122675,42.46804518694856,55.76171875
2377,23.77,1536,1365,2280,2331,1,0,1,40.97419435122675,36.412614120719084,55.6640625
2378,23.78,1536,1592,2494,2341,1,0,1,40.97419435122675,42.46804518694856,60.888671875
2379,23.79,1536,1592,2286,2337,1,0,1,40.97419435122675,42.46804518694856,55.810546875
2380,23.8,1536,1365,2282,2333,1,0,1,40.97419435122675,36.412614120719084,55.712890625
2381,23.81,1536,1592,2496,2343,1,0,1,40.97419435122675,42.46804518694856,60.9375
2382,23.82,1536,1592,2288,2339,1,0,1,40.97419435122675,42.46804518694856,55.859375
2383,23.83,1536,1592,2284,2335,1,0,1,40.97419435122675,42.46804518694856,55.76171875
2384,23.84,1536,1365,2280,2331,1,0,1,40.97419435122675,36.412614120719084,55.6640625
2385,23.85,1536,1592,2494,2341,1,0,1,40.97419435122675,42.46804518694856,60.888671875
2386,23.86,1536,1592,2286,2337,1,0,1,40.97419435122675,42.46804518694856,55.810546875
2387,23.87,1536,1365,2282,2333,1,0,1,40.97419435122675,36.412614120719084,55.712890625
2388,23.88,1536,1592,2496,2343,1,0,1,40.97419435122675,42.46804518694856,60.9375
2389,23.89,1536,1592,2288,2339,1,0,1,40.97419435122675,42.46804518694856,55.859375
2390,23.9,1536,1365,2284,2335,1,0,1,40.97419435122675,36.412614120719084,55.76171875
2391,23.91,1536,1592,2498,2345,1,0,1,40.97419435122675,42.46804518694856,60.986328125
2392,23.92,1536,1592,2290,2341,1,0,1,40.97419435122675,42.46804518694856,55.908203125
2393,23.93,1536,1365,2286,2337,1,0,1,40.97419435122675,36.412614120719084,55.810546875
2394,23.94,1536,1592,2500,2347,1,0,1,40.97419435122675,42.46804518694856,61.03515625
2395,23.95,1536,1592,2292,2343,1,0,1,40.97419435122675,42.46804518694856,55.95703125
2396,23.96,1536,1365,2288,2339,1,0,1,40.97419435122675,36.412614120719084,55.859375
2397,23.97,1536,1592,2502,2349,1,0,1,40.97419435122675,42.46804518694856,61.083984375
2398,23.98,1536,1592,2294,2345,1,0,1,40.97419435122675,42.46804518694856,56.005859375
2399,23.99,1536,1592,2290,2341,1,0,1,40.97419435122675,42.46804518694856,55.908203125
2400,24.0,1536,1365,2286,2337,1,0,1,40.97419435122675,36.412614120719084,55.810546875
2401,24.01,1536,1592,2500,2347,1,0,1,40.97419435122675,42.46804518694856,61.03515625
2402,24.02,1536,1592,2292,2343,1,0,1,40.97419435122675,42.46804518694856,55.95703125
2403,24.03,1536,1365,2288,2339,1,0,1,40.97419435122675,36.412614120719084,55.859375
2404,24.04,1536,1592,2502,2349,1,0,1,40.97419435122675,42.46804518694856,61.083984375
2405,24.05,1536,1592,2294,2345,1,0,1,40.97419435122675,42.46804518694856,56.005859375
2406,24.06,1536,1365,2290,2341,1,0,1,40.97419435122675,36.412614120719084,55.908203125
2407,24.07,1536,1592,2504,2351,1,0,1,40.97419435122675,42.46804518694856,61.1328125
2408,24.08,1536,1592,2296,2347,1,0,1,40.97419435122675,42.46804518694856,56.0546875
2409,24.09,1536,1592,2292,2343,1,0,1,40.97419435122675,42.46804518694856,55.95703125
2410,24.1,1536,1365,2288,2339,1,0,1,40.97419435122675,36.412614120719084,55.859375
2411,24.11,1536,1592,2502,2349,1,0,1,40.97419435122675,42.46804518694856,61.083984375
2412,24.12,1536,1592,2294,2345,1,0,1,40.97419435122675,42.46804518694856,56.005859375
2413,24.13,1536,1365,2290,2341,1,0,1,40.97419435122675,36.412614120719084,55.908203125
2414,24.14,1536,1592,2504,2351,1,0,1,40.97419435122675,42.46804518694856,61.1328125
2415,24.15,1536,1592,2296,2347,1,0,1,40.97419435122675,42.46804518694856,56.0546875
2416,24.16,1536,1365,2292,2343,1,0,1,40.97419435122675,36.412614120719084,55.95703125
2417,24.17,1536,1592,2506,2353,1,0,1,40.97419435122675,42.46804518694856,61.181640625
2418,24.18,1536,1592,2298,2349,1,0,1,40.97419435122675,42.46804518694856,56.103515625
2419,24.19,1536,1592,2294,2345,1,0,1,40.97419435122675,42.46804518694856,56.005859375
2420,24.2,1536,1365,2290,2341,1,0,1,40.97419435122675,36.412614120719084,55.908203125
2421,24.21,1536,1592,2504,2351,1,0,1,40.97419435122675,42.46804518694856,61.1328125
2422,24.22,1536,1592,2296,2347,1,0,1,40.97419435122675,42.46804518694856,56.0546875
2423,24.23,1536,1365,2292,2343,1,0,1,40.97419435122675,36.412614120719084,55.95703125
2424,24.24,1536,1592,2506,2353,1,0,1,40.97419435122675,42.46804518694856,61.181640625
2425,24.25,1536,1592,2298,2349,1,0,1,40.97419435122675,42.46804518694856,56.103515625
2426,24.26,1536,1592,2294,2345,1,0,1,40.97419435122675,42.46804518694856,56.005859375
2427,24.27,1536,1365,2290,2341,1,0,1,40.97419435122675,36.412614120719084,55.908203125
2428,24.28,1536,1592,2504,2351,1,0,1,40.97419435122675,42.46804518694856,61.1328125
2429,24.29,1536,1592,2296,2347,1,0,1,40.97419435122675,42.46804518694856,56.0546875
2430,24.3,1536,1365,2292,2343,1,0,1,40.97419435122675,36.412614120719084,55.95703125
2431,24.31,1536,1592,2506,2353,1,0,1,40.97419435122675,42.46804518694856,61.181640625
2432,24.32,1536,1592,2298,2349,1,0,1,40.97419435122675,42.46804518694856,56.103515625
2433,24.33,1536,1592,2294,2345,1,0,1,40.97419435122675,42.46804518694856,56.005859375
2434,24.34,1536,1365,2290,2341,1,0,1,40.97419435122675,36.412614120719084,55.908203125
2435,24.35,1536,1592,2504,2351,1,0,1,40.97419435122675,42.46804518694856,61.1328125
2436,24.36,1536,1592,2296,2347,1,0,1,40.97419435122675,42.46804518694856,56.0546875
2437,24.37,1536,1365,2292,2343,1,0,1,40.97419435122675,36.412614120719084,55.95703125
2438,24.38,1536,1592,2506,2353,1,0,1,40.97419435122675,42.46804518694856,61.181640625
2439,24.39,1536,1592,2298,2349,1,0,1,40.97419435122675,42.46804518694856,56.103515625
2440,24.4,1536,1592,2294,2345,1,0,1,40.97419435122675,42.46804518694856,56.005859375
2441,24.41,1536,1365,2290,2341,1,0,1,40.97419435122675,36.412614120719084,55.908203125
2442,24.42,1536,1592,2504,2351,1,0,1,40.97419435122675,42.46804518694856,61.1328125
2443,24.43,1536,1592,2296,2347,1,0,1,40.97419435122675,42.46804518694856,56.0546875
2444,24.44,1536,1365,2292,2343,1,0,1,40.97419435122675,36.412614120719084,55.95703125
2445,24.45,1536,1592,2506,2353,1,0,1,40.97419435122675,42.46804518694856,61.181640625
2446,24.46,1536,1592,2298,2349,1,0,1,40.97419435122675,42.46804518694856,56.103515625
2447,24.47,1536,1592,2294,2345,1,0,1,40.97419435122675,42.46804518694856,56.005859375
2448,24.48,1536,1365,2290,2341,1,0,1,40.97419435122675,36.412614120719084,55.908203125
2449,24.49,1536,1592,2504,2351,1,0,1,40.97419435122675,42.46804518694856,61.1328125
2450,24.5,1536,1592,2296,2347,1,0,1,40.97419435122675,42.46804518694856,56.0546875
2451,24.51,1536,1592,2292,2343,1,0,1,40.97419435122675,42.46804518694856,55.95703125
2452,24.52,1536,1365,2288,2339,1,0,1,40.97419435122675,36.412614120719084,55.859375
2453,24.53,1536,1592,2502,2349,1,0,1,40.97419435122675,42.46804518694856,61.083984375
2454,24.54,1536,1592,2294,2345,1,0,1,40.97419435122675,42.46804518694856,56.005859375
2455,24.55,1536,1365,2290,2341,1,0,1,40.97419435122675,36.412614120719084,55.908203125
2456,24.56,1536,1592,2504,2351,1,0,1,40.97419435122675,42.46804518694856,61.1328125
2457,24.57,1536,1592,2296,2347,1,0,1,40.97419435122675,42.46804518694856,56.0546875
2458,24.58,1536,1592,2292,2343,1,0,1,40.97419435122675,42.46804518694856,55.95703125
2459,24.59,1536,1365,2288,2339,1,0,1,40.97419435122675,36.412614120719084,55.859375
2460,24.6,1536,1592,2502,2349,1,0,1,40.97419435122675,42.46804518694856,61.083984375
2461,24.61,1536,1592,2294,2345,1,0,1,40.97419435122675,42.46804518694856,56.005859375
2462,24.62,1536,1365,2290,2341,1,0,1,40.97419435122675,36.412614120719084,55.908203125
2463,24.63,1536,1592,2504,2351,1,0,1,40.97419435122675,42.46804518694856,61.1328125
2464,24.64,1536,1592,2296,2347,1,0,1,40.97419435122675,42.46804518694856,56.0546875
2465,24.65,1536,1592,2292,2343,1,0,1,40.97419435122675,42.46804518694856,55.95703125
2466,24.66,1536,1365,2288,2339,1,0,1,40.97419435122675,36.412614120719084,55.859375
2467,24.67,1536,1592,2502,2349,1,0,1,40.97419435122675,42.46804518694856,61.083984375
2468,24.68,1536,1592,2294,2345,1,0,1,40.97419435122675,42.46804518694856,56.005859375
2469,24.69,1536,1592,2290,2341,1,0,1,40.97419435122675,42.46804518694856,55.908203125
2470,24.7,1536,1365,2286,2337,1,0,1,40.97419435122675,36.412614120719084,55.810546875
2471,24.71,1536,1592,2500,2347,1,0,1,40.97419435122675,42.46804518694856,61.03515625
2472,24.72,1536,1592,2292,2343,1,0,1,40.97419435122675,42.46804518694856,55.95703125
2473,24.73,1536,1365,2288,2339,1,0,1,40.97419435122675,36.412614120719084,55.859375
2474,24.74,1536,1592,2502,2349,1,0,1,40.97419435122675,42.46804518694856,61.083984375
2475,24.75,1536,1592,2294,2345,1,0,1,40.97419435122675,42.46804518694856,56.005859375
2476,24.76,1536,1365,2290,2341,1,0,1,40.97419435122675,36.412614120719084,55.908203125
2477,24.77,1536,1592,2504,2351,1,0,1,40.97419435122675,42.46804518694856,61.1328125
2478,24.78,1536,1592,2296,2347,1,0,1,40.97419435122675,42.46804518694856,56.0546875
2479,24.79,1536,1592,2292,2343,1,0,1,40.97419435122675,42.46804518694856,55.95703125
2480,24.8,1536,1365,2288,2339,1,0,1,40.97419435122675,36.412614120719084,55.859375
2481,24.81,1536,1592,2502,2349,1,0,1,40.97419435122675,42.46804518694856,61.083984375
2482,24.82,1536,1592,2294,2345,1,0,1,40.97419435122675,42.46804518694856,56.005859375
2483,24.83,1536,1365,2290,2341,1,0,1,40.97419435122675,36.412614120719084,55.908203125
2484,24.84,1536,1592,2504,2351,1,0,1,40.97419435122675,42.46804518694856,61.1328125
2485,24.85,1536,1592,2296,2347,1,0,1,40.97419435122675,42.46804518694856,56.0546875
2486,24.86,1536,1592,2292,2343,1,0,1,40.97419435122675,42.46804518694856,55.95703125
2487,24.87,1536,1365,2288,2339,1,0,1,40.97419435122675,36.412614120719084,55.859375
2488,24.88,1536,1592,2502,2349,1,0,1,40.97419435122675,42.46804518694856,61.083984375
2489,24.89,1536,1592,2294,2345,1,0,1,40.97419435122675,42.46804518694856,56.005859375
2490,24.9,1536,1365,2290,2341,1,0,1,40.97419435122675,36.412614120719084,55.908203125
2491,24.91,1536,1592,2504,2351,1,0,1,40.97419435122675,42.46804518694856,61.1328125
2492,24.92,1536,1592,2296,2347,1,0,1,40.97419435122675,42.46804518694856,56.0546875
2493,24.93,1536,1365,2292,2343,1,0,1,40.97419435122675,36.412614120719084,55.95703125
2494,24.94,1536,1592,2506,2353,1,0,1,40.97419435122675,42.46804518694856,61.181640625
2495,24.95,1536,1592,2298,2349,1,0,1,40.97419435122675,42.46804518694856,56.103515625
2496,24.96,1536,1592,2294,2345,1,0,1,40.97419435122675,42.46804518694856,56.005859375
2497,24.97,1536,1365,2290,2341,1,0,1,40.97419435122675,36.412614120719084,55.908203125
2498,24.98,1536,1592,2504,2351,1,0,1,40.97419435122675,42.46804518694856,61.1328125
2499,24.99,1536,1592,2296,2347,1,0,1,40.97419435122675,42.46804518694856,56.0546875
2500,25.0,1536,1365,2292,2343,1,0,1,40.97419435122675,36.412614120719084,55.95703125
2501,25.01,1536,1592,2506,2353,1,0,1,40.97419435122675,42.46804518694856,61.181640625
2502,25.02,1536,1592,2298,2349,1,0,1,40.97419435122675,42.46804518694856,56.103515625
2503,25.03,1536,1592,2294,2345,1,0,1,40.97419435122675,42.46804518694856,56.005859375
2504,25.04,1536,1365,2290,2341,1,0,1,40.97419435122675,36.412614120719084,55.908203125
2505,25.05,1536,1592,2504,2351,1,0,1,40.97419435122675,42.46804518694856,61.1328125
2506,25.06,1536,1592,2296,2347,1,0,1,40.97419435122675,42.46804518694856,56.0546875
2507,25.07,1536,1365,2292,2343,1,0,1,40.97419435122675,36.412614120719084,55.95703125
2508,25.08,1536,1592,2506,2353,1,0,1,40.97419435122675,42.46804518694856,61.181640625
2509,25.09,1536,1592,2298,2349,1,0,1,40.97419435122675,42.46804518694856,56.103515625
2510,25.1,1536,1592,2294,2345,1,0,1,40.97419435122675,42.46804518694856,56.005859375
2511,25.11,1536,1365,2290,2341,1,0,1,40.97419435122675,36.412614120719084,55.908203125
2512,25.12,1536,1592,2504,2351,1,0,1,40.97419435122675,42.46804518694856,61.1328125
2513,25.13,1536,1592,2296,2347,1,0,1,40.97419435122675,42.46804518694856,56.0546875
2514,25.14,1536,1365,2292,2343,1,0,1,40.97419435122675,36.412614120719084,55.95703125
2515,25.15,1536,1592,2506,2353,1,0,1,40.97419435122675,42.46804518694856,61.181640625
2516,25.16,1536,1592,2298,2349,1,0,1,40.97419435122675,42.46804518694856,56.103515625
2517,25.17,1536,1592,2294,2345,1,0,1,40.97419435122675,42.46804518694856,56.005859375
2518,25.18,1536,1365,2290,2341,1,0,1,40.97419435122675,36.412614120719084,55.908203125
2519,25.19,1536,1592,2504,2351,1,0,1,40.97419435122675,42.46804518694856,61.1328125
2520,25.2,1536,1592,2296,2347,1,0,1,40.97419435122675,42.46804518694856,56.0546875
2521,25.21,1536,1365,2292,2343,1,0,1,40.97419435122675,36.412614120719084,55.95703125
2522,25.22,1536,1592,2506,2353,1,0,1,40.97419435122675,42.46804518694856,61.181640625
2523,25.23,1536,1592,2298,2349,1,0,1,40.97419435122675,42.46804518694856,56.103515625
2524,25.24,1536,1592,2294,2345,1,0,1,40.97419435122675,42.46804518694856,56.005859375
2525,25.25,1536,1365,2290,2341,1,0,1,40.97419435122675,36.412614120719084,55.908203125
2526,25.26,1536,1592,2504,2351,1,0,1,40.97419435122675,42.46804518694856,61.1328125
2527,25.27,1536,1592,2296,2347,1,0,1,40.97419435122675,42.46804518694856,56.0546875
2528,25.28,1536,1365,2292,2343,1,0,1,40.97419435122675,36.412614120719084,55.95703125
2529,25.29,1536,1592,2506,2353,1,0,1,40.97419435122675,42.46804518694856,61.181640625
2530,25.3,1536,1592,2298,2349,1,0,1,40.97419435122675,42.46804518694856,56.103515625
2531,25.31,1536,1365,2294,2345,1,0,1,40.97419435122675,36.412614120719084,56.005859375
2532,25.32,1536,1592,2508,2355,1,0,1,40.97419435122675,42.46804518694856,61.23046875
2533,25.33,1536,1592,2300,2351,1,0,1,40.97419435122675,42.46804518694856,56.15234375
2534,25.34,1536,1592,2296,2347,1,0,1,40.97419435122675,42.46804518694856,56.0546875
2535,25.35,1536,1365,2292,2343,1,0,1,40.97419435122675,36.412614120719084,55.95703125
2536,25.36,1536,1592,2506,2353,1,0,1,40.97419435122675,42.46804518694856,61.181640625
2537,25.37,1536,1592,2298,2349,1,0,1,40.97419435122675,42.46804518694856,56.103515625
2538,25.38,1536,1365,2294,2345,1,0,1,40.97419435122675,36.412614120719084,56.005859375
2539,25.39,1536,1592,2508,2355,1,0,1,40.97419435122675,42.46804518694856,61.23046875
2540,25.4,1536,1592,2300,2351,1,0,1,40.97419435122675,42.46804518694856,56.15234375
2541,25.41,1536,1592,2296,2347,1,0,1,40.97419435122675,42.46804518694856,56.0546875
2542,25.42,1536,1365,2292,2343,1,0,1,40.97419435122675,36.412614120719084,55.95703125
2543,25.43,1536,1592,2506,2353,1,0,1,40.97419435122675,42.46804518694856,61.181640625
2544,25.44,1536,1592,2298,2349,1,0,1,40.97419435122675,42.46804518694856,56.103515625
2545,25.45,1536,1365,2294,2345,1,0,1,40.97419435122675,36.412614120719084,56.005859375
2546,25.46,1536,1592,2508,2355,1,0,1,40.97419435122675,42.46804518694856,61.23046875
2547,25.47,1536,1592,2300,2351,1,0,1,40.97419435122675,42.46804518694856,56.15234375
2548,25.48,1536,1592,2296,2347,1,0,1,40.97419435122675,42.46804518694856,56.0546875
2549,25.49,1536,1365,2292,2343,1,0,1,40.97419435122675,36.412614120719084,55.95703125
2550,25.5,1536,1592,2506,2353,1,0,1,40.97419435122675,42.46804518694856,61.181640625
2551,25.51,1536,1592,2298,2349,1,0,1,40.97419435122675,42.46804518694856,56.103515625
2552,25.52,1536,1365,2294,2345,1,0,1,40.97419435122675,36.412614120719084,56.005859375
2553,25.53,1536,1592,2508,2355,1,0,1,40.97419435122675,42.46804518694856,61.23046875
2554,25.54,1536,1592,2300,2351,1,0,1,40.97419435122675,42.46804518694856,56.15234375
2555,25.55,1536,1365,2296,2347,1,0,1,40.97419435122675,36.412614120719084,56.0546875
2556,25.56,1536,1592,2510,2357,1,0,1,40.97419435122675,42.46804518694856,61.279296875
2557,25.57,1536,1592,2302,2353,1,0,1,40.97419435122675,42.46804518694856,56.201171875
2558,25.58,1536,1592,2298,2349,1,0,1,40.97419435122675,42.46804518694856,56.103515625
2559,25.59,1536,1365,2294,2345,1,0,1,40.97419435122675,36.412614120719084,56.005859375
2560,25.6,1536,1592,2508,2355,1,0,1,40.97419435122675,42.46804518694856,61.23046875
2561,25.61,1536,1592,2300,2351,1,0,1,40.97419435122675,42.46804518694856,56.15234375
2562,25.62,1536,1365,2296,2347,1,0,1,40.97419435122675,36.412614120719084,56.0546875
2563,25.63,1536,1592,2510,2357,1,0,1,40.97419435122675,42.46804518694856,61.279296875
2564,25.64,1536,1592,2302,2353,1,0,1,40.97419435122675,42.46804518694856,56.201171875
2565,25.65,1536,1592,2298,2349,1,0,1,40.97419435122675,42.46804518694856,56.103515625
2566,25.66,1536,1365,2294,2345,1,0,1,40.97419435122675,36.412614120719084,56.005859375
2567,25.67,1536,1592,2508,2355,1,0,1,40.97419435122675,42.46804518694856,61.23046875
2568,25.68,1536,1592,2300,2351,1,0,1,40.97419435122675,42.46804518694856,56.15234375
2569,25.69,1536,1365,2296,2347,1,0,1,40.97419435122675,36.412614120719084,56.0546875
2570,25.7,1536,1592,2510,2357,1,0,1,40.97419435122675,42.46804518694856,61.279296875
2571,25.71,1536,1592,2302,2353,1,0,1,40.97419435122675,42.46804518694856,56.201171875
2572,25.72,1536,1592,2298,2349,1,0,1,40.97419435122675,42.46804518694856,56.103515625
2573,25.73,1536,1365,2294,2345,1,0,1,40.97419435122675,36.412614120719084,56.005859375
2574,25.74,1536,1592,2508,2355,1,0,1,40.97419435122675,42.46804518694856,61.23046875
2575,25.75,1536,1592,2300,2351,1,0,1,40.97419435122675,42.46804518694856,56.15234375
2576,25.76,1536,1365,2296,2347,1,0,1,40.97419435122675,36.412614120719084,56.0546875
2577,25.77,1536,1592,2510,2357,1,0,1,40.97419435122675,42.46804518694856,61.279296875
2578,25.78,1536,1592,2302,2353,1,0,1,40.97419435122675,42.46804518694856,56.201171875
2579,25.79,1536,1365,2298,2349,1,0,1,40.97419435122675,36.412614120719084,56.103515625
2580,25.8,1536,1592,2512,2359,1,0,1,40.97419435122675,42.46804518694856,61.328125
2581,25.81,1536,1592,2304,2355,1,0,1,40.97419435122675,42.46804518694856,56.25
2582,25.82,1536,1365,2300,2351,1,0,1,40.97419435122675,36.412614120719084,56.15234375
2583,25.83,1536,1592,2514,2361,1,0,1,40.97419435122675,42.46804518694856,61.376953125
2584,25.84,1536,1592,2306,2357,1,0,1,40.97419435122675,42.46804518694856,56.298828125
2585,25.85,1536,1592,2302,2353,1,0,1,40.97419435122675,42.46804518694856,56.201171875
2586,25.86,1536,1365,2298,2349,1,0,1,40.97419435122675,36.412614120719084,56.103515625
2587,25.87,1536,1592,2512,2359,1,0,1,40.97419435122675,42.46804518694856,61.328125
2588,25.88,1536,1592,2304,2355,1,0,1,40.97419435122675,42.46804518694856,56.25
2589,25.89,1536,1365,2300,2351,1,0,1,40.97419435122675,36.412614120719084,56.15234375
2590,25.9,1536,1592,2514,2361,1,0,1,40.97419435122675,42.46804518694856,61.376953125
2591,25.91,1536,1592,2306,2357,1,0,1,40.97419435122675,42.46804518694856,56.298828125
2592,25.92,1536,1365,2302,2353,1,0,1,40.97419435122675,36.412614120719084,56.201171875
2593,25.93,1536,1592,2516,2363,1,0,1,40.97419435122675,42.46804518694856,61.42578125
2594,25.94,1536,1592,2308,2359,1,0,1,40.97419435122675,42.46804518694856,56.34765625
2595,25.95,1536,1592,2304,2355,1,0,1,40.97419435122675,42.46804518694856,56.25
2596,25.96,1536,1365,2300,2351,1,0,1,40.97419435122675,36.412614120719084,56.15234375
2597,25.97,1536,1592,2514,2361,1,0,1,40.97419435122675,42.46804518694856,61.376953125
2598,25.98,1536,1592,2306,2357,1,0,1,40.97419435122675,42.46804518694856,56.298828125
2599,25.99,1536,1365,2302,2353,1,0,1,40.97419435122675,36.412614120719084,56.201171875
2600,26.0,1536,1592,2516,2363,1,0,1,40.97419435122675,42.46804518694856,61.42578125
2601,26.01,1536,1592,2308,2359,1,0,1,40.97419435122675,42.46804518694856,56.34765625
2602,26.02,1536,1365,2304,2355,1,0,1,40.97419435122675,36.412614120719084,56.25
2603,26.03,1536,1592,2518,2365,1,0,1,40.97419435122675,42.46804518694856,61.474609375
2604,26.04,1536,1592,2310,2361,1,0,1,40.97419435122675,42.46804518694856,56.396484375
2605,26.05,1536,1365,2306,2357,1,0,1,40.97419435122675,36.412614120719084,56.298828125
2606,26.06,1536,1592,2520,2367,1,0,1,40.97419435122675,42.46804518694856,61.5234375
2607,26.07,1536,1592,2312,2363,1,0,1,40.97419435122675,42.46804518694856,56.4453125
2608,26.08,1536,1592,2308,2359,1,0,1,40.97419435122675,42.46804518694856,56.34765625
2609,26.09,1536,1365,2304,2355,1,0,1,40.97419435122675,36.412614120719084,56.25
2610,26.1,1536,1592,2518,2365,1,0,1,40.97419435122675,42.46804518694856,61.474609375
2611,26.11,1536,1592,2310,2361,1,0,1,40.97419435122675,42.46804518694856,56.396484375
2612,26.12,1536,1365,2306,2357,1,0,1,40.97419435122675,36.412614120719084,56.298828125
2613,26.13,1536,1592,2520,2367,1,0,1,40.97419435122675,42.46804518694856,61.5234375
2614,26.14,1536,1592,2312,2363,1,0,1,40.97419435122675,42.46804518694856,56.4453125
2615,26.15,1536,1592,2308,2359,1,0,1,40.97419435122675,42.46804518694856,56.34765625
2616,26.16,1536,1365,2304,2355,1,0,1,40.97419435122675,36.412614120719084,56.25
2617,26.17,1536,1592,2518,2365,1,0,1,40.97419435122675,42.46804518694856,61.474609375
2618,26.18,1536,1592,2310,2361,1,0,1,40.97419435122675,42.46804518694856,56.396484375
2619,26.19,1536,1365,2306,2357,1,0,1,40.97419435122675,36.412614120719084,56.298828125
2620,26.2,1536,1592,2520,2367,1,0,1,40.97419435122675,42.46804518694856,61.5234375
2621,26.21,1536,1592,2312,2363,1,0,1,40.97419435122675,42.46804518694856,56.4453125
2622,26.22,1536,1592,2308,2359,1,0,1,40.97419435122675,42.46804518694856,56.34765625
2623,26.23,1536,1365,2304,2355,1,0,1,40.97419435122675,36.412614120719084,56.25
2624,26.24,1536,1592,2518,2365,1,0,1,40.97419435122675,42.46804518694856,61.474609375
2625,26.25,1536,1592,2310,2361,1,0,1,40.97419435122675,42.46804518694856,56.396484375
2626,26.26,1536,1365,2306,2357,1,0,1,40.97419435122675,36.412614120719084,56.298828125
2627,26.27,1536,1592,2520,2367,1,0,1,40.97419435122675,42.46804518694856,61.5234375
2628,26.28,1536,1592,2312,2363,1,0,1,40.97419435122675,42.46804518694856,56.4453125
2629,26.29,1536,1365,2308,2359,1,0,1,40.97419435122675,36.412614120719084,56.34765625
2630,26.3,1536,1592,2522,2369,1,0,1,40.97419435122675,42.46804518694856,61.572265625
2631,26.31,1536,1592,2314,2365,1,0,1,40.97419435122675,42.46804518694856,56.494140625
2632,26.32,1536,1592,2310,2361,1,0,1,40.97419435122675,42.46804518694856,56.396484375
2633,26.33,1536,1365,2306,2357,1,0,1,40.97419435122675,36.412614120719084,56.298828125
2634,26.34,1536,1592,2520,2367,1,0,1,40.97419435122675,42.46804518694856,61.5234375
2635,26.35,1536,1592,2312,2363,1,0,1,40.97419435122675,42.46804518694856,56.4453125
2636,26.36,1536,1592,2308,2359,1,0,1,40.97419435122675,42.46804518694856,56.34765625
2637,26.37,1536,1365,2304,2355,1,0,1,40.97419435122675,36.412614120719084,56.25
2638,26.38,1536,1592,2518,2365,1,0,1,40.97419435122675,42.46804518694856,61.474609375
2639,26.39,1536,1592,2310,2361,1,0,1,40.97419435122675,42.46804518694856,56.396484375
2640,26.4,1536,1365,2306,2357,1,0,1,40.97419435122675,36.412614120719084,56.298828125
2641,26.41,1536,1592,2520,2367,1,0,1,40.97419435122675,42.46804518694856,61.5234375
2642,26.42,1536,1592,2312,2363,1,0,1,40.97419435122675,42.46804518694856,56.4453125
2643,26.43,1536,1592,2308,2359,1,0,1,40.97419435122675,42.46804518694856,56.34765625
2644,26.44,1536,1365,2304,2355,1,0,1,40.97419435122675,36.412614120719084,56.25
2645,26.45,1536,1592,2518,2365,1,0,1,40.97419435122675,42.46804518694856,61.474609375
2646,26.46,1536,1592,2310,2361,1,0,1,40.97419435122675,42.46804518694856,56.396484375
2647,26.47,1536,1592,2306,2357,1,0,1,40.97419435122675,42.46804518694856,56.298828125
2648,26.48,1536,1365,2302,2353,1,0,1,40.97419435122675,36.412614120719084,56.201171875
2649,26.49,1536,1592,2516,2363,1,0,1,40.97419435122675,42.46804518694856,61.42578125
2650,26.5,1536,1592,2308,2359,1,0,1,40.97419435122675,42.46804518694856,56.34765625
2651,26.51,1536,1365,2304,2355,1,0,1,40.97419435122675,36.412614120719084,56.25
2652,26.52,1536,1592,2518,2365,1,0,1,40.97419435122675,42.46804518694856,61.474609375
2653,26.53,1536,1592,2310,2361,1,0,1,40.97419435122675,42.46804518694856,56.396484375
2654,26.54,1536,1592,2306,2357,1,0,1,40.97419435122675,42.46804518694856,56.298828125
2655,26.55,1536,1365,2302,2353,1,0,1,40.97419435122675,36.412614120719084,56.201171875
2656,26.56,1536,1592,2516,2363,1,0,1,40.97419435122675,42.46804518694856,61.42578125
2657,26.57,1536,1592,2308,2359,1,0,1,40.97419435122675,42.46804518694856,56.34765625
2658,26.58,1536,1592,2304,2355,1,0,1,40.97419435122675,42.46804518694856,56.25
2659,26.59,1536,1365,2300,2351,1,0,1,40.97419435122675,36.412614120719084,56.15234375
2660,26.6,1536,1592,2514,2361,1,0,1,40.97419435122675,42.46804518694856,61.376953125
2661,26.61,1536,1592,2306,2357,1,0,1,40.97419435122675,42.46804518694856,56.298828125
2662,26.62,1536,1592,2302,2353,1,0,1,40.97419435122675,42.46804518694856,56.201171875
2663,26.63,1536,1365,2298,2349,1,0,1,40.97419435122675,36.412614120719084,56.103515625
2664,26.64,1536,1592,2512,2359,1,0,1,40.97419435122675,42.46804518694856,61.328125
2665,26.65,1536,1592,2304,2355,1,0,1,40.97419435122675,42.46804518694856,56.25
2666,26.66,1536,1592,2300,2351,1,0,1,40.97419435122675,42.46804518694856,56.15234375
2667,26.67,1536,1365,2296,2347,1,0,1,40.97419435122675,36.412614120719084,56.0546875
2668,26.68,1536,1592,2510,2357,1,0,1,40.97419435122675,42.46804518694856,61.279296875
2669,26.69,1536,1592,2302,2353,1,0,1,40.97419435122675,42.46804518694856,56.201171875
2670,26.7,1536,1365,2298,2349,1,0,1,40.97419435122675,36.412614120719084,56.103515625
2671,26.71,1536,1592,2512,2359,1,0,1,40.97419435122675,42.46804518694856,61.328125
2672,26.72,1536,1592,2304,2355,1,0,1,40.97419435122675,42.46804518694856,56.25
2673,26.73,1536,1592,2300,2351,1,0,1,40.97419435122675,42.46804518694856,56.15234375
2674,26.74,1536,1365,2296,2347,1,0,1,40.97419435122675,36.412614120719084,56.0546875
2675,26.75,1536,1592,2510,2357,1,0,1,40.97419435122675,42.46804518694856,61.279296875
2676,26.76,1536,1592,2302,2353,1,0,1,40.97419435122675,42.46804518694856,56.201171875
2677,26.77,1536,1365,2298,2349,1,0,1,40.97419435122675,36.412614120719084,56.103515625
2678,26.78,1536,1592,2512,2359,1,0,1,40.97419435122675,42.46804518694856,61.328125
2679,26.79,1536,1592,2304,2355,1,0,1,40.97419435122675,42.46804518694856,56.25
2680,26.8,1536,1592,2300,2351,1,0,1,40.97419435122675,42.46804518694856,56.15234375
2681,26.81,1536,1365,2296,2347,1,0,1,40.97419435122675,36.412614120719084,56.0546875
2682,26.82,1536,1592,2510,2357,1,0,1,40.97419435122675,42.46804518694856,61.279296875
2683,26.83,1536,1592,2302,2353,1,0,1,40.97419435122675,42.46804518694856,56.201171875
2684,26.84,1536,1365,2298,2349,1,0,1,40.97419435122675,36.412614120719084,56.103515625
2685,26.85,1536,1592,2512,2359,1,0,1,40.97419435122675,42.46804518694856,61.328125
2686,26.86,1536,1592,2304,2355,1,0,1,40.97419435122675,42.46804518694856,56.25
2687,26.87,1536,1592,2300,2351,1,0,1,40.97419435122675,42.46804518694856,56.15234375
2688,26.88,1536,1365,2296,2347,1,0,1,40.97419435122675,36.412614120719084,56.0546875
2689,26.89,1536,1592,2510,2357,1,0,1,40.97419435122675,42.46804518694856,61.279296875
2690,26.9,1536,1592,2302,2353,1,0,1,40.97419435122675,42.46804518694856,56.201171875
2691,26.91,1536,1365,2298,2349,1,0,1,40.97419435122675,36.412614120719084,56.103515625
2692,26.92,1536,1592,2512,2359,1,0,1,40.97419435122675,42.46804518694856,61.328125
2693,26.93,1536,1592,2304,2355,1,0,1,40.97419435122675,42.46804518694856,56.25
2694,26.94,1536,1592,2300,2351,1,0,1,40.97419435122675,42.46804518694856,56.15234375
2695,26.95,1536,1365,2296,2347,1,0,1,40.97419435122675,36.412614120719084,56.0546875
2696,26.96,1536,1592,2510,2357,1,0,1,40.97419435122675,42.46804518694856,61.279296875
2697,26.97,1536,1592,2302,2353,1,0,1,40.97419435122675,42.46804518694856,56.201171875
2698,26.98,1536,1365,2298,2349,1,0,1,40.97419435122675,36.412614120719084,56.103515625
2699,26.99,1536,1592,2512,2359,1,0,1,40.97419435122675,42.46804518694856,61.328125
2700,27.0,1536,1592,2304,2355,1,0,1,40.97419435122675,42.46804518694856,56.25
2701,27.01,1536,1365,2300,2351,1,0,1,40.97419435122675,36.412614120719084,56.15234375
2702,27.02,1536,1592,2514,2361,1,0,1,40.97419435122675,42.46804518694856,61.376953125
2703,27.03,1536,1592,2306,2357,1,0,1,40.97419435122675,42.46804518694856,56.298828125
2704,27.04,1536,1592,2302,2353,1,0,1,40.97419435122675,42.46804518694856,56.201171875
2705,27.05,1536,1365,2298,2349,1,0,1,40.97419435122675,36.412614120719084,56.103515625
2706,27.06,1536,1592,2512,2359,1,0,1,40.97419435122675,42.46804518694856,61.328125
2707,27.07,1536,1592,2304,2355,1,0,1,40.97419435122675,42.46804518694856,56.25
2708,27.08,1536,1365,2300,2351,1,0,1,40.97419435122675,36.412614120719084,56.15234375
2709,27.09,1536,1592,2514,2361,1,0,1,40.97419435122675,42.46804518694856,61.376953125
2710,27.1,1536,1592,2306,2357,1,0,1,40.97419435122675,42.46804518694856,56.298828125
2711,27.11,1536,1592,2302,2353,1,0,1,40.97419435122675,42.46804518694856,56.201171875
2712,27.12,1536,1365,2298,2349,1,0,1,40.97419435122675,36.412614120719084,56.103515625
2713,27.13,1536,1592,2512,2359,1,0,1,40.97419435122675,42.46804518694856,61.328125
2714,27.14,1536,1592,2304,2355,1,0,1,40.97419435122675,42.46804518694856,56.25
2715,27.15,1536,1592,2300,2351,1,0,1,40.97419435122675,42.46804518694856,56.15234375
2716,27.16,1536,1365,2296,2347,1,0,1,40.97419435122675,36.412614120719084,56.0546875
2717,27.17,1536,1592,2510,2357,1,0,1,40.97419435122675,42.46804518694856,61.279296875
2718,27.18,1536,1592,2302,2353,1,0,1,40.97419435122675,42.46804518694856,56.201171875
2719,27.19,1536,1592,2298,2349,1,0,1,40.97419435122675,42.46804518694856,56.103515625
2720,27.2,1536,1365,2294,2345,1,0,1,40.97419435122675,36.412614120719084,56.005859375
2721,27.21,1536,1592,2508,2355,1,0,1,40.97419435122675,42.46804518694856,61.23046875
2722,27.22,1536,1592,2300,2351,1,0,1,40.97419435122675,42.46804518694856,56.15234375
2723,27.23,1536,1365,2296,2347,1,0,1,40.97419435122675,36.412614120719084,56.0546875
2724,27.24,1536,1592,2510,2357,1,0,1,40.97419435122675,42.46804518694856,61.279296875
2725,27.25,1536,1592,2302,2353,1,0,1,40.97419435122675,42.46804518694856,56.201171875
2726,27.26,1536,1592,2298,2349,1,0,1,40.97419435122675,42.46804518694856,56.103515625
2727,27.27,1536,1365,2294,2345,1,0,1,40.97419435122675,36.412614120719084,56.005859375
2728,27.28,1536,1592,2508,2355,1,0,1,40.97419435122675,42.46804518694856,61.23046875
2729,27.29,1536,1592,2300,2351,1,0,1,40.97419435122675,42.46804518694856,56.15234375
2730,27.3,1536,1592,2296,2347,1,0,1,40.97419435122675,42.46804518694856,56.0546875
2731,27.31,1536,1365,2292,2343,1,0,1,40.97419435122675,36.412614120719084,55.95703125
2732,27.32,1536,1592,2506,2353,1,0,1,40.97419435122675,42.46804518694856,61.181640625
2733,27.33,1536,1592,2298,2349,1,0,1,40.97419435122675,42.46804518694856,56.103515625
2734,27.34,1536,1365,2294,2345,1,0,1,40.97419435122675,36.412614120719084,56.005859375
2735,27.35,1536,1592,2508,2355,1,0,1,40.97419435122675,42.46804518694856,61.23046875
2736,27.36,1536,1592,2300,2351,1,0,1,40.97419435122675,42.46804518694856,56.15234375
2737,27.37,1536,1592,2296,2347,1,0,1,40.97419435122675,42.46804518694856,56.0546875
2738,27.38,1536,1365,2292,2343,1,0,1,40.97419435122675,36.412614120719084,55.95703125
2739,27.39,1536,1592,2506,2353,1,0,1,40.97419435122675,42.46804518694856,61.181640625
2740,27.4,1536,1592,2298,2349,1,0,1,40.97419435122675,42.46804518694856,56.103515625
2741,27.41,1536,1365,2294,2345,1,0,1,40.97419435122675,36.412614120719084,56.005859375
2742,27.42,1536,1592,2508,2355,1,0,1,40.97419435122675,42.46804518694856,61.23046875
2743,27.43,1536,1592,2300,2351,1,0,1,40.97419435122675,42.46804518694856,56.15234375
2744,27.44,1536,1592,2296,2347,1,0,1,40.97419435122675,42.46804518694856,56.0546875
2745,27.45,1536,1365,2292,2343,1,0,1,40.97419435122675,36.412614120719084,55.95703125
2746,27.46,1536,1592,2506,2353,1,0,1,40.97419435122675,42.46804518694856,61.181640625
2747,27.47,1536,1592,2298,2349,1,0,1,40.97419435122675,42.46804518694856,56.103515625
2748,27.48,1536,1365,2294,2345,1,0,1,40.97419435122675,36.412614120719084,56.005859375
2749,27.49,1536,1592,2508,2355,1,0,1,40.97419435122675,42.46804518694856,61.23046875
2750,27.5,1536,1592,2300,2351,1,0,1,40.97419435122675,42.46804518694856,56.15234375
2751,27.51,1536,1592,2296,2347,1,0,1,40.97419435122675,42.46804518694856,56.0546875
2752,27.52,1536,1365,2292,2343,1,0,1,40.97419435122675,36.412614120719084,55.95703125
2753,27.53,1536,1592,2506,2353,1,0,1,40.97419435122675,42.46804518694856,61.181640625
2754,27.54,1536,1592,2298,2349,1,0,1,40.97419435122675,42.46804518694856,56.103515625
2755,27.55,1536,1365,2294,2345,1,0,1,40.97419435122675,36.412614120719084,56.005859375
2756,27.56,1536,1592,2508,2355,1,0,1,40.97419435122675,42.46804518694856,61.23046875
2757,27.57,1536,1592,2300,2351,1,0,1,40.97419435122675,42.46804518694856,56.15234375
2758,27.58,1536,1592,2296,2347,1,0,1,40.97419435122675,42.46804518694856,56.0546875
2759,27.59,1536,1365,2292,2343,1,0,1,40.97419435122675,36.412614120719084,55.95703125
2760,27.6,1536,1592,2506,2353,1,0,1,40.97419435122675,42.46804518694856,61.181640625
2761,27.61,1536,1592,2298,2349,1,0,1,40.97419435122675,42.46804518694856,56.103515625
2762,27.62,1536,1365,2294,2345,1,0,1,40.97419435122675,36.412614120719084,56.005859375
2763,27.63,1536,1592,2508,2355,1,0,1,40.97419435122675,42.46804518694856,61.23046875
2764,27.64,1536,1592,2300,2351,1,0,1,40.97419435122675,42.46804518694856,56.15234375
2765,27.65,1536,1365,2296,2347,1,0,1,40.97419435122675,36.412614120719084,56.0546875
2766,27.66,1536,1592,2510,2357,1,0,1,40.97419435122675,42.46804518694856,61.279296875
2767,27.67,1536,1592,2302,2353,1,0,1,40.97419435122675,42.46804518694856,56.201171875
2768,27.68,1536,1592,2298,2349,1,0,1,40.97419435122675,42.46804518694856,56.103515625
2769,27.69,1536,1365,2294,2345,1,0,1,40.97419435122675,36.412614120719084,56.005859375
2770,27.7,1536,1592,2508,2355,1,0,1,40.97419435122675,42.46804518694856,61.23046875
2771,27.71,1536,1592,2300,2351,1,0,1,40.97419435122675,42.46804518694856,56.15234375
2772,27.72,1536,1365,2296,2347,1,0,1,40.97419435122675,36.412614120719084,56.0546875
2773,27.73,1536,1592,2510,2357,1,0,1,40.97419435122675,42.46804518694856,61.279296875
2774,27.74,1536,1592,2302,2353,1,0,1,40.97419435122675,42.46804518694856,56.201171875
2775,27.75,1536,1592,2298,2349,1,0,1,40.97419435122675,42.46804518694856,56.103515625
2776,27.76,1536,1365,2294,2345,1,0,1,40.97419435122675,36.412614120719084,56.005859375
2777,27.77,1536,1592,2508,2355,1,0,1,40.97419435122675,42.46804518694856,61.23046875
2778,27.78,1536,1592,2300,2351,1,0,1,40.97419435122675,42.46804518694856,56.15234375
2779,27.79,1536,1365,2296,2347,1,0,1,40.97419435122675,36.412614120719084,56.0546875
2780,27.8,1536,1592,2510,2357,1,0,1,40.97419435122675,42.46804518694856,61.279296875
2781,27.81,1536,1592,2302,2353,1,0,1,40.97419435122675,42.46804518694856,56.201171875
2782,27.82,1536,1592,2298,2349,1,0,1,40.97419435122675,42.46804518694856,56.103515625
2783,27.83,1536,1365,2294,2345,1,0,1,40.97419435122675,36.412614120719084,56.005859375
2784,27.84,1536,1592,2508,2355,1,0,1,40.97419435122675,42.46804518694856,61.23046875
2785,27.85,1536,1592,2300,2351,1,0,1,40.97419435122675,42.46804518694856,56.15234375
2786,27.86,1536,1365,2296,2347,1,0,1,40.97419435122675,36.412614120719084,56.0546875
2787,27.87,1536,1592,2510,2357,1,0,1,40.97419435122675,42.46804518694856,61.279296875
2788,27.88,1536,1592,2302,2353,1,0,1,40.97419435122675,42.46804518694856,56.201171875
2789,27.89,1536,1592,2298,2349,1,0,1,40.97419435122675,42.46804518694856,56.103515625
2790,27.9,1536,1365,2294,2345,1,0,1,40.97419435122675,36.412614120719084,56.005859375
2791,27.91,1536,1592,2508,2355,1,0,1,40.97419435122675,42.46804518694856,61.23046875
2792,27.92,1536,1592,2300,2351,1,0,1,40.97419435122675,42.46804518694856,56.15234375
2793,27.93,1536,1365,2296,2347,1,0,1,40.97419435122675,36.412614120719084,56.0546875
2794,27.94,1536,1592,2510,2357,1,0,1,40.97419435122675,42.46804518694856,61.279296875
2795,27.95,1536,1592,2302,2353,1,0,1,40.97419435122675,42.46804518694856,56.201171875
2796,27.96,1536,1592,2298,2349,1,0,1,40.97419435122675,42.46804518694856,56.103515625
2797,27.97,1536,1365,2294,2345,1,0,1,40.97419435122675,36.412614120719084,56.005859375
2798,27.98,1536,1592,2508,2355,1,0,1,40.97419435122675,42.46804518694856,61.23046875
2799,27.99,1536,1592,2300,2351,1,0,1,40.97419435122675,42.46804518694856,56.15234375
2800,28.0,1536,1592,2296,2347,1,0,1,40.97419435122675,42.46804518694856,56.0546875
2801,28.01,1536,1365,2292,2343,1,0,1,40.97419435122675,36.412614120719084,55.95703125
2802,28.02,1536,1592,2506,2353,1,0,1,40.97419435122675,42.46804518694856,61.181640625
2803,28.03,1536,1592,2298,2349,1,0,1,40.97419435122675,42.46804518694856,56.103515625
2804,28.04,1536,1365,2294,2345,1,0,1,40.97419435122675,36.412614120719084,56.005859375
2805,28.05,1536,1592,2508,2355,1,0,1,40.97419435122675,42.46804518694856,61.23046875
2806,28.06,1536,1592,2300,2351,1,0,1,40.97419435122675,42.46804518694856,56.15234375
2807,28.07,1536,1592,2296,2347,1,0,1,40.97419435122675,42.46804518694856,56.0546875
2808,28.08,1536,1365,2292,2343,1,0,1,40.97419435122675,36.412614120719084,55.95703125
2809,28.09,1536,1592,2506,2353,1,0,1,40.97419435122675,42.46804518694856,61.181640625
2810,28.1,1536,1592,2298,2349,1,0,1,40.97419435122675,42.46804518694856,56.103515625
2811,28.11,1536,1365,2294,2345,1,0,1,40.97419435122675,36.412614120719084,56.005859375
2812,28.12,1536,1592,2508,2355,1,0,1,40.97419435122675,42.46804518694856,61.23046875
2813,28.13,1536,1592,2300,2351,1,0,1,40.97419435122675,42.46804518694856,56.15234375
2814,28.14,1536,1592,2296,2347,1,0,1,40.97419435122675,42.46804518694856,56.0546875
2815,28.15,1536,1365,2292,2343,1,0,1,40.97419435122675,36.412614120719084,55.95703125
2816,28.16,1536,1592,2506,2353,1,0,1,40.97419435122675,42.46804518694856,61.181640625
2817,28.17,1536,1592,2298,2349,1,0,1,40.97419435122675,42.46804518694856,56.103515625
2818,28.18,1536,1592,2294,2345,1,0,1,40.97419435122675,42.46804518694856,56.005859375
2819,28.19,1536,1365,2290,2341,1,0,1,40.97419435122675,36.412614120719084,55.908203125
2820,28.2,1536,1592,2504,2351,1,0,1,40.97419435122675,42.46804518694856,61.1328125
2821,28.21,1536,1592,2296,2347,1,0,1,40.97419435122675,42.46804518694856,56.0546875
2822,28.22,1536,1365,2292,2343,1,0,1,40.97419435122675,36.412614120719084,55.95703125
2823,28.23,1536,1592,2506,2353,1,0,1,40.97419435122675,42.46804518694856,61.181640625
2824,28.24,1536,1592,2298,2349,1,0,1,40.97419435122675,42.46804518694856,56.103515625
2825,28.25,1536,1365,2294,2345,1,0,1,40.97419435122675,36.412614120719084,56.005859375
2826,28.26,1536,1592,2508,2355,1,0,1,40.97419435122675,42.46804518694856,61.23046875
2827,28.27,1536,1592,2300,2351,1,0,1,40.97419435122675,42.46804518694856,56.15234375
2828,28.28,1536,1592,2296,2347,1,0,1,40.97419435122675,42.46804518694856,56.0546875
2829,28.29,1536,1365,2292,2343,1,0,1,40.97419435122675,36.412614120719084,55.95703125
2830,28.3,1536,1592,2506,2353,1,0,1,40.97419435122675,42.46804518694856,61.181640625
2831,28.31,1536,1592,2298,2349,1,0,1,40.97419435122675,42.46804518694856,56.103515625
2832,28.32,1536,1365,2294,2345,1,0,1,40.97419435122675,36.412614120719084,56.005859375
2833,28.33,1536,1592,2508,2355,1,0,1,40.97419435122675,42.46804518694856,61.23046875
2834,28.34,1536,1592,2300,2351,1,0,1,40.97419435122675,42.46804518694856,56.15234375
2835,28.35,1536,1365,2296,2347,1,0,1,40.97419435122675,36.412614120719084,56.0546875
2836,28.36,1536,1592,2510,2357,1,0,1,40.97419435122675,42.46804518694856,61.279296875
2837,28.37,1536,1592,2302,2353,1,0,1,40.97419435122675,42.46804518694856,56.201171875
2838,28.38,1536,1592,2298,2349,1,0,1,40.97419435122675,42.46804518694856,56.103515625
2839,28.39,1536,1365,2294,2345,1,0,1,40.97419435122675,36.412614120719084,56.005859375
2840,28.4,1536,1592,2508,2355,1,0,1,40.97419435122675,42.46804518694856,61.23046875
2841,28.41,1536,1592,2300,2351,1,0,1,40.97419435122675,42.46804518694856,56.15234375
2842,28.42,1536,1365,2296,2347,1,0,1,40.97419435122675,36.412614120719084,56.0546875
2843,28.43,1536,1592,2510,2357,1,0,1,40.97419435122675,42.46804518694856,61.279296875
2844,28.44,1536,1592,2302,2353,1,0,1,40.97419435122675,42.46804518694856,56.201171875
2845,28.45,1536,1365,2298,2349,1,0,1,40.97419435122675,36.412614120719084,56.103515625
2846,28.46,1536,1592,2512,2359,1,0,1,40.97419435122675,42.46804518694856,61.328125
2847,28.47,1536,1592,2304,2355,1,0,1,40.97419435122675,42.46804518694856,56.25
2848,28.48,1536,1592,2300,2351,1,0,1,40.97419435122675,42.46804518694856,56.15234375
2849,28.49,1536,1365,2296,2347,1,0,1,40.97419435122675,36.412614120719084,56.0546875
2850,28.5,1536,1592,2510,2357,1,0,1,40.97419435122675,42.46804518694856,61.279296875
2851,28.51,1536,1592,2302,2353,1,0,1,40.97419435122675,42.46804518694856,56.201171875
2852,28.52,1536,1365,2298,2349,1,0,1,40.97419435122675,36.412614120719084,56.103515625
2853,28.53,1536,1592,2512,2359,1,0,1,40.97419435122675,42.46804518694856,61.328125
2854,28.54,1536,1592,2304,2355,1,0,1,40.97419435122675,42.46804518694856,56.25
2855,28.55,1536,1592,2300,2351,1,0,1,40.97419435122675,42.46804518694856,56.15234375
2856,28.56,1536,1365,2296,2347,1,0,1,40.97419435122675,36.412614120719084,56.0546875
2857,28.57,1536,1592,2510,2357,1,0,1,40.97419435122675,42.46804518694856,61.279296875
2858,28.58,1536,1592,2302,2353,1,0,1,40.97419435122675,42.46804518694856,56.201171875
2859,28.59,1536,1365,2298,2349,1,0,1,40.97419435122675,36.412614120719084,56.103515625
2860,28.6,1536,1592,2512,2359,1,0,1,40.97419435122675,42.46804518694856,61.328125
2861,28.61,1536,1592,2304,2355,1,0,1,40.97419435122675,42.46804518694856,56.25
2862,28.62,1536,1592,2300,2351,1,0,1,40.97419435122675,42.46804518694856,56.15234375
2863,28.63,1536,1365,2296,2347,1,0,1,40.97419435122675,36.412614120719084,56.0546875
2864,28.64,1536,1592,2510,2357,1,0,1,40.97419435122675,42.46804518694856,61.279296875
2865,28.65,1536,1592,2302,2353,1,0,1,40.97419435122675,42.46804518694856,56.201171875
2866,28.66,1536,1365,2298,2349,1,0,1,40.97419435122675,36.412614120719084,56.103515625
2867,28.67,1536,1592,2512,2359,1,0,1,40.97419435122675,42.46804518694856,61.328125
2868,28.68,1536,1592,2304,2355,1,0,1,40.97419435122675,42.46804518694856,56.25
2869,28.69,1536,1592,2300,2351,1,0,1,40.97419435122675,42.46804518694856,56.15234375
2870,28.7,1536,1365,2296,2347,1,0,1,40.97419435122675,36.412614120719084,56.0546875
2871,28.71,1536,1592,2510,2357,1,0,1,40.97419435122675,42.46804518694856,61.279296875
2872,28.72,1536,1592,2302,2353,1,0,1,40.97419435122675,42.46804518694856,56.201171875
2873,28.73,1536,1592,2298,2349,1,0,1,40.97419435122675,42.46804518694856,56.103515625
2874,28.74,1536,1365,2294,2345,1,0,1,40.97419435122675,36.412614120719084,56.005859375
2875,28.75,1536,1592,2508,2355,1,0,1,40.97419435122675,42.46804518694856,61.23046875
2876,28.76,1536,1592,2300,2351,1,0,1,40.97419435122675,42.46804518694856,56.15234375
2877,28.77,1536,1592,2296,2347,1,0,1,40.97419435122675,42.46804518694856,56.0546875
2878,28.78,1536,1365,2292,2343,1,0,1,40.97419435122675,36.412614120719084,55.95703125
2879,28.79,1536,1592,2506,2353,1,0,1,40.97419435122675,42.46804518694856,61.181640625
2880,28.8,1536,1592,2298,2349,1,0,1,40.97419435122675,42.46804518694856,56.103515625
2881,28.81,1536,1365,2294,2345,1,0,1,40.97419435122675,36.412614120719084,56.005859375
2882,28.82,1536,1592,2508,2355,1,0,1,40.97419435122675,42.46804518694856,61.23046875
2883,28.83,1536,1592,2300,2351,1,0,1,40.97419435122675,42.46804518694856,56.15234375
2884,28.84,1536,1592,2296,2347,1,0,1,40.97419435122675,42.46804518694856,56.0546875
2885,28.85,1536,1365,2292,2343,1,0,1,40.97419435122675,36.412614120719084,55.95703125
2886,28.86,1536,1592,2506,2353,1,0,1,40.97419435122675,42.46804518694856,61.181640625
2887,28.87,1536,1592,2298,2349,1,0,1,40.97419435122675,42.46804518694856,56.103515625
2888,28.88,1536,1592,2294,2345,1,0,1,40.97419435122675,42.46804518694856,56.005859375
2889,28.89,1536,1365,2290,2341,1,0,1,40.97419435122675,36.412614120719084,55.908203125
2890,28.9,1536,1592,2504,2351,1,0,1,40.97419435122675,42.46804518694856,61.1328125
2891,28.91,1536,1592,2296,2347,1,0,1,40.97419435122675,42.46804518694856,56.0546875
2892,28.92,1536,1365,2292,2343,1,0,1,40.97419435122675,36.412614120719084,55.95703125
2893,28.93,1536,1592,2506,2353,1,0,1,40.97419435122675,42.46804518694856,61.181640625
2894,28.94,1536,1592,2298,2349,1,0,1,40.97419435122675,42.46804518694856,56.103515625
2895,28.95,1536,1592,2294,2345,1,0,1,40.97419435122675,42.46804518694856,56.005859375
2896,28.96,1536,1365,2290,2341,1,0,1,40.97419435122675,36.412614120719084,55.908203125
2897,28.97,1536,1592,2504,2351,1,0,1,40.97419435122675,42.46804518694856,61.1328125
2898,28.98,1536,1592,2296,2347,1,0,1,40.97419435122675,42.46804518694856,56.0546875
2899,28.99,1536,1365,2292,2343,1,0,1,40.97419435122675,36.412614120719084,55.95703125
2900,29.0,1536,1592,2506,2353,1,0,1,40.97419435122675,42.46804518694856,61.181640625
2901,29.01,1536,1592,2298,2349,1,0,1,40.97419435122675,42.46804518694856,56.103515625
2902,29.02,1536,1365,2294,2345,1,0,1,40.97419435122675,36.412614120719084,56.005859375
2903,29.03,1536,1592,2508,2355,1,0,1,40.97419435122675,42.46804518694856,61.23046875
2904,29.04,1536,1592,2300,2351,1,0,1,40.97419435122675,42.46804518694856,56.15234375
2905,29.05,1536,1592,2296,2347,1,0,1,40.97419435122675,42.46804518694856,56.0546875
2906,29.06,1536,1365,2292,2343,1,0,1,40.97419435122675,36.412614120719084,55.95703125
2907,29.07,1536,1592,2506,2353,1,0,1,40.97419435122675,42.46804518694856,61.181640625
2908,29.08,1536,1592,2298,2349,1,0,1,40.97419435122675,42.46804518694856,56.103515625
2909,29.09,1536,1365,2294,2345,1,0,1,40.97419435122675,36.412614120719084,56.005859375
2910,29.1,1536,1592,2508,2355,1,0,1,40.97419435122675,42.46804518694856,61.23046875
2911,29.11,1536,1592,2300,2351,1,0,1,40.97419435122675,42.46804518694856,56.15234375
2912,29.12,1536,1592,2296,2347,1,0,1,40.97419435122675,42.46804518694856,56.0546875
2913,29.13,1536,1365,2292,2343,1,0,1,40.97419435122675,36.412614120719084,55.95703125
2914,29.14,1536,1592,2506,2353,1,0,1,40.97419435122675,42.46804518694856,61.181640625
2915,29.15,1536,1592,2298,2349,1,0,1,40.97419435122675,42.46804518694856,56.103515625
2916,29.16,1536,1365,2294,2345,1,0,1,40.97419435122675,36.412614120719084,56.005859375
2917,29.17,1536,1592,2508,2355,1,0,1,40.97419435122675,42.46804518694856,61.23046875
2918,29.18,1536,1592,2300,2351,1,0,1,40.97419435122675,42.46804518694856,56.15234375
2919,29.19,1536,1592,2296,2347,1,0,1,40.97419435122675,42.46804518694856,56.0546875
2920,29.2,1536,1365,2292,2343,1,0,1,40.97419435122675,36.412614120719084,55.95703125
2921,29.21,1536,1592,2506,2353,1,0,1,40.97419435122675,42.46804518694856,61.181640625
2922,29.22,1536,1592,2298,2349,1,0,1,40.97419435122675,42.46804518694856,56.103515625
2923,29.23,1536,1365,2294,2345,1,0,1,40.97419435122675,36.412614120719084,56.005859375
2924,29.24,1536,1592,2508,2355,1,0,1,40.97419435122675,42.46804518694856,61.23046875
2925,29.25,1536,1592,2300,2351,1,0,1,40.97419435122675,42.46804518694856,56.15234375
2926,29.26,1536,1592,2296,2347,1,0,1,40.97419435122675,42.46804518694856,56.0546875
2927,29.27,1536,1365,2292,2343,1,0,1,40.97419435122675,36.412614120719084,55.95703125
2928,29.28,1536,1592,2506,2353,1,0,1,40.97419435122675,42.46804518694856,61.181640625
2929,29.29,1536,1592,2298,2349,1,0,1,40.97419435122675,42.46804518694856,56.103515625
2930,29.3,1536,1365,2294,2345,1,0,1,40.97419435122675,36.412614120719084,56.005859375
2931,29.31,1536,1592,2508,2355,1,0,1,40.97419435122675,42.46804518694856,61.23046875
2932,29.32,1536,1592,2300,2351,1,0,1,40.97419435122675,42.46804518694856,56.15234375
2933,29.33,1536,1592,2296,2347,1,0,1,40.97419435122675,42.46804518694856,56.0546875
2934,29.34,1536,1365,2292,2343,1,0,1,40.97419435122675,36.412614120719084,55.95703125
2935,29.35,1536,1592,2506,2353,1,0,1,40.97419435122675,42.46804518694856,61.181640625
2936,29.36,1536,1592,2298,2349,1,0,1,40.97419435122675,42.46804518694856,56.103515625
2937,29.37,1536,1365,2294,2345,1,0,1,40.97419435122675,36.412614120719084,56.005859375
2938,29.38,1536,1592,2508,2355,1,0,1,40.97419435122675,42.46804518694856,61.23046875
2939,29.39,1536,1592,2300,2351,1,0,1,40.97419435122675,42.46804518694856,56.15234375
2940,29.4,1536,1592,2296,2347,1,0,1,40.97419435122675,42.46804518694856,56.0546875
2941,29.41,1536,1365,2292,2343,1,0,1,40.97419435122675,36.412614120719084,55.95703125
2942,29.42,1536,1592,2506,2353,1,0,1,40.97419435122675,42.46804518694856,61.181640625
2943,29.43,1536,1592,2298,2349,1,0,1,40.97419435122675,42.46804518694856,56.103515625
2944,29.44,1536,1592,2294,2345,1,0,1,40.97419435122675,42.46804518694856,56.005859375
2945,29.45,1536,1365,2290,2341,1,0,1,40.97419435122675,36.412614120719084,55.908203125
2946,29.46,1536,1592,2504,2351,1,0,1,40.97419435122675,42.46804518694856,61.1328125
2947,29.47,1536,1592,2296,2347,1,0,1,40.97419435122675,42.46804518694856,56.0546875
2948,29.48,1536,1592,2292,2343,1,0,1,40.97419435122675,42.46804518694856,55.95703125
2949,29.49,1536,1365,2288,2339,1,0,1,40.97419435122675,36.412614120719084,55.859375
2950,29.5,1536,1592,2502,2349,1,0,1,40.97419435122675,42.46804518694856,61.083984375
2951,29.51,1536,1592,2294,2345,1,0,1,40.97419435122675,42.46804518694856,56.005859375
2952,29.52,1536,1365,2290,2341,1,0,1,40.97419435122675,36.412614120719084,55.908203125
2953,29.53,1536,1592,2504,2351,1,0,1,40.97419435122675,42.46804518694856,61.1328125
2954,29.54,1536,1592,2296,2347,1,0,1,40.97419435122675,42.46804518694856,56.0546875
2955,29.55,1536,1592,2292,2343,1,0,1,40.97419435122675,42.46804518694856,55.95703125
2956,29.56,1536,1365,2288,2339,1,0,1,40.97419435122675,36.412614120719084,55.859375
2957,29.57,1536,1592,2502,2349,1,0,1,40.97419435122675,42.46804518694856,61.083984375
2958,29.58,1536,1592,2294,2345,1,0,1,40.97419435122675,42.46804518694856,56.005859375
2959,29.59,1536,1365,2290,2341,1,0,1,40.97419435122675,36.412614120719084,55.908203125
2960,29.6,1536,1592,2504,2351,1,0,1,40.97419435122675,42.46804518694856,61.1328125
2961,29.61,1536,1592,2296,2347,1,0,1,40.97419435122675,42.46804518694856,56.0546875
2962,29.62,1536,1592,2292,2343,1,0,1,40.97419435122675,42.46804518694856,55.95703125
2963,29.63,1536,1365,2288,2339,1,0,1,40.97419435122675,36.412614120719084,55.859375
2964,29.64,1536,1592,2502,2349,1,0,1,40.97419435122675,42.46804518694856,61.083984375
2965,29.65,1536,1592,2294,2345,1,0,1,40.97419435122675,42.46804518694856,56.005859375
2966,29.66,1536,1365,2290,2341,1,0,1,40.97419435122675,36.412614120719084,55.908203125
2967,29.67,1536,1592,2504,2351,1,0,1,40.97419435122675,42.46804518694856,61.1328125
2968,29.68,1536,1592,2296,2347,1,0,1,40.97419435122675,42.46804518694856,56.0546875
2969,29.69,1536,1592,2292,2343,1,0,1,40.97419435122675,42.46804518694856,55.95703125
2970,29.7,1536,1365,2288,2339,1,0,1,40.97419435122675,36.412614120719084,55.859375
2971,29.71,1536,1592,2502,2349,1,0,1,40.97419435122675,42.46804518694856,61.083984375
2972,29.72,1536,1592,2294,2345,1,0,1,40.97419435122675,42.46804518694856,56.005859375
2973,29.73,1536,1365,2290,2341,1,0,1,40.97419435122675,36.412614120719084,55.908203125
2974,29.74,1536,1592,2504,2351,1,0,1,40.97419435122675,42.46804518694856,61.1328125
2975,29.75,1536,1592,2296,2347,1,0,1,40.97419435122675,42.46804518694856,56.0546875
2976,29.76,1536,1365,2292,2343,1,0,1,40.97419435122675,36.412614120719084,55.95703125
2977,29.77,1536,1592,2506,2353,1,0,1,40.97419435122675,42.46804518694856,61.181640625
2978,29.78,1536,1592,2298,2349,1,0,1,40.97419435122675,42.46804518694856,56.103515625
2979,29.79,1536,1592,2294,2345,1,0,1,40.97419435122675,42.46804518694856,56.005859375
2980,29.8,1536,1365,2290,2341,1,0,1,40.97419435122675,36.412614120719084,55.908203125
2981,29.81,1536,1592,2504,2351,1,0,1,40.97419435122675,42.46804518694856,61.1328125
2982,29.82,1536,1592,2296,2347,1,0,1,40.97419435122675,42.46804518694856,56.0546875
2983,29.83,1536,1365,2292,2343,1,0,1,40.97419435122675,36.412614120719084,55.95703125
2984,29.84,1536,1592,2506,2353,1,0,1,40.97419435122675,42.46804518694856,61.181640625
2985,29.85,1536,1592,2298,2349,1,0,1,40.97419435122675,42.46804518694856,56.103515625
2986,29.86,1536,1365,2294,2345,1,0,1,40.97419435122675,36.412614120719084,56.005859375
2987,29.87,1536,1592,2508,2355,1,0,1,40.97419435122675,42.46804518694856,61.23046875
2988,29.88,1536,1592,2300,2351,1,0,1,40.97419435122675,42.46804518694856,56.15234375
2989,29.89,1536,1592,2296,2347,1,0,1,40.97419435122675,42.46804518694856,56.0546875
2990,29.9,1536,1365,2292,2343,1,0,1,40.97419435122675,36.412614120719084,55.95703125
2991,29.91,1536,1592,2506,2353,1,0,1,40.97419435122675,42.46804518694856,61.181640625
2992,29.92,1536,1592,2298,2349,1,0,1,40.97419435122675,42.46804518694856,56.103515625
2993,29.93,1536,1365,2294,2345,1,0,1,40.97419435122675,36.412614120719084,56.005859375
2994,29.94,1536,1592,2508,2355,1,0,1,40.97419435122675,42.46804518694856,61.23046875
2995,29.95,1536,1592,2300,2351,1,0,1,40.97419435122675,42.46804518694856,56.15234375
2996,29.96,1536,1365,2296,2347,1,0,1,40.97419435122675,36.412614120719084,56.0546875
2997,29.97,1536,1592,2510,2357,1,0,1,40.97419435122675,42.46804518694856,61.279296875
2998,29.98,1536,1592,2302,2353,1,0,1,40.97419435122675,42.46804518694856,56.201171875
2999,29.99,1536,1592,2298,2349,1,0,1,40.97419435122675,42.46804518694856,56.103515625
3000,30.0,1536,1365,2294,2345,1,0,1,40.97419435122675,36.412614120719084,56.005859375
3001,30.01,1536,1592,2508,2355,1,0,1,40.97419435122675,42.46804518694856,61.23046875
3002,30.02,1536,1592,2300,2351,1,0,1,40.97419435122675,42.46804518694856,56.15234375
